loc,cyclomatic_complexity,num_functions,num_files_changed,issue_id,project_name,era,real_issue_type,defect_prone_strict
205,1.3571428571428572,28,3,CAMEL-120,CAMEL,pre_ai,Improvement,0
192,6.666666666666667,6,2,CAMEL-100,CAMEL,pre_ai,Improvement,0
532,1.8541666666666667,48,3,CAMEL-141,CAMEL,pre_ai,Improvement,0
709,1.7701149425287357,87,9,CAMEL-10,CAMEL,pre_ai,New Feature,0
202,1.2222222222222223,18,1,CAMEL-150,CAMEL,pre_ai,Bug,1
499,1.6774193548387097,62,5,CAMEL-152,CAMEL,pre_ai,New Feature,0
1093,2.0306122448979593,98,10,CAMEL-146,CAMEL,pre_ai,New Feature,0
128,1.6875,16,1,CAMEL-134,CAMEL,pre_ai,Improvement,0
211,2.235294117647059,17,3,CAMEL-133,CAMEL,pre_ai,Improvement,0
1234,1.9022556390977443,133,9,CAMEL-137,CAMEL,pre_ai,Improvement,0
202,3.25,12,5,CAMEL-153,CAMEL,pre_ai,New Feature,0
65,2.5,4,1,CAMEL-156,CAMEL,pre_ai,Improvement,0
82,1.0,14,1,CAMEL-155,CAMEL,pre_ai,Improvement,0
988,1.8189655172413792,116,7,CAMEL-154,CAMEL,pre_ai,Bug,1
260,2.0434782608695654,23,4,CAMEL-158,CAMEL,pre_ai,Bug,1
504,1.627906976744186,86,1,CAMEL-163,CAMEL,pre_ai,Improvement,0
84,2.857142857142857,7,1,CAMEL-160,CAMEL,pre_ai,Bug,1
114,1.5833333333333333,12,2,CAMEL-128,CAMEL,pre_ai,New Feature,0
231,1.411764705882353,34,5,CAMEL-139,CAMEL,pre_ai,New Feature,0
166,1.1785714285714286,28,5,CAMEL-140,CAMEL,pre_ai,Bug,1
1376,1.3476394849785407,233,8,CAMEL-149,CAMEL,pre_ai,New Feature,0
665,3.1052631578947367,57,4,CAMEL-167,CAMEL,pre_ai,New Feature,0
1013,1.9891304347826086,92,14,CAMEL-119,CAMEL,pre_ai,Sub-task,0
67,3.3333333333333335,3,1,CAMEL-162,CAMEL,pre_ai,Improvement,0
21,1.0,3,1,CAMEL-175,CAMEL,pre_ai,New Feature,0
872,1.2312925170068028,147,12,CAMEL-165,CAMEL,pre_ai,New Feature,0
66,1.0,11,1,CAMEL-138,CAMEL,pre_ai,Improvement,0
919,2.4776119402985075,67,12,CAMEL-45,CAMEL,pre_ai,New Feature,0
597,1.5616438356164384,73,6,CAMEL-176,CAMEL,pre_ai,Improvement,0
2422,2.1218274111675126,197,40,CAMEL-121,CAMEL,pre_ai,Sub-task,0
360,1.608695652173913,46,3,CAMEL-178,CAMEL,pre_ai,Improvement,0
568,1.9420289855072463,69,5,CAMEL-143,CAMEL,pre_ai,Improvement,0
274,1.2448979591836735,49,2,CAMEL-181,CAMEL,pre_ai,Improvement,0
351,2.0,49,1,CAMEL-187,CAMEL,pre_ai,Bug,1
86,2.857142857142857,7,1,CAMEL-191,CAMEL,pre_ai,Bug,1
312,1.2857142857142858,49,4,CAMEL-196,CAMEL,pre_ai,Improvement,0
1225,2.075,120,7,CAMEL-192,CAMEL,pre_ai,Bug,1
352,1.4807692307692308,52,2,CAMEL-198,CAMEL,pre_ai,Improvement,0
104,1.3125,16,1,CAMEL-204,CAMEL,pre_ai,Improvement,0
102,4.333333333333333,6,1,CAMEL-205,CAMEL,pre_ai,Bug,1
50,3.6666666666666665,3,1,CAMEL-206,CAMEL,pre_ai,Improvement,0
1176,1.265625,192,11,CAMEL-202,CAMEL,pre_ai,Improvement,0
124,3.5555555555555554,9,1,CAMEL-213,CAMEL,pre_ai,Bug,1
1855,1.1912225705329154,319,18,CAMEL-197,CAMEL,pre_ai,Bug,1
79,1.3333333333333333,9,1,CAMEL-215,CAMEL,pre_ai,New Feature,0
316,1.8461538461538463,39,2,CAMEL-210,CAMEL,pre_ai,Bug,1
131,1.1538461538461537,26,2,CAMEL-211,CAMEL,pre_ai,Bug,1
216,3.235294117647059,17,1,CAMEL-194,CAMEL,pre_ai,Bug,1
57,1.8333333333333333,6,1,CAMEL-189,CAMEL,pre_ai,Bug,1
62,1.1666666666666667,12,1,CAMEL-219,CAMEL,pre_ai,Improvement,0
414,1.5178571428571428,56,6,CAMEL-218,CAMEL,pre_ai,Improvement,0
145,3.7777777777777777,9,1,CAMEL-221,CAMEL,pre_ai,Improvement,0
1146,1.4444444444444444,153,17,CAMEL-180,CAMEL,pre_ai,Sub-task,0
644,1.152,125,2,CAMEL-222,CAMEL,pre_ai,Improvement,0
351,1.8055555555555556,36,4,CAMEL-225,CAMEL,pre_ai,Improvement,0
171,1.027027027027027,37,2,CAMEL-226,CAMEL,pre_ai,New Feature,0
392,1.7872340425531914,47,1,CAMEL-199,CAMEL,pre_ai,Improvement,0
124,3.6666666666666665,6,1,CAMEL-203,CAMEL,pre_ai,Bug,1
150,1.24,25,1,CAMEL-224,CAMEL,pre_ai,Bug,1
1133,1.638655462184874,119,12,CAMEL-216,CAMEL,pre_ai,Task,0
284,2.259259259259259,27,4,CAMEL-230,CAMEL,pre_ai,Improvement,0
547,1.5666666666666667,60,9,CAMEL-229,CAMEL,pre_ai,New Feature,0
1390,1.504950495049505,202,14,CAMEL-232,CAMEL,pre_ai,Bug,1
1417,2.1058823529411765,170,13,CAMEL-236,CAMEL,pre_ai,Improvement,0
183,1.8636363636363635,22,1,CAMEL-238,CAMEL,pre_ai,Improvement,0
589,1.176991150442478,113,1,CAMEL-240,CAMEL,pre_ai,Bug,1
121,1.875,16,1,CAMEL-212,CAMEL,pre_ai,Improvement,0
289,4.333333333333333,12,2,CAMEL-243,CAMEL,pre_ai,Bug,1
292,4.416666666666667,12,2,CAMEL-247,CAMEL,pre_ai,Bug,1
117,1.2857142857142858,14,1,CAMEL-248,CAMEL,pre_ai,Bug,1
696,1.5537190082644627,121,2,CAMEL-253,CAMEL,pre_ai,Improvement,0
213,3.1052631578947367,19,1,CAMEL-250,CAMEL,pre_ai,Improvement,0
114,2.1,10,1,CAMEL-184,CAMEL,pre_ai,New Feature,0
441,1.901639344262295,61,2,CAMEL-256,CAMEL,pre_ai,Improvement,0
1007,2.0813953488372094,86,9,CAMEL-245,CAMEL,pre_ai,Improvement,0
195,1.3448275862068966,29,3,CAMEL-207,CAMEL,pre_ai,Improvement,0
162,1.2941176470588236,34,1,CAMEL-249,CAMEL,pre_ai,Bug,1
700,1.6,75,7,CAMEL-190,CAMEL,pre_ai,Sub-task,0
167,1.3333333333333333,15,3,CAMEL-497,CAMEL,pre_ai,Task,0
148,1.375,24,1,CAMEL-519,CAMEL,pre_ai,Bug,1
1000,1.1868131868131868,182,5,CAMEL-529,CAMEL,pre_ai,Improvement,0
265,2.08,25,2,CAMEL-534,CAMEL,pre_ai,Bug,1
446,3.652173913043478,23,3,CAMEL-530,CAMEL,pre_ai,Improvement,0
175,1.2333333333333334,30,1,CAMEL-539,CAMEL,pre_ai,Improvement,0
838,1.2413793103448276,145,4,CAMEL-538,CAMEL,pre_ai,New Feature,0
521,1.6216216216216217,74,3,CAMEL-531,CAMEL,pre_ai,New Feature,0
213,1.4,40,1,CAMEL-272,CAMEL,pre_ai,Improvement,0
446,3.909090909090909,22,3,CAMEL-536,CAMEL,pre_ai,Bug,1
1689,1.6318181818181818,220,10,CAMEL-544,CAMEL,pre_ai,Sub-task,0
271,3.5454545454545454,22,2,CAMEL-548,CAMEL,pre_ai,Bug,1
70,1.5,10,2,CAMEL-307,CAMEL,pre_ai,Bug,1
35,2.25,4,2,CAMEL-551,CAMEL,pre_ai,Bug,1
394,1.631578947368421,57,1,CAMEL-549,CAMEL,pre_ai,Bug,1
1925,1.641304347826087,276,8,CAMEL-550,CAMEL,pre_ai,Bug,1
16,1.0,2,1,CAMEL-517,CAMEL,pre_ai,Bug,1
92,1.7272727272727273,11,1,CAMEL-554,CAMEL,pre_ai,Task,0
230,1.5294117647058822,17,8,CAMEL-555,CAMEL,pre_ai,Sub-task,0
155,5.0,7,1,CAMEL-563,CAMEL,pre_ai,Bug,1
173,1.9230769230769231,13,2,CAMEL-562,CAMEL,pre_ai,Bug,1
132,6.0,5,1,CAMEL-566,CAMEL,pre_ai,Bug,1
578,2.30188679245283,53,5,CAMEL-569,CAMEL,pre_ai,Improvement,0
73,1.2857142857142858,7,2,CAMEL-319,CAMEL,pre_ai,New Feature,0
138,6.4,5,1,CAMEL-568,CAMEL,pre_ai,Bug,1
392,3.4444444444444446,36,1,CAMEL-572,CAMEL,pre_ai,Bug,1
4436,1.3070175438596492,684,58,CAMEL-264,CAMEL,pre_ai,Improvement,0
183,1.894736842105263,19,1,CAMEL-574,CAMEL,pre_ai,Bug,1
92,2.5555555555555554,9,1,CAMEL-576,CAMEL,pre_ai,Improvement,0
279,1.9705882352941178,34,1,CAMEL-575,CAMEL,pre_ai,New Feature,0
286,2.0294117647058822,34,1,CAMEL-579,CAMEL,pre_ai,New Feature,0
112,1.3076923076923077,13,2,CAMEL-580,CAMEL,pre_ai,Improvement,0
362,1.1971830985915493,71,2,CAMEL-581,CAMEL,pre_ai,Bug,1
99,1.5,14,2,CAMEL-578,CAMEL,pre_ai,Improvement,0
324,1.2333333333333334,30,13,CAMEL-556,CAMEL,pre_ai,Sub-task,0
118,1.9285714285714286,14,1,CAMEL-584,CAMEL,pre_ai,Bug,1
86,2.25,8,1,CAMEL-583,CAMEL,pre_ai,Bug,1
244,3.8666666666666667,15,2,CAMEL-586,CAMEL,pre_ai,Improvement,0
806,1.2013888888888888,144,3,CAMEL-475,CAMEL,pre_ai,Improvement,0
1149,1.5782312925170068,147,11,CAMEL-527,CAMEL,pre_ai,Improvement,0
70,1.0,6,5,CAMEL-589,CAMEL,pre_ai,Improvement,0
74,1.0,6,6,CAMEL-472,CAMEL,pre_ai,Task,0
1370,2.0372670807453415,161,9,CAMEL-591,CAMEL,pre_ai,Improvement,0
1370,2.0372670807453415,161,9,CAMEL-592,CAMEL,pre_ai,Improvement,0
1370,2.0372670807453415,161,9,CAMEL-593,CAMEL,pre_ai,Bug,1
304,1.3,60,1,CAMEL-596,CAMEL,pre_ai,Improvement,0
65,1.625,8,1,CAMEL-597,CAMEL,pre_ai,Bug,1
43,1.0,2,2,CAMEL-590,CAMEL,pre_ai,Sub-task,0
103,1.4666666666666666,15,2,CAMEL-582,CAMEL,pre_ai,Improvement,0
699,2.2,60,8,CAMEL-587,CAMEL,pre_ai,Bug,1
238,2.4375,16,2,CAMEL-610,CAMEL,pre_ai,Bug,1
58,2.2,5,1,CAMEL-605,CAMEL,pre_ai,Test,0
13,1.0,2,1,CAMEL-608,CAMEL,pre_ai,Task,0
44,2.0,4,1,CAMEL-477,CAMEL,pre_ai,New Feature,0
190,3.1875,16,1,CAMEL-618,CAMEL,pre_ai,Bug,1
444,2.125,40,3,CAMEL-614,CAMEL,pre_ai,Improvement,0
297,1.9375,32,4,CAMEL-421,CAMEL,pre_ai,Sub-task,0
27,1.0,2,1,CAMEL-624,CAMEL,pre_ai,Bug,1
679,2.5636363636363635,55,5,CAMEL-622,CAMEL,pre_ai,Improvement,0
97,1.5454545454545454,11,1,CAMEL-612,CAMEL,pre_ai,Bug,1
287,1.2830188679245282,53,3,CAMEL-629,CAMEL,pre_ai,Bug,1
145,1.2083333333333333,24,1,CAMEL-620,CAMEL,pre_ai,Bug,1
982,1.361842105263158,152,3,CAMEL-631,CAMEL,pre_ai,Bug,1
275,2.0625,32,1,CAMEL-606,CAMEL,pre_ai,Wish,0
653,2.626865671641791,67,3,CAMEL-570,CAMEL,pre_ai,Improvement,0
56,2.0,7,1,CAMEL-765,CAMEL,pre_ai,Bug,1
345,2.027027027027027,37,2,CAMEL-768,CAMEL,pre_ai,Improvement,0
476,1.9508196721311475,61,1,CAMEL-773,CAMEL,pre_ai,Bug,1
803,1.2826086956521738,138,1,CAMEL-771,CAMEL,pre_ai,Improvement,0
847,2.1666666666666665,108,4,CAMEL-767,CAMEL,pre_ai,Improvement,0
128,1.4230769230769231,26,1,CAMEL-764,CAMEL,pre_ai,Sub-task,0
275,2.95,20,2,CAMEL-758,CAMEL,pre_ai,Bug,1
328,3.909090909090909,22,1,CAMEL-774,CAMEL,pre_ai,Bug,1
2687,1.544,375,19,CAMEL-553,CAMEL,pre_ai,Improvement,0
384,1.6724137931034482,58,2,CAMEL-778,CAMEL,pre_ai,New Feature,0
79,2.8,5,1,CAMEL-783,CAMEL,pre_ai,Improvement,0
94,2.3333333333333335,6,1,CAMEL-769,CAMEL,pre_ai,Improvement,0
467,1.4324324324324325,74,6,CAMEL-757,CAMEL,pre_ai,Improvement,0
271,1.46,50,1,CAMEL-793,CAMEL,pre_ai,Bug,1
92,2.3333333333333335,6,1,CAMEL-633,CAMEL,pre_ai,Improvement,0
403,1.7627118644067796,59,2,CAMEL-777,CAMEL,pre_ai,Bug,1
39,1.5,6,1,CAMEL-776,CAMEL,pre_ai,Improvement,0
120,2.3,10,1,CAMEL-786,CAMEL,pre_ai,New Feature,0
403,1.5333333333333334,60,5,CAMEL-659,CAMEL,pre_ai,Improvement,0
1002,1.3518518518518519,162,3,CAMEL-801,CAMEL,pre_ai,Improvement,0
281,3.4,25,1,CAMEL-790,CAMEL,pre_ai,New Feature,0
133,2.5555555555555554,9,1,CAMEL-94,CAMEL,pre_ai,Improvement,0
159,1.48,25,2,CAMEL-803,CAMEL,pre_ai,Bug,1
724,1.7115384615384615,104,8,CAMEL-766,CAMEL,pre_ai,Improvement,0
297,1.4565217391304348,46,5,CAMEL-628,CAMEL,pre_ai,Improvement,0
187,1.5,26,2,CAMEL-811,CAMEL,pre_ai,Bug,1
51,2.0,5,1,CAMEL-809,CAMEL,pre_ai,Task,0
214,3.5,16,1,CAMEL-812,CAMEL,pre_ai,Sub-task,0
528,4.0,27,3,CAMEL-532,CAMEL,pre_ai,Improvement,0
136,1.3888888888888888,18,1,CAMEL-815,CAMEL,pre_ai,Improvement,0
100,2.230769230769231,13,1,CAMEL-792,CAMEL,pre_ai,Bug,1
468,1.6911764705882353,68,1,CAMEL-819,CAMEL,pre_ai,Task,0
92,1.5,12,1,CAMEL-818,CAMEL,pre_ai,Bug,1
445,2.4081632653061225,49,5,CAMEL-826,CAMEL,pre_ai,Bug,1
197,1.5806451612903225,31,2,CAMEL-779,CAMEL,pre_ai,Improvement,0
259,1.24,50,2,CAMEL-821,CAMEL,pre_ai,Improvement,0
1177,2.326388888888889,144,6,CAMEL-770,CAMEL,pre_ai,Improvement,0
182,1.1071428571428572,28,5,CAMEL-823,CAMEL,pre_ai,Improvement,0
280,3.9166666666666665,12,3,CAMEL-829,CAMEL,pre_ai,Improvement,0
187,1.4230769230769231,26,4,CAMEL-731,CAMEL,pre_ai,Improvement,0
150,1.2857142857142858,21,3,CAMEL-830,CAMEL,pre_ai,Improvement,0
77,1.4545454545454546,11,1,CAMEL-836,CAMEL,pre_ai,Improvement,0
133,1.6923076923076923,13,4,CAMEL-827,CAMEL,pre_ai,New Feature,0
730,1.6132075471698113,106,5,CAMEL-817,CAMEL,pre_ai,New Feature,0
23,4.0,1,1,CAMEL-842,CAMEL,pre_ai,Bug,1
254,3.8461538461538463,13,3,CAMEL-621,CAMEL,pre_ai,Improvement,0
229,3.3333333333333335,18,1,CAMEL-839,CAMEL,pre_ai,Improvement,0
140,3.6666666666666665,6,2,CAMEL-846,CAMEL,pre_ai,Improvement,0
433,1.8333333333333333,54,4,CAMEL-844,CAMEL,pre_ai,Improvement,0
70,2.0,6,1,CAMEL-845,CAMEL,pre_ai,Improvement,0
1959,2.1,210,20,CAMEL-115,CAMEL,pre_ai,Improvement,0
46,1.5,8,1,CAMEL-848,CAMEL,pre_ai,Improvement,0
597,1.9104477611940298,67,4,CAMEL-847,CAMEL,pre_ai,Improvement,0
60,1.3,10,1,CAMEL-853,CAMEL,pre_ai,New Feature,0
348,1.6538461538461537,52,2,CAMEL-857,CAMEL,pre_ai,Bug,1
489,1.872340425531915,47,9,CAMEL-841,CAMEL,pre_ai,Task,0
514,2.0,69,5,CAMEL-858,CAMEL,pre_ai,Bug,1
514,2.0,69,5,CAMEL-782,CAMEL,pre_ai,Bug,1
173,1.7142857142857142,21,2,CAMEL-859,CAMEL,pre_ai,Improvement,0
131,1.625,16,1,CAMEL-831,CAMEL,pre_ai,New Feature,0
599,1.7804878048780488,82,5,CAMEL-520,CAMEL,pre_ai,Bug,1
295,1.3243243243243243,37,4,CAMEL-616,CAMEL,pre_ai,New Feature,0
469,2.0,47,2,CAMEL-851,CAMEL,pre_ai,Bug,1
78,2.6,5,1,CAMEL-874,CAMEL,pre_ai,Improvement,0
133,1.7333333333333334,15,1,CAMEL-627,CAMEL,pre_ai,Improvement,0
723,1.6428571428571428,70,3,CAMEL-400,CAMEL,pre_ai,Improvement,0
736,1.956989247311828,93,2,CAMEL-619,CAMEL,pre_ai,New Feature,0
783,1.2647058823529411,136,1,CAMEL-481,CAMEL,pre_ai,Improvement,0
12,1.0,1,1,CAMEL-649,CAMEL,pre_ai,Task,0
339,1.945945945945946,37,2,CAMEL-637,CAMEL,pre_ai,Task,0
396,2.638888888888889,36,2,CAMEL-651,CAMEL,pre_ai,Bug,1
264,3.8333333333333335,18,1,CAMEL-577,CAMEL,pre_ai,Improvement,0
779,1.878787878787879,99,6,CAMEL-634,CAMEL,pre_ai,Bug,1
363,2.6,35,2,CAMEL-653,CAMEL,pre_ai,Bug,1
82,1.8571428571428572,7,1,CAMEL-657,CAMEL,pre_ai,Bug,1
139,6.2,5,1,CAMEL-664,CAMEL,pre_ai,Bug,1
34,1.75,4,1,CAMEL-662,CAMEL,pre_ai,Improvement,0
17,1.0,2,1,CAMEL-661,CAMEL,pre_ai,Improvement,0
160,1.4516129032258065,31,1,CAMEL-669,CAMEL,pre_ai,Improvement,0
196,2.0,22,1,CAMEL-667,CAMEL,pre_ai,Bug,1
52,1.3333333333333333,9,1,CAMEL-668,CAMEL,pre_ai,Improvement,0
995,2.1030927835051547,97,3,CAMEL-623,CAMEL,pre_ai,Improvement,0
550,2.372093023255814,43,12,CAMEL-646,CAMEL,pre_ai,Task,0
64,2.0,7,1,CAMEL-675,CAMEL,pre_ai,Bug,1
91,2.25,8,1,CAMEL-676,CAMEL,pre_ai,Sub-task,0
226,3.3684210526315788,19,1,CAMEL-685,CAMEL,pre_ai,Bug,1
236,1.5,30,2,CAMEL-666,CAMEL,pre_ai,Improvement,0
322,1.46,50,1,CAMEL-687,CAMEL,pre_ai,Improvement,0
317,2.423076923076923,26,2,CAMEL-679,CAMEL,pre_ai,Bug,1
276,1.4444444444444444,54,1,CAMEL-655,CAMEL,pre_ai,Bug,1
158,3.5,10,2,CAMEL-636,CAMEL,pre_ai,Bug,1
99,1.368421052631579,19,1,CAMEL-691,CAMEL,pre_ai,Bug,1
128,2.142857142857143,14,1,CAMEL-688,CAMEL,pre_ai,Bug,1
450,4.2631578947368425,19,1,CAMEL-681,CAMEL,pre_ai,Improvement,0
291,3.85,20,1,CAMEL-693,CAMEL,pre_ai,Improvement,0
113,1.7142857142857142,14,2,CAMEL-694,CAMEL,pre_ai,Bug,1
683,3.0,59,5,CAMEL-689,CAMEL,pre_ai,Improvement,0
27,1.0,4,1,CAMEL-697,CAMEL,pre_ai,Bug,1
237,1.22,50,1,CAMEL-696,CAMEL,pre_ai,Bug,1
17,1.0,3,1,CAMEL-698,CAMEL,pre_ai,Improvement,0
294,4.6875,16,1,CAMEL-701,CAMEL,pre_ai,Bug,1
61,1.7142857142857142,7,1,CAMEL-704,CAMEL,pre_ai,Improvement,0
136,1.7333333333333334,15,1,CAMEL-707,CAMEL,pre_ai,Bug,1
243,1.3953488372093024,43,2,CAMEL-705,CAMEL,pre_ai,Improvement,0
402,1.453125,64,4,CAMEL-663,CAMEL,pre_ai,Improvement,0
178,1.3055555555555556,36,1,CAMEL-710,CAMEL,pre_ai,Bug,1
57,1.5714285714285714,7,1,CAMEL-712,CAMEL,pre_ai,Bug,1
21,1.0,3,1,CAMEL-713,CAMEL,pre_ai,Bug,1
168,1.5555555555555556,27,2,CAMEL-709,CAMEL,pre_ai,Improvement,0
307,2.310344827586207,29,3,CAMEL-719,CAMEL,pre_ai,Bug,1
96,2.0,9,2,CAMEL-724,CAMEL,pre_ai,Task,0
593,2.3,80,5,CAMEL-721,CAMEL,pre_ai,Improvement,0
42,1.2857142857142858,7,1,CAMEL-718,CAMEL,pre_ai,Bug,1
70,1.0,16,1,CAMEL-729,CAMEL,pre_ai,Improvement,0
474,1.9508196721311475,61,1,CAMEL-732,CAMEL,pre_ai,Improvement,0
136,1.8823529411764706,17,1,CAMEL-734,CAMEL,pre_ai,Bug,1
172,2.2666666666666666,15,2,CAMEL-736,CAMEL,pre_ai,Improvement,0
689,2.0202020202020203,99,3,CAMEL-737,CAMEL,pre_ai,Bug,1
75,5.25,4,1,CAMEL-747,CAMEL,pre_ai,Bug,1
485,1.6,55,4,CAMEL-739,CAMEL,pre_ai,Improvement,0
640,2.776315789473684,76,3,CAMEL-740,CAMEL,pre_ai,Improvement,0
848,1.2671232876712328,146,2,CAMEL-746,CAMEL,pre_ai,Sub-task,0
760,2.942857142857143,70,4,CAMEL-654,CAMEL,pre_ai,Improvement,0
760,2.942857142857143,70,4,CAMEL-760,CAMEL,pre_ai,Sub-task,0
71,2.0,5,3,CAMEL-258,CAMEL,pre_ai,Sub-task,0
682,1.7282608695652173,92,8,CAMEL-251,CAMEL,pre_ai,Improvement,0
840,2.176470588235294,68,8,CAMEL-261,CAMEL,pre_ai,Bug,1
107,1.263157894736842,19,2,CAMEL-273,CAMEL,pre_ai,Bug,1
63,2.8333333333333335,6,1,CAMEL-271,CAMEL,pre_ai,Bug,1
34,1.5,4,1,CAMEL-282,CAMEL,pre_ai,Improvement,0
804,1.5952380952380953,126,9,CAMEL-262,CAMEL,pre_ai,Improvement,0
82,1.8,10,1,CAMEL-275,CAMEL,pre_ai,Improvement,0
158,1.2258064516129032,31,2,CAMEL-286,CAMEL,pre_ai,Bug,1
816,1.2183098591549295,142,5,CAMEL-260,CAMEL,pre_ai,Improvement,0
816,1.2183098591549295,142,5,CAMEL-288,CAMEL,pre_ai,Improvement,0
142,1.380952380952381,21,1,CAMEL-223,CAMEL,pre_ai,Bug,1
314,3.125,32,1,CAMEL-290,CAMEL,pre_ai,Bug,1
9,1.0,2,1,CAMEL-276,CAMEL,pre_ai,New Feature,0
112,1.1428571428571428,21,1,CAMEL-269,CAMEL,pre_ai,Improvement,0
621,1.69,100,2,CAMEL-294,CAMEL,pre_ai,Improvement,0
184,1.8636363636363635,22,1,CAMEL-283,CAMEL,pre_ai,Improvement,0
255,2.217391304347826,23,1,CAMEL-254,CAMEL,pre_ai,Improvement,0
379,1.8627450980392157,51,1,CAMEL-303,CAMEL,pre_ai,New Feature,0
170,1.4736842105263157,19,2,CAMEL-304,CAMEL,pre_ai,Bug,1
384,1.8653846153846154,52,1,CAMEL-309,CAMEL,pre_ai,New Feature,0
89,2.857142857142857,7,1,CAMEL-297,CAMEL,pre_ai,Bug,1
23,1.0,4,1,CAMEL-320,CAMEL,pre_ai,Bug,1
39,1.5,4,1,CAMEL-310,CAMEL,pre_ai,Bug,1
428,1.8085106382978724,47,3,CAMEL-295,CAMEL,pre_ai,Improvement,0
50,1.1666666666666667,6,1,CAMEL-291,CAMEL,pre_ai,Improvement,0
120,1.9285714285714286,14,1,CAMEL-279,CAMEL,pre_ai,Bug,1
484,1.6521739130434783,69,4,CAMEL-285,CAMEL,pre_ai,New Feature,0
176,1.25,28,4,CAMEL-328,CAMEL,pre_ai,New Feature,0
177,1.4,25,1,CAMEL-333,CAMEL,pre_ai,Improvement,0
573,1.9710144927536233,69,2,CAMEL-334,CAMEL,pre_ai,Bug,1
530,3.9565217391304346,23,5,CAMEL-339,CAMEL,pre_ai,Sub-task,0
154,1.5454545454545454,11,5,CAMEL-332,CAMEL,pre_ai,Improvement,0
179,5.5,6,2,CAMEL-329,CAMEL,pre_ai,Bug,1
967,2.125,88,16,CAMEL-338,CAMEL,pre_ai,Sub-task,0
164,1.2857142857142858,14,5,CAMEL-259,CAMEL,pre_ai,Sub-task,0
128,1.8666666666666667,15,2,CAMEL-347,CAMEL,pre_ai,Improvement,0
248,3.0476190476190474,21,2,CAMEL-327,CAMEL,pre_ai,New Feature,0
535,1.1917808219178083,73,2,CAMEL-348,CAMEL,pre_ai,Improvement,0
57,2.0,6,1,CAMEL-301,CAMEL,pre_ai,Improvement,0
250,2.4210526315789473,19,3,CAMEL-324,CAMEL,pre_ai,Bug,1
222,2.0,22,2,CAMEL-340,CAMEL,pre_ai,Bug,1
154,1.7619047619047619,21,1,CAMEL-343,CAMEL,pre_ai,Bug,1
88,2.857142857142857,7,1,CAMEL-346,CAMEL,pre_ai,Bug,1
85,1.8571428571428572,7,1,CAMEL-244,CAMEL,pre_ai,New Feature,0
360,1.85,40,3,CAMEL-362,CAMEL,pre_ai,Improvement,0
295,1.1833333333333333,60,3,CAMEL-369,CAMEL,pre_ai,New Feature,0
66,1.5,10,1,CAMEL-373,CAMEL,pre_ai,Bug,1
303,1.9444444444444444,36,3,CAMEL-370,CAMEL,pre_ai,Bug,1
453,1.934782608695652,46,4,CAMEL-356,CAMEL,pre_ai,Improvement,0
488,1.9387755102040816,49,5,CAMEL-375,CAMEL,pre_ai,Improvement,0
419,1.9090909090909092,44,3,CAMEL-257,CAMEL,pre_ai,Bug,1
419,1.9090909090909092,44,3,CAMEL-371,CAMEL,pre_ai,Improvement,0
116,1.8181818181818181,11,3,CAMEL-48,CAMEL,pre_ai,New Feature,0
234,1.75,24,2,CAMEL-380,CAMEL,pre_ai,Bug,1
134,1.9,10,4,CAMEL-363,CAMEL,pre_ai,Bug,1
158,3.0,12,1,CAMEL-381,CAMEL,pre_ai,New Feature,0
50,2.0,8,1,CAMEL-391,CAMEL,pre_ai,Bug,1
187,3.888888888888889,9,3,CAMEL-384,CAMEL,pre_ai,Bug,1
121,2.090909090909091,11,1,CAMEL-388,CAMEL,pre_ai,Bug,1
61,1.5714285714285714,7,2,CAMEL-241,CAMEL,pre_ai,New Feature,0
129,4.6,5,1,CAMEL-386,CAMEL,pre_ai,Improvement,0
67,3.2,5,1,CAMEL-374,CAMEL,pre_ai,Bug,1
704,1.1755725190839694,131,3,CAMEL-266,CAMEL,pre_ai,Improvement,0
591,1.896551724137931,58,6,CAMEL-383,CAMEL,pre_ai,Bug,1
560,2.1320754716981134,53,5,CAMEL-395,CAMEL,pre_ai,Improvement,0
560,2.1320754716981134,53,5,CAMEL-394,CAMEL,pre_ai,Improvement,0
333,3.3636363636363638,33,1,CAMEL-401,CAMEL,pre_ai,Improvement,0
154,2.357142857142857,14,2,CAMEL-399,CAMEL,pre_ai,Bug,1
466,3.5652173913043477,23,5,CAMEL-392,CAMEL,pre_ai,New Feature,0
586,1.3111111111111111,90,7,CAMEL-179,CAMEL,pre_ai,Improvement,0
810,1.575,120,9,CAMEL-354,CAMEL,pre_ai,New Feature,0
231,2.04,25,2,CAMEL-171,CAMEL,pre_ai,Bug,1
601,1.9047619047619047,63,2,CAMEL-406,CAMEL,pre_ai,Improvement,0
152,10.666666666666666,3,1,CAMEL-365,CAMEL,pre_ai,New Feature,0
219,1.5,28,2,CAMEL-173,CAMEL,pre_ai,Bug,1
373,1.7906976744186047,43,5,CAMEL-404,CAMEL,pre_ai,Bug,1
774,1.793103448275862,87,3,CAMEL-413,CAMEL,pre_ai,New Feature,0
974,1.2485207100591715,169,4,CAMEL-389,CAMEL,pre_ai,Improvement,0
94,3.142857142857143,7,1,CAMEL-422,CAMEL,pre_ai,Bug,1
378,1.52,25,10,CAMEL-425,CAMEL,pre_ai,Improvement,0
988,1.2560975609756098,164,4,CAMEL-426,CAMEL,pre_ai,Improvement,0
686,1.606060606060606,99,5,CAMEL-429,CAMEL,pre_ai,Improvement,0
64,1.1666666666666667,6,3,CAMEL-427,CAMEL,pre_ai,Improvement,0
13,1.0,1,1,CAMEL-430,CAMEL,pre_ai,Bug,1
4126,1.6335078534031413,573,38,CAMEL-415,CAMEL,pre_ai,Bug,1
57,1.1428571428571428,7,2,CAMEL-431,CAMEL,pre_ai,Improvement,0
551,2.911764705882353,34,2,CAMEL-434,CAMEL,pre_ai,Improvement,0
356,1.2727272727272727,66,4,CAMEL-435,CAMEL,pre_ai,Improvement,0
43,4.5,2,1,CAMEL-410,CAMEL,pre_ai,Bug,1
234,2.04,25,2,CAMEL-444,CAMEL,pre_ai,Sub-task,0
174,1.2333333333333334,30,1,CAMEL-457,CAMEL,pre_ai,Bug,1
535,1.9836065573770492,61,5,CAMEL-445,CAMEL,pre_ai,Sub-task,0
1049,1.9207920792079207,101,14,CAMEL-436,CAMEL,pre_ai,Improvement,0
1201,1.201086956521739,184,5,CAMEL-195,CAMEL,pre_ai,Improvement,0
387,2.051282051282051,39,3,CAMEL-455,CAMEL,pre_ai,Improvement,0
20,1.0,3,1,CAMEL-420,CAMEL,pre_ai,Bug,1
685,1.1627906976744187,129,1,CAMEL-461,CAMEL,pre_ai,Bug,1
171,1.5,22,1,CAMEL-409,CAMEL,pre_ai,Sub-task,0
135,1.2,20,4,CAMEL-322,CAMEL,pre_ai,Improvement,0
176,3.1666666666666665,12,3,CAMEL-298,CAMEL,pre_ai,Improvement,0
120,2.0833333333333335,12,1,CAMEL-469,CAMEL,pre_ai,Improvement,0
354,1.4565217391304348,46,8,CAMEL-465,CAMEL,pre_ai,Sub-task,0
1359,1.5087719298245614,228,9,CAMEL-342,CAMEL,pre_ai,Improvement,0
435,1.9615384615384615,52,5,CAMEL-385,CAMEL,pre_ai,New Feature,0
255,1.84,25,4,CAMEL-479,CAMEL,pre_ai,Improvement,0
71,1.7142857142857142,7,1,CAMEL-201,CAMEL,pre_ai,Improvement,0
415,1.8545454545454545,55,4,CAMEL-492,CAMEL,pre_ai,Sub-task,0
529,2.4347826086956523,46,4,CAMEL-487,CAMEL,pre_ai,Task,0
330,2.357142857142857,28,1,CAMEL-412,CAMEL,pre_ai,Bug,1
208,3.1052631578947367,19,1,CAMEL-498,CAMEL,pre_ai,Bug,1
129,1.1304347826086956,23,3,CAMEL-495,CAMEL,pre_ai,Sub-task,0
184,2.473684210526316,19,2,CAMEL-496,CAMEL,pre_ai,Sub-task,0
2824,1.7265822784810128,395,14,CAMEL-490,CAMEL,pre_ai,Improvement,0
259,1.4375,48,1,CAMEL-491,CAMEL,pre_ai,Sub-task,0
701,1.1755725190839694,131,1,CAMEL-499,CAMEL,pre_ai,Bug,1
239,2.45,20,1,CAMEL-396,CAMEL,pre_ai,New Feature,0
57,1.2222222222222223,9,1,CAMEL-500,CAMEL,pre_ai,Bug,1
304,1.3,60,1,CAMEL-433,CAMEL,pre_ai,Improvement,0
554,2.1159420289855073,69,4,CAMEL-335,CAMEL,pre_ai,Improvement,0
254,2.9444444444444446,18,1,CAMEL-509,CAMEL,pre_ai,Bug,1
665,1.9852941176470589,68,4,CAMEL-361,CAMEL,pre_ai,Bug,1
554,1.9253731343283582,67,4,CAMEL-508,CAMEL,pre_ai,Bug,1
187,2.5,12,1,CAMEL-513,CAMEL,pre_ai,New Feature,0
46,1.1111111111111112,9,1,CAMEL-518,CAMEL,pre_ai,Bug,1
51,2.25,4,1,CAMEL-451,CAMEL,pre_ai,New Feature,0
170,1.25,24,5,CAMEL-504,CAMEL,pre_ai,Bug,1
577,2.015625,64,3,CAMEL-512,CAMEL,pre_ai,Task,0
390,2.176470588235294,34,8,CAMEL-478,CAMEL,pre_ai,New Feature,0
66,2.5,6,1,CAMEL-1003,CAMEL,pre_ai,Bug,1
148,11.666666666666666,3,1,CAMEL-1011,CAMEL,pre_ai,Improvement,0
124,3.5,8,1,CAMEL-1010,CAMEL,pre_ai,Improvement,0
447,1.9555555555555555,45,2,CAMEL-1009,CAMEL,pre_ai,Sub-task,0
1400,1.5103092783505154,194,9,CAMEL-524,CAMEL,pre_ai,Bug,1
226,1.2380952380952381,42,2,CAMEL-1001,CAMEL,pre_ai,Bug,1
134,1.3888888888888888,18,1,CAMEL-1013,CAMEL,pre_ai,Bug,1
126,1.2916666666666667,24,1,CAMEL-1012,CAMEL,pre_ai,Sub-task,0
192,1.0740740740740742,27,6,CAMEL-820,CAMEL,pre_ai,Sub-task,0
592,2.7857142857142856,42,2,CAMEL-1016,CAMEL,pre_ai,Bug,1
320,2.4516129032258065,31,2,CAMEL-901,CAMEL,pre_ai,Bug,1
129,1.5714285714285714,14,1,CAMEL-865,CAMEL,pre_ai,Improvement,0
456,1.3,80,3,CAMEL-1014,CAMEL,pre_ai,Sub-task,0
224,2.0,22,2,CAMEL-883,CAMEL,pre_ai,Task,0
923,3.643835616438356,73,3,CAMEL-990,CAMEL,pre_ai,Improvement,0
917,1.3116883116883118,154,2,CAMEL-1027,CAMEL,pre_ai,Bug,1
513,1.7692307692307692,52,7,CAMEL-1015,CAMEL,pre_ai,Sub-task,0
409,4.526315789473684,19,3,CAMEL-1023,CAMEL,pre_ai,Bug,1
335,1.2461538461538462,65,3,CAMEL-1033,CAMEL,pre_ai,Improvement,0
211,1.2307692307692308,13,4,CAMEL-1020,CAMEL,pre_ai,Improvement,0
185,1.3888888888888888,36,1,CAMEL-1036,CAMEL,pre_ai,Improvement,0
178,1.4666666666666666,30,2,CAMEL-1034,CAMEL,pre_ai,Bug,1
208,1.5277777777777777,36,2,CAMEL-1045,CAMEL,pre_ai,Task,0
208,1.5277777777777777,36,2,CAMEL-1044,CAMEL,pre_ai,Improvement,0
63,3.25,4,1,CAMEL-1051,CAMEL,pre_ai,Bug,1
213,1.5333333333333334,30,5,CAMEL-1052,CAMEL,pre_ai,Improvement,0
94,4.25,4,1,CAMEL-1053,CAMEL,pre_ai,Bug,1
1320,1.6536585365853658,205,4,CAMEL-502,CAMEL,pre_ai,Task,0
974,1.3209876543209877,162,2,CAMEL-1040,CAMEL,pre_ai,Improvement,0
50,1.1111111111111112,9,1,CAMEL-947,CAMEL,pre_ai,Sub-task,0
78,2.3333333333333335,9,2,CAMEL-1056,CAMEL,pre_ai,New Feature,0
344,1.5,50,1,CAMEL-1057,CAMEL,pre_ai,Bug,1
63,3.25,4,1,CAMEL-1058,CAMEL,pre_ai,Bug,1
1164,1.356020942408377,191,2,CAMEL-1038,CAMEL,pre_ai,Sub-task,0
162,4.0,8,1,CAMEL-1018,CAMEL,pre_ai,Improvement,0
100,1.5,20,1,CAMEL-1070,CAMEL,pre_ai,Bug,1
280,1.280701754385965,57,1,CAMEL-1065,CAMEL,pre_ai,Improvement,0
6363,1.4193867457962412,1011,71,CAMEL-507,CAMEL,pre_ai,Improvement,0
217,4.5,8,1,CAMEL-1079,CAMEL,pre_ai,Bug,1
301,4.166666666666667,12,2,CAMEL-1073,CAMEL,pre_ai,Bug,1
329,1.360655737704918,61,1,CAMEL-246,CAMEL,pre_ai,Improvement,0
28,1.0,5,1,CAMEL-1081,CAMEL,pre_ai,Improvement,0
447,2.6785714285714284,28,6,CAMEL-1088,CAMEL,pre_ai,Bug,1
1998,1.7782101167315174,257,11,CAMEL-1042,CAMEL,pre_ai,Improvement,0
130,4.6,5,1,CAMEL-1086,CAMEL,pre_ai,Bug,1
94,1.2222222222222223,18,1,CAMEL-1090,CAMEL,pre_ai,Bug,1
560,2.972972972972973,37,4,CAMEL-1094,CAMEL,pre_ai,Bug,1
343,1.4833333333333334,60,2,CAMEL-1096,CAMEL,pre_ai,Improvement,0
59,1.3,10,1,CAMEL-1103,CAMEL,pre_ai,Bug,1
833,1.9298245614035088,114,3,CAMEL-985,CAMEL,pre_ai,Improvement,0
792,1.7741935483870968,93,8,CAMEL-1095,CAMEL,pre_ai,Bug,1
792,1.7741935483870968,93,8,CAMEL-1107,CAMEL,pre_ai,Bug,1
792,1.7741935483870968,93,8,CAMEL-1093,CAMEL,pre_ai,Bug,1
792,1.7741935483870968,93,8,CAMEL-1083,CAMEL,pre_ai,Improvement,0
209,2.6470588235294117,17,2,CAMEL-1109,CAMEL,pre_ai,Task,0
7613,1.448013524936602,1183,89,CAMEL-872,CAMEL,pre_ai,Improvement,0
324,1.52,50,3,CAMEL-1104,CAMEL,pre_ai,New Feature,0
193,1.1818181818181819,44,2,CAMEL-1118,CAMEL,pre_ai,Bug,1
754,1.3076923076923077,130,5,CAMEL-1116,CAMEL,pre_ai,Sub-task,0
217,2.217391304347826,23,1,CAMEL-1122,CAMEL,pre_ai,Bug,1
2153,1.2941176470588236,391,10,CAMEL-1087,CAMEL,pre_ai,Task,0
369,2.1219512195121952,41,1,CAMEL-1049,CAMEL,pre_ai,Improvement,0
58,1.4444444444444444,9,1,CAMEL-1074,CAMEL,pre_ai,Bug,1
757,1.3691275167785235,149,4,CAMEL-1120,CAMEL,pre_ai,New Feature,0
646,1.5238095238095237,105,3,CAMEL-102,CAMEL,pre_ai,New Feature,0
696,2.142857142857143,84,3,CAMEL-828,CAMEL,pre_ai,Improvement,0
196,1.8636363636363635,22,1,CAMEL-1108,CAMEL,pre_ai,Bug,1
169,3.4,10,1,CAMEL-1072,CAMEL,pre_ai,Improvement,0
570,1.5052631578947369,95,2,CAMEL-1125,CAMEL,pre_ai,Bug,1
411,1.8125,32,1,CAMEL-875,CAMEL,pre_ai,Improvement,0
225,1.18,50,2,CAMEL-1130,CAMEL,pre_ai,New Feature,0
444,2.0816326530612246,49,2,CAMEL-878,CAMEL,pre_ai,Improvement,0
1347,1.5449735449735449,189,3,CAMEL-460,CAMEL,pre_ai,Test,0
276,1.4444444444444444,54,1,CAMEL-880,CAMEL,pre_ai,Bug,1
282,1.8857142857142857,35,1,CAMEL-881,CAMEL,pre_ai,Bug,1
180,1.1935483870967742,31,1,CAMEL-794,CAMEL,pre_ai,Bug,1
51,1.0,12,1,CAMEL-882,CAMEL,pre_ai,Bug,1
34,1.25,4,2,CAMEL-813,CAMEL,pre_ai,Improvement,0
630,2.35,60,3,CAMEL-299,CAMEL,pre_ai,Improvement,0
97,1.4705882352941178,17,1,CAMEL-890,CAMEL,pre_ai,Bug,1
1076,1.8630136986301369,146,5,CAMEL-700,CAMEL,pre_ai,Sub-task,0
189,1.5625,32,2,CAMEL-897,CAMEL,pre_ai,New Feature,0
667,3.577777777777778,45,6,CAMEL-894,CAMEL,pre_ai,Bug,1
202,1.8636363636363635,22,2,CAMEL-876,CAMEL,pre_ai,Improvement,0
42,1.2857142857142858,7,1,CAMEL-886,CAMEL,pre_ai,Bug,1
95,1.2857142857142858,14,2,CAMEL-902,CAMEL,pre_ai,Bug,1
266,2.95,20,3,CAMEL-900,CAMEL,pre_ai,Improvement,0
563,2.7735849056603774,53,3,CAMEL-903,CAMEL,pre_ai,Improvement,0
1178,1.7314285714285715,175,3,CAMEL-906,CAMEL,pre_ai,Bug,1
499,3.4,45,2,CAMEL-909,CAMEL,pre_ai,Improvement,0
131,2.4615384615384617,13,1,CAMEL-912,CAMEL,pre_ai,Bug,1
45,1.375,8,1,CAMEL-640,CAMEL,pre_ai,New Feature,0
444,4.368421052631579,19,1,CAMEL-914,CAMEL,pre_ai,Bug,1
38,1.0,4,2,CAMEL-601,CAMEL,pre_ai,New Feature,0
3283,2.073107049608355,383,21,CAMEL-899,CAMEL,pre_ai,Task,0
88,1.5384615384615385,13,1,CAMEL-501,CAMEL,pre_ai,Improvement,0
859,1.2789115646258504,147,2,CAMEL-923,CAMEL,pre_ai,Sub-task,0
397,3.090909090909091,33,3,CAMEL-921,CAMEL,pre_ai,Bug,1
304,3.1785714285714284,28,1,CAMEL-920,CAMEL,pre_ai,Bug,1
134,1.1111111111111112,18,3,CAMEL-922,CAMEL,pre_ai,Bug,1
126,1.1666666666666667,24,1,CAMEL-919,CAMEL,pre_ai,Bug,1
161,1.5714285714285714,21,3,CAMEL-925,CAMEL,pre_ai,Bug,1
82,1.0,5,1,CAMEL-910,CAMEL,pre_ai,Task,0
272,1.46,50,1,CAMEL-931,CAMEL,pre_ai,Improvement,0
157,1.5,10,4,CAMEL-928,CAMEL,pre_ai,Improvement,0
966,1.235632183908046,174,2,CAMEL-932,CAMEL,pre_ai,Sub-task,0
31,2.0,2,1,CAMEL-84,CAMEL,pre_ai,Improvement,0
110,3.5,6,1,CAMEL-807,CAMEL,pre_ai,Bug,1
555,1.8918918918918919,74,4,CAMEL-716,CAMEL,pre_ai,Improvement,0
48,1.3333333333333333,6,2,CAMEL-941,CAMEL,pre_ai,Sub-task,0
210,2.0,17,3,CAMEL-930,CAMEL,pre_ai,Improvement,0
283,4.052631578947368,19,1,CAMEL-942,CAMEL,pre_ai,Bug,1
168,1.6,30,2,CAMEL-945,CAMEL,pre_ai,Sub-task,0
269,1.2954545454545454,44,2,CAMEL-126,CAMEL,pre_ai,Improvement,0
508,1.2429906542056075,107,5,CAMEL-950,CAMEL,pre_ai,Task,0
704,1.9529411764705882,85,3,CAMEL-955,CAMEL,pre_ai,Improvement,0
27,1.3333333333333333,3,1,CAMEL-965,CAMEL,pre_ai,Bug,1
1566,1.4444444444444444,243,10,CAMEL-956,CAMEL,pre_ai,Task,0
74,1.1875,16,1,CAMEL-970,CAMEL,pre_ai,Bug,1
130,1.55,20,1,CAMEL-951,CAMEL,pre_ai,Task,0
1036,1.8888888888888888,99,7,CAMEL-403,CAMEL,pre_ai,Improvement,0
182,1.3548387096774193,31,2,CAMEL-964,CAMEL,pre_ai,Improvement,0
152,2.5384615384615383,13,2,CAMEL-943,CAMEL,pre_ai,Improvement,0
227,2.2,20,3,CAMEL-816,CAMEL,pre_ai,New Feature,0
814,2.3010752688172045,93,4,CAMEL-960,CAMEL,pre_ai,Improvement,0
55,2.75,4,1,CAMEL-978,CAMEL,pre_ai,Improvement,0
720,1.7788461538461537,104,5,CAMEL-976,CAMEL,pre_ai,Sub-task,0
129,1.4,10,1,CAMEL-979,CAMEL,pre_ai,Improvement,0
467,1.5633802816901408,71,1,CAMEL-968,CAMEL,pre_ai,Improvement,0
347,4.894736842105263,19,1,CAMEL-988,CAMEL,pre_ai,Bug,1
347,4.894736842105263,19,1,CAMEL-983,CAMEL,pre_ai,Bug,1
681,2.725806451612903,62,4,CAMEL-981,CAMEL,pre_ai,Task,0
478,1.9591836734693877,49,2,CAMEL-991,CAMEL,pre_ai,Improvement,0
522,1.967741935483871,62,2,CAMEL-995,CAMEL,pre_ai,Task,0
357,1.864864864864865,37,4,CAMEL-980,CAMEL,pre_ai,Bug,1
351,2.235294117647059,34,4,CAMEL-997,CAMEL,pre_ai,Improvement,0
1079,1.3651685393258426,178,3,CAMEL-998,CAMEL,pre_ai,Improvement,0
439,2.08,50,2,CAMEL-999,CAMEL,pre_ai,Improvement,0
45,1.2222222222222223,9,1,CAMEL-1119,CAMEL,pre_ai,Bug,1
1008,1.8444444444444446,135,3,CAMEL-1060,CAMEL,pre_ai,Improvement,0
211,3.588235294117647,17,1,CAMEL-1135,CAMEL,pre_ai,Bug,1
253,1.6333333333333333,30,1,CAMEL-1134,CAMEL,pre_ai,New Feature,0
81,1.0625,16,2,CAMEL-1067,CAMEL,pre_ai,Task,0
334,1.853658536585366,41,3,CAMEL-1141,CAMEL,pre_ai,New Feature,0
172,2.7857142857142856,14,1,CAMEL-1140,CAMEL,pre_ai,Bug,1
365,1.14,50,6,CAMEL-1133,CAMEL,pre_ai,New Feature,0
305,3.1785714285714284,28,1,CAMEL-1138,CAMEL,pre_ai,Bug,1
196,1.6666666666666667,27,2,CAMEL-1144,CAMEL,pre_ai,Bug,1
196,1.6666666666666667,27,2,CAMEL-1099,CAMEL,pre_ai,Improvement,0
103,1.35,20,1,CAMEL-1145,CAMEL,pre_ai,Bug,1
292,2.3333333333333335,30,1,CAMEL-1129,CAMEL,pre_ai,Improvement,0
843,1.3357664233576643,137,1,CAMEL-1150,CAMEL,pre_ai,Bug,1
729,1.941747572815534,103,5,CAMEL-1148,CAMEL,pre_ai,New Feature,0
509,3.0384615384615383,52,2,CAMEL-1152,CAMEL,pre_ai,Improvement,0
185,1.8846153846153846,26,1,CAMEL-895,CAMEL,pre_ai,Improvement,0
1647,1.3745173745173744,259,7,CAMEL-1098,CAMEL,pre_ai,Improvement,0
8,1.0,1,1,CAMEL-1101,CAMEL,pre_ai,New Feature,0
56,2.0,4,2,CAMEL-1128,CAMEL,pre_ai,Improvement,0
835,1.3726708074534162,161,3,CAMEL-1147,CAMEL,pre_ai,Improvement,0
87,2.0,9,2,CAMEL-1156,CAMEL,pre_ai,Improvement,0
758,1.6339285714285714,112,3,CAMEL-1157,CAMEL,pre_ai,Improvement,0
802,1.703125,128,1,CAMEL-959,CAMEL,pre_ai,Improvement,0
177,1.0,31,4,CAMEL-1160,CAMEL,pre_ai,Sub-task,0
1550,1.3397683397683398,259,7,CAMEL-1037,CAMEL,pre_ai,Bug,1
40,1.6666666666666667,3,2,CAMEL-1158,CAMEL,pre_ai,Improvement,0
375,1.4042553191489362,47,2,CAMEL-1165,CAMEL,pre_ai,Sub-task,0
248,3.357142857142857,14,3,CAMEL-1155,CAMEL,pre_ai,Task,0
125,1.5714285714285714,14,1,CAMEL-1136,CAMEL,pre_ai,Improvement,0
45,1.3333333333333333,3,1,CAMEL-1184,CAMEL,pre_ai,New Feature,0
255,1.6333333333333333,30,6,CAMEL-1161,CAMEL,pre_ai,Improvement,0
255,1.6333333333333333,30,6,CAMEL-1162,CAMEL,pre_ai,Task,0
221,3.823529411764706,17,1,CAMEL-1187,CAMEL,pre_ai,Bug,1
162,1.3703703703703705,27,2,CAMEL-1159,CAMEL,pre_ai,Task,0
328,1.4615384615384615,52,3,CAMEL-1188,CAMEL,pre_ai,Bug,1
75,3.0,5,1,CAMEL-1190,CAMEL,pre_ai,Bug,1
309,2.4782608695652173,23,2,CAMEL-1189,CAMEL,pre_ai,Sub-task,0
490,1.6944444444444444,72,1,CAMEL-1196,CAMEL,pre_ai,Bug,1
200,1.3142857142857143,35,2,CAMEL-1192,CAMEL,pre_ai,Improvement,0
404,2.473684210526316,38,2,CAMEL-1193,CAMEL,pre_ai,Bug,1
1102,1.2760416666666667,192,3,CAMEL-1117,CAMEL,pre_ai,Improvement,0
220,1.8846153846153846,26,2,CAMEL-159,CAMEL,pre_ai,Bug,1
915,2.4056603773584904,106,5,CAMEL-1153,CAMEL,pre_ai,Task,0
783,2.3043478260869565,92,4,CAMEL-1154,CAMEL,pre_ai,Sub-task,0
1079,1.3651685393258426,178,3,CAMEL-393,CAMEL,pre_ai,Bug,1
157,1.9090909090909092,22,2,CAMEL-1186,CAMEL,pre_ai,Improvement,0
264,1.4883720930232558,43,2,CAMEL-1209,CAMEL,pre_ai,Improvement,0
139,2.272727272727273,11,2,CAMEL-1203,CAMEL,pre_ai,New Feature,0
125,1.3636363636363635,22,1,CAMEL-1041,CAMEL,pre_ai,Sub-task,0
55,1.25,8,1,CAMEL-1198,CAMEL,pre_ai,New Feature,0
277,1.5,50,1,CAMEL-1215,CAMEL,pre_ai,Improvement,0
345,1.5348837209302326,43,4,CAMEL-1217,CAMEL,pre_ai,Bug,1
156,5.0,7,1,CAMEL-1207,CAMEL,pre_ai,Bug,1
72,1.2,15,1,CAMEL-1199,CAMEL,pre_ai,Bug,1
4090,1.4835766423357664,548,53,CAMEL-1180,CAMEL,pre_ai,Improvement,0
238,1.5555555555555556,36,3,CAMEL-1213,CAMEL,pre_ai,Bug,1
595,2.192982456140351,57,2,CAMEL-1220,CAMEL,pre_ai,Sub-task,0
896,1.2692307692307692,156,1,CAMEL-984,CAMEL,pre_ai,Task,0
202,2.03125,32,1,CAMEL-1235,CAMEL,pre_ai,Improvement,0
1745,1.6551724137931034,261,8,CAMEL-1223,CAMEL,pre_ai,Sub-task,0
690,1.3109243697478992,119,8,CAMEL-55,CAMEL,pre_ai,New Feature,0
693,1.3482142857142858,112,15,CAMEL-13,CAMEL,pre_ai,New Feature,0
246,4.0,8,1,CAMEL-52,CAMEL,pre_ai,Sub-task,0
246,4.0,8,1,CAMEL-51,CAMEL,pre_ai,Sub-task,0
247,4.0,8,1,CAMEL-56,CAMEL,pre_ai,Sub-task,0
254,4.25,8,1,CAMEL-54,CAMEL,pre_ai,Sub-task,0
84,1.0833333333333333,12,3,CAMEL-59,CAMEL,pre_ai,New Feature,0
592,1.5903614457831325,83,12,CAMEL-61,CAMEL,pre_ai,New Feature,0
761,1.3660714285714286,112,11,CAMEL-7,CAMEL,pre_ai,New Feature,0
195,1.2592592592592593,27,6,CAMEL-70,CAMEL,pre_ai,New Feature,0
648,1.4387755102040816,98,3,CAMEL-63,CAMEL,pre_ai,New Feature,0
315,5.777777777777778,9,1,CAMEL-53,CAMEL,pre_ai,Sub-task,0
113,1.75,12,3,CAMEL-62,CAMEL,pre_ai,Improvement,0
315,5.777777777777778,9,1,CAMEL-76,CAMEL,pre_ai,Sub-task,0
970,1.5227272727272727,132,9,CAMEL-66,CAMEL,pre_ai,Improvement,0
43,1.4285714285714286,7,1,CAMEL-81,CAMEL,pre_ai,Bug,1
168,1.032258064516129,31,5,CAMEL-79,CAMEL,pre_ai,Improvement,0
107,1.1,20,3,CAMEL-87,CAMEL,pre_ai,New Feature,0
26,1.5,2,1,CAMEL-85,CAMEL,pre_ai,Bug,1
366,2.4411764705882355,34,3,CAMEL-77,CAMEL,pre_ai,Improvement,0
56,1.0,9,1,CAMEL-83,CAMEL,pre_ai,Improvement,0
1417,2.0346820809248554,173,14,CAMEL-82,CAMEL,pre_ai,New Feature,0
513,1.65625,64,4,CAMEL-67,CAMEL,pre_ai,New Feature,0
145,1.4375,16,3,CAMEL-89,CAMEL,pre_ai,New Feature,0
24,1.3333333333333333,3,1,CAMEL-88,CAMEL,pre_ai,New Feature,0
147,1.2222222222222223,27,2,CAMEL-90,CAMEL,pre_ai,Improvement,0
128,2.3333333333333335,12,2,CAMEL-96,CAMEL,pre_ai,Bug,1
95,1.9166666666666667,12,1,CAMEL-98,CAMEL,pre_ai,Bug,1
369,1.2432432432432432,74,3,CAMEL-97,CAMEL,pre_ai,Improvement,0
637,1.6627906976744187,86,11,CAMEL-95,CAMEL,pre_ai,Bug,1
1228,1.3157894736842106,209,13,CAMEL-93,CAMEL,pre_ai,New Feature,0
294,1.7777777777777777,36,3,CAMEL-68,CAMEL,pre_ai,New Feature,0
111,3.3333333333333335,6,1,CAMEL-105,CAMEL,pre_ai,Bug,1
596,1.8695652173913044,69,7,CAMEL-99,CAMEL,pre_ai,Improvement,0
176,2.1176470588235294,17,1,CAMEL-110,CAMEL,pre_ai,Improvement,0
1849,1.2627986348122866,293,22,CAMEL-92,CAMEL,pre_ai,New Feature,0
136,1.5789473684210527,19,1,CAMEL-103,CAMEL,pre_ai,Bug,1
374,2.71875,32,3,CAMEL-111,CAMEL,pre_ai,Bug,1
267,2.5833333333333335,24,3,CAMEL-112,CAMEL,pre_ai,Bug,1
579,2.161290322580645,62,7,CAMEL-109,CAMEL,pre_ai,New Feature,0
874,2.3506493506493507,77,8,CAMEL-113,CAMEL,pre_ai,Improvement,0
829,1.303448275862069,145,7,CAMEL-114,CAMEL,pre_ai,Improvement,0
231,3.1333333333333333,15,1,CAMEL-104,CAMEL,pre_ai,Task,0
927,1.6779661016949152,118,7,CAMEL-12,CAMEL,pre_ai,New Feature,0
197,1.3703703703703705,27,3,CAMEL-116,CAMEL,pre_ai,Improvement,0
197,1.3928571428571428,28,3,CAMEL-127,CAMEL,pre_ai,Improvement,0
593,1.7717391304347827,92,2,CAMEL-129,CAMEL,pre_ai,New Feature,0
777,1.4414414414414414,111,16,CAMEL-125,CAMEL,pre_ai,Improvement,0
143,1.1923076923076923,26,3,CAMEL-132,CAMEL,pre_ai,Improvement,0
1658,1.5782312925170068,294,5,CAMEL-898,CAMEL,pre_ai,New Feature,0
154,1.1515151515151516,33,1,CAMEL-1465,CAMEL,pre_ai,Improvement,0
1741,2.1116751269035534,197,6,CAMEL-1462,CAMEL,pre_ai,Bug,1
617,2.0684931506849313,73,5,CAMEL-1463,CAMEL,pre_ai,Bug,1
819,1.3766233766233766,154,5,CAMEL-1459,CAMEL,pre_ai,Improvement,0
81,1.5,10,1,CAMEL-1469,CAMEL,pre_ai,Task,0
512,1.6666666666666667,69,5,CAMEL-1470,CAMEL,pre_ai,Improvement,0
545,1.2920353982300885,113,1,CAMEL-1468,CAMEL,pre_ai,Improvement,0
2339,1.6321243523316062,386,6,CAMEL-870,CAMEL,pre_ai,Improvement,0
2039,1.5441988950276244,362,8,CAMEL-1212,CAMEL,pre_ai,Improvement,0
255,5.4,10,2,CAMEL-1476,CAMEL,pre_ai,Improvement,0
411,2.020408163265306,49,1,CAMEL-1477,CAMEL,pre_ai,Bug,1
1311,1.4595959595959596,198,5,CAMEL-1478,CAMEL,pre_ai,New Feature,0
2133,1.7205882352941178,340,5,CAMEL-585,CAMEL,pre_ai,Task,0
1134,1.8625,160,2,CAMEL-1480,CAMEL,pre_ai,Bug,1
284,4.117647058823529,17,1,CAMEL-1461,CAMEL,pre_ai,Bug,1
2042,1.304093567251462,342,9,CAMEL-1479,CAMEL,pre_ai,Task,0
70,1.7777777777777777,9,1,CAMEL-1485,CAMEL,pre_ai,Sub-task,0
1320,1.427860696517413,201,5,CAMEL-908,CAMEL,pre_ai,Improvement,0
625,2.973684210526316,38,5,CAMEL-1489,CAMEL,pre_ai,Sub-task,0
174,1.4615384615384615,26,1,CAMEL-1490,CAMEL,pre_ai,Improvement,0
371,5.157894736842105,19,1,CAMEL-1488,CAMEL,pre_ai,Bug,1
383,5.368421052631579,19,1,CAMEL-1424,CAMEL,pre_ai,Improvement,0
114,3.0,9,1,CAMEL-1481,CAMEL,pre_ai,Improvement,0
403,1.25,72,2,CAMEL-1491,CAMEL,pre_ai,Improvement,0
389,2.3157894736842106,57,2,CAMEL-1486,CAMEL,pre_ai,Improvement,0
308,5.4375,16,1,CAMEL-1492,CAMEL,pre_ai,Bug,1
469,1.3783783783783783,74,3,CAMEL-1493,CAMEL,pre_ai,Improvement,0
1853,1.8409090909090908,220,12,CAMEL-1498,CAMEL,pre_ai,Bug,1
309,5.5,16,1,CAMEL-1281,CAMEL,pre_ai,New Feature,0
3026,2.8225806451612905,248,25,CAMEL-1474,CAMEL,pre_ai,Bug,1
129,1.9333333333333333,15,1,CAMEL-1502,CAMEL,pre_ai,Improvement,0
356,1.6304347826086956,46,3,CAMEL-1500,CAMEL,pre_ai,Task,0
81,1.5,10,1,CAMEL-1505,CAMEL,pre_ai,Bug,1
307,2.8518518518518516,27,1,CAMEL-1508,CAMEL,pre_ai,Bug,1
190,2.7857142857142856,14,1,CAMEL-1450,CAMEL,pre_ai,Improvement,0
282,1.2264150943396226,53,2,CAMEL-961,CAMEL,pre_ai,Improvement,0
305,1.5,56,2,CAMEL-1507,CAMEL,pre_ai,Improvement,0
753,2.0736842105263156,95,4,CAMEL-1506,CAMEL,pre_ai,Bug,1
681,2.6,60,10,CAMEL-1503,CAMEL,pre_ai,Improvement,0
393,1.7647058823529411,51,3,CAMEL-1512,CAMEL,pre_ai,Improvement,0
177,3.9,10,1,CAMEL-1504,CAMEL,pre_ai,Bug,1
1353,1.2921810699588476,243,5,CAMEL-714,CAMEL,pre_ai,Improvement,0
461,4.526315789473684,19,1,CAMEL-1126,CAMEL,pre_ai,Improvement,0
133,1.2916666666666667,24,3,CAMEL-1496,CAMEL,pre_ai,Bug,1
119,2.1333333333333333,15,1,CAMEL-1515,CAMEL,pre_ai,Improvement,0
967,2.5462962962962963,108,4,CAMEL-1518,CAMEL,pre_ai,New Feature,0
438,2.0816326530612246,49,1,CAMEL-1519,CAMEL,pre_ai,Bug,1
374,1.4259259259259258,54,9,CAMEL-1514,CAMEL,pre_ai,Improvement,0
757,1.9896907216494846,97,1,CAMEL-1509,CAMEL,pre_ai,Bug,1
91,1.7777777777777777,9,1,CAMEL-1513,CAMEL,pre_ai,Bug,1
303,2.212121212121212,33,3,CAMEL-1521,CAMEL,pre_ai,Task,0
531,2.0166666666666666,60,3,CAMEL-1522,CAMEL,pre_ai,Improvement,0
102,1.3333333333333333,12,1,CAMEL-1429,CAMEL,pre_ai,Task,0
1027,1.8,140,7,CAMEL-1525,CAMEL,pre_ai,Bug,1
687,1.7956989247311828,93,4,CAMEL-1535,CAMEL,pre_ai,Bug,1
190,1.64,25,1,CAMEL-1510,CAMEL,pre_ai,Bug,1
1399,1.5219512195121951,205,7,CAMEL-1332,CAMEL,pre_ai,Bug,1
347,1.4705882352941178,51,1,CAMEL-1533,CAMEL,pre_ai,Improvement,0
583,1.6588235294117648,85,1,CAMEL-1268,CAMEL,pre_ai,Improvement,0
638,1.6888888888888889,90,2,CAMEL-974,CAMEL,pre_ai,Bug,1
170,1.0975609756097562,41,1,CAMEL-1524,CAMEL,pre_ai,Bug,1
46,1.2,5,1,CAMEL-1516,CAMEL,pre_ai,Bug,1
45,1.5,6,1,CAMEL-1545,CAMEL,pre_ai,Task,0
1507,1.8520408163265305,196,17,CAMEL-1475,CAMEL,pre_ai,Bug,1
1348,1.6573033707865168,178,10,CAMEL-1540,CAMEL,pre_ai,New Feature,0
1253,1.445054945054945,182,6,CAMEL-1548,CAMEL,pre_ai,Bug,1
4125,1.7217235188509874,557,18,CAMEL-1554,CAMEL,pre_ai,Task,0
4125,1.7217235188509874,557,18,CAMEL-1551,CAMEL,pre_ai,Improvement,0
35,4.0,2,1,CAMEL-1529,CAMEL,pre_ai,Bug,1
786,1.9801980198019802,101,1,CAMEL-1544,CAMEL,pre_ai,Bug,1
1289,1.3415841584158417,202,6,CAMEL-1560,CAMEL,pre_ai,Task,0
144,1.4166666666666667,12,2,CAMEL-1541,CAMEL,pre_ai,Improvement,0
1916,1.452054794520548,292,11,CAMEL-1555,CAMEL,pre_ai,Task,0
80,1.8181818181818181,11,1,CAMEL-1534,CAMEL,pre_ai,Improvement,0
130,1.3333333333333333,21,2,CAMEL-1565,CAMEL,pre_ai,Bug,1
232,1.3243243243243243,37,2,CAMEL-1558,CAMEL,pre_ai,New Feature,0
1994,1.6336996336996337,273,6,CAMEL-1528,CAMEL,pre_ai,Improvement,0
224,1.5,30,1,CAMEL-1568,CAMEL,pre_ai,Bug,1
185,2.35,20,2,CAMEL-1543,CAMEL,pre_ai,Improvement,0
316,1.2592592592592593,54,4,CAMEL-1552,CAMEL,pre_ai,Improvement,0
351,1.4901960784313726,51,1,CAMEL-1559,CAMEL,pre_ai,Improvement,0
451,1.5416666666666667,72,3,CAMEL-1812,CAMEL,pre_ai,Task,0
189,4.090909090909091,11,1,CAMEL-1813,CAMEL,pre_ai,Bug,1
1561,2.1847133757961785,157,4,CAMEL-1815,CAMEL,pre_ai,Task,0
1000,1.6129032258064515,155,6,CAMEL-1820,CAMEL,pre_ai,Improvement,0
1556,1.5688073394495412,218,21,CAMEL-1562,CAMEL,pre_ai,New Feature,0
635,2.9642857142857144,56,6,CAMEL-1824,CAMEL,pre_ai,Bug,1
635,2.9642857142857144,56,6,CAMEL-1825,CAMEL,pre_ai,Bug,1
95,1.5625,16,1,CAMEL-1828,CAMEL,pre_ai,Bug,1
1176,1.3333333333333333,189,5,CAMEL-1660,CAMEL,pre_ai,New Feature,0
237,2.05,20,4,CAMEL-1789,CAMEL,pre_ai,New Feature,0
1153,1.3762886597938144,194,4,CAMEL-1835,CAMEL,pre_ai,Improvement,0
220,2.8518518518518516,27,1,CAMEL-1836,CAMEL,pre_ai,New Feature,0
577,1.8571428571428572,49,8,CAMEL-1826,CAMEL,pre_ai,New Feature,0
416,3.4482758620689653,29,4,CAMEL-1838,CAMEL,pre_ai,Bug,1
52,1.0909090909090908,11,1,CAMEL-1839,CAMEL,pre_ai,Bug,1
381,2.3333333333333335,33,2,CAMEL-1806,CAMEL,pre_ai,Improvement,0
922,1.6929133858267718,127,3,CAMEL-1848,CAMEL,pre_ai,Bug,1
165,5.428571428571429,7,2,CAMEL-1844,CAMEL,pre_ai,Bug,1
213,2.764705882352941,17,1,CAMEL-1851,CAMEL,pre_ai,Bug,1
336,3.1666666666666665,30,2,CAMEL-1849,CAMEL,pre_ai,Bug,1
346,6.25,16,1,CAMEL-1853,CAMEL,pre_ai,New Feature,0
1108,2.046979865771812,149,2,CAMEL-1858,CAMEL,pre_ai,Improvement,0
320,4.235294117647059,17,1,CAMEL-1845,CAMEL,pre_ai,Bug,1
33,1.0,3,3,CAMEL-1841,CAMEL,pre_ai,Test,0
39,1.3333333333333333,3,1,CAMEL-1842,CAMEL,pre_ai,Test,0
1479,1.4891774891774892,231,9,CAMEL-1855,CAMEL,pre_ai,Improvement,0
105,2.0,5,3,CAMEL-1852,CAMEL,pre_ai,Bug,1
123,1.1666666666666667,18,1,CAMEL-1861,CAMEL,pre_ai,Task,0
994,2.026086956521739,115,3,CAMEL-1864,CAMEL,pre_ai,Bug,1
3071,1.6785714285714286,420,10,CAMEL-1553,CAMEL,pre_ai,New Feature,0
70,3.2857142857142856,7,1,CAMEL-1865,CAMEL,pre_ai,Bug,1
482,1.4078947368421053,76,3,CAMEL-316,CAMEL,pre_ai,Improvement,0
37,1.1666666666666667,6,1,CAMEL-1870,CAMEL,pre_ai,Bug,1
13,1.0,2,1,CAMEL-1871,CAMEL,pre_ai,Improvement,0
225,2.8,15,1,CAMEL-1873,CAMEL,pre_ai,Bug,1
221,2.0416666666666665,24,3,CAMEL-1874,CAMEL,pre_ai,Task,0
927,1.6405228758169934,153,1,CAMEL-1867,CAMEL,pre_ai,Bug,1
669,2.0823529411764707,85,2,CAMEL-1869,CAMEL,pre_ai,Improvement,0
3203,1.6365740740740742,432,19,CAMEL-1866,CAMEL,pre_ai,New Feature,0
135,2.1333333333333333,15,1,CAMEL-1878,CAMEL,pre_ai,Bug,1
242,1.8275862068965518,29,1,CAMEL-1882,CAMEL,pre_ai,Bug,1
304,1.4166666666666667,48,4,CAMEL-1879,CAMEL,pre_ai,Improvement,0
170,2.5294117647058822,17,2,CAMEL-1883,CAMEL,pre_ai,Bug,1
503,1.8793103448275863,58,5,CAMEL-1884,CAMEL,pre_ai,Improvement,0
609,2.246153846153846,65,1,CAMEL-1885,CAMEL,pre_ai,Bug,1
696,1.7755102040816326,98,5,CAMEL-1887,CAMEL,pre_ai,New Feature,0
46,3.5,2,1,CAMEL-1888,CAMEL,pre_ai,Improvement,0
152,2.923076923076923,13,1,CAMEL-1881,CAMEL,pre_ai,Improvement,0
17,1.0,2,1,CAMEL-1891,CAMEL,pre_ai,Test,0
46,1.3333333333333333,3,2,CAMEL-1890,CAMEL,pre_ai,Test,0
144,1.28,25,1,CAMEL-1896,CAMEL,pre_ai,Improvement,0
258,1.5555555555555556,36,3,CAMEL-1886,CAMEL,pre_ai,Improvement,0
301,3.5,18,1,CAMEL-1899,CAMEL,pre_ai,New Feature,0
140,1.6428571428571428,14,1,CAMEL-1903,CAMEL,pre_ai,Improvement,0
50,2.0,4,1,CAMEL-1910,CAMEL,pre_ai,Improvement,0
420,5.7894736842105265,19,1,CAMEL-1922,CAMEL,pre_ai,Bug,1
415,1.5666666666666667,30,8,CAMEL-1889,CAMEL,pre_ai,Test,0
624,5.533333333333333,30,2,CAMEL-1917,CAMEL,pre_ai,Bug,1
270,3.3,20,2,CAMEL-1927,CAMEL,pre_ai,Bug,1
439,1.4390243902439024,82,2,CAMEL-1928,CAMEL,pre_ai,Improvement,0
116,3.0,10,1,CAMEL-1929,CAMEL,pre_ai,Improvement,0
8,1.0,1,1,CAMEL-1920,CAMEL,pre_ai,Task,0
147,2.857142857142857,14,1,CAMEL-1924,CAMEL,pre_ai,Bug,1
63,2.6,5,1,CAMEL-1931,CAMEL,pre_ai,Improvement,0
218,2.0526315789473686,19,1,CAMEL-1911,CAMEL,pre_ai,Improvement,0
152,2.8333333333333335,12,2,CAMEL-1936,CAMEL,pre_ai,Bug,1
156,2.7777777777777777,9,2,CAMEL-1914,CAMEL,pre_ai,Bug,1
479,1.6571428571428573,70,2,CAMEL-1234,CAMEL,pre_ai,New Feature,0
299,4.166666666666667,18,2,CAMEL-1221,CAMEL,pre_ai,Bug,1
430,1.5,76,3,CAMEL-1245,CAMEL,pre_ai,Improvement,0
171,1.4615384615384615,26,1,CAMEL-1244,CAMEL,pre_ai,Improvement,0
205,1.7037037037037037,27,2,CAMEL-1258,CAMEL,pre_ai,Improvement,0
78,1.5,12,1,CAMEL-1262,CAMEL,pre_ai,Improvement,0
750,1.75,116,8,CAMEL-639,CAMEL,pre_ai,Improvement,0
885,2.453488372093023,86,5,CAMEL-1240,CAMEL,pre_ai,Sub-task,0
525,1.5063291139240507,79,2,CAMEL-1270,CAMEL,pre_ai,Bug,1
736,3.54,50,7,CAMEL-1043,CAMEL,pre_ai,Improvement,0
127,4.375,8,1,CAMEL-1263,CAMEL,pre_ai,Bug,1
67,1.25,12,1,CAMEL-1264,CAMEL,pre_ai,Sub-task,0
232,1.6785714285714286,28,1,CAMEL-1272,CAMEL,pre_ai,Task,0
194,1.7142857142857142,21,1,CAMEL-1274,CAMEL,pre_ai,Bug,1
637,1.4015748031496063,127,5,CAMEL-1255,CAMEL,pre_ai,New Feature,0
81,1.5,10,1,CAMEL-1278,CAMEL,pre_ai,Bug,1
89,1.6153846153846154,13,1,CAMEL-1214,CAMEL,pre_ai,Improvement,0
388,2.0930232558139537,43,3,CAMEL-1237,CAMEL,pre_ai,Improvement,0
566,4.0,28,4,CAMEL-1204,CAMEL,pre_ai,Improvement,0
50,2.6666666666666665,3,1,CAMEL-1283,CAMEL,pre_ai,Bug,1
143,5.833333333333333,6,1,CAMEL-1284,CAMEL,pre_ai,Bug,1
52,2.6666666666666665,3,1,CAMEL-1292,CAMEL,pre_ai,Bug,1
48,1.3333333333333333,6,2,CAMEL-1296,CAMEL,pre_ai,Bug,1
295,1.763157894736842,38,3,CAMEL-1294,CAMEL,pre_ai,Improvement,0
298,1.6923076923076923,39,3,CAMEL-1002,CAMEL,pre_ai,Improvement,0
274,1.625,40,1,CAMEL-1254,CAMEL,pre_ai,Improvement,0
134,1.4444444444444444,18,2,CAMEL-1300,CAMEL,pre_ai,New Feature,0
577,3.0454545454545454,44,4,CAMEL-398,CAMEL,pre_ai,New Feature,0
304,2.5,24,2,CAMEL-1305,CAMEL,pre_ai,Improvement,0
12,1.0,1,1,CAMEL-1259,CAMEL,pre_ai,Improvement,0
655,3.0793650793650795,63,3,CAMEL-1301,CAMEL,pre_ai,Bug,1
157,1.5833333333333333,24,2,CAMEL-1309,CAMEL,pre_ai,Bug,1
180,4.555555555555555,9,3,CAMEL-1312,CAMEL,pre_ai,Bug,1
45,1.25,4,2,CAMEL-1314,CAMEL,pre_ai,Task,0
463,1.8412698412698412,63,5,CAMEL-1318,CAMEL,pre_ai,Task,0
277,1.8064516129032258,31,3,CAMEL-1142,CAMEL,pre_ai,New Feature,0
2376,2.41025641025641,195,32,CAMEL-1239,CAMEL,pre_ai,Sub-task,0
291,1.4864864864864864,37,6,CAMEL-630,CAMEL,pre_ai,Improvement,0
1552,2.1020408163265305,196,8,CAMEL-1236,CAMEL,pre_ai,Improvement,0
495,3.611111111111111,36,2,CAMEL-1325,CAMEL,pre_ai,Bug,1
305,4.2105263157894735,19,1,CAMEL-1279,CAMEL,pre_ai,Improvement,0
170,1.4583333333333333,24,3,CAMEL-1297,CAMEL,pre_ai,Improvement,0
612,4.421052631578948,38,2,CAMEL-1331,CAMEL,pre_ai,Improvement,0
313,2.074074074074074,27,2,CAMEL-1205,CAMEL,pre_ai,Bug,1
65,1.375,8,1,CAMEL-1321,CAMEL,pre_ai,Bug,1
106,1.3846153846153846,13,2,CAMEL-1291,CAMEL,pre_ai,Improvement,0
84,2.4444444444444446,9,1,CAMEL-1238,CAMEL,pre_ai,Task,0
214,3.375,16,2,CAMEL-1330,CAMEL,pre_ai,Bug,1
200,1.7619047619047619,21,1,CAMEL-1334,CAMEL,pre_ai,Bug,1
845,1.1919191919191918,198,2,CAMEL-505,CAMEL,pre_ai,Improvement,0
213,1.84,25,2,CAMEL-1327,CAMEL,pre_ai,Improvement,0
108,1.2666666666666666,15,2,CAMEL-209,CAMEL,pre_ai,Improvement,0
604,1.349056603773585,106,5,CAMEL-1289,CAMEL,pre_ai,Task,0
1423,1.9542857142857142,175,11,CAMEL-1295,CAMEL,pre_ai,New Feature,0
81,1.5,10,1,CAMEL-1339,CAMEL,pre_ai,Task,0
146,2.5384615384615383,13,1,CAMEL-1340,CAMEL,pre_ai,Bug,1
322,1.0909090909090908,77,2,CAMEL-1343,CAMEL,pre_ai,Improvement,0
3487,1.6347992351816443,523,30,CAMEL-1252,CAMEL,pre_ai,Improvement,0
367,1.588235294117647,51,1,CAMEL-1337,CAMEL,pre_ai,Improvement,0
317,2.097560975609756,41,3,CAMEL-1338,CAMEL,pre_ai,New Feature,0
504,1.4186046511627908,86,4,CAMEL-971,CAMEL,pre_ai,Improvement,0
1421,1.7836538461538463,208,8,CAMEL-1347,CAMEL,pre_ai,Improvement,0
126,2.0,18,2,CAMEL-1352,CAMEL,pre_ai,Bug,1
60,1.4,10,1,CAMEL-1344,CAMEL,pre_ai,Improvement,0
549,1.3820224719101124,89,4,CAMEL-1229,CAMEL,pre_ai,Improvement,0
287,1.8285714285714285,35,12,CAMEL-1323,CAMEL,pre_ai,Task,0
346,1.108433734939759,83,3,CAMEL-1357,CAMEL,pre_ai,Improvement,0
23,2.0,2,1,CAMEL-888,CAMEL,pre_ai,New Feature,0
228,2.857142857142857,21,1,CAMEL-1313,CAMEL,pre_ai,Task,0
254,3.0,19,1,CAMEL-1341,CAMEL,pre_ai,Bug,1
961,1.2710843373493976,166,2,CAMEL-745,CAMEL,pre_ai,Improvement,0
1510,1.5429864253393666,221,8,CAMEL-879,CAMEL,pre_ai,Bug,1
101,4.0,5,1,CAMEL-1362,CAMEL,pre_ai,Improvement,0
611,1.2875,80,6,CAMEL-1360,CAMEL,pre_ai,New Feature,0
2277,1.4166666666666667,384,11,CAMEL-1363,CAMEL,pre_ai,New Feature,0
308,2.3548387096774195,31,1,CAMEL-1367,CAMEL,pre_ai,Bug,1
695,1.5925925925925926,108,3,CAMEL-935,CAMEL,pre_ai,Improvement,0
30,2.0,4,1,CAMEL-1370,CAMEL,pre_ai,Improvement,0
786,1.9787234042553192,94,3,CAMEL-1374,CAMEL,pre_ai,Improvement,0
524,1.7466666666666666,75,1,CAMEL-966,CAMEL,pre_ai,Task,0
552,1.7176470588235293,85,4,CAMEL-1375,CAMEL,pre_ai,Improvement,0
555,1.7272727272727273,66,3,CAMEL-1380,CAMEL,pre_ai,Task,0
94,3.142857142857143,7,1,CAMEL-1356,CAMEL,pre_ai,Bug,1
1103,1.817391304347826,115,14,CAMEL-1308,CAMEL,pre_ai,New Feature,0
179,7.0,6,1,CAMEL-1400,CAMEL,pre_ai,Bug,1
829,2.01010101010101,99,4,CAMEL-1004,CAMEL,pre_ai,New Feature,0
269,2.0,30,3,CAMEL-1401,CAMEL,pre_ai,Bug,1
709,1.4957264957264957,117,4,CAMEL-1384,CAMEL,pre_ai,Bug,1
141,2.375,16,1,CAMEL-1366,CAMEL,pre_ai,Bug,1
97,1.3846153846153846,13,2,CAMEL-1373,CAMEL,pre_ai,Task,0
1683,1.508361204013378,299,5,CAMEL-1405,CAMEL,pre_ai,Improvement,0
67,2.0,9,1,CAMEL-1406,CAMEL,pre_ai,Bug,1
116,1.5,14,1,CAMEL-1407,CAMEL,pre_ai,Improvement,0
219,1.4871794871794872,39,2,CAMEL-1408,CAMEL,pre_ai,Bug,1
1078,1.4024390243902438,164,4,CAMEL-541,CAMEL,pre_ai,Improvement,0
266,1.8518518518518519,27,3,CAMEL-1369,CAMEL,pre_ai,Task,0
101,1.3333333333333333,15,1,CAMEL-588,CAMEL,pre_ai,Improvement,0
65,1.3636363636363635,11,1,CAMEL-1414,CAMEL,pre_ai,Bug,1
357,3.2222222222222223,27,5,CAMEL-1404,CAMEL,pre_ai,New Feature,0
291,1.8611111111111112,36,3,CAMEL-1416,CAMEL,pre_ai,Bug,1
585,1.7560975609756098,82,2,CAMEL-1417,CAMEL,pre_ai,Bug,1
1187,2.0759493670886076,158,8,CAMEL-1411,CAMEL,pre_ai,Bug,1
135,2.357142857142857,14,1,CAMEL-1421,CAMEL,pre_ai,Bug,1
444,4.368421052631579,19,1,CAMEL-1423,CAMEL,pre_ai,Task,0
55,1.8333333333333333,6,1,CAMEL-1426,CAMEL,pre_ai,Bug,1
433,1.7924528301886793,53,2,CAMEL-1418,CAMEL,pre_ai,New Feature,0
100,2.625,8,2,CAMEL-1425,CAMEL,pre_ai,Improvement,0
327,1.360655737704918,61,1,CAMEL-1412,CAMEL,pre_ai,Bug,1
783,2.2375,80,6,CAMEL-1413,CAMEL,pre_ai,Improvement,0
495,1.8611111111111112,72,2,CAMEL-1433,CAMEL,pre_ai,Improvement,0
903,2.19811320754717,106,7,CAMEL-1434,CAMEL,pre_ai,Improvement,0
1661,2.142857142857143,196,12,CAMEL-1430,CAMEL,pre_ai,Task,0
722,1.691588785046729,107,3,CAMEL-1435,CAMEL,pre_ai,Improvement,0
506,2.1379310344827585,58,3,CAMEL-1441,CAMEL,pre_ai,Bug,1
115,1.1071428571428572,28,1,CAMEL-1438,CAMEL,pre_ai,Improvement,0
1629,1.4448979591836735,245,7,CAMEL-1376,CAMEL,pre_ai,Improvement,0
69,1.5555555555555556,9,1,CAMEL-1444,CAMEL,pre_ai,Bug,1
228,1.3,40,2,CAMEL-1428,CAMEL,pre_ai,Bug,1
767,1.849056603773585,106,5,CAMEL-1440,CAMEL,pre_ai,Improvement,0
1058,1.3015873015873016,189,8,CAMEL-1395,CAMEL,pre_ai,Task,0
509,4.413793103448276,29,3,CAMEL-1448,CAMEL,pre_ai,Bug,1
75,1.5454545454545454,11,1,CAMEL-1451,CAMEL,pre_ai,Improvement,0
819,1.7226890756302522,119,4,CAMEL-1439,CAMEL,pre_ai,Improvement,0
92,3.1666666666666665,6,2,CAMEL-1443,CAMEL,pre_ai,Bug,1
161,4.25,8,1,CAMEL-1445,CAMEL,pre_ai,Improvement,0
551,2.4634146341463414,41,8,CAMEL-1442,CAMEL,pre_ai,Bug,1
2014,1.8972332015810276,253,27,CAMEL-1387,CAMEL,pre_ai,Sub-task,0
2014,1.8972332015810276,253,27,CAMEL-1452,CAMEL,pre_ai,Improvement,0
282,3.6153846153846154,13,3,CAMEL-1454,CAMEL,pre_ai,Bug,1
1118,1.2474747474747474,198,3,CAMEL-1226,CAMEL,pre_ai,Improvement,0
46,2.0,4,1,CAMEL-1456,CAMEL,pre_ai,Improvement,0
424,1.95,60,2,CAMEL-1178,CAMEL,pre_ai,New Feature,0
1716,1.5857142857142856,280,7,CAMEL-1446,CAMEL,pre_ai,New Feature,0
1716,1.5857142857142856,280,7,CAMEL-1457,CAMEL,pre_ai,Improvement,0
672,2.0,87,2,CAMEL-1547,CAMEL,pre_ai,Bug,1
1834,1.869198312236287,237,6,CAMEL-1578,CAMEL,pre_ai,Improvement,0
941,1.23125,160,2,CAMEL-1580,CAMEL,pre_ai,Task,0
2028,1.5226480836236933,287,10,CAMEL-1569,CAMEL,pre_ai,Improvement,0
43,1.3333333333333333,3,1,CAMEL-1583,CAMEL,pre_ai,Bug,1
1143,1.8057553956834533,139,6,CAMEL-1584,CAMEL,pre_ai,New Feature,0
511,3.4081632653061225,49,1,CAMEL-1573,CAMEL,pre_ai,Improvement,0
124,2.2142857142857144,14,1,CAMEL-1586,CAMEL,pre_ai,Bug,1
227,2.75,20,2,CAMEL-1585,CAMEL,pre_ai,Bug,1
56,1.0909090909090908,11,1,CAMEL-656,CAMEL,pre_ai,Improvement,0
351,1.709090909090909,55,2,CAMEL-1587,CAMEL,pre_ai,Improvement,0
101,5.5,4,2,CAMEL-1589,CAMEL,pre_ai,Improvement,0
330,1.6296296296296295,54,2,CAMEL-1590,CAMEL,pre_ai,Bug,1
330,1.6296296296296295,54,2,CAMEL-1591,CAMEL,pre_ai,Task,0
275,1.7,30,2,CAMEL-1570,CAMEL,pre_ai,Improvement,0
473,1.838235294117647,68,3,CAMEL-1592,CAMEL,pre_ai,Bug,1
140,3.875,8,1,CAMEL-1596,CAMEL,pre_ai,New Feature,0
77,1.2307692307692308,13,1,CAMEL-1572,CAMEL,pre_ai,Improvement,0
101,1.5,12,1,CAMEL-1597,CAMEL,pre_ai,Improvement,0
470,2.2363636363636363,55,4,CAMEL-1582,CAMEL,pre_ai,Improvement,0
33,2.5,2,1,CAMEL-1602,CAMEL,pre_ai,Improvement,0
716,1.82,100,3,CAMEL-1598,CAMEL,pre_ai,New Feature,0
189,2.230769230769231,13,2,CAMEL-1607,CAMEL,pre_ai,Bug,1
181,4.0,10,1,CAMEL-1609,CAMEL,pre_ai,Bug,1
242,3.111111111111111,18,1,CAMEL-1614,CAMEL,pre_ai,Bug,1
108,1.1578947368421053,19,1,CAMEL-1604,CAMEL,pre_ai,New Feature,0
208,1.2,45,2,CAMEL-1618,CAMEL,pre_ai,Bug,1
138,1.3157894736842106,19,1,CAMEL-1620,CAMEL,pre_ai,Task,0
1110,1.2197802197802199,182,7,CAMEL-1621,CAMEL,pre_ai,Bug,1
240,1.1136363636363635,44,12,CAMEL-1615,CAMEL,pre_ai,Bug,1
1101,3.3020833333333335,96,3,CAMEL-1549,CAMEL,pre_ai,Improvement,0
648,3.28,50,3,CAMEL-1005,CAMEL,pre_ai,Improvement,0
126,2.2,10,2,CAMEL-1622,CAMEL,pre_ai,Bug,1
1612,2.9565217391304346,161,6,CAMEL-1419,CAMEL,pre_ai,Improvement,0
55,2.4,5,1,CAMEL-1624,CAMEL,pre_ai,Bug,1
978,1.8970588235294117,136,2,CAMEL-1626,CAMEL,pre_ai,Improvement,0
145,3.6,10,1,CAMEL-1630,CAMEL,pre_ai,Bug,1
236,1.6176470588235294,34,4,CAMEL-1632,CAMEL,pre_ai,Bug,1
15,1.0,2,1,CAMEL-1629,CAMEL,pre_ai,Improvement,0
326,6.5,16,2,CAMEL-1637,CAMEL,pre_ai,New Feature,0
5654,1.7332506203473945,806,38,CAMEL-1563,CAMEL,pre_ai,Improvement,0
96,2.1,10,2,CAMEL-1638,CAMEL,pre_ai,Improvement,0
116,1.0434782608695652,23,1,CAMEL-1640,CAMEL,pre_ai,New Feature,0
1193,1.9943820224719102,178,2,CAMEL-1642,CAMEL,pre_ai,Bug,1
89,1.0,22,1,CAMEL-1646,CAMEL,pre_ai,Bug,1
2523,1.7083333333333333,336,28,CAMEL-1639,CAMEL,pre_ai,Improvement,0
158,3.888888888888889,9,1,CAMEL-1649,CAMEL,pre_ai,Improvement,0
1403,1.59375,192,12,CAMEL-1644,CAMEL,pre_ai,Improvement,0
165,1.9473684210526316,19,3,CAMEL-1599,CAMEL,pre_ai,Improvement,0
25,1.4,5,1,CAMEL-1617,CAMEL,pre_ai,Improvement,0
81,1.3333333333333333,9,1,CAMEL-1623,CAMEL,pre_ai,Task,0
633,2.9607843137254903,51,5,CAMEL-1652,CAMEL,pre_ai,Bug,1
105,2.0,9,2,CAMEL-825,CAMEL,pre_ai,Improvement,0
540,2.36734693877551,49,7,CAMEL-1651,CAMEL,pre_ai,Bug,1
185,2.9130434782608696,23,1,CAMEL-1662,CAMEL,pre_ai,Improvement,0
101,1.25,12,2,CAMEL-1667,CAMEL,pre_ai,Improvement,0
331,1.2982456140350878,57,5,CAMEL-1664,CAMEL,pre_ai,New Feature,0
152,2.625,16,2,CAMEL-1658,CAMEL,pre_ai,Sub-task,0
1529,1.704035874439462,223,11,CAMEL-1654,CAMEL,pre_ai,New Feature,0
1066,2.064814814814815,108,18,CAMEL-1657,CAMEL,pre_ai,Sub-task,0
674,1.7529411764705882,85,8,CAMEL-1650,CAMEL,pre_ai,Bug,1
230,1.7241379310344827,29,1,CAMEL-1666,CAMEL,pre_ai,Improvement,0
214,1.45,40,1,CAMEL-1676,CAMEL,pre_ai,Bug,1
218,2.0294117647058822,34,1,CAMEL-993,CAMEL,pre_ai,Bug,1
860,1.2162162162162162,148,1,CAMEL-1688,CAMEL,pre_ai,Improvement,0
148,1.2413793103448276,29,1,CAMEL-1687,CAMEL,pre_ai,Improvement,0
40,3.0,2,1,CAMEL-1672,CAMEL,pre_ai,Sub-task,0
335,3.28,25,1,CAMEL-1645,CAMEL,pre_ai,Bug,1
86,3.0,5,1,CAMEL-1633,CAMEL,pre_ai,Bug,1
111,1.9285714285714286,14,2,CAMEL-1696,CAMEL,pre_ai,Bug,1
1303,1.3989637305699483,193,4,CAMEL-1697,CAMEL,pre_ai,Bug,1
577,2.262295081967213,61,1,CAMEL-1701,CAMEL,pre_ai,New Feature,0
1017,1.2537313432835822,201,6,CAMEL-1692,CAMEL,pre_ai,Improvement,0
716,1.6071428571428572,112,3,CAMEL-1706,CAMEL,pre_ai,Improvement,0
3484,1.484076433121019,471,34,CAMEL-1677,CAMEL,pre_ai,Improvement,0
93,3.75,8,1,CAMEL-1715,CAMEL,pre_ai,New Feature,0
255,2.388888888888889,18,2,CAMEL-1681,CAMEL,pre_ai,Improvement,0
256,2.129032258064516,31,1,CAMEL-1719,CAMEL,pre_ai,Bug,1
330,4.523809523809524,21,2,CAMEL-1716,CAMEL,pre_ai,Bug,1
1692,1.6223175965665235,233,4,CAMEL-1717,CAMEL,pre_ai,Improvement,0
1617,2.0358974358974358,195,3,CAMEL-1711,CAMEL,pre_ai,Bug,1
858,1.6293706293706294,143,1,CAMEL-1723,CAMEL,pre_ai,Improvement,0
319,3.12,25,1,CAMEL-1727,CAMEL,pre_ai,Bug,1
395,3.2666666666666666,30,3,CAMEL-1725,CAMEL,pre_ai,Improvement,0
438,5.090909090909091,22,2,CAMEL-1728,CAMEL,pre_ai,Bug,1
321,3.16,25,1,CAMEL-1724,CAMEL,pre_ai,Bug,1
284,3.6315789473684212,19,2,CAMEL-1729,CAMEL,pre_ai,Bug,1
256,1.542857142857143,35,3,CAMEL-1708,CAMEL,pre_ai,Improvement,0
432,3.2413793103448274,29,5,CAMEL-1710,CAMEL,pre_ai,Bug,1
43,1.25,8,1,CAMEL-1497,CAMEL,pre_ai,Bug,1
644,2.0253164556962027,79,4,CAMEL-1722,CAMEL,pre_ai,Improvement,0
124,2.2142857142857144,14,1,CAMEL-1736,CAMEL,pre_ai,Bug,1
416,1.4647887323943662,71,3,CAMEL-1741,CAMEL,pre_ai,Task,0
414,1.7307692307692308,52,1,CAMEL-1743,CAMEL,pre_ai,Bug,1
290,2.869565217391304,23,2,CAMEL-1742,CAMEL,pre_ai,Bug,1
171,1.4615384615384615,26,3,CAMEL-1745,CAMEL,pre_ai,Improvement,0
354,1.5714285714285714,49,3,CAMEL-1747,CAMEL,pre_ai,Task,0
294,1.4727272727272727,55,1,CAMEL-1748,CAMEL,pre_ai,Task,0
246,1.288888888888889,45,2,CAMEL-1735,CAMEL,pre_ai,Bug,1
678,1.6263736263736264,91,5,CAMEL-1744,CAMEL,pre_ai,Improvement,0
213,1.4516129032258065,31,4,CAMEL-1753,CAMEL,pre_ai,Bug,1
152,1.6666666666666667,21,1,CAMEL-1752,CAMEL,pre_ai,Bug,1
69,3.0,6,1,CAMEL-1755,CAMEL,pre_ai,Bug,1
1028,3.0121951219512195,82,8,CAMEL-1758,CAMEL,pre_ai,New Feature,0
175,2.6,15,1,CAMEL-1760,CAMEL,pre_ai,Bug,1
635,1.2045454545454546,132,2,CAMEL-1763,CAMEL,pre_ai,Improvement,0
2319,1.8546099290780143,282,15,CAMEL-1127,CAMEL,pre_ai,Improvement,0
483,1.75,68,4,CAMEL-1759,CAMEL,pre_ai,Bug,1
401,2.2439024390243905,41,4,CAMEL-1750,CAMEL,pre_ai,New Feature,0
1123,1.2912087912087913,182,4,CAMEL-1694,CAMEL,pre_ai,New Feature,0
360,1.675,40,4,CAMEL-1774,CAMEL,pre_ai,Bug,1
205,1.1458333333333333,48,2,CAMEL-1772,CAMEL,pre_ai,New Feature,0
759,2.0,93,2,CAMEL-1771,CAMEL,pre_ai,Bug,1
23,1.5,2,1,CAMEL-1778,CAMEL,pre_ai,Improvement,0
140,1.9375,16,1,CAMEL-1777,CAMEL,pre_ai,Bug,1
166,2.933333333333333,15,2,CAMEL-1779,CAMEL,pre_ai,Improvement,0
731,2.129032258064516,62,11,CAMEL-1737,CAMEL,pre_ai,Sub-task,0
1601,2.256544502617801,191,5,CAMEL-1689,CAMEL,pre_ai,Bug,1
392,4.666666666666667,18,2,CAMEL-1784,CAMEL,pre_ai,Improvement,0
248,3.1666666666666665,18,1,CAMEL-1783,CAMEL,pre_ai,Improvement,0
175,1.1219512195121952,41,1,CAMEL-1786,CAMEL,pre_ai,Bug,1
274,1.3611111111111112,36,4,CAMEL-1790,CAMEL,pre_ai,Sub-task,0
274,1.3611111111111112,36,4,CAMEL-1762,CAMEL,pre_ai,Improvement,0
990,2.433333333333333,90,9,CAMEL-1740,CAMEL,pre_ai,Bug,1
920,1.6423841059602649,151,1,CAMEL-1795,CAMEL,pre_ai,Bug,1
409,1.3269230769230769,52,6,CAMEL-1792,CAMEL,pre_ai,Improvement,0
465,1.5714285714285714,70,3,CAMEL-1787,CAMEL,pre_ai,New Feature,0
482,1.404494382022472,89,3,CAMEL-1693,CAMEL,pre_ai,New Feature,0
1552,2.1147540983606556,183,3,CAMEL-1797,CAMEL,pre_ai,Bug,1
921,1.6456692913385826,127,5,CAMEL-1078,CAMEL,pre_ai,Improvement,0
297,3.4545454545454546,22,1,CAMEL-1803,CAMEL,pre_ai,Bug,1
55,3.0,3,1,CAMEL-1805,CAMEL,pre_ai,Improvement,0
42,2.3333333333333335,3,1,CAMEL-1808,CAMEL,pre_ai,Improvement,0
205,2.0,18,1,CAMEL-1809,CAMEL,pre_ai,Improvement,0
497,1.9375,64,3,CAMEL-1810,CAMEL,pre_ai,New Feature,0
203,2.25,16,1,CAMEL-1655,CAMEL,pre_ai,New Feature,0
1591,1.8118279569892473,186,14,CAMEL-1798,CAMEL,pre_ai,Improvement,0
378,6.222222222222222,18,1,CAMEL-2050,CAMEL,pre_ai,Improvement,0
1388,1.9329608938547487,179,4,CAMEL-1556,CAMEL,pre_ai,New Feature,0
1069,3.739130434782609,69,11,CAMEL-1392,CAMEL,pre_ai,Sub-task,0
652,1.7792207792207793,77,4,CAMEL-2049,CAMEL,pre_ai,Bug,1
131,2.066666666666667,15,1,CAMEL-2060,CAMEL,pre_ai,Bug,1
1123,1.4965034965034965,143,6,CAMEL-2056,CAMEL,pre_ai,Bug,1
96,1.5,14,1,CAMEL-2064,CAMEL,pre_ai,Bug,1
592,1.6941176470588235,85,4,CAMEL-2062,CAMEL,pre_ai,Improvement,0
487,2.2033898305084745,59,2,CAMEL-1930,CAMEL,pre_ai,Bug,1
358,3.4615384615384617,26,1,CAMEL-2067,CAMEL,pre_ai,Bug,1
1045,1.3,170,3,CAMEL-2070,CAMEL,pre_ai,Bug,1
355,3.423076923076923,26,1,CAMEL-2072,CAMEL,pre_ai,Bug,1
2431,1.9203821656050954,314,10,CAMEL-2054,CAMEL,pre_ai,Bug,1
92,2.0,11,1,CAMEL-2076,CAMEL,pre_ai,Bug,1
458,5.761904761904762,21,1,CAMEL-2071,CAMEL,pre_ai,Improvement,0
458,5.761904761904762,21,1,CAMEL-2075,CAMEL,pre_ai,Bug,1
458,5.761904761904762,21,1,CAMEL-2074,CAMEL,pre_ai,Bug,1
206,1.2380952380952381,42,1,CAMEL-2078,CAMEL,pre_ai,Improvement,0
49,3.0,3,1,CAMEL-2077,CAMEL,pre_ai,Improvement,0
1773,1.9832635983263598,239,10,CAMEL-2073,CAMEL,pre_ai,Improvement,0
725,3.4242424242424243,66,2,CAMEL-2081,CAMEL,pre_ai,Improvement,0
266,2.32,25,2,CAMEL-2084,CAMEL,pre_ai,Bug,1
35,2.25,4,1,CAMEL-2088,CAMEL,pre_ai,Bug,1
1144,1.764367816091954,174,2,CAMEL-2089,CAMEL,pre_ai,Bug,1
1112,2.3207547169811322,106,7,CAMEL-2079,CAMEL,pre_ai,New Feature,0
120,1.8461538461538463,13,1,CAMEL-2092,CAMEL,pre_ai,Bug,1
23,1.6666666666666667,3,1,CAMEL-2087,CAMEL,pre_ai,Sub-task,0
1203,1.7486338797814207,183,3,CAMEL-2090,CAMEL,pre_ai,Bug,1
932,1.6470588235294117,153,1,CAMEL-2098,CAMEL,pre_ai,Task,0
1803,2.1831683168316833,202,3,CAMEL-2094,CAMEL,pre_ai,Improvement,0
1326,1.4698275862068966,232,3,CAMEL-2097,CAMEL,pre_ai,Improvement,0
103,1.8181818181818181,11,1,CAMEL-2093,CAMEL,pre_ai,Sub-task,0
116,3.0,8,3,CAMEL-2095,CAMEL,pre_ai,Bug,1
140,4.142857142857143,7,1,CAMEL-2096,CAMEL,pre_ai,Task,0
116,3.0,8,3,CAMEL-2100,CAMEL,pre_ai,New Feature,0
170,4.6,10,1,CAMEL-2058,CAMEL,pre_ai,Bug,1
552,2.21875,64,4,CAMEL-2101,CAMEL,pre_ai,Improvement,0
1290,2.0625,144,3,CAMEL-2068,CAMEL,pre_ai,New Feature,0
124,2.888888888888889,9,1,CAMEL-2104,CAMEL,pre_ai,Improvement,0
299,2.6296296296296298,27,3,CAMEL-2105,CAMEL,pre_ai,Improvement,0
2036,2.331983805668016,247,4,CAMEL-2106,CAMEL,pre_ai,Bug,1
1126,1.3114754098360655,183,3,CAMEL-1935,CAMEL,pre_ai,New Feature,0
164,1.7222222222222223,18,2,CAMEL-2091,CAMEL,pre_ai,New Feature,0
1031,3.466666666666667,90,2,CAMEL-2108,CAMEL,pre_ai,Improvement,0
1333,1.445,200,7,CAMEL-2102,CAMEL,pre_ai,Bug,1
1333,1.445,200,7,CAMEL-2107,CAMEL,pre_ai,Improvement,0
85,1.6428571428571428,14,1,CAMEL-2113,CAMEL,pre_ai,Improvement,0
89,1.5384615384615385,13,1,CAMEL-2112,CAMEL,pre_ai,Bug,1
1205,2.006849315068493,146,5,CAMEL-2110,CAMEL,pre_ai,Improvement,0
1329,1.3896713615023475,213,2,CAMEL-2109,CAMEL,pre_ai,Bug,1
542,1.236842105263158,114,2,CAMEL-2121,CAMEL,pre_ai,Improvement,0
537,2.392156862745098,51,8,CAMEL-2115,CAMEL,pre_ai,Task,0
60,2.0,4,2,CAMEL-2122,CAMEL,pre_ai,Bug,1
36,1.25,4,2,CAMEL-2125,CAMEL,pre_ai,Sub-task,0
162,1.4615384615384615,13,3,CAMEL-2118,CAMEL,pre_ai,Sub-task,0
197,1.3928571428571428,28,1,CAMEL-2128,CAMEL,pre_ai,Bug,1
294,2.138888888888889,36,2,CAMEL-2127,CAMEL,pre_ai,Improvement,0
303,3.9,20,1,CAMEL-522,CAMEL,pre_ai,Bug,1
385,6.222222222222222,18,1,CAMEL-2132,CAMEL,pre_ai,Bug,1
1085,1.8627450980392157,153,2,CAMEL-2133,CAMEL,pre_ai,Bug,1
204,1.9090909090909092,22,1,CAMEL-2134,CAMEL,pre_ai,Improvement,0
1297,2.0689655172413794,145,5,CAMEL-2131,CAMEL,pre_ai,Improvement,0
699,4.162790697674419,43,2,CAMEL-2139,CAMEL,pre_ai,Bug,1
233,2.793103448275862,29,1,CAMEL-2141,CAMEL,pre_ai,Improvement,0
396,3.0,33,2,CAMEL-2146,CAMEL,pre_ai,Bug,1
218,2.0526315789473686,19,1,CAMEL-2145,CAMEL,pre_ai,Bug,1
147,1.8888888888888888,18,1,CAMEL-2147,CAMEL,pre_ai,Improvement,0
122,1.380952380952381,21,1,CAMEL-2154,CAMEL,pre_ai,Improvement,0
177,2.1875,16,3,CAMEL-2138,CAMEL,pre_ai,Improvement,0
679,3.372549019607843,51,3,CAMEL-2152,CAMEL,pre_ai,Improvement,0
2007,1.8166666666666667,240,19,CAMEL-2136,CAMEL,pre_ai,Improvement,0
709,4.255813953488372,43,2,CAMEL-2153,CAMEL,pre_ai,Bug,1
21,1.5,2,1,CAMEL-2155,CAMEL,pre_ai,Bug,1
130,2.75,12,1,CAMEL-2129,CAMEL,pre_ai,Bug,1
205,1.4,30,1,CAMEL-2142,CAMEL,pre_ai,Improvement,0
108,4.5,6,2,CAMEL-2158,CAMEL,pre_ai,Bug,1
694,4.225,40,5,CAMEL-2157,CAMEL,pre_ai,Bug,1
499,2.926829268292683,41,5,CAMEL-2160,CAMEL,pre_ai,Improvement,0
58,1.25,4,3,CAMEL-2135,CAMEL,pre_ai,New Feature,0
263,3.9545454545454546,22,1,CAMEL-2168,CAMEL,pre_ai,Bug,1
74,1.6,10,1,CAMEL-2170,CAMEL,pre_ai,Improvement,0
569,2.084507042253521,71,8,CAMEL-2173,CAMEL,pre_ai,Improvement,0
569,2.084507042253521,71,8,CAMEL-2172,CAMEL,pre_ai,Improvement,0
125,2.4,10,1,CAMEL-2144,CAMEL,pre_ai,Bug,1
132,1.1333333333333333,30,1,CAMEL-2175,CAMEL,pre_ai,Bug,1
186,1.9090909090909092,22,1,CAMEL-2178,CAMEL,pre_ai,Sub-task,0
2561,1.6236559139784945,372,16,CAMEL-2051,CAMEL,pre_ai,Improvement,0
114,3.0,10,1,CAMEL-2180,CAMEL,pre_ai,Improvement,0
1385,2.2516129032258063,155,2,CAMEL-2177,CAMEL,pre_ai,Improvement,0
20,1.5,2,1,CAMEL-2162,CAMEL,pre_ai,Bug,1
61,2.6666666666666665,3,1,CAMEL-2183,CAMEL,pre_ai,Bug,1
1168,2.0852713178294575,129,2,CAMEL-2184,CAMEL,pre_ai,New Feature,0
113,2.3333333333333335,12,1,CAMEL-2165,CAMEL,pre_ai,Bug,1
190,5.142857142857143,7,2,CAMEL-2196,CAMEL,pre_ai,Bug,1
235,1.4090909090909092,44,1,CAMEL-2201,CAMEL,pre_ai,Bug,1
381,1.836734693877551,49,5,CAMEL-2186,CAMEL,pre_ai,Bug,1
350,1.435483870967742,62,1,CAMEL-2203,CAMEL,pre_ai,New Feature,0
320,1.7954545454545454,44,1,CAMEL-2202,CAMEL,pre_ai,Task,0
209,1.1458333333333333,48,2,CAMEL-2063,CAMEL,pre_ai,Improvement,0
537,1.625,80,3,CAMEL-2205,CAMEL,pre_ai,Improvement,0
71,1.0833333333333333,12,2,CAMEL-2209,CAMEL,pre_ai,Bug,1
504,1.3428571428571427,70,5,CAMEL-2156,CAMEL,pre_ai,Bug,1
120,1.24,25,1,CAMEL-2212,CAMEL,pre_ai,Improvement,0
89,1.3636363636363635,11,1,CAMEL-2215,CAMEL,pre_ai,Bug,1
167,1.6842105263157894,19,3,CAMEL-2220,CAMEL,pre_ai,Improvement,0
1175,1.2903225806451613,186,4,CAMEL-2206,CAMEL,pre_ai,New Feature,0
463,5.809523809523809,21,1,CAMEL-2222,CAMEL,pre_ai,Bug,1
269,2.1875,32,1,CAMEL-2221,CAMEL,pre_ai,Bug,1
550,2.1641791044776117,67,4,CAMEL-2216,CAMEL,pre_ai,Bug,1
109,1.6923076923076923,13,2,CAMEL-2225,CAMEL,pre_ai,Improvement,0
607,1.7411764705882353,85,1,CAMEL-2227,CAMEL,pre_ai,Bug,1
136,2.2222222222222223,9,3,CAMEL-2182,CAMEL,pre_ai,Bug,1
182,4.2727272727272725,11,1,CAMEL-2231,CAMEL,pre_ai,Bug,1
191,1.3333333333333333,21,4,CAMEL-2228,CAMEL,pre_ai,Bug,1
728,2.1839080459770117,87,2,CAMEL-2232,CAMEL,pre_ai,Bug,1
560,1.6043956043956045,91,2,CAMEL-2234,CAMEL,pre_ai,Improvement,0
86,1.25,12,1,CAMEL-1567,CAMEL,pre_ai,Task,0
1657,1.5229007633587786,262,5,CAMEL-2233,CAMEL,pre_ai,Improvement,0
275,1.962962962962963,27,2,CAMEL-2238,CAMEL,pre_ai,Bug,1
341,2.25,40,2,CAMEL-2244,CAMEL,pre_ai,Improvement,0
343,2.909090909090909,22,3,CAMEL-2242,CAMEL,pre_ai,Improvement,0
139,2.5,14,1,CAMEL-2245,CAMEL,pre_ai,Bug,1
428,1.7884615384615385,52,2,CAMEL-2237,CAMEL,pre_ai,Bug,1
109,1.2666666666666666,15,1,CAMEL-2251,CAMEL,pre_ai,Bug,1
99,1.9,10,1,CAMEL-2255,CAMEL,pre_ai,Bug,1
375,1.5970149253731343,67,2,CAMEL-2250,CAMEL,pre_ai,Bug,1
307,3.2142857142857144,28,1,CAMEL-2259,CAMEL,pre_ai,Bug,1
151,1.1851851851851851,27,1,CAMEL-2269,CAMEL,pre_ai,Bug,1
1067,1.3127962085308056,211,5,CAMEL-2226,CAMEL,pre_ai,Improvement,0
284,1.6551724137931034,29,3,CAMEL-1921,CAMEL,pre_ai,New Feature,0
261,1.6285714285714286,35,3,CAMEL-1944,CAMEL,pre_ai,Improvement,0
127,2.6666666666666665,12,1,CAMEL-1948,CAMEL,pre_ai,Bug,1
431,1.6666666666666667,57,4,CAMEL-1946,CAMEL,pre_ai,Improvement,0
112,2.0,14,1,CAMEL-1955,CAMEL,pre_ai,Bug,1
338,1.7560975609756098,41,2,CAMEL-1952,CAMEL,pre_ai,Improvement,0
19,1.0,4,1,CAMEL-1957,CAMEL,pre_ai,Bug,1
94,1.1111111111111112,18,1,CAMEL-1942,CAMEL,pre_ai,Improvement,0
192,1.3,30,2,CAMEL-1950,CAMEL,pre_ai,Improvement,0
616,1.4174757281553398,103,5,CAMEL-1956,CAMEL,pre_ai,Improvement,0
825,2.4431818181818183,88,6,CAMEL-1960,CAMEL,pre_ai,Bug,1
564,2.0533333333333332,75,4,CAMEL-1940,CAMEL,pre_ai,Bug,1
739,1.1569767441860466,172,3,CAMEL-1976,CAMEL,pre_ai,Improvement,0
790,1.1547619047619047,168,3,CAMEL-1951,CAMEL,pre_ai,Improvement,0
360,6.294117647058823,17,1,CAMEL-1982,CAMEL,pre_ai,Bug,1
439,1.7454545454545454,55,3,CAMEL-1939,CAMEL,pre_ai,New Feature,0
639,1.565217391304348,92,5,CAMEL-1984,CAMEL,pre_ai,New Feature,0
1737,2.0591133004926108,203,10,CAMEL-1980,CAMEL,pre_ai,Sub-task,0
1157,2.3106060606060606,132,2,CAMEL-1987,CAMEL,pre_ai,Sub-task,0
1157,2.3106060606060606,132,2,CAMEL-1965,CAMEL,pre_ai,Bug,1
87,1.6666666666666667,12,1,CAMEL-1991,CAMEL,pre_ai,Sub-task,0
229,1.64,25,3,CAMEL-1990,CAMEL,pre_ai,Improvement,0
593,2.4098360655737703,61,3,CAMEL-1996,CAMEL,pre_ai,Sub-task,0
1212,1.3917525773195876,194,2,CAMEL-1993,CAMEL,pre_ai,Improvement,0
40,1.0,7,1,CAMEL-1997,CAMEL,pre_ai,Bug,1
1330,2.0588235294117645,153,8,CAMEL-1992,CAMEL,pre_ai,Sub-task,0
15,1.0,2,1,CAMEL-1975,CAMEL,pre_ai,Task,0
2221,2.0,278,7,CAMEL-1963,CAMEL,pre_ai,Bug,1
59,2.111111111111111,9,1,CAMEL-1933,CAMEL,pre_ai,New Feature,0
1600,2.3058823529411763,170,6,CAMEL-2000,CAMEL,pre_ai,Sub-task,0
189,5.285714285714286,7,2,CAMEL-1995,CAMEL,pre_ai,Improvement,0
822,2.1341463414634148,82,7,CAMEL-2002,CAMEL,pre_ai,Bug,1
242,1.3478260869565217,23,4,CAMEL-1868,CAMEL,pre_ai,New Feature,0
1912,2.108490566037736,212,7,CAMEL-1679,CAMEL,pre_ai,New Feature,0
822,2.1341463414634148,82,7,CAMEL-1925,CAMEL,pre_ai,Bug,1
103,1.9,10,1,CAMEL-2006,CAMEL,pre_ai,Improvement,0
22,1.0,2,1,CAMEL-1977,CAMEL,pre_ai,Bug,1
674,1.1241830065359477,153,1,CAMEL-2011,CAMEL,pre_ai,Improvement,0
473,3.411764705882353,34,2,CAMEL-2012,CAMEL,pre_ai,Sub-task,0
393,1.6333333333333333,60,2,CAMEL-2016,CAMEL,pre_ai,Bug,1
473,1.9285714285714286,56,4,CAMEL-2014,CAMEL,pre_ai,Improvement,0
304,5.066666666666666,15,1,CAMEL-1974,CAMEL,pre_ai,Bug,1
110,1.6923076923076923,13,1,CAMEL-1850,CAMEL,pre_ai,New Feature,0
1483,1.8686868686868687,198,4,CAMEL-1473,CAMEL,pre_ai,New Feature,0
90,1.5454545454545454,11,1,CAMEL-2004,CAMEL,pre_ai,New Feature,0
74,3.3333333333333335,3,1,CAMEL-2020,CAMEL,pre_ai,Bug,1
114,1.0833333333333333,24,1,CAMEL-2018,CAMEL,pre_ai,Bug,1
274,4.0,17,1,CAMEL-1988,CAMEL,pre_ai,Improvement,0
331,2.048780487804878,41,1,CAMEL-2025,CAMEL,pre_ai,Bug,1
132,1.8571428571428572,14,2,CAMEL-2023,CAMEL,pre_ai,Improvement,0
144,1.28,25,1,CAMEL-2029,CAMEL,pre_ai,Improvement,0
214,1.46875,32,2,CAMEL-2031,CAMEL,pre_ai,Improvement,0
1755,1.84304932735426,223,6,CAMEL-2027,CAMEL,pre_ai,Bug,1
1219,2.0814814814814815,135,3,CAMEL-1800,CAMEL,pre_ai,Improvement,0
51,1.625,8,1,CAMEL-2032,CAMEL,pre_ai,Bug,1
441,5.5,18,3,CAMEL-1994,CAMEL,pre_ai,Bug,1
153,1.75,16,3,CAMEL-2028,CAMEL,pre_ai,New Feature,0
134,2.0625,16,1,CAMEL-2033,CAMEL,pre_ai,Bug,1
1025,3.0961538461538463,104,9,CAMEL-1675,CAMEL,pre_ai,New Feature,0
487,1.7234042553191489,47,7,CAMEL-2008,CAMEL,pre_ai,Sub-task,0
501,3.230769230769231,39,3,CAMEL-2036,CAMEL,pre_ai,Improvement,0
915,1.2913907284768211,151,1,CAMEL-1699,CAMEL,pre_ai,Improvement,0
975,2.0588235294117645,119,1,CAMEL-1912,CAMEL,pre_ai,Bug,1
59,6.0,2,1,CAMEL-2274,CAMEL,pre_ai,Bug,1
113,1.7142857142857142,14,2,CAMEL-2276,CAMEL,pre_ai,Improvement,0
232,1.2127659574468086,47,2,CAMEL-2275,CAMEL,pre_ai,Bug,1
415,1.5625,48,9,CAMEL-2035,CAMEL,pre_ai,New Feature,0
172,1.8888888888888888,18,2,CAMEL-2264,CAMEL,pre_ai,New Feature,0
489,4.681818181818182,22,2,CAMEL-2289,CAMEL,pre_ai,Bug,1
241,1.5128205128205128,39,2,CAMEL-2272,CAMEL,pre_ai,New Feature,0
194,7.5,6,1,CAMEL-2195,CAMEL,pre_ai,Improvement,0
1145,1.8435374149659864,147,6,CAMEL-2248,CAMEL,pre_ai,Improvement,0
155,1.21875,32,1,CAMEL-2293,CAMEL,pre_ai,Improvement,0
336,1.5714285714285714,49,1,CAMEL-2297,CAMEL,pre_ai,Improvement,0
1060,2.433628318584071,113,8,CAMEL-2296,CAMEL,pre_ai,Improvement,0
1060,2.433628318584071,113,8,CAMEL-2295,CAMEL,pre_ai,Improvement,0
244,2.9375,16,1,CAMEL-2021,CAMEL,pre_ai,New Feature,0
74,1.5454545454545454,11,1,CAMEL-2299,CAMEL,pre_ai,Improvement,0
500,1.8571428571428572,70,3,CAMEL-2291,CAMEL,pre_ai,Improvement,0
73,2.0,7,2,CAMEL-2280,CAMEL,pre_ai,Improvement,0
239,2.0434782608695654,23,4,CAMEL-2300,CAMEL,pre_ai,Improvement,0
522,1.575,80,2,CAMEL-2303,CAMEL,pre_ai,Bug,1
279,1.2127659574468086,47,1,CAMEL-2306,CAMEL,pre_ai,Bug,1
611,1.1683168316831682,101,2,CAMEL-2302,CAMEL,pre_ai,Improvement,0
410,3.0,36,2,CAMEL-2308,CAMEL,pre_ai,Improvement,0
1423,1.3097345132743363,226,7,CAMEL-2199,CAMEL,pre_ai,New Feature,0
54,1.8,5,1,CAMEL-2310,CAMEL,pre_ai,Improvement,0
34,1.25,4,1,CAMEL-2318,CAMEL,pre_ai,Bug,1
84,5.0,3,1,CAMEL-2320,CAMEL,pre_ai,Bug,1
2255,2.5578512396694215,242,10,CAMEL-2304,CAMEL,pre_ai,Improvement,0
603,2.48,50,3,CAMEL-2315,CAMEL,pre_ai,Sub-task,0
1588,1.5093632958801497,267,3,CAMEL-2292,CAMEL,pre_ai,Bug,1
235,2.3529411764705883,17,3,CAMEL-2323,CAMEL,pre_ai,Improvement,0
305,3.5555555555555554,18,1,CAMEL-1966,CAMEL,pre_ai,Bug,1
120,1.9166666666666667,12,1,CAMEL-2324,CAMEL,pre_ai,Improvement,0
1244,2.6944444444444446,108,10,CAMEL-1483,CAMEL,pre_ai,New Feature,0
163,1.0606060606060606,33,1,CAMEL-2326,CAMEL,pre_ai,Improvement,0
63,1.4,10,1,CAMEL-2327,CAMEL,pre_ai,Bug,1
143,2.2666666666666666,15,1,CAMEL-2325,CAMEL,pre_ai,Bug,1
346,2.128205128205128,39,2,CAMEL-2334,CAMEL,pre_ai,Improvement,0
618,3.2954545454545454,44,8,CAMEL-2082,CAMEL,pre_ai,New Feature,0
429,2.903225806451613,31,3,CAMEL-2335,CAMEL,pre_ai,Improvement,0
692,2.391304347826087,69,1,CAMEL-2336,CAMEL,pre_ai,Bug,1
2623,1.5421052631578946,380,9,CAMEL-2059,CAMEL,pre_ai,Bug,1
1115,1.8396946564885497,131,7,CAMEL-2338,CAMEL,pre_ai,Improvement,0
129,1.65,20,1,CAMEL-2330,CAMEL,pre_ai,Improvement,0
146,1.8421052631578947,19,1,CAMEL-2339,CAMEL,pre_ai,Improvement,0
217,3.9285714285714284,14,1,CAMEL-2344,CAMEL,pre_ai,Improvement,0
719,2.085714285714286,70,9,CAMEL-2328,CAMEL,pre_ai,Improvement,0
533,1.96,50,5,CAMEL-2341,CAMEL,pre_ai,Bug,1
579,1.348314606741573,89,10,CAMEL-1472,CAMEL,pre_ai,New Feature,0
550,3.4523809523809526,42,2,CAMEL-2249,CAMEL,pre_ai,Bug,1
218,1.25,48,3,CAMEL-2350,CAMEL,pre_ai,New Feature,0
321,4.6,20,1,CAMEL-2351,CAMEL,pre_ai,Improvement,0
669,2.104651162790698,86,10,CAMEL-2348,CAMEL,pre_ai,Improvement,0
188,1.6818181818181819,22,3,CAMEL-2352,CAMEL,pre_ai,Improvement,0
105,8.25,4,1,CAMEL-2353,CAMEL,pre_ai,Bug,1
503,1.9565217391304348,46,7,CAMEL-2343,CAMEL,pre_ai,Improvement,0
2395,2.1621621621621623,296,6,CAMEL-2355,CAMEL,pre_ai,New Feature,0
328,1.7826086956521738,46,1,CAMEL-2345,CAMEL,pre_ai,Bug,1
1138,2.677685950413223,121,2,CAMEL-2359,CAMEL,pre_ai,Improvement,0
691,1.6140350877192982,114,1,CAMEL-2357,CAMEL,pre_ai,New Feature,0
82,1.5384615384615385,13,1,CAMEL-2362,CAMEL,pre_ai,Bug,1
38,1.1428571428571428,7,1,CAMEL-2365,CAMEL,pre_ai,Improvement,0
115,1.125,16,2,CAMEL-2366,CAMEL,pre_ai,New Feature,0
1852,1.358433734939759,332,6,CAMEL-2361,CAMEL,pre_ai,Improvement,0
2359,1.6361031518624642,349,5,CAMEL-2599,CAMEL,pre_ai,Task,0
52,2.5,4,1,CAMEL-2526,CAMEL,pre_ai,Improvement,0
2720,1.4671052631578947,456,12,CAMEL-2375,CAMEL,pre_ai,Improvement,0
1194,2.772277227722772,101,2,CAMEL-2610,CAMEL,pre_ai,New Feature,0
43,1.0,2,1,CAMEL-2606,CAMEL,pre_ai,Improvement,0
197,1.625,24,1,CAMEL-2618,CAMEL,pre_ai,Improvement,0
1265,2.0784313725490198,153,2,CAMEL-2550,CAMEL,pre_ai,Improvement,0
78,6.333333333333333,3,1,CAMEL-2621,CAMEL,pre_ai,Bug,1
719,3.606060606060606,66,1,CAMEL-2622,CAMEL,pre_ai,Bug,1
511,2.617021276595745,47,1,CAMEL-2629,CAMEL,pre_ai,Bug,1
193,2.235294117647059,17,2,CAMEL-2634,CAMEL,pre_ai,Task,0
280,2.4642857142857144,28,4,CAMEL-2623,CAMEL,pre_ai,Improvement,0
353,2.272727272727273,33,2,CAMEL-2633,CAMEL,pre_ai,Bug,1
3404,2.220159151193634,377,12,CAMEL-2627,CAMEL,pre_ai,New Feature,0
89,3.857142857142857,7,1,CAMEL-2637,CAMEL,pre_ai,Bug,1
136,1.7777777777777777,9,4,CAMEL-2626,CAMEL,pre_ai,Improvement,0
498,2.574468085106383,47,1,CAMEL-2568,CAMEL,pre_ai,New Feature,0
315,3.0,26,2,CAMEL-2640,CAMEL,pre_ai,Bug,1
87,3.1666666666666665,6,1,CAMEL-2647,CAMEL,pre_ai,Improvement,0
74,1.875,8,1,CAMEL-2549,CAMEL,pre_ai,New Feature,0
135,1.5789473684210527,19,1,CAMEL-2643,CAMEL,pre_ai,Sub-task,0
46,2.3333333333333335,3,1,CAMEL-2641,CAMEL,pre_ai,Improvement,0
274,2.857142857142857,21,2,CAMEL-2645,CAMEL,pre_ai,Improvement,0
3242,2.209366391184573,363,18,CAMEL-2632,CAMEL,pre_ai,Improvement,0
407,1.4915254237288136,59,4,CAMEL-2625,CAMEL,pre_ai,Improvement,0
84,1.4545454545454546,11,3,CAMEL-2651,CAMEL,pre_ai,Improvement,0
96,1.8333333333333333,12,1,CAMEL-2655,CAMEL,pre_ai,Improvement,0
204,3.0,16,1,CAMEL-2658,CAMEL,pre_ai,Improvement,0
190,8.333333333333334,6,1,CAMEL-2638,CAMEL,pre_ai,Bug,1
231,3.6875,16,1,CAMEL-2662,CAMEL,pre_ai,Bug,1
1717,1.515267175572519,262,4,CAMEL-2635,CAMEL,pre_ai,Bug,1
415,2.6,35,1,CAMEL-2652,CAMEL,pre_ai,Improvement,0
1315,1.3098591549295775,213,3,CAMEL-2555,CAMEL,pre_ai,Improvement,0
512,2.3333333333333335,48,3,CAMEL-2660,CAMEL,pre_ai,New Feature,0
243,5.153846153846154,13,1,CAMEL-2664,CAMEL,pre_ai,Improvement,0
5421,1.525990099009901,808,28,CAMEL-2665,CAMEL,pre_ai,Bug,1
5421,1.525990099009901,808,28,CAMEL-2666,CAMEL,pre_ai,Improvement,0
64,2.75,4,1,CAMEL-2675,CAMEL,pre_ai,Bug,1
369,3.75,20,1,CAMEL-2677,CAMEL,pre_ai,New Feature,0
156,1.2962962962962963,27,1,CAMEL-1919,CAMEL,pre_ai,New Feature,0
434,2.7222222222222223,36,2,CAMEL-2673,CAMEL,pre_ai,Improvement,0
1831,2.0,214,7,CAMEL-2563,CAMEL,pre_ai,Improvement,0
475,3.6451612903225805,31,2,CAMEL-2676,CAMEL,pre_ai,Improvement,0
258,3.3333333333333335,18,1,CAMEL-2679,CAMEL,pre_ai,Improvement,0
167,1.9,20,1,CAMEL-2678,CAMEL,pre_ai,Bug,1
308,1.26,50,4,CAMEL-2680,CAMEL,pre_ai,Improvement,0
67,4.666666666666667,3,1,CAMEL-2631,CAMEL,pre_ai,New Feature,0
652,1.5921052631578947,76,10,CAMEL-2603,CAMEL,pre_ai,Improvement,0
161,2.875,8,1,CAMEL-2683,CAMEL,pre_ai,Improvement,0
270,2.25,28,1,CAMEL-2682,CAMEL,pre_ai,Improvement,0
906,2.7125,80,6,CAMEL-2690,CAMEL,pre_ai,Improvement,0
193,1.4782608695652173,23,2,CAMEL-2698,CAMEL,pre_ai,Bug,1
133,1.368421052631579,19,1,CAMEL-2700,CAMEL,pre_ai,Bug,1
526,1.8852459016393444,61,9,CAMEL-2689,CAMEL,pre_ai,Wish,0
310,2.869565217391304,23,2,CAMEL-2699,CAMEL,pre_ai,Improvement,0
534,1.2317073170731707,82,5,CAMEL-2688,CAMEL,pre_ai,Improvement,0
740,3.018181818181818,55,6,CAMEL-2686,CAMEL,pre_ai,Improvement,0
366,2.3225806451612905,31,4,CAMEL-2694,CAMEL,pre_ai,Bug,1
316,5.25,16,1,CAMEL-2663,CAMEL,pre_ai,Bug,1
387,1.3205128205128205,78,1,CAMEL-2708,CAMEL,pre_ai,Bug,1
192,8.5,6,1,CAMEL-2711,CAMEL,pre_ai,Bug,1
436,1.6785714285714286,56,1,CAMEL-2692,CAMEL,pre_ai,Bug,1
372,1.2666666666666666,75,1,CAMEL-2253,CAMEL,pre_ai,New Feature,0
315,2.375,32,2,CAMEL-2710,CAMEL,pre_ai,Improvement,0
829,1.4660194174757282,103,3,CAMEL-2712,CAMEL,pre_ai,Improvement,0
108,1.8461538461538463,13,1,CAMEL-2717,CAMEL,pre_ai,Improvement,0
493,1.588235294117647,68,1,CAMEL-2720,CAMEL,pre_ai,Bug,1
1298,2.3333333333333335,123,6,CAMEL-2725,CAMEL,pre_ai,Bug,1
2658,1.7243401759530792,341,8,CAMEL-2724,CAMEL,pre_ai,Task,0
243,3.2777777777777777,18,3,CAMEL-2382,CAMEL,pre_ai,Improvement,0
190,7.333333333333333,6,1,CAMEL-2385,CAMEL,pre_ai,Bug,1
35,2.3333333333333335,3,1,CAMEL-2387,CAMEL,pre_ai,Bug,1
366,1.511111111111111,45,7,CAMEL-2706,CAMEL,pre_ai,Improvement,0
191,7.333333333333333,6,1,CAMEL-2397,CAMEL,pre_ai,Bug,1
123,1.8571428571428572,14,2,CAMEL-2188,CAMEL,pre_ai,Bug,1
200,2.875,16,1,CAMEL-2386,CAMEL,pre_ai,Improvement,0
696,2.769230769230769,65,5,CAMEL-2391,CAMEL,pre_ai,New Feature,0
197,2.75,16,1,CAMEL-2412,CAMEL,pre_ai,Improvement,0
1159,2.0425531914893615,141,2,CAMEL-2398,CAMEL,pre_ai,Improvement,0
50,1.8,5,1,CAMEL-2423,CAMEL,pre_ai,Improvement,0
141,1.35,20,3,CAMEL-2347,CAMEL,pre_ai,New Feature,0
314,5.4,15,1,CAMEL-2266,CAMEL,pre_ai,Bug,1
471,5.636363636363637,22,1,CAMEL-2384,CAMEL,pre_ai,Improvement,0
119,1.391304347826087,23,1,CAMEL-2420,CAMEL,pre_ai,Bug,1
119,1.391304347826087,23,1,CAMEL-2428,CAMEL,pre_ai,Bug,1
259,1.1458333333333333,48,3,CAMEL-2407,CAMEL,pre_ai,Improvement,0
391,7.384615384615385,13,1,CAMEL-2426,CAMEL,pre_ai,Bug,1
125,2.2142857142857144,14,1,CAMEL-2425,CAMEL,pre_ai,Bug,1
39,1.3333333333333333,3,1,CAMEL-2430,CAMEL,pre_ai,Bug,1
710,3.515151515151515,66,1,CAMEL-2431,CAMEL,pre_ai,Improvement,0
471,3.0,42,2,CAMEL-2434,CAMEL,pre_ai,Improvement,0
73,2.857142857142857,7,1,CAMEL-2432,CAMEL,pre_ai,Improvement,0
281,1.8108108108108107,37,1,CAMEL-2435,CAMEL,pre_ai,Improvement,0
525,2.276595744680851,47,3,CAMEL-2436,CAMEL,pre_ai,Bug,1
814,2.960526315789474,76,5,CAMEL-2439,CAMEL,pre_ai,Bug,1
1383,1.9709302325581395,172,3,CAMEL-2440,CAMEL,pre_ai,Improvement,0
230,1.7586206896551724,29,1,CAMEL-2443,CAMEL,pre_ai,Improvement,0
233,2.8275862068965516,29,1,CAMEL-2444,CAMEL,pre_ai,Bug,1
105,3.142857142857143,7,1,CAMEL-2447,CAMEL,pre_ai,Bug,1
235,1.793103448275862,29,1,CAMEL-2445,CAMEL,pre_ai,Bug,1
311,3.2083333333333335,24,1,CAMEL-2448,CAMEL,pre_ai,Improvement,0
118,2.888888888888889,9,1,CAMEL-2451,CAMEL,pre_ai,Bug,1
1301,1.2994652406417113,187,28,CAMEL-2370,CAMEL,pre_ai,Sub-task,0
1301,1.2994652406417113,187,28,CAMEL-2409,CAMEL,pre_ai,Sub-task,0
75,1.6363636363636365,11,1,CAMEL-1631,CAMEL,pre_ai,New Feature,0
382,1.9761904761904763,42,2,CAMEL-2360,CAMEL,pre_ai,Bug,1
455,1.896551724137931,58,3,CAMEL-2455,CAMEL,pre_ai,Improvement,0
966,2.6989247311827955,93,8,CAMEL-2429,CAMEL,pre_ai,Improvement,0
449,2.0172413793103448,58,1,CAMEL-2126,CAMEL,pre_ai,New Feature,0
484,2.0327868852459017,61,1,CAMEL-1877,CAMEL,pre_ai,Improvement,0
22,1.0,2,1,CAMEL-2458,CAMEL,pre_ai,Bug,1
41,1.3333333333333333,3,1,CAMEL-2462,CAMEL,pre_ai,Task,0
73,1.1333333333333333,15,2,CAMEL-2456,CAMEL,pre_ai,Bug,1
71,2.5,6,1,CAMEL-2463,CAMEL,pre_ai,Improvement,0
223,3.6,10,1,CAMEL-2457,CAMEL,pre_ai,Improvement,0
156,2.875,16,2,CAMEL-2465,CAMEL,pre_ai,Improvement,0
21,2.5,2,1,CAMEL-2214,CAMEL,pre_ai,Bug,1
582,1.7865168539325842,89,2,CAMEL-2466,CAMEL,pre_ai,Improvement,0
137,1.8,15,1,CAMEL-2476,CAMEL,pre_ai,Bug,1
48,1.4,5,1,CAMEL-2478,CAMEL,pre_ai,Bug,1
104,1.8181818181818181,11,1,CAMEL-2477,CAMEL,pre_ai,Bug,1
777,1.537313432835821,134,1,CAMEL-2483,CAMEL,pre_ai,Improvement,0
124,1.0714285714285714,28,1,CAMEL-2471,CAMEL,pre_ai,Improvement,0
739,1.706896551724138,116,2,CAMEL-2140,CAMEL,pre_ai,Improvement,0
739,2.168539325842697,89,2,CAMEL-2467,CAMEL,pre_ai,New Feature,0
499,1.7142857142857142,70,2,CAMEL-2486,CAMEL,pre_ai,Bug,1
2329,2.3173913043478263,230,5,CAMEL-2358,CAMEL,pre_ai,Improvement,0
2091,2.144628099173554,242,4,CAMEL-2489,CAMEL,pre_ai,New Feature,0
178,1.8181818181818181,22,3,CAMEL-2492,CAMEL,pre_ai,Improvement,0
73,1.2222222222222223,9,3,CAMEL-3324,CAMEL,pre_ai,Improvement,0
246,1.4444444444444444,45,1,CAMEL-3237,CAMEL,pre_ai,Bug,1
277,4.166666666666667,18,1,CAMEL-3328,CAMEL,pre_ai,Bug,1
293,1.5178571428571428,56,1,CAMEL-3334,CAMEL,pre_ai,Bug,1
1039,5.2075471698113205,53,2,CAMEL-3309,CAMEL,pre_ai,Improvement,0
148,1.2333333333333334,30,1,CAMEL-3332,CAMEL,pre_ai,Improvement,0
257,2.269230769230769,26,1,CAMEL-3335,CAMEL,pre_ai,Bug,1
305,2.21875,32,1,CAMEL-3336,CAMEL,pre_ai,Improvement,0
630,2.641509433962264,53,2,CAMEL-3333,CAMEL,pre_ai,Bug,1
176,1.85,20,2,CAMEL-3329,CAMEL,pre_ai,Improvement,0
906,1.75,132,4,CAMEL-3337,CAMEL,pre_ai,Improvement,0
167,2.909090909090909,11,1,CAMEL-3343,CAMEL,pre_ai,Bug,1
167,2.909090909090909,11,1,CAMEL-3342,CAMEL,pre_ai,Improvement,0
136,2.2142857142857144,14,1,CAMEL-3306,CAMEL,pre_ai,Bug,1
38,1.25,8,1,CAMEL-3341,CAMEL,pre_ai,Bug,1
318,1.2769230769230768,65,1,CAMEL-3344,CAMEL,pre_ai,Bug,1
134,1.3333333333333333,24,1,CAMEL-3349,CAMEL,pre_ai,Bug,1
1739,2.2065217391304346,184,3,CAMEL-3350,CAMEL,pre_ai,Improvement,0
37,4.5,2,1,CAMEL-3355,CAMEL,pre_ai,Bug,1
62,10.333333333333334,3,1,CAMEL-3356,CAMEL,pre_ai,Bug,1
1500,2.5704225352112675,142,9,CAMEL-3348,CAMEL,pre_ai,Bug,1
1420,2.0714285714285716,182,7,CAMEL-3352,CAMEL,pre_ai,Bug,1
1332,5.149253731343284,67,4,CAMEL-3366,CAMEL,pre_ai,Improvement,0
1207,1.424731182795699,186,1,CAMEL-3167,CAMEL,pre_ai,New Feature,0
297,2.5,18,2,CAMEL-3202,CAMEL,pre_ai,Improvement,0
1704,3.9669421487603307,121,5,CAMEL-3359,CAMEL,pre_ai,Improvement,0
277,1.4864864864864864,37,2,CAMEL-3161,CAMEL,pre_ai,Improvement,0
146,3.090909090909091,11,1,CAMEL-3373,CAMEL,pre_ai,Bug,1
533,2.2037037037037037,54,3,CAMEL-3374,CAMEL,pre_ai,New Feature,0
203,2.0416666666666665,24,1,CAMEL-3266,CAMEL,pre_ai,Improvement,0
2007,2.1272727272727274,220,3,CAMEL-3378,CAMEL,pre_ai,Improvement,0
696,2.2,75,3,CAMEL-3379,CAMEL,pre_ai,Improvement,0
1017,1.2718446601941749,206,1,CAMEL-3388,CAMEL,pre_ai,Bug,1
41,5.0,2,1,CAMEL-3389,CAMEL,pre_ai,Bug,1
608,1.7361111111111112,72,14,CAMEL-3377,CAMEL,pre_ai,Bug,1
1528,2.907563025210084,119,7,CAMEL-3392,CAMEL,pre_ai,Improvement,0
943,3.1884057971014492,69,5,CAMEL-3279,CAMEL,pre_ai,Improvement,0
569,1.2365591397849462,93,4,CAMEL-3382,CAMEL,pre_ai,New Feature,0
530,3.230769230769231,39,1,CAMEL-3394,CAMEL,pre_ai,Bug,1
454,2.2222222222222223,54,2,CAMEL-3395,CAMEL,pre_ai,Bug,1
433,1.205128205128205,78,2,CAMEL-3271,CAMEL,pre_ai,Bug,1
1317,3.066666666666667,105,4,CAMEL-3386,CAMEL,pre_ai,New Feature,0
893,1.7619047619047619,105,5,CAMEL-3398,CAMEL,pre_ai,Bug,1
893,1.7619047619047619,105,5,CAMEL-3295,CAMEL,pre_ai,Bug,1
760,1.6486486486486487,111,5,CAMEL-3351,CAMEL,pre_ai,Bug,1
708,1.872340425531915,94,3,CAMEL-3403,CAMEL,pre_ai,Bug,1
229,2.1538461538461537,26,2,CAMEL-3186,CAMEL,pre_ai,Bug,1
120,3.142857142857143,7,1,CAMEL-3409,CAMEL,pre_ai,Task,0
1067,1.7230769230769232,130,4,CAMEL-3414,CAMEL,pre_ai,Improvement,0
782,3.8840579710144927,69,1,CAMEL-3415,CAMEL,pre_ai,Improvement,0
255,2.0,30,2,CAMEL-3416,CAMEL,pre_ai,Improvement,0
834,1.5454545454545454,143,1,CAMEL-3418,CAMEL,pre_ai,Improvement,0
143,1.0,35,1,CAMEL-3419,CAMEL,pre_ai,Bug,1
230,1.225,40,1,CAMEL-3400,CAMEL,pre_ai,Improvement,0
3958,1.7761989342806395,563,28,CAMEL-3399,CAMEL,pre_ai,Improvement,0
220,1.3448275862068966,29,2,CAMEL-3427,CAMEL,pre_ai,Improvement,0
1641,2.2204301075268815,186,2,CAMEL-3428,CAMEL,pre_ai,Bug,1
237,6.0,9,1,CAMEL-3426,CAMEL,pre_ai,Bug,1
1026,1.2815533980582525,206,1,CAMEL-3433,CAMEL,pre_ai,Bug,1
590,2.6,55,1,CAMEL-3436,CAMEL,pre_ai,Improvement,0
1687,2.2061855670103094,194,4,CAMEL-3434,CAMEL,pre_ai,Improvement,0
374,1.509090909090909,55,2,CAMEL-1530,CAMEL,pre_ai,Improvement,0
281,1.25,56,2,CAMEL-2502,CAMEL,pre_ai,Improvement,0
942,1.423728813559322,177,2,CAMEL-2503,CAMEL,pre_ai,New Feature,0
403,3.111111111111111,27,6,CAMEL-2396,CAMEL,pre_ai,New Feature,0
461,2.341463414634146,41,2,CAMEL-2500,CAMEL,pre_ai,New Feature,0
1408,1.4552845528455285,246,5,CAMEL-2504,CAMEL,pre_ai,Improvement,0
1703,2.138121546961326,181,6,CAMEL-2497,CAMEL,pre_ai,New Feature,0
576,1.9014084507042253,71,2,CAMEL-2508,CAMEL,pre_ai,Improvement,0
206,1.625,24,1,CAMEL-217,CAMEL,pre_ai,Improvement,0
461,4.473684210526316,19,1,CAMEL-2515,CAMEL,pre_ai,Improvement,0
302,1.3555555555555556,45,2,CAMEL-2516,CAMEL,pre_ai,Improvement,0
371,2.3666666666666667,30,5,CAMEL-2495,CAMEL,pre_ai,Bug,1
525,2.1864406779661016,59,3,CAMEL-2521,CAMEL,pre_ai,Improvement,0
1906,1.970909090909091,275,5,CAMEL-2522,CAMEL,pre_ai,Improvement,0
60,1.75,8,1,CAMEL-2529,CAMEL,pre_ai,Bug,1
1084,2.032258064516129,124,3,CAMEL-1437,CAMEL,pre_ai,New Feature,0
41,1.75,4,1,CAMEL-2531,CAMEL,pre_ai,Improvement,0
1082,1.3045977011494252,174,1,CAMEL-2533,CAMEL,pre_ai,Improvement,0
624,5.533333333333333,30,2,CAMEL-2530,CAMEL,pre_ai,New Feature,0
72,6.0,3,1,CAMEL-2510,CAMEL,pre_ai,Bug,1
65,2.6666666666666665,3,1,CAMEL-2535,CAMEL,pre_ai,Task,0
475,1.894736842105263,57,3,CAMEL-2538,CAMEL,pre_ai,Improvement,0
132,2.4,10,1,CAMEL-1211,CAMEL,pre_ai,Improvement,0
374,1.5789473684210527,57,4,CAMEL-2539,CAMEL,pre_ai,Improvement,0
123,2.5714285714285716,7,2,CAMEL-2544,CAMEL,pre_ai,Bug,1
1330,1.8592964824120604,199,4,CAMEL-2542,CAMEL,pre_ai,Improvement,0
181,3.0,13,1,CAMEL-2546,CAMEL,pre_ai,New Feature,0
1356,1.7254901960784315,204,3,CAMEL-2547,CAMEL,pre_ai,Improvement,0
1186,2.1056338028169015,142,1,CAMEL-2552,CAMEL,pre_ai,Improvement,0
208,2.888888888888889,18,1,CAMEL-2551,CAMEL,pre_ai,Bug,1
218,1.4705882352941178,34,2,CAMEL-2557,CAMEL,pre_ai,Improvement,0
182,2.9166666666666665,12,1,CAMEL-2560,CAMEL,pre_ai,Improvement,0
64,4.333333333333333,3,1,CAMEL-2554,CAMEL,pre_ai,Bug,1
463,1.2758620689655173,87,5,CAMEL-2556,CAMEL,pre_ai,Improvement,0
36,1.2,5,1,CAMEL-2553,CAMEL,pre_ai,Improvement,0
422,3.857142857142857,28,1,CAMEL-2545,CAMEL,pre_ai,Bug,1
299,4.388888888888889,18,1,CAMEL-2561,CAMEL,pre_ai,Task,0
644,2.280701754385965,57,3,CAMEL-2559,CAMEL,pre_ai,Bug,1
161,2.0526315789473686,19,1,CAMEL-2564,CAMEL,pre_ai,Improvement,0
203,2.0454545454545454,22,1,CAMEL-2540,CAMEL,pre_ai,Bug,1
1245,1.2990196078431373,204,2,CAMEL-2567,CAMEL,pre_ai,Improvement,0
319,2.9375,16,2,CAMEL-2566,CAMEL,pre_ai,Bug,1
898,1.2446808510638299,188,1,CAMEL-2570,CAMEL,pre_ai,Improvement,0
246,2.806451612903226,31,1,CAMEL-2574,CAMEL,pre_ai,Improvement,0
281,2.3703703703703702,27,2,CAMEL-2587,CAMEL,pre_ai,Improvement,0
34,1.4,5,1,CAMEL-2590,CAMEL,pre_ai,Improvement,0
2513,1.3676470588235294,408,15,CAMEL-1588,CAMEL,pre_ai,New Feature,0
166,2.4,15,1,CAMEL-2575,CAMEL,pre_ai,Bug,1
594,2.25,60,1,CAMEL-2586,CAMEL,pre_ai,Improvement,0
1173,1.425414364640884,181,2,CAMEL-2577,CAMEL,pre_ai,Bug,1
166,2.4,15,1,CAMEL-2602,CAMEL,pre_ai,Improvement,0
127,2.2142857142857144,14,1,CAMEL-2604,CAMEL,pre_ai,Improvement,0
310,2.3548387096774195,31,1,CAMEL-2605,CAMEL,pre_ai,Bug,1
2186,2.2479338842975207,242,3,CAMEL-2607,CAMEL,pre_ai,Improvement,0
656,1.8,100,2,CAMEL-3369,CAMEL,pre_ai,New Feature,0
576,2.3461538461538463,52,2,CAMEL-3437,CAMEL,pre_ai,Improvement,0
1576,1.3539823008849559,226,12,CAMEL-2589,CAMEL,pre_ai,New Feature,0
340,4.7,20,1,CAMEL-3442,CAMEL,pre_ai,Bug,1
16,2.0,2,1,CAMEL-3443,CAMEL,pre_ai,Improvement,0
463,1.2077922077922079,77,2,CAMEL-3253,CAMEL,pre_ai,Task,0
228,2.21875,32,1,CAMEL-3446,CAMEL,pre_ai,Bug,1
203,23.5,4,1,CAMEL-3447,CAMEL,pre_ai,Improvement,0
303,5.25,12,2,CAMEL-3431,CAMEL,pre_ai,Improvement,0
48,1.2,5,2,CAMEL-3448,CAMEL,pre_ai,Bug,1
1151,2.283582089552239,134,5,CAMEL-3163,CAMEL,pre_ai,New Feature,0
398,1.2285714285714286,70,1,CAMEL-3451,CAMEL,pre_ai,Improvement,0
1141,5.1020408163265305,49,5,CAMEL-3458,CAMEL,pre_ai,Bug,1
1462,3.1553398058252426,103,4,CAMEL-3460,CAMEL,pre_ai,Improvement,0
288,4.333333333333333,18,1,CAMEL-3462,CAMEL,pre_ai,Improvement,0
867,1.5669291338582678,127,10,CAMEL-3285,CAMEL,pre_ai,New Feature,0
485,7.375,16,1,CAMEL-3461,CAMEL,pre_ai,Improvement,0
129,3.4285714285714284,7,1,CAMEL-3353,CAMEL,pre_ai,Bug,1
1598,2.4216216216216218,185,4,CAMEL-3463,CAMEL,pre_ai,Improvement,0
812,3.5185185185185186,54,5,CAMEL-3218,CAMEL,pre_ai,New Feature,0
208,1.2307692307692308,26,4,CAMEL-3347,CAMEL,pre_ai,Task,0
97,1.6363636363636365,11,3,CAMEL-1397,CAMEL,pre_ai,Sub-task,0
73,6.5,2,1,CAMEL-3479,CAMEL,pre_ai,Bug,1
14,1.0,1,1,CAMEL-3346,CAMEL,pre_ai,New Feature,0
327,2.0,29,4,CAMEL-3475,CAMEL,pre_ai,Improvement,0
845,1.5664335664335665,143,1,CAMEL-3486,CAMEL,pre_ai,Improvement,0
180,1.3333333333333333,33,2,CAMEL-3473,CAMEL,pre_ai,Bug,1
112,1.35,20,1,CAMEL-3483,CAMEL,pre_ai,Bug,1
1631,2.2324324324324323,185,1,CAMEL-3493,CAMEL,pre_ai,Bug,1
150,1.0,35,1,CAMEL-3488,CAMEL,pre_ai,Improvement,0
130,4.166666666666667,6,1,CAMEL-3489,CAMEL,pre_ai,Bug,1
72,2.2857142857142856,7,1,CAMEL-3494,CAMEL,pre_ai,Improvement,0
287,1.8936170212765957,47,1,CAMEL-3500,CAMEL,pre_ai,Improvement,0
401,1.4426229508196722,61,6,CAMEL-3468,CAMEL,pre_ai,New Feature,0
316,1.4545454545454546,44,2,CAMEL-3506,CAMEL,pre_ai,Task,0
384,3.185185185185185,27,3,CAMEL-3133,CAMEL,pre_ai,Bug,1
279,1.4473684210526316,38,1,CAMEL-3502,CAMEL,pre_ai,New Feature,0
132,1.7142857142857142,14,1,CAMEL-3498,CAMEL,pre_ai,Bug,1
189,1.5862068965517242,29,1,CAMEL-1902,CAMEL,pre_ai,New Feature,0
89,1.6923076923076923,13,1,CAMEL-3508,CAMEL,pre_ai,Improvement,0
425,1.5517241379310345,58,3,CAMEL-3509,CAMEL,pre_ai,New Feature,0
82,3.0,5,2,CAMEL-3478,CAMEL,pre_ai,Improvement,0
652,3.311111111111111,45,1,CAMEL-3497,CAMEL,pre_ai,Bug,1
308,1.711111111111111,45,2,CAMEL-3523,CAMEL,pre_ai,Improvement,0
62,1.0,6,4,CAMEL-3472,CAMEL,pre_ai,New Feature,0
166,3.375,8,1,CAMEL-3525,CAMEL,pre_ai,Improvement,0
800,2.3333333333333335,81,3,CAMEL-3524,CAMEL,pre_ai,New Feature,0
916,2.438202247191011,89,4,CAMEL-3527,CAMEL,pre_ai,New Feature,0
355,2.413793103448276,29,1,CAMEL-3533,CAMEL,pre_ai,Improvement,0
48,1.5,6,1,CAMEL-3536,CAMEL,pre_ai,Task,0
948,1.9426229508196722,122,7,CAMEL-3520,CAMEL,pre_ai,Improvement,0
320,1.736842105263158,38,3,CAMEL-3537,CAMEL,pre_ai,Bug,1
117,1.8333333333333333,12,1,CAMEL-3228,CAMEL,pre_ai,Improvement,0
151,2.0625,16,3,CAMEL-3540,CAMEL,pre_ai,Bug,1
395,1.3037974683544304,79,1,CAMEL-3541,CAMEL,pre_ai,Improvement,0
605,2.830188679245283,53,1,CAMEL-3535,CAMEL,pre_ai,Bug,1
1817,2.3756345177664975,197,2,CAMEL-3543,CAMEL,pre_ai,Bug,1
183,1.4615384615384615,26,2,CAMEL-3545,CAMEL,pre_ai,Bug,1
1542,2.3783783783783785,148,14,CAMEL-3538,CAMEL,pre_ai,Improvement,0
2266,2.2203389830508473,236,5,CAMEL-3240,CAMEL,pre_ai,Improvement,0
1100,2.563106796116505,103,7,CAMEL-3550,CAMEL,pre_ai,Improvement,0
245,6.222222222222222,9,1,CAMEL-3558,CAMEL,pre_ai,Improvement,0
671,3.558139534883721,43,4,CAMEL-3555,CAMEL,pre_ai,Improvement,0
609,2.849056603773585,53,1,CAMEL-3559,CAMEL,pre_ai,Bug,1
409,4.0,27,1,CAMEL-2842,CAMEL,pre_ai,Improvement,0
298,2.4722222222222223,36,1,CAMEL-2843,CAMEL,pre_ai,Bug,1
149,2.142857142857143,14,1,CAMEL-2788,CAMEL,pre_ai,Improvement,0
2443,1.97,300,14,CAMEL-2848,CAMEL,pre_ai,Improvement,0
2443,1.97,300,14,CAMEL-2839,CAMEL,pre_ai,Sub-task,0
376,2.4571428571428573,35,1,CAMEL-2838,CAMEL,pre_ai,Sub-task,0
596,1.974025974025974,77,4,CAMEL-2847,CAMEL,pre_ai,Improvement,0
795,2.6875,64,5,CAMEL-2850,CAMEL,pre_ai,Sub-task,0
244,2.074074074074074,27,1,CAMEL-2856,CAMEL,pre_ai,Sub-task,0
1605,2.0903954802259888,177,4,CAMEL-2855,CAMEL,pre_ai,Sub-task,0
31,1.5,4,1,CAMEL-2851,CAMEL,pre_ai,Bug,1
427,3.892857142857143,28,1,CAMEL-2857,CAMEL,pre_ai,Improvement,0
247,1.8387096774193548,31,2,CAMEL-2836,CAMEL,pre_ai,Sub-task,0
58,1.625,8,1,CAMEL-2863,CAMEL,pre_ai,Sub-task,0
408,1.5932203389830508,59,3,CAMEL-2859,CAMEL,pre_ai,Sub-task,0
37,1.4,5,1,CAMEL-2837,CAMEL,pre_ai,Improvement,0
233,1.0862068965517242,58,2,CAMEL-2864,CAMEL,pre_ai,Improvement,0
257,1.5,42,4,CAMEL-2866,CAMEL,pre_ai,Sub-task,0
257,1.5,42,4,CAMEL-2867,CAMEL,pre_ai,Bug,1
430,4.0,28,1,CAMEL-2870,CAMEL,pre_ai,Improvement,0
1753,1.678294573643411,258,7,CAMEL-2862,CAMEL,pre_ai,Improvement,0
36,1.6666666666666667,3,1,CAMEL-2873,CAMEL,pre_ai,Improvement,0
101,1.0555555555555556,18,3,CAMEL-2854,CAMEL,pre_ai,Bug,1
719,2.345679012345679,81,4,CAMEL-2871,CAMEL,pre_ai,Sub-task,0
90,1.875,8,1,CAMEL-2875,CAMEL,pre_ai,Sub-task,0
1103,1.7162162162162162,148,13,CAMEL-2868,CAMEL,pre_ai,Sub-task,0
623,2.2244897959183674,49,3,CAMEL-2880,CAMEL,pre_ai,Improvement,0
392,2.857142857142857,35,2,CAMEL-2881,CAMEL,pre_ai,Bug,1
467,2.269230769230769,52,6,CAMEL-2879,CAMEL,pre_ai,Improvement,0
377,1.263157894736842,76,1,CAMEL-2858,CAMEL,pre_ai,Bug,1
720,2.1733333333333333,75,5,CAMEL-2877,CAMEL,pre_ai,Sub-task,0
116,1.4444444444444444,18,1,CAMEL-2846,CAMEL,pre_ai,Improvement,0
1332,1.3258426966292134,267,4,CAMEL-2865,CAMEL,pre_ai,Improvement,0
87,1.4166666666666667,12,1,CAMEL-2886,CAMEL,pre_ai,Sub-task,0
359,2.558139534883721,43,3,CAMEL-2860,CAMEL,pre_ai,Bug,1
111,1.7142857142857142,14,1,CAMEL-2887,CAMEL,pre_ai,Sub-task,0
1496,1.9042553191489362,188,4,CAMEL-2889,CAMEL,pre_ai,Improvement,0
147,2.4545454545454546,11,1,CAMEL-2891,CAMEL,pre_ai,Improvement,0
262,1.6153846153846154,39,3,CAMEL-2893,CAMEL,pre_ai,Bug,1
324,5.117647058823529,17,1,CAMEL-2894,CAMEL,pre_ai,Bug,1
69,2.5,6,1,CAMEL-2895,CAMEL,pre_ai,Bug,1
1756,1.5120274914089347,291,5,CAMEL-2890,CAMEL,pre_ai,Sub-task,0
144,1.8571428571428572,14,1,CAMEL-2897,CAMEL,pre_ai,Bug,1
3986,1.3601895734597156,633,29,CAMEL-2883,CAMEL,pre_ai,Improvement,0
1807,2.446078431372549,204,11,CAMEL-2876,CAMEL,pre_ai,Sub-task,0
96,1.6,15,1,CAMEL-2904,CAMEL,pre_ai,Bug,1
311,1.077922077922078,77,3,CAMEL-2906,CAMEL,pre_ai,Improvement,0
536,2.087719298245614,57,3,CAMEL-2849,CAMEL,pre_ai,Sub-task,0
337,1.2777777777777777,72,1,CAMEL-2907,CAMEL,pre_ai,Sub-task,0
362,1.2692307692307692,78,1,CAMEL-2908,CAMEL,pre_ai,Improvement,0
393,6.333333333333333,18,1,CAMEL-2909,CAMEL,pre_ai,Bug,1
58,1.0,12,1,CAMEL-2910,CAMEL,pre_ai,Improvement,0
523,4.892857142857143,28,4,CAMEL-2899,CAMEL,pre_ai,Bug,1
431,1.3823529411764706,68,6,CAMEL-2913,CAMEL,pre_ai,Improvement,0
1255,2.6083333333333334,120,7,CAMEL-2912,CAMEL,pre_ai,Bug,1
3240,1.905511811023622,381,6,CAMEL-2917,CAMEL,pre_ai,New Feature,0
81,3.0,5,1,CAMEL-1467,CAMEL,pre_ai,Bug,1
278,1.8780487804878048,41,1,CAMEL-2919,CAMEL,pre_ai,New Feature,0
758,3.2413793103448274,58,3,CAMEL-2920,CAMEL,pre_ai,Improvement,0
510,1.8360655737704918,61,5,CAMEL-2914,CAMEL,pre_ai,Improvement,0
57,3.0,4,1,CAMEL-2926,CAMEL,pre_ai,Improvement,0
1068,1.6026490066225165,151,4,CAMEL-2935,CAMEL,pre_ai,Bug,1
2190,1.3121387283236994,346,21,CAMEL-2723,CAMEL,pre_ai,Improvement,0
179,3.909090909090909,11,1,CAMEL-2937,CAMEL,pre_ai,Bug,1
46,2.3333333333333335,3,1,CAMEL-2942,CAMEL,pre_ai,Bug,1
303,1.2826086956521738,46,2,CAMEL-2915,CAMEL,pre_ai,Improvement,0
391,3.9,20,1,CAMEL-2941,CAMEL,pre_ai,Task,0
373,3.227272727272727,22,5,CAMEL-2922,CAMEL,pre_ai,Bug,1
566,2.618181818181818,55,3,CAMEL-2944,CAMEL,pre_ai,Bug,1
89,1.375,8,4,CAMEL-2948,CAMEL,pre_ai,New Feature,0
163,2.875,8,1,CAMEL-2732,CAMEL,pre_ai,Bug,1
149,2.2222222222222223,9,1,CAMEL-2733,CAMEL,pre_ai,Improvement,0
1175,1.8571428571428572,154,6,CAMEL-2721,CAMEL,pre_ai,Improvement,0
136,1.5789473684210527,19,1,CAMEL-2735,CAMEL,pre_ai,Improvement,0
262,3.388888888888889,18,1,CAMEL-2738,CAMEL,pre_ai,Improvement,0
573,2.8,50,1,CAMEL-2744,CAMEL,pre_ai,Bug,1
209,2.65,20,2,CAMEL-2636,CAMEL,pre_ai,Bug,1
384,3.85,20,1,CAMEL-2739,CAMEL,pre_ai,Bug,1
192,1.7857142857142858,28,1,CAMEL-2745,CAMEL,pre_ai,Bug,1
450,5.954545454545454,22,2,CAMEL-2742,CAMEL,pre_ai,Bug,1
120,1.0769230769230769,26,1,CAMEL-2751,CAMEL,pre_ai,Bug,1
493,5.583333333333333,24,1,CAMEL-2750,CAMEL,pre_ai,Bug,1
221,1.8148148148148149,27,4,CAMEL-2756,CAMEL,pre_ai,Improvement,0
298,1.5365853658536586,41,2,CAMEL-2758,CAMEL,pre_ai,Bug,1
2588,2.8291666666666666,240,13,CAMEL-2741,CAMEL,pre_ai,Bug,1
165,2.2941176470588234,17,1,CAMEL-2760,CAMEL,pre_ai,Bug,1
95,2.5714285714285716,7,2,CAMEL-2755,CAMEL,pre_ai,Bug,1
44,1.0,6,1,CAMEL-2762,CAMEL,pre_ai,Bug,1
427,3.892857142857143,28,1,CAMEL-2763,CAMEL,pre_ai,Bug,1
473,7.25,16,1,CAMEL-2757,CAMEL,pre_ai,Improvement,0
292,2.3448275862068964,29,2,CAMEL-2704,CAMEL,pre_ai,Improvement,0
72,6.0,3,1,CAMEL-2778,CAMEL,pre_ai,Bug,1
814,2.441860465116279,86,4,CAMEL-1372,CAMEL,pre_ai,New Feature,0
292,3.0454545454545454,22,2,CAMEL-2772,CAMEL,pre_ai,Bug,1
621,2.4833333333333334,60,3,CAMEL-2780,CAMEL,pre_ai,Improvement,0
502,2.8181818181818183,33,7,CAMEL-2781,CAMEL,pre_ai,Improvement,0
141,2.0,14,1,CAMEL-2784,CAMEL,pre_ai,Improvement,0
358,2.1944444444444446,36,2,CAMEL-2786,CAMEL,pre_ai,Improvement,0
326,1.4754098360655739,61,1,CAMEL-2789,CAMEL,pre_ai,Improvement,0
1116,3.238095238095238,105,7,CAMEL-2769,CAMEL,pre_ai,Improvement,0
45,1.0,12,1,CAMEL-2790,CAMEL,pre_ai,Improvement,0
368,2.2564102564102564,39,1,CAMEL-2693,CAMEL,pre_ai,Improvement,0
368,2.2564102564102564,39,1,CAMEL-2792,CAMEL,pre_ai,New Feature,0
162,2.6875,16,1,CAMEL-2776,CAMEL,pre_ai,Bug,1
162,2.6875,16,1,CAMEL-2496,CAMEL,pre_ai,Bug,1
569,3.0681818181818183,44,3,CAMEL-2774,CAMEL,pre_ai,Improvement,0
810,5.0,43,2,CAMEL-2642,CAMEL,pre_ai,Bug,1
576,2.82,50,1,CAMEL-2798,CAMEL,pre_ai,Bug,1
1518,2.1724137931034484,174,2,CAMEL-2628,CAMEL,pre_ai,New Feature,0
94,2.4285714285714284,7,2,CAMEL-2785,CAMEL,pre_ai,Task,0
644,1.7555555555555555,90,1,CAMEL-1915,CAMEL,pre_ai,New Feature,0
1217,1.4773869346733668,199,3,CAMEL-2797,CAMEL,pre_ai,Improvement,0
386,1.8461538461538463,52,1,CAMEL-2802,CAMEL,pre_ai,Bug,1
68,4.25,4,1,CAMEL-2804,CAMEL,pre_ai,Bug,1
383,5.785714285714286,14,2,CAMEL-2803,CAMEL,pre_ai,Improvement,0
461,5.3,20,2,CAMEL-2773,CAMEL,pre_ai,Bug,1
55,1.0,6,3,CAMEL-2705,CAMEL,pre_ai,New Feature,0
572,1.4303797468354431,79,3,CAMEL-2782,CAMEL,pre_ai,Improvement,0
293,1.7894736842105263,38,2,CAMEL-2809,CAMEL,pre_ai,Bug,1
1200,2.0268456375838926,149,1,CAMEL-2800,CAMEL,pre_ai,Improvement,0
130,3.0,8,1,CAMEL-2691,CAMEL,pre_ai,Improvement,0
163,1.3,30,2,CAMEL-2811,CAMEL,pre_ai,Bug,1
373,3.92,25,1,CAMEL-2821,CAMEL,pre_ai,Bug,1
233,3.75,16,1,CAMEL-2817,CAMEL,pre_ai,Bug,1
293,1.7894736842105263,38,2,CAMEL-2810,CAMEL,pre_ai,Bug,1
35,1.2,5,1,CAMEL-2805,CAMEL,pre_ai,Bug,1
458,2.8157894736842106,38,2,CAMEL-2825,CAMEL,pre_ai,Bug,1
2499,2.593886462882096,229,11,CAMEL-2787,CAMEL,pre_ai,Improvement,0
311,2.3548387096774195,31,1,CAMEL-2826,CAMEL,pre_ai,Bug,1
306,4.461538461538462,13,2,CAMEL-2731,CAMEL,pre_ai,Improvement,0
783,2.6619718309859155,71,3,CAMEL-2824,CAMEL,pre_ai,Bug,1
457,3.3055555555555554,36,2,CAMEL-2835,CAMEL,pre_ai,Sub-task,0
94,2.4285714285714284,7,2,CAMEL-2827,CAMEL,pre_ai,Improvement,0
163,1.206896551724138,29,1,CAMEL-2167,CAMEL,pre_ai,Improvement,0
471,7.1875,16,1,CAMEL-2841,CAMEL,pre_ai,Improvement,0
292,3.0454545454545454,22,2,CAMEL-2949,CAMEL,pre_ai,Bug,1
812,2.864864864864865,74,6,CAMEL-2829,CAMEL,pre_ai,Bug,1
243,2.3636363636363638,22,1,CAMEL-2950,CAMEL,pre_ai,Improvement,0
401,4.9,20,1,CAMEL-2952,CAMEL,pre_ai,Bug,1
97,1.7272727272727273,11,1,CAMEL-2958,CAMEL,pre_ai,Bug,1
330,4.5,20,1,CAMEL-2962,CAMEL,pre_ai,Bug,1
553,2.452830188679245,53,2,CAMEL-2956,CAMEL,pre_ai,Improvement,0
64,1.2727272727272727,11,1,CAMEL-2963,CAMEL,pre_ai,Bug,1
120,3.8333333333333335,6,1,CAMEL-2964,CAMEL,pre_ai,Improvement,0
586,2.823529411764706,51,1,CAMEL-2965,CAMEL,pre_ai,Sub-task,0
19,3.0,1,1,CAMEL-2969,CAMEL,pre_ai,Improvement,0
164,1.6363636363636365,22,1,CAMEL-2796,CAMEL,pre_ai,Improvement,0
623,2.0384615384615383,78,2,CAMEL-2967,CAMEL,pre_ai,New Feature,0
528,3.388888888888889,36,2,CAMEL-2981,CAMEL,pre_ai,Improvement,0
270,4.833333333333333,12,2,CAMEL-2898,CAMEL,pre_ai,Sub-task,0
570,3.7777777777777777,36,4,CAMEL-2985,CAMEL,pre_ai,Improvement,0
189,1.8461538461538463,26,2,CAMEL-2979,CAMEL,pre_ai,Bug,1
631,2.685185185185185,54,3,CAMEL-2986,CAMEL,pre_ai,Bug,1
258,1.297872340425532,47,2,CAMEL-2982,CAMEL,pre_ai,Improvement,0
1615,2.1142857142857143,175,4,CAMEL-2988,CAMEL,pre_ai,Improvement,0
1037,1.7207792207792207,154,3,CAMEL-2970,CAMEL,pre_ai,Improvement,0
346,1.7692307692307692,52,3,CAMEL-2990,CAMEL,pre_ai,Sub-task,0
2059,1.45822102425876,371,4,CAMEL-2992,CAMEL,pre_ai,Task,0
87,2.2,5,2,CAMEL-2994,CAMEL,pre_ai,Bug,1
1314,2.108974358974359,156,1,CAMEL-2991,CAMEL,pre_ai,Bug,1
596,1.6823529411764706,85,3,CAMEL-2997,CAMEL,pre_ai,Improvement,0
267,2.3703703703703702,27,1,CAMEL-3000,CAMEL,pre_ai,Improvement,0
1641,3.097560975609756,123,7,CAMEL-2972,CAMEL,pre_ai,Bug,1
715,1.6379310344827587,116,5,CAMEL-2999,CAMEL,pre_ai,Improvement,0
256,4.5,14,3,CAMEL-3003,CAMEL,pre_ai,Improvement,0
910,1.8620689655172413,116,5,CAMEL-3002,CAMEL,pre_ai,Improvement,0
1985,2.798780487804878,164,10,CAMEL-2995,CAMEL,pre_ai,Bug,1
480,1.912280701754386,57,5,CAMEL-3011,CAMEL,pre_ai,Bug,1
1383,2.18125,160,1,CAMEL-3001,CAMEL,pre_ai,Bug,1
229,3.411764705882353,17,1,CAMEL-3015,CAMEL,pre_ai,Bug,1
33,1.6666666666666667,3,1,CAMEL-3014,CAMEL,pre_ai,Improvement,0
1425,2.2422360248447206,161,1,CAMEL-3008,CAMEL,pre_ai,Bug,1
1538,2.25,172,1,CAMEL-3016,CAMEL,pre_ai,New Feature,0
183,1.2894736842105263,38,2,CAMEL-2971,CAMEL,pre_ai,New Feature,0
1216,2.1446540880503147,159,3,CAMEL-3019,CAMEL,pre_ai,New Feature,0
92,3.5,6,1,CAMEL-3022,CAMEL,pre_ai,Bug,1
693,4.733333333333333,30,4,CAMEL-3013,CAMEL,pre_ai,Improvement,0
484,3.0,37,2,CAMEL-3023,CAMEL,pre_ai,New Feature,0
2107,2.119148936170213,235,3,CAMEL-3007,CAMEL,pre_ai,Bug,1
158,1.4,20,3,CAMEL-3026,CAMEL,pre_ai,Improvement,0
71,3.5,4,1,CAMEL-2980,CAMEL,pre_ai,Bug,1
75,6.0,3,1,CAMEL-3025,CAMEL,pre_ai,Improvement,0
2778,2.3197278911564627,294,5,CAMEL-3024,CAMEL,pre_ai,Improvement,0
37,1.1111111111111112,9,1,CAMEL-3028,CAMEL,pre_ai,Improvement,0
14,1.0,2,1,CAMEL-3031,CAMEL,pre_ai,Bug,1
1605,2.9851851851851854,135,5,CAMEL-3029,CAMEL,pre_ai,Improvement,0
156,1.5789473684210527,19,2,CAMEL-3035,CAMEL,pre_ai,Improvement,0
156,1.5789473684210527,19,2,CAMEL-3036,CAMEL,pre_ai,Bug,1
14,1.0,2,1,CAMEL-3034,CAMEL,pre_ai,Sub-task,0
592,5.230769230769231,26,1,CAMEL-2752,CAMEL,pre_ai,New Feature,0
174,1.4285714285714286,7,2,CAMEL-3039,CAMEL,pre_ai,Improvement,0
131,2.3529411764705883,17,1,CAMEL-3045,CAMEL,pre_ai,Bug,1
583,2.8125,48,3,CAMEL-3044,CAMEL,pre_ai,Bug,1
408,3.9047619047619047,21,1,CAMEL-3050,CAMEL,pre_ai,Bug,1
57,1.125,8,1,CAMEL-3049,CAMEL,pre_ai,Bug,1
748,1.5858585858585859,99,3,CAMEL-3042,CAMEL,pre_ai,Sub-task,0
146,1.391304347826087,23,1,CAMEL-3053,CAMEL,pre_ai,Improvement,0
760,3.8088235294117645,68,1,CAMEL-3052,CAMEL,pre_ai,Improvement,0
454,5.428571428571429,21,1,CAMEL-2822,CAMEL,pre_ai,New Feature,0
1190,1.507177033492823,209,3,CAMEL-3054,CAMEL,pre_ai,Improvement,0
181,2.5,16,1,CAMEL-3057,CAMEL,pre_ai,Improvement,0
28,1.2857142857142858,7,1,CAMEL-3060,CAMEL,pre_ai,Bug,1
546,2.519230769230769,52,1,CAMEL-3047,CAMEL,pre_ai,Bug,1
93,2.5454545454545454,11,1,CAMEL-3063,CAMEL,pre_ai,Improvement,0
959,1.4822695035460993,141,7,CAMEL-2713,CAMEL,pre_ai,Improvement,0
273,1.7142857142857142,35,2,CAMEL-3064,CAMEL,pre_ai,Bug,1
117,4.166666666666667,6,1,CAMEL-3033,CAMEL,pre_ai,New Feature,0
80,1.0909090909090908,11,4,CAMEL-3048,CAMEL,pre_ai,Improvement,0
649,2.260869565217391,69,2,CAMEL-3059,CAMEL,pre_ai,Improvement,0
1261,1.3535353535353536,198,2,CAMEL-3069,CAMEL,pre_ai,Bug,1
91,1.2142857142857142,14,2,CAMEL-3072,CAMEL,pre_ai,New Feature,0
274,4.411764705882353,17,1,CAMEL-3075,CAMEL,pre_ai,Improvement,0
542,3.0714285714285716,42,7,CAMEL-1895,CAMEL,pre_ai,Improvement,0
219,3.0,13,2,CAMEL-3077,CAMEL,pre_ai,Bug,1
136,1.44,25,2,CAMEL-3078,CAMEL,pre_ai,Bug,1
1132,1.3461538461538463,182,1,CAMEL-3061,CAMEL,pre_ai,Improvement,0
308,2.027027027027027,37,2,CAMEL-3080,CAMEL,pre_ai,New Feature,0
500,2.0,58,4,CAMEL-3079,CAMEL,pre_ai,Bug,1
543,1.5227272727272727,88,3,CAMEL-3081,CAMEL,pre_ai,Bug,1
69,2.2,5,1,CAMEL-3021,CAMEL,pre_ai,Improvement,0
31,3.5,2,1,CAMEL-3082,CAMEL,pre_ai,Bug,1
564,2.5849056603773586,53,1,CAMEL-3083,CAMEL,pre_ai,Improvement,0
20,1.3333333333333333,3,1,CAMEL-3084,CAMEL,pre_ai,Bug,1
12,1.0,2,1,CAMEL-3074,CAMEL,pre_ai,New Feature,0
136,3.4444444444444446,9,1,CAMEL-3091,CAMEL,pre_ai,Bug,1
192,11.4,5,1,CAMEL-3097,CAMEL,pre_ai,Improvement,0
365,2.4545454545454546,22,2,CAMEL-3093,CAMEL,pre_ai,Bug,1
440,4.428571428571429,21,3,CAMEL-3086,CAMEL,pre_ai,Improvement,0
564,1.9142857142857144,70,3,CAMEL-3095,CAMEL,pre_ai,Improvement,0
177,3.3333333333333335,12,1,CAMEL-3094,CAMEL,pre_ai,Improvement,0
155,1.4,30,1,CAMEL-3099,CAMEL,pre_ai,Improvement,0
71,2.8,5,1,CAMEL-2791,CAMEL,pre_ai,New Feature,0
1152,1.541871921182266,203,2,CAMEL-3092,CAMEL,pre_ai,Task,0
270,4.055555555555555,18,1,CAMEL-3102,CAMEL,pre_ai,Improvement,0
190,2.7777777777777777,9,1,CAMEL-3107,CAMEL,pre_ai,Bug,1
86,2.1,10,2,CAMEL-3113,CAMEL,pre_ai,Bug,1
88,1.375,8,2,CAMEL-3112,CAMEL,pre_ai,Improvement,0
1440,1.5401785714285714,224,7,CAMEL-3106,CAMEL,pre_ai,New Feature,0
419,4.0,21,1,CAMEL-3118,CAMEL,pre_ai,Bug,1
808,1.3221476510067114,149,3,CAMEL-3116,CAMEL,pre_ai,Improvement,0
131,1.7142857142857142,14,1,CAMEL-3121,CAMEL,pre_ai,Bug,1
186,1.3846153846153846,26,2,CAMEL-3117,CAMEL,pre_ai,Improvement,0
82,2.7142857142857144,7,1,CAMEL-3123,CAMEL,pre_ai,Improvement,0
147,2.1875,16,1,CAMEL-3128,CAMEL,pre_ai,Bug,1
148,1.2333333333333334,30,1,CAMEL-3119,CAMEL,pre_ai,Improvement,0
150,2.0526315789473686,19,1,CAMEL-3130,CAMEL,pre_ai,Bug,1
1613,2.2,185,2,CAMEL-3125,CAMEL,pre_ai,Wish,0
92,1.8,10,2,CAMEL-3124,CAMEL,pre_ai,Bug,1
28,2.0,2,1,CAMEL-3114,CAMEL,pre_ai,Bug,1
902,4.714285714285714,49,2,CAMEL-3134,CAMEL,pre_ai,Improvement,0
462,5.523809523809524,21,1,CAMEL-3137,CAMEL,pre_ai,Bug,1
142,1.3333333333333333,21,1,CAMEL-3136,CAMEL,pre_ai,Bug,1
2039,2.3440366972477062,218,7,CAMEL-3138,CAMEL,pre_ai,Improvement,0
2010,2.169642857142857,224,7,CAMEL-3139,CAMEL,pre_ai,Improvement,0
257,1.4634146341463414,41,2,CAMEL-3144,CAMEL,pre_ai,Bug,1
347,3.1153846153846154,26,2,CAMEL-2743,CAMEL,pre_ai,Bug,1
3004,2.3870967741935485,310,6,CAMEL-3141,CAMEL,pre_ai,Bug,1
1741,2.1485148514851486,202,3,CAMEL-3143,CAMEL,pre_ai,Bug,1
1594,2.2142857142857144,182,3,CAMEL-3140,CAMEL,pre_ai,Improvement,0
721,2.3947368421052633,76,6,CAMEL-3149,CAMEL,pre_ai,Improvement,0
490,1.445945945945946,74,2,CAMEL-3153,CAMEL,pre_ai,Improvement,0
41,1.6,5,1,CAMEL-3158,CAMEL,pre_ai,Bug,1
601,2.811320754716981,53,1,CAMEL-3159,CAMEL,pre_ai,Improvement,0
772,6.357142857142857,28,3,CAMEL-3166,CAMEL,pre_ai,Improvement,0
1133,2.557377049180328,122,5,CAMEL-3160,CAMEL,pre_ai,Improvement,0
125,1.206896551724138,29,1,CAMEL-3170,CAMEL,pre_ai,Bug,1
468,2.4482758620689653,58,3,CAMEL-2936,CAMEL,pre_ai,New Feature,0
1502,4.511111111111111,90,6,CAMEL-3174,CAMEL,pre_ai,Bug,1
1088,1.6538461538461537,182,3,CAMEL-3182,CAMEL,pre_ai,Improvement,0
194,8.5,6,1,CAMEL-3185,CAMEL,pre_ai,Bug,1
682,5.470588235294118,34,3,CAMEL-3187,CAMEL,pre_ai,Bug,1
234,5.888888888888889,9,1,CAMEL-3151,CAMEL,pre_ai,Bug,1
89,2.1666666666666665,6,1,CAMEL-3193,CAMEL,pre_ai,Bug,1
926,3.3908045977011496,87,4,CAMEL-3188,CAMEL,pre_ai,Bug,1
430,4.0,28,1,CAMEL-3199,CAMEL,pre_ai,Bug,1
1566,2.235955056179775,178,1,CAMEL-3198,CAMEL,pre_ai,Bug,1
181,3.4166666666666665,12,1,CAMEL-3201,CAMEL,pre_ai,Bug,1
294,2.15625,32,1,CAMEL-3203,CAMEL,pre_ai,Bug,1
975,4.884615384615385,52,2,CAMEL-3191,CAMEL,pre_ai,Task,0
181,3.3333333333333335,12,1,CAMEL-3169,CAMEL,pre_ai,Improvement,0
210,2.6470588235294117,17,2,CAMEL-3205,CAMEL,pre_ai,New Feature,0
210,2.6470588235294117,17,2,CAMEL-3190,CAMEL,pre_ai,Improvement,0
181,1.0,42,2,CAMEL-3212,CAMEL,pre_ai,Improvement,0
327,2.6153846153846154,26,2,CAMEL-3208,CAMEL,pre_ai,Improvement,0
147,2.1176470588235294,17,1,CAMEL-3216,CAMEL,pre_ai,Bug,1
1270,1.4583333333333333,192,2,CAMEL-3210,CAMEL,pre_ai,Improvement,0
279,2.769230769230769,26,1,CAMEL-3220,CAMEL,pre_ai,Bug,1
11,1.0,2,1,CAMEL-3221,CAMEL,pre_ai,Task,0
333,2.4583333333333335,24,3,CAMEL-3219,CAMEL,pre_ai,Bug,1
445,2.2954545454545454,44,4,CAMEL-1350,CAMEL,pre_ai,New Feature,0
294,3.1176470588235294,17,1,CAMEL-3230,CAMEL,pre_ai,Improvement,0
361,2.4411764705882355,34,1,CAMEL-3231,CAMEL,pre_ai,Bug,1
195,4.75,12,1,CAMEL-3223,CAMEL,pre_ai,Bug,1
1309,2.125874125874126,143,11,CAMEL-3242,CAMEL,pre_ai,Improvement,0
4366,1.4851190476190477,672,17,CAMEL-3222,CAMEL,pre_ai,Improvement,0
95,1.7333333333333334,15,1,CAMEL-3250,CAMEL,pre_ai,Improvement,0
195,1.3448275862068966,29,1,CAMEL-3252,CAMEL,pre_ai,Bug,1
60,1.2222222222222223,9,1,CAMEL-3255,CAMEL,pre_ai,New Feature,0
56,2.0,4,1,CAMEL-3263,CAMEL,pre_ai,Improvement,0
312,2.4473684210526314,38,1,CAMEL-3276,CAMEL,pre_ai,Bug,1
380,2.2564102564102564,39,1,CAMEL-3277,CAMEL,pre_ai,Bug,1
312,2.4473684210526314,38,1,CAMEL-3270,CAMEL,pre_ai,Task,0
97,1.7272727272727273,11,1,CAMEL-3275,CAMEL,pre_ai,Improvement,0
185,1.5714285714285714,28,1,CAMEL-3281,CAMEL,pre_ai,Bug,1
448,2.1320754716981134,53,1,CAMEL-3289,CAMEL,pre_ai,Task,0
1581,2.2333333333333334,180,1,CAMEL-3241,CAMEL,pre_ai,New Feature,0
231,1.4642857142857142,28,2,CAMEL-3197,CAMEL,pre_ai,New Feature,0
1310,1.4849785407725322,233,3,CAMEL-3293,CAMEL,pre_ai,Improvement,0
66,3.3333333333333335,3,1,CAMEL-3269,CAMEL,pre_ai,Bug,1
1848,1.4658385093167703,322,5,CAMEL-3286,CAMEL,pre_ai,Bug,1
21,1.0,2,1,CAMEL-2452,CAMEL,pre_ai,Bug,1
91,3.142857142857143,7,1,CAMEL-3302,CAMEL,pre_ai,Bug,1
105,3.4285714285714284,7,1,CAMEL-3313,CAMEL,pre_ai,Improvement,0
1173,1.3837837837837839,185,1,CAMEL-3314,CAMEL,pre_ai,Bug,1
129,2.727272727272727,11,1,CAMEL-2737,CAMEL,pre_ai,New Feature,0
274,3.176470588235294,17,3,CAMEL-3298,CAMEL,pre_ai,Bug,1
463,2.3636363636363638,44,2,CAMEL-3318,CAMEL,pre_ai,Improvement,0
204,3.4444444444444446,9,1,CAMEL-3321,CAMEL,pre_ai,Bug,1
463,2.5714285714285716,42,3,CAMEL-3192,CAMEL,pre_ai,Improvement,0
994,2.053435114503817,131,3,CAMEL-3793,CAMEL,pre_ai,Improvement,0
46,1.5,4,1,CAMEL-3925,CAMEL,pre_ai,Bug,1
515,6.777777777777778,18,1,CAMEL-3927,CAMEL,pre_ai,Bug,1
539,1.6712328767123288,73,5,CAMEL-3926,CAMEL,pre_ai,New Feature,0
450,1.4367816091954022,87,1,CAMEL-3930,CAMEL,pre_ai,Improvement,0
275,1.394736842105263,38,1,CAMEL-3936,CAMEL,pre_ai,Bug,1
20,1.0,3,2,CAMEL-3747,CAMEL,pre_ai,New Feature,0
219,2.0833333333333335,24,3,CAMEL-3928,CAMEL,pre_ai,Bug,1
858,2.3781512605042017,119,4,CAMEL-3949,CAMEL,pre_ai,Improvement,0
680,4.27027027027027,37,2,CAMEL-3954,CAMEL,pre_ai,Improvement,0
1672,2.235294117647059,153,11,CAMEL-3922,CAMEL,pre_ai,Improvement,0
2043,2.0,232,16,CAMEL-3260,CAMEL,pre_ai,Improvement,0
2043,2.0,232,16,CAMEL-3953,CAMEL,pre_ai,Improvement,0
58,1.5714285714285714,7,1,CAMEL-3950,CAMEL,pre_ai,Bug,1
7,1.0,1,1,CAMEL-3955,CAMEL,pre_ai,Improvement,0
226,4.214285714285714,14,2,CAMEL-3942,CAMEL,pre_ai,Bug,1
288,2.0,32,1,CAMEL-3958,CAMEL,pre_ai,Improvement,0
518,1.5633802816901408,71,3,CAMEL-3959,CAMEL,pre_ai,Bug,1
148,2.466666666666667,15,1,CAMEL-3965,CAMEL,pre_ai,Bug,1
481,1.0714285714285714,70,5,CAMEL-3963,CAMEL,pre_ai,Improvement,0
826,3.1864406779661016,59,2,CAMEL-3967,CAMEL,pre_ai,Bug,1
1050,1.6171875,128,7,CAMEL-3909,CAMEL,pre_ai,Bug,1
181,1.206896551724138,29,1,CAMEL-3973,CAMEL,pre_ai,Improvement,0
2020,2.0497925311203318,241,4,CAMEL-3970,CAMEL,pre_ai,New Feature,0
263,1.1578947368421053,38,3,CAMEL-3975,CAMEL,pre_ai,Improvement,0
517,3.292682926829268,41,5,CAMEL-3972,CAMEL,pre_ai,New Feature,0
224,1.1666666666666667,42,2,CAMEL-3869,CAMEL,pre_ai,Improvement,0
257,2.230769230769231,26,1,CAMEL-3780,CAMEL,pre_ai,Improvement,0
290,4.388888888888889,18,1,CAMEL-3979,CAMEL,pre_ai,Bug,1
1249,1.4136125654450262,191,1,CAMEL-3971,CAMEL,pre_ai,Bug,1
1249,1.4136125654450262,191,1,CAMEL-3984,CAMEL,pre_ai,Improvement,0
53,1.2857142857142858,7,1,CAMEL-3980,CAMEL,pre_ai,Improvement,0
62,2.4,5,1,CAMEL-3962,CAMEL,pre_ai,Improvement,0
285,4.583333333333333,12,2,CAMEL-3987,CAMEL,pre_ai,Improvement,0
421,2.857142857142857,49,2,CAMEL-3996,CAMEL,pre_ai,Improvement,0
492,1.04,125,4,CAMEL-4002,CAMEL,pre_ai,Improvement,0
682,1.4854368932038835,103,6,CAMEL-3325,CAMEL,pre_ai,New Feature,0
56,1.3333333333333333,9,1,CAMEL-3935,CAMEL,pre_ai,New Feature,0
48,8.0,2,1,CAMEL-4005,CAMEL,pre_ai,Improvement,0
63,2.25,4,2,CAMEL-3911,CAMEL,pre_ai,Improvement,0
191,2.4,25,1,CAMEL-4011,CAMEL,pre_ai,Bug,1
516,6.833333333333333,18,1,CAMEL-4016,CAMEL,pre_ai,Improvement,0
1669,2.1927083333333335,192,1,CAMEL-4021,CAMEL,pre_ai,Bug,1
51,1.8,5,1,CAMEL-4019,CAMEL,pre_ai,Improvement,0
334,1.6379310344827587,58,1,CAMEL-3964,CAMEL,pre_ai,Improvement,0
1508,1.335593220338983,295,2,CAMEL-3781,CAMEL,pre_ai,New Feature,0
648,3.0454545454545454,44,2,CAMEL-4025,CAMEL,pre_ai,Bug,1
63,2.2,5,1,CAMEL-3974,CAMEL,pre_ai,Bug,1
683,5.166666666666667,30,2,CAMEL-4030,CAMEL,pre_ai,Improvement,0
195,2.5384615384615383,13,1,CAMEL-3834,CAMEL,pre_ai,Bug,1
167,1.7647058823529411,17,2,CAMEL-3934,CAMEL,pre_ai,Bug,1
2019,2.3564814814814814,216,2,CAMEL-4009,CAMEL,pre_ai,Improvement,0
160,1.3636363636363635,22,3,CAMEL-4033,CAMEL,pre_ai,Improvement,0
176,3.923076923076923,13,1,CAMEL-4035,CAMEL,pre_ai,Improvement,0
593,2.5090909090909093,55,1,CAMEL-4037,CAMEL,pre_ai,Improvement,0
557,5.0,28,1,CAMEL-4040,CAMEL,pre_ai,Improvement,0
289,5.076923076923077,13,4,CAMEL-4036,CAMEL,pre_ai,Improvement,0
508,4.033333333333333,30,2,CAMEL-2525,CAMEL,pre_ai,New Feature,0
119,2.4166666666666665,12,1,CAMEL-4051,CAMEL,pre_ai,Improvement,0
723,2.36,75,7,CAMEL-4038,CAMEL,pre_ai,Improvement,0
1442,1.4790697674418605,215,3,CAMEL-4050,CAMEL,pre_ai,Improvement,0
75,1.7,10,1,CAMEL-4052,CAMEL,pre_ai,Improvement,0
208,2.125,24,1,CAMEL-4053,CAMEL,pre_ai,Improvement,0
292,2.2857142857142856,28,2,CAMEL-3560,CAMEL,pre_ai,Bug,1
307,1.6944444444444444,36,2,CAMEL-3554,CAMEL,pre_ai,Improvement,0
1797,1.540192926045016,311,3,CAMEL-3566,CAMEL,pre_ai,Improvement,0
297,4.846153846153846,13,1,CAMEL-3562,CAMEL,pre_ai,Improvement,0
26,1.5,2,1,CAMEL-3569,CAMEL,pre_ai,Bug,1
75,3.0,5,1,CAMEL-3565,CAMEL,pre_ai,Improvement,0
249,6.333333333333333,9,1,CAMEL-3596,CAMEL,pre_ai,Improvement,0
268,1.967741935483871,31,2,CAMEL-3581,CAMEL,pre_ai,Bug,1
225,3.0952380952380953,21,2,CAMEL-3575,CAMEL,pre_ai,Bug,1
480,5.722222222222222,18,1,CAMEL-2630,CAMEL,pre_ai,New Feature,0
235,1.5789473684210527,38,2,CAMEL-3587,CAMEL,pre_ai,Improvement,0
1024,1.85,140,8,CAMEL-3592,CAMEL,pre_ai,Improvement,0
1367,5.066666666666666,75,3,CAMEL-3595,CAMEL,pre_ai,Bug,1
97,2.857142857142857,7,1,CAMEL-3580,CAMEL,pre_ai,Improvement,0
545,1.2019230769230769,104,1,CAMEL-3577,CAMEL,pre_ai,Improvement,0
246,2.1666666666666665,24,1,CAMEL-3585,CAMEL,pre_ai,Task,0
3861,1.618032786885246,610,20,CAMEL-3600,CAMEL,pre_ai,Improvement,0
431,1.44,75,3,CAMEL-3573,CAMEL,pre_ai,Improvement,0
34,1.25,4,1,CAMEL-3614,CAMEL,pre_ai,Bug,1
867,1.3529411764705883,119,9,CAMEL-3501,CAMEL,pre_ai,New Feature,0
260,1.1956521739130435,46,2,CAMEL-3602,CAMEL,pre_ai,Improvement,0
1185,2.594059405940594,101,6,CAMEL-3608,CAMEL,pre_ai,Bug,1
353,2.142857142857143,28,2,CAMEL-3624,CAMEL,pre_ai,Improvement,0
152,1.368421052631579,19,3,CAMEL-3610,CAMEL,pre_ai,New Feature,0
205,1.6333333333333333,30,1,CAMEL-3438,CAMEL,pre_ai,Bug,1
322,2.3333333333333335,33,1,CAMEL-3239,CAMEL,pre_ai,Improvement,0
346,2.4242424242424243,33,1,CAMEL-3579,CAMEL,pre_ai,Improvement,0
346,2.4242424242424243,33,1,CAMEL-3633,CAMEL,pre_ai,Improvement,0
933,1.2951807228915662,166,3,CAMEL-3576,CAMEL,pre_ai,Improvement,0
1530,2.226993865030675,163,9,CAMEL-3603,CAMEL,pre_ai,Task,0
385,1.7307692307692308,52,2,CAMEL-3634,CAMEL,pre_ai,New Feature,0
151,2.6,15,1,CAMEL-3584,CAMEL,pre_ai,Bug,1
488,7.5,16,1,CAMEL-3643,CAMEL,pre_ai,Improvement,0
583,1.621212121212121,66,7,CAMEL-3628,CAMEL,pre_ai,Improvement,0
196,1.625,24,1,CAMEL-3629,CAMEL,pre_ai,Improvement,0
33,2.0,3,1,CAMEL-3645,CAMEL,pre_ai,Improvement,0
602,2.843137254901961,51,2,CAMEL-3647,CAMEL,pre_ai,Improvement,0
28,1.0,3,3,CAMEL-3646,CAMEL,pre_ai,New Feature,0
99,1.2142857142857142,14,1,CAMEL-3648,CAMEL,pre_ai,New Feature,0
53,4.0,3,1,CAMEL-3563,CAMEL,pre_ai,Improvement,0
1673,2.232804232804233,189,1,CAMEL-3639,CAMEL,pre_ai,Task,0
350,1.0666666666666667,60,4,CAMEL-3653,CAMEL,pre_ai,Task,0
2652,3.2880434782608696,184,13,CAMEL-3652,CAMEL,pre_ai,Improvement,0
124,2.25,12,1,CAMEL-3640,CAMEL,pre_ai,Bug,1
1439,2.5107913669064748,139,8,CAMEL-3644,CAMEL,pre_ai,Improvement,0
918,1.8515625,128,3,CAMEL-3657,CAMEL,pre_ai,Task,0
1751,2.1959798994974875,199,4,CAMEL-3654,CAMEL,pre_ai,Improvement,0
557,1.036764705882353,136,7,CAMEL-1353,CAMEL,pre_ai,New Feature,0
476,1.75,56,8,CAMEL-3630,CAMEL,pre_ai,Task,0
97,1.411764705882353,17,1,CAMEL-3664,CAMEL,pre_ai,Bug,1
539,1.7763157894736843,76,2,CAMEL-3665,CAMEL,pre_ai,Improvement,0
194,8.833333333333334,6,1,CAMEL-3666,CAMEL,pre_ai,Bug,1
35,1.0,6,1,CAMEL-3668,CAMEL,pre_ai,Improvement,0
579,4.228571428571429,35,2,CAMEL-3670,CAMEL,pre_ai,Bug,1
2935,1.7010050251256281,398,11,CAMEL-3661,CAMEL,pre_ai,New Feature,0
1918,1.53125,288,4,CAMEL-3672,CAMEL,pre_ai,Improvement,0
631,3.2093023255813953,43,2,CAMEL-3675,CAMEL,pre_ai,Bug,1
515,1.5555555555555556,72,1,CAMEL-3681,CAMEL,pre_ai,Improvement,0
98,1.8,10,2,CAMEL-3676,CAMEL,pre_ai,Task,0
515,7.529411764705882,17,1,CAMEL-3683,CAMEL,pre_ai,Improvement,0
652,3.311111111111111,45,1,CAMEL-3685,CAMEL,pre_ai,Bug,1
1279,1.395,200,2,CAMEL-3678,CAMEL,pre_ai,Improvement,0
123,3.4285714285714284,7,1,CAMEL-3694,CAMEL,pre_ai,Improvement,0
1673,2.238095238095238,189,1,CAMEL-3690,CAMEL,pre_ai,Bug,1
58,1.375,8,1,CAMEL-3490,CAMEL,pre_ai,New Feature,0
311,3.473684210526316,19,2,CAMEL-3695,CAMEL,pre_ai,Task,0
575,3.0,40,1,CAMEL-3696,CAMEL,pre_ai,Improvement,0
35,1.0,7,1,CAMEL-3689,CAMEL,pre_ai,New Feature,0
1606,1.42,250,5,CAMEL-3703,CAMEL,pre_ai,Improvement,0
1333,1.4554455445544554,202,2,CAMEL-3707,CAMEL,pre_ai,Improvement,0
2378,1.3186813186813187,455,16,CAMEL-3692,CAMEL,pre_ai,Improvement,0
434,4.035714285714286,28,1,CAMEL-3713,CAMEL,pre_ai,Bug,1
151,1.3636363636363635,22,2,CAMEL-3709,CAMEL,pre_ai,Bug,1
181,4.909090909090909,11,1,CAMEL-3711,CAMEL,pre_ai,Bug,1
157,1.032258064516129,31,1,CAMEL-3712,CAMEL,pre_ai,Improvement,0
580,3.075,40,1,CAMEL-3620,CAMEL,pre_ai,Bug,1
907,3.1940298507462686,67,5,CAMEL-3715,CAMEL,pre_ai,Bug,1
1009,1.3818181818181818,165,12,CAMEL-3693,CAMEL,pre_ai,Improvement,0
1026,4.130434782608695,69,4,CAMEL-3718,CAMEL,pre_ai,Bug,1
121,2.6,10,1,CAMEL-3720,CAMEL,pre_ai,Bug,1
5286,1.40534262485482,861,36,CAMEL-3708,CAMEL,pre_ai,Improvement,0
827,1.8105263157894738,95,2,CAMEL-3724,CAMEL,pre_ai,Task,0
1139,2.1130434782608694,115,7,CAMEL-3674,CAMEL,pre_ai,New Feature,0
133,1.9411764705882353,17,1,CAMEL-3721,CAMEL,pre_ai,Improvement,0
53,4.0,3,1,CAMEL-3651,CAMEL,pre_ai,New Feature,0
858,2.3376623376623376,77,5,CAMEL-3722,CAMEL,pre_ai,Improvement,0
133,1.2692307692307692,26,1,CAMEL-3570,CAMEL,pre_ai,Improvement,0
801,2.5277777777777777,72,2,CAMEL-3727,CAMEL,pre_ai,Bug,1
392,2.4285714285714284,28,2,CAMEL-3650,CAMEL,pre_ai,Bug,1
67,5.2,5,1,CAMEL-3731,CAMEL,pre_ai,Improvement,0
81,3.0,6,1,CAMEL-3738,CAMEL,pre_ai,Improvement,0
426,2.2666666666666666,45,3,CAMEL-3726,CAMEL,pre_ai,Improvement,0
328,1.4230769230769231,52,4,CAMEL-3737,CAMEL,pre_ai,Task,0
1550,1.3951612903225807,248,3,CAMEL-3736,CAMEL,pre_ai,Task,0
286,4.588235294117647,17,1,CAMEL-3745,CAMEL,pre_ai,Improvement,0
555,4.838709677419355,31,1,CAMEL-3749,CAMEL,pre_ai,Bug,1
114,2.857142857142857,7,2,CAMEL-3741,CAMEL,pre_ai,New Feature,0
74,1.6666666666666667,9,1,CAMEL-3549,CAMEL,pre_ai,Improvement,0
761,1.5441176470588236,136,1,CAMEL-3753,CAMEL,pre_ai,Bug,1
15,1.0,2,1,CAMEL-3612,CAMEL,pre_ai,Improvement,0
131,1.2142857142857142,28,1,CAMEL-3757,CAMEL,pre_ai,Bug,1
195,1.6842105263157894,19,3,CAMEL-3739,CAMEL,pre_ai,Improvement,0
248,1.6956521739130435,23,1,CAMEL-3760,CAMEL,pre_ai,Bug,1
440,1.8032786885245902,61,1,CAMEL-3761,CAMEL,pre_ai,Improvement,0
321,1.459016393442623,61,1,CAMEL-3769,CAMEL,pre_ai,Bug,1
148,2.125,16,2,CAMEL-3783,CAMEL,pre_ai,Improvement,0
1436,1.5914893617021277,235,3,CAMEL-3782,CAMEL,pre_ai,Improvement,0
237,2.5714285714285716,21,1,CAMEL-3773,CAMEL,pre_ai,Improvement,0
98,3.4,5,1,CAMEL-3768,CAMEL,pre_ai,Improvement,0
266,5.153846153846154,13,1,CAMEL-3788,CAMEL,pre_ai,Bug,1
200,1.2727272727272727,33,5,CAMEL-3476,CAMEL,pre_ai,New Feature,0
556,1.3548387096774193,93,7,CAMEL-3794,CAMEL,pre_ai,Improvement,0
614,3.5869565217391304,46,2,CAMEL-3798,CAMEL,pre_ai,New Feature,0
685,1.9518072289156627,83,4,CAMEL-3778,CAMEL,pre_ai,New Feature,0
139,3.625,8,1,CAMEL-3808,CAMEL,pre_ai,Bug,1
1232,1.4054054054054055,222,2,CAMEL-3802,CAMEL,pre_ai,Bug,1
177,2.272727272727273,22,1,CAMEL-3805,CAMEL,pre_ai,Bug,1
705,1.8020833333333333,96,1,CAMEL-3809,CAMEL,pre_ai,Improvement,0
146,1.7894736842105263,19,1,CAMEL-3811,CAMEL,pre_ai,Improvement,0
172,2.111111111111111,18,2,CAMEL-3807,CAMEL,pre_ai,Improvement,0
93,1.6666666666666667,15,1,CAMEL-3812,CAMEL,pre_ai,Bug,1
500,7.0,17,1,CAMEL-3806,CAMEL,pre_ai,Bug,1
413,2.2325581395348837,43,4,CAMEL-3789,CAMEL,pre_ai,Bug,1
563,2.085714285714286,70,1,CAMEL-3813,CAMEL,pre_ai,Improvement,0
559,3.6052631578947367,38,2,CAMEL-3816,CAMEL,pre_ai,Bug,1
130,1.2142857142857142,28,1,CAMEL-3795,CAMEL,pre_ai,Bug,1
150,4.714285714285714,7,1,CAMEL-3790,CAMEL,pre_ai,Improvement,0
111,1.3571428571428572,14,1,CAMEL-3546,CAMEL,pre_ai,New Feature,0
955,3.051282051282051,78,2,CAMEL-3810,CAMEL,pre_ai,Bug,1
3582,1.945137157107232,401,8,CAMEL-3817,CAMEL,pre_ai,Improvement,0
439,1.3384615384615384,65,6,CAMEL-3804,CAMEL,pre_ai,Improvement,0
533,3.5428571428571427,35,1,CAMEL-3792,CAMEL,pre_ai,Improvement,0
2580,2.483739837398374,246,6,CAMEL-3827,CAMEL,pre_ai,New Feature,0
578,2.026666666666667,75,5,CAMEL-3833,CAMEL,pre_ai,New Feature,0
395,1.625,56,1,CAMEL-3818,CAMEL,pre_ai,Improvement,0
359,2.78125,32,1,CAMEL-3847,CAMEL,pre_ai,Bug,1
768,1.536231884057971,138,1,CAMEL-3828,CAMEL,pre_ai,Bug,1
912,2.0,110,9,CAMEL-3831,CAMEL,pre_ai,New Feature,0
630,2.9347826086956523,46,1,CAMEL-3850,CAMEL,pre_ai,Bug,1
1447,1.3690987124463518,233,2,CAMEL-3556,CAMEL,pre_ai,New Feature,0
51,3.3333333333333335,3,1,CAMEL-3800,CAMEL,pre_ai,Improvement,0
117,3.1666666666666665,6,1,CAMEL-3826,CAMEL,pre_ai,Bug,1
38,1.0,3,1,CAMEL-3702,CAMEL,pre_ai,Bug,1
1766,2.2888888888888888,180,12,CAMEL-3623,CAMEL,pre_ai,Improvement,0
1573,1.3928571428571428,224,4,CAMEL-3424,CAMEL,pre_ai,New Feature,0
384,1.3384615384615384,65,2,CAMEL-3857,CAMEL,pre_ai,Improvement,0
344,1.3636363636363635,33,3,CAMEL-3688,CAMEL,pre_ai,New Feature,0
203,2.1904761904761907,21,2,CAMEL-3859,CAMEL,pre_ai,Improvement,0
210,1.25,40,2,CAMEL-3866,CAMEL,pre_ai,Improvement,0
151,3.111111111111111,9,1,CAMEL-2194,CAMEL,pre_ai,Improvement,0
260,4.583333333333333,12,1,CAMEL-3860,CAMEL,pre_ai,Bug,1
490,1.8666666666666667,60,3,CAMEL-3871,CAMEL,pre_ai,Improvement,0
131,5.0,6,1,CAMEL-3862,CAMEL,pre_ai,Bug,1
1511,1.4050632911392404,237,4,CAMEL-1669,CAMEL,pre_ai,New Feature,0
477,1.7878787878787878,66,1,CAMEL-3877,CAMEL,pre_ai,Bug,1
517,3.138888888888889,36,1,CAMEL-3878,CAMEL,pre_ai,Bug,1
462,1.8275862068965518,58,4,CAMEL-3873,CAMEL,pre_ai,Bug,1
575,7.1,20,2,CAMEL-3842,CAMEL,pre_ai,Bug,1
306,4.315789473684211,19,1,CAMEL-3714,CAMEL,pre_ai,Improvement,0
632,2.610169491525424,59,1,CAMEL-3883,CAMEL,pre_ai,Task,0
216,3.7142857142857144,14,1,CAMEL-3884,CAMEL,pre_ai,Improvement,0
217,1.72,25,1,CAMEL-3823,CAMEL,pre_ai,Task,0
475,1.1477272727272727,88,6,CAMEL-3874,CAMEL,pre_ai,Improvement,0
393,1.5,52,2,CAMEL-3887,CAMEL,pre_ai,Improvement,0
62,1.1666666666666667,12,2,CAMEL-3886,CAMEL,pre_ai,Improvement,0
452,1.411764705882353,68,2,CAMEL-3853,CAMEL,pre_ai,New Feature,0
192,2.2857142857142856,21,1,CAMEL-3891,CAMEL,pre_ai,Improvement,0
1292,1.5529953917050692,217,2,CAMEL-3893,CAMEL,pre_ai,Improvement,0
418,1.8421052631578947,38,6,CAMEL-3852,CAMEL,pre_ai,Improvement,0
38,1.0,7,1,CAMEL-3896,CAMEL,pre_ai,Improvement,0
784,3.8840579710144927,69,1,CAMEL-3531,CAMEL,pre_ai,Bug,1
170,2.2857142857142856,21,1,CAMEL-3902,CAMEL,pre_ai,Bug,1
136,3.625,8,1,CAMEL-3803,CAMEL,pre_ai,Improvement,0
239,3.210526315789474,19,1,CAMEL-3908,CAMEL,pre_ai,Improvement,0
131,4.833333333333333,6,1,CAMEL-3905,CAMEL,pre_ai,Improvement,0
220,2.6818181818181817,22,1,CAMEL-3913,CAMEL,pre_ai,Bug,1
240,2.8421052631578947,19,2,CAMEL-3914,CAMEL,pre_ai,Improvement,0
212,1.8076923076923077,26,2,CAMEL-3916,CAMEL,pre_ai,Improvement,0
159,1.4074074074074074,27,3,CAMEL-3889,CAMEL,pre_ai,Improvement,0
213,2.1153846153846154,26,2,CAMEL-3912,CAMEL,pre_ai,Bug,1
150,1.0714285714285714,14,7,CAMEL-3918,CAMEL,pre_ai,Improvement,0
100,2.857142857142857,7,1,CAMEL-3917,CAMEL,pre_ai,Bug,1
40,1.6666666666666667,3,1,CAMEL-4042,CAMEL,pre_ai,Improvement,0
1262,1.4196891191709844,193,1,CAMEL-3994,CAMEL,pre_ai,Improvement,0
678,1.6610169491525424,59,2,CAMEL-4067,CAMEL,pre_ai,Bug,1
814,3.34,50,2,CAMEL-4072,CAMEL,pre_ai,Task,0
149,1.7647058823529411,17,3,CAMEL-3983,CAMEL,pre_ai,New Feature,0
182,3.4166666666666665,12,1,CAMEL-4079,CAMEL,pre_ai,Bug,1
41,1.5,4,1,CAMEL-4041,CAMEL,pre_ai,Improvement,0
467,1.372340425531915,94,1,CAMEL-4022,CAMEL,pre_ai,Bug,1
223,1.40625,32,2,CAMEL-4073,CAMEL,pre_ai,Bug,1
500,1.3978494623655915,93,1,CAMEL-4076,CAMEL,pre_ai,Bug,1
724,5.5,32,2,CAMEL-4077,CAMEL,pre_ai,Improvement,0
22,1.0,5,1,CAMEL-4082,CAMEL,pre_ai,Improvement,0
47,1.5,6,1,CAMEL-4089,CAMEL,pre_ai,Bug,1
93,1.0454545454545454,22,1,CAMEL-4090,CAMEL,pre_ai,New Feature,0
566,4.088235294117647,34,2,CAMEL-4083,CAMEL,pre_ai,Bug,1
520,4.833333333333333,30,2,CAMEL-4100,CAMEL,pre_ai,Improvement,0
135,1.7222222222222223,18,1,CAMEL-4099,CAMEL,pre_ai,Bug,1
270,2.1666666666666665,30,1,CAMEL-4103,CAMEL,pre_ai,Improvement,0
550,3.3513513513513513,37,1,CAMEL-4106,CAMEL,pre_ai,Improvement,0
257,2.3793103448275863,29,2,CAMEL-4105,CAMEL,pre_ai,Bug,1
208,1.1,20,2,CAMEL-4111,CAMEL,pre_ai,Improvement,0
2815,1.6755852842809364,299,35,CAMEL-3750,CAMEL,pre_ai,New Feature,0
112,1.3157894736842106,19,1,CAMEL-4061,CAMEL,pre_ai,Improvement,0
85,1.125,8,2,CAMEL-4112,CAMEL,pre_ai,Improvement,0
91,2.375,8,1,CAMEL-3759,CAMEL,pre_ai,Improvement,0
176,2.1052631578947367,19,1,CAMEL-4115,CAMEL,pre_ai,Improvement,0
3836,1.8729166666666666,480,11,CAMEL-4117,CAMEL,pre_ai,Improvement,0
3836,1.8729166666666666,480,11,CAMEL-4121,CAMEL,pre_ai,Improvement,0
672,3.5,44,2,CAMEL-1817,CAMEL,pre_ai,Improvement,0
1306,2.135294117647059,170,3,CAMEL-4123,CAMEL,pre_ai,Improvement,0
1306,2.135294117647059,170,3,CAMEL-4124,CAMEL,pre_ai,Bug,1
96,1.7142857142857142,7,2,CAMEL-4120,CAMEL,pre_ai,Improvement,0
435,3.2142857142857144,28,2,CAMEL-4128,CAMEL,pre_ai,Improvement,0
200,1.2580645161290323,31,1,CAMEL-4122,CAMEL,pre_ai,Improvement,0
671,3.0930232558139537,43,1,CAMEL-4133,CAMEL,pre_ai,Bug,1
120,2.875,8,1,CAMEL-4129,CAMEL,pre_ai,Improvement,0
168,1.4583333333333333,24,2,CAMEL-4130,CAMEL,pre_ai,Improvement,0
108,2.75,8,1,CAMEL-4143,CAMEL,pre_ai,Bug,1
48,1.0,1,1,CAMEL-4055,CAMEL,pre_ai,Improvement,0
181,2.142857142857143,21,1,CAMEL-4153,CAMEL,pre_ai,Improvement,0
145,1.3703703703703705,27,2,CAMEL-4154,CAMEL,pre_ai,Improvement,0
1823,2.203125,192,2,CAMEL-4155,CAMEL,pre_ai,Improvement,0
444,1.6615384615384616,65,2,CAMEL-4149,CAMEL,pre_ai,Bug,1
73,2.0,5,1,CAMEL-4136,CAMEL,pre_ai,Improvement,0
68,1.7142857142857142,7,1,CAMEL-4126,CAMEL,pre_ai,Improvement,0
14,1.0,1,1,CAMEL-4109,CAMEL,pre_ai,Sub-task,0
1105,2.2710280373831777,107,8,CAMEL-4156,CAMEL,pre_ai,Improvement,0
52,1.5555555555555556,9,1,CAMEL-3931,CAMEL,pre_ai,Task,0
282,4.5,12,2,CAMEL-4114,CAMEL,pre_ai,Improvement,0
289,3.55,20,1,CAMEL-3948,CAMEL,pre_ai,Bug,1
305,2.0277777777777777,36,3,CAMEL-3655,CAMEL,pre_ai,Improvement,0
219,1.7407407407407407,27,2,CAMEL-4158,CAMEL,pre_ai,Improvement,0
219,1.7407407407407407,27,2,CAMEL-4145,CAMEL,pre_ai,Improvement,0
440,2.972972972972973,37,1,CAMEL-4293,CAMEL,pre_ai,Bug,1
763,2.625,56,2,CAMEL-4118,CAMEL,pre_ai,Improvement,0
140,2.8181818181818183,11,1,CAMEL-4305,CAMEL,pre_ai,Bug,1
326,3.888888888888889,18,1,CAMEL-4254,CAMEL,pre_ai,Bug,1
429,5.0588235294117645,17,2,CAMEL-4311,CAMEL,pre_ai,Bug,1
267,1.8666666666666667,30,3,CAMEL-4031,CAMEL,pre_ai,Improvement,0
403,2.269230769230769,52,2,CAMEL-4314,CAMEL,pre_ai,Improvement,0
6039,1.5848648648648649,925,26,CAMEL-3888,CAMEL,pre_ai,Improvement,0
152,1.3333333333333333,21,1,CAMEL-4299,CAMEL,pre_ai,Bug,1
266,5.071428571428571,14,1,CAMEL-4322,CAMEL,pre_ai,Bug,1
310,2.0277777777777777,36,3,CAMEL-4318,CAMEL,pre_ai,Bug,1
150,1.1851851851851851,27,1,CAMEL-4326,CAMEL,pre_ai,Bug,1
1748,1.3815384615384616,325,5,CAMEL-3938,CAMEL,pre_ai,Improvement,0
328,1.3076923076923077,65,1,CAMEL-4329,CAMEL,pre_ai,Bug,1
304,4.2631578947368425,19,1,CAMEL-4202,CAMEL,pre_ai,Improvement,0
933,1.5632911392405062,158,1,CAMEL-4333,CAMEL,pre_ai,Improvement,0
2008,2.0675675675675675,222,5,CAMEL-4298,CAMEL,pre_ai,Task,0
44,1.75,4,1,CAMEL-4137,CAMEL,pre_ai,Bug,1
143,1.7333333333333334,15,1,CAMEL-4310,CAMEL,pre_ai,Improvement,0
347,5.769230769230769,13,1,CAMEL-4337,CAMEL,pre_ai,Improvement,0
282,4.095238095238095,21,2,CAMEL-4338,CAMEL,pre_ai,Improvement,0
1122,1.821656050955414,157,4,CAMEL-4281,CAMEL,pre_ai,Improvement,0
526,1.5405405405405406,74,1,CAMEL-4342,CAMEL,pre_ai,Improvement,0
683,2.26027397260274,73,12,CAMEL-4110,CAMEL,pre_ai,Sub-task,0
367,1.6666666666666667,48,2,CAMEL-4339,CAMEL,pre_ai,Improvement,0
485,1.7647058823529411,68,1,CAMEL-4217,CAMEL,pre_ai,Improvement,0
145,1.4736842105263157,19,2,CAMEL-4347,CAMEL,pre_ai,Improvement,0
619,2.8181818181818183,55,3,CAMEL-4346,CAMEL,pre_ai,New Feature,0
91,1.0,12,2,CAMEL-4348,CAMEL,pre_ai,Improvement,0
399,2.8,35,2,CAMEL-4352,CAMEL,pre_ai,Bug,1
117,1.4285714285714286,14,1,CAMEL-4344,CAMEL,pre_ai,Improvement,0
167,1.8421052631578947,19,2,CAMEL-4353,CAMEL,pre_ai,Improvement,0
1887,2.088495575221239,226,3,CAMEL-4345,CAMEL,pre_ai,Bug,1
340,1.3584905660377358,53,1,CAMEL-4343,CAMEL,pre_ai,Improvement,0
345,1.3703703703703705,54,1,CAMEL-4360,CAMEL,pre_ai,Improvement,0
191,3.1538461538461537,13,1,CAMEL-4364,CAMEL,pre_ai,Improvement,0
228,4.166666666666667,18,2,CAMEL-4359,CAMEL,pre_ai,Bug,1
61,4.666666666666667,3,1,CAMEL-4365,CAMEL,pre_ai,Bug,1
61,1.2222222222222223,9,2,CAMEL-4369,CAMEL,pre_ai,Improvement,0
529,1.5263157894736843,76,4,CAMEL-4357,CAMEL,pre_ai,Improvement,0
228,1.6363636363636365,33,1,CAMEL-4370,CAMEL,pre_ai,Bug,1
277,3.5625,16,1,CAMEL-4355,CAMEL,pre_ai,Improvement,0
279,1.8484848484848484,33,2,CAMEL-4368,CAMEL,pre_ai,Improvement,0
890,2.2421052631578946,95,4,CAMEL-4372,CAMEL,pre_ai,New Feature,0
507,1.5147058823529411,68,2,CAMEL-4374,CAMEL,pre_ai,Improvement,0
122,3.0,9,1,CAMEL-4227,CAMEL,pre_ai,Improvement,0
262,2.3333333333333335,27,1,CAMEL-4264,CAMEL,pre_ai,Bug,1
602,3.02,50,2,CAMEL-4382,CAMEL,pre_ai,Improvement,0
368,1.2375,80,1,CAMEL-4367,CAMEL,pre_ai,Bug,1
36,1.2,5,1,CAMEL-4388,CAMEL,pre_ai,Bug,1
145,1.8823529411764706,17,2,CAMEL-4383,CAMEL,pre_ai,Bug,1
120,2.8333333333333335,6,1,CAMEL-4390,CAMEL,pre_ai,Task,0
326,2.4523809523809526,42,1,CAMEL-4385,CAMEL,pre_ai,Bug,1
1182,3.8133333333333335,75,3,CAMEL-4356,CAMEL,pre_ai,Improvement,0
443,2.6923076923076925,39,2,CAMEL-4392,CAMEL,pre_ai,Improvement,0
203,2.888888888888889,18,1,CAMEL-4351,CAMEL,pre_ai,Improvement,0
708,1.9789473684210526,95,2,CAMEL-3510,CAMEL,pre_ai,Improvement,0
202,2.375,16,2,CAMEL-4324,CAMEL,pre_ai,Bug,1
160,3.3333333333333335,9,1,CAMEL-4325,CAMEL,pre_ai,Bug,1
233,1.225,40,1,CAMEL-4396,CAMEL,pre_ai,Improvement,0
93,1.1666666666666667,12,1,CAMEL-4410,CAMEL,pre_ai,Improvement,0
207,2.5294117647058822,17,1,CAMEL-4381,CAMEL,pre_ai,Improvement,0
454,1.44,50,4,CAMEL-4409,CAMEL,pre_ai,Test,0
300,2.657142857142857,35,2,CAMEL-4414,CAMEL,pre_ai,Improvement,0
39,1.0,7,1,CAMEL-4412,CAMEL,pre_ai,Improvement,0
61,1.8333333333333333,6,1,CAMEL-4402,CAMEL,pre_ai,Improvement,0
219,3.6666666666666665,9,1,CAMEL-4422,CAMEL,pre_ai,Bug,1
277,3.5625,16,1,CAMEL-4436,CAMEL,pre_ai,Bug,1
262,4.818181818181818,11,2,CAMEL-4429,CAMEL,pre_ai,Improvement,0
31,4.0,1,1,CAMEL-4433,CAMEL,pre_ai,Bug,1
517,5.7407407407407405,27,3,CAMEL-3619,CAMEL,pre_ai,Improvement,0
935,1.8925619834710743,121,3,CAMEL-4430,CAMEL,pre_ai,Improvement,0
1102,2.0808823529411766,136,2,CAMEL-4438,CAMEL,pre_ai,Bug,1
114,2.0,12,1,CAMEL-4440,CAMEL,pre_ai,Improvement,0
545,1.393939393939394,99,1,CAMEL-4444,CAMEL,pre_ai,Bug,1
152,1.3333333333333333,21,1,CAMEL-4401,CAMEL,pre_ai,Bug,1
38,3.5,4,1,CAMEL-4446,CAMEL,pre_ai,Bug,1
759,4.392156862745098,51,5,CAMEL-4445,CAMEL,pre_ai,New Feature,0
97,1.2727272727272727,11,1,CAMEL-4358,CAMEL,pre_ai,Improvement,0
354,3.75,24,1,CAMEL-4411,CAMEL,pre_ai,Improvement,0
34,2.0,2,1,CAMEL-4449,CAMEL,pre_ai,Bug,1
376,1.5263157894736843,57,1,CAMEL-4460,CAMEL,pre_ai,Bug,1
1685,2.197969543147208,197,1,CAMEL-4467,CAMEL,pre_ai,Bug,1
245,2.933333333333333,15,6,CAMEL-4450,CAMEL,pre_ai,Improvement,0
66,1.3333333333333333,9,2,CAMEL-4469,CAMEL,pre_ai,New Feature,0
263,1.2,45,2,CAMEL-4312,CAMEL,pre_ai,Improvement,0
558,3.5384615384615383,39,1,CAMEL-4366,CAMEL,pre_ai,New Feature,0
55,1.6666666666666667,6,1,CAMEL-4472,CAMEL,pre_ai,Bug,1
1010,1.5323741007194245,139,3,CAMEL-4441,CAMEL,pre_ai,Improvement,0
678,1.7708333333333333,96,1,CAMEL-4473,CAMEL,pre_ai,Bug,1
1110,1.9189189189189189,148,2,CAMEL-4097,CAMEL,pre_ai,New Feature,0
54,1.3,10,1,CAMEL-4476,CAMEL,pre_ai,Bug,1
233,4.153846153846154,13,2,CAMEL-4182,CAMEL,pre_ai,New Feature,0
646,1.8860759493670887,79,7,CAMEL-4386,CAMEL,pre_ai,Improvement,0
847,1.5850340136054422,147,1,CAMEL-4240,CAMEL,pre_ai,Bug,1
336,1.2753623188405796,69,1,CAMEL-4481,CAMEL,pre_ai,Improvement,0
819,2.6875,64,2,CAMEL-4482,CAMEL,pre_ai,Bug,1
1900,1.4229390681003584,279,5,CAMEL-4484,CAMEL,pre_ai,Bug,1
765,1.9387755102040816,98,1,CAMEL-4487,CAMEL,pre_ai,Bug,1
252,2.217391304347826,23,1,CAMEL-4486,CAMEL,pre_ai,Bug,1
89,2.4285714285714284,7,1,CAMEL-4268,CAMEL,pre_ai,Improvement,0
1985,2.9505494505494507,182,28,CAMEL-4457,CAMEL,pre_ai,Improvement,0
245,1.4285714285714286,35,5,CAMEL-4490,CAMEL,pre_ai,Task,0
260,1.302325581395349,43,3,CAMEL-4496,CAMEL,pre_ai,Improvement,0
164,1.1851851851851851,27,4,CAMEL-4387,CAMEL,pre_ai,Improvement,0
590,5.241379310344827,29,1,CAMEL-4492,CAMEL,pre_ai,Improvement,0
216,1.3111111111111111,45,1,CAMEL-4502,CAMEL,pre_ai,Task,0
123,1.588235294117647,17,1,CAMEL-4478,CAMEL,pre_ai,Bug,1
345,1.9795918367346939,49,2,CAMEL-4477,CAMEL,pre_ai,Bug,1
1086,4.614035087719298,57,2,CAMEL-4505,CAMEL,pre_ai,Improvement,0
415,1.5918367346938775,49,4,CAMEL-3824,CAMEL,pre_ai,Improvement,0
560,4.212121212121212,33,1,CAMEL-4506,CAMEL,pre_ai,Improvement,0
116,1.25,16,2,CAMEL-4509,CAMEL,pre_ai,Bug,1
171,3.3636363636363638,11,1,CAMEL-4521,CAMEL,pre_ai,Improvement,0
646,2.0987654320987654,81,3,CAMEL-4447,CAMEL,pre_ai,Bug,1
218,3.3333333333333335,15,2,CAMEL-4480,CAMEL,pre_ai,Bug,1
148,3.0,10,1,CAMEL-4530,CAMEL,pre_ai,Bug,1
417,2.6206896551724137,29,6,CAMEL-4529,CAMEL,pre_ai,Improvement,0
652,3.2291666666666665,48,3,CAMEL-4489,CAMEL,pre_ai,Bug,1
561,1.6363636363636365,66,3,CAMEL-4500,CAMEL,pre_ai,Improvement,0
983,4.74,50,4,CAMEL-4526,CAMEL,pre_ai,Bug,1
169,3.6,10,1,CAMEL-4533,CAMEL,pre_ai,Bug,1
171,1.76,25,1,CAMEL-4542,CAMEL,pre_ai,Bug,1
603,5.2,30,1,CAMEL-4541,CAMEL,pre_ai,Improvement,0
406,6.1,20,1,CAMEL-4540,CAMEL,pre_ai,Bug,1
577,1.5308641975308641,81,1,CAMEL-4554,CAMEL,pre_ai,Improvement,0
60,2.3333333333333335,6,1,CAMEL-4548,CAMEL,pre_ai,Improvement,0
281,1.9565217391304348,23,7,CAMEL-4516,CAMEL,pre_ai,Improvement,0
167,2.142857142857143,14,1,CAMEL-4547,CAMEL,pre_ai,Improvement,0
743,2.787878787878788,66,1,CAMEL-4544,CAMEL,pre_ai,Task,0
4880,1.7434312210200926,647,7,CAMEL-3775,CAMEL,pre_ai,Improvement,0
4880,1.7434312210200926,647,7,CAMEL-4520,CAMEL,pre_ai,Improvement,0
763,1.9387755102040816,98,1,CAMEL-4159,CAMEL,pre_ai,Improvement,0
336,1.607843137254902,51,2,CAMEL-4162,CAMEL,pre_ai,Improvement,0
212,1.0909090909090908,22,2,CAMEL-4167,CAMEL,pre_ai,Bug,1
425,3.6785714285714284,28,1,CAMEL-4173,CAMEL,pre_ai,Bug,1
1683,2.2135416666666665,192,1,CAMEL-4181,CAMEL,pre_ai,Improvement,0
977,1.8396946564885497,131,6,CAMEL-2934,CAMEL,pre_ai,New Feature,0
259,3.1,20,1,CAMEL-3894,CAMEL,pre_ai,New Feature,0
85,1.4444444444444444,9,2,CAMEL-4183,CAMEL,pre_ai,Improvement,0
664,1.691588785046729,107,3,CAMEL-4184,CAMEL,pre_ai,Bug,1
671,3.0930232558139537,43,1,CAMEL-4174,CAMEL,pre_ai,Bug,1
733,1.1483870967741936,155,1,CAMEL-4194,CAMEL,pre_ai,Bug,1
452,2.2666666666666666,60,3,CAMEL-4197,CAMEL,pre_ai,Improvement,0
484,2.3559322033898304,59,4,CAMEL-4196,CAMEL,pre_ai,Improvement,0
322,1.375,48,1,CAMEL-4201,CAMEL,pre_ai,Improvement,0
240,1.1428571428571428,49,2,CAMEL-4199,CAMEL,pre_ai,Improvement,0
888,1.56,150,1,CAMEL-4205,CAMEL,pre_ai,Improvement,0
170,3.0,12,1,CAMEL-4175,CAMEL,pre_ai,Improvement,0
1390,1.5084745762711864,236,3,CAMEL-4218,CAMEL,pre_ai,Improvement,0
371,1.7272727272727273,33,4,CAMEL-4093,CAMEL,pre_ai,New Feature,0
514,5.0,24,1,CAMEL-4215,CAMEL,pre_ai,Bug,1
206,1.2702702702702702,37,2,CAMEL-4223,CAMEL,pre_ai,Improvement,0
222,2.5,24,3,CAMEL-4222,CAMEL,pre_ai,Improvement,0
49,1.0,10,2,CAMEL-4190,CAMEL,pre_ai,Improvement,0
498,2.2745098039215685,51,2,CAMEL-4231,CAMEL,pre_ai,Bug,1
672,3.0930232558139537,43,1,CAMEL-4235,CAMEL,pre_ai,Bug,1
334,1.3461538461538463,52,1,CAMEL-4229,CAMEL,pre_ai,Improvement,0
1823,4.009174311926605,109,8,CAMEL-4212,CAMEL,pre_ai,Improvement,0
711,2.9322033898305087,59,3,CAMEL-4233,CAMEL,pre_ai,Improvement,0
559,2.2413793103448274,58,7,CAMEL-4236,CAMEL,pre_ai,Improvement,0
261,2.36,25,1,CAMEL-4176,CAMEL,pre_ai,Bug,1
572,5.615384615384615,26,2,CAMEL-4242,CAMEL,pre_ai,Improvement,0
169,1.7826086956521738,23,1,CAMEL-4261,CAMEL,pre_ai,Bug,1
318,2.7096774193548385,31,1,CAMEL-4246,CAMEL,pre_ai,Bug,1
141,1.1111111111111112,18,4,CAMEL-4253,CAMEL,pre_ai,Task,0
479,1.431578947368421,95,1,CAMEL-4092,CAMEL,pre_ai,Improvement,0
526,3.5405405405405403,37,1,CAMEL-4263,CAMEL,pre_ai,Improvement,0
86,3.0,5,1,CAMEL-4265,CAMEL,pre_ai,Bug,1
438,2.972972972972973,37,1,CAMEL-3961,CAMEL,pre_ai,Improvement,0
100,2.6,10,1,CAMEL-4269,CAMEL,pre_ai,Bug,1
239,1.8928571428571428,28,2,CAMEL-4272,CAMEL,pre_ai,Improvement,0
150,2.0,14,1,CAMEL-4274,CAMEL,pre_ai,Bug,1
1458,4.408450704225352,71,8,CAMEL-4198,CAMEL,pre_ai,Bug,1
496,1.868421052631579,76,2,CAMEL-4255,CAMEL,pre_ai,Improvement,0
595,2.2950819672131146,61,3,CAMEL-4049,CAMEL,pre_ai,Sub-task,0
523,3.7096774193548385,31,3,CAMEL-3968,CAMEL,pre_ai,Improvement,0
174,5.363636363636363,11,1,CAMEL-4283,CAMEL,pre_ai,Bug,1
255,1.3255813953488371,43,1,CAMEL-4275,CAMEL,pre_ai,Improvement,0
454,1.5538461538461539,65,3,CAMEL-4285,CAMEL,pre_ai,Improvement,0
2453,2.173076923076923,260,7,CAMEL-4247,CAMEL,pre_ai,Sub-task,0
541,1.7464788732394365,71,7,CAMEL-4250,CAMEL,pre_ai,Sub-task,0
595,2.2950819672131146,61,3,CAMEL-4060,CAMEL,pre_ai,Improvement,0
428,1.1341463414634145,82,1,CAMEL-4286,CAMEL,pre_ai,Improvement,0
425,3.217391304347826,46,2,CAMEL-4288,CAMEL,pre_ai,Improvement,0
1852,1.3342618384401115,359,3,CAMEL-4290,CAMEL,pre_ai,Improvement,0
5276,1.3431053203040173,921,43,CAMEL-4180,CAMEL,pre_ai,Improvement,0
155,1.4090909090909092,22,3,CAMEL-4244,CAMEL,pre_ai,Improvement,0
161,2.6666666666666665,12,1,CAMEL-4297,CAMEL,pre_ai,Improvement,0
143,2.4166666666666665,12,2,CAMEL-4553,CAMEL,pre_ai,Bug,1
46,2.8,5,1,CAMEL-4571,CAMEL,pre_ai,Improvement,0
162,2.4615384615384617,13,3,CAMEL-4561,CAMEL,pre_ai,Bug,1
252,1.2380952380952381,42,1,CAMEL-4560,CAMEL,pre_ai,Bug,1
97,2.5714285714285716,7,1,CAMEL-4278,CAMEL,pre_ai,Improvement,0
625,5.0,26,2,CAMEL-4573,CAMEL,pre_ai,Bug,1
568,2.263157894736842,38,2,CAMEL-4555,CAMEL,pre_ai,Improvement,0
101,1.125,16,2,CAMEL-4510,CAMEL,pre_ai,Bug,1
31,1.0,5,1,CAMEL-4536,CAMEL,pre_ai,Bug,1
540,7.166666666666667,18,1,CAMEL-4570,CAMEL,pre_ai,Improvement,0
652,3.2291666666666665,48,3,CAMEL-4497,CAMEL,pre_ai,Improvement,0
521,1.2376237623762376,101,2,CAMEL-4531,CAMEL,pre_ai,Improvement,0
390,2.3846153846153846,39,1,CAMEL-4568,CAMEL,pre_ai,Bug,1
2373,1.4285714285714286,427,5,CAMEL-3632,CAMEL,pre_ai,Improvement,0
77,1.0909090909090908,11,4,CAMEL-4578,CAMEL,pre_ai,Improvement,0
304,1.4130434782608696,46,1,CAMEL-4579,CAMEL,pre_ai,Bug,1
117,1.6,15,1,CAMEL-4003,CAMEL,pre_ai,Improvement,0
450,1.619047619047619,63,1,CAMEL-4584,CAMEL,pre_ai,Bug,1
359,1.65,60,3,CAMEL-4586,CAMEL,pre_ai,Improvement,0
158,1.588235294117647,17,2,CAMEL-4587,CAMEL,pre_ai,Improvement,0
1342,1.5364583333333333,192,3,CAMEL-4588,CAMEL,pre_ai,Improvement,0
802,1.697674418604651,86,21,CAMEL-4418,CAMEL,pre_ai,Improvement,0
587,2.1267605633802815,71,1,CAMEL-4591,CAMEL,pre_ai,Bug,1
242,1.435897435897436,39,2,CAMEL-4581,CAMEL,pre_ai,Bug,1
598,2.1666666666666665,72,1,CAMEL-4594,CAMEL,pre_ai,Bug,1
160,1.4545454545454546,22,2,CAMEL-4595,CAMEL,pre_ai,New Feature,0
644,2.9814814814814814,54,2,CAMEL-4522,CAMEL,pre_ai,New Feature,0
782,1.1851851851851851,162,1,CAMEL-4599,CAMEL,pre_ai,Improvement,0
631,1.9529411764705882,85,2,CAMEL-4225,CAMEL,pre_ai,Improvement,0
183,1.375,32,1,CAMEL-4614,CAMEL,pre_ai,Improvement,0
232,2.142857142857143,21,2,CAMEL-4615,CAMEL,pre_ai,Improvement,0
2017,1.2611940298507462,402,7,CAMEL-4610,CAMEL,pre_ai,Improvement,0
680,2.0704225352112675,71,4,CAMEL-4600,CAMEL,pre_ai,Improvement,0
83,3.2,5,1,CAMEL-4549,CAMEL,pre_ai,Improvement,0
500,1.0307692307692307,130,2,CAMEL-4617,CAMEL,pre_ai,Improvement,0
308,2.2580645161290325,31,1,CAMEL-4619,CAMEL,pre_ai,Bug,1
278,2.1666666666666665,12,2,CAMEL-4625,CAMEL,pre_ai,Improvement,0
328,2.026315789473684,38,3,CAMEL-4622,CAMEL,pre_ai,Improvement,0
91,1.4285714285714286,14,1,CAMEL-4627,CAMEL,pre_ai,Improvement,0
655,4.162162162162162,37,2,CAMEL-4010,CAMEL,pre_ai,Bug,1
96,1.6923076923076923,13,2,CAMEL-4404,CAMEL,pre_ai,Sub-task,0
147,1.2692307692307692,26,1,CAMEL-4376,CAMEL,pre_ai,Improvement,0
185,1.2820512820512822,39,1,CAMEL-4636,CAMEL,pre_ai,Improvement,0
186,2.409090909090909,22,1,CAMEL-4642,CAMEL,pre_ai,Improvement,0
827,1.2432432432432432,111,7,CAMEL-4618,CAMEL,pre_ai,Improvement,0
77,2.1666666666666665,6,1,CAMEL-4644,CAMEL,pre_ai,Improvement,0
421,2.3392857142857144,56,2,CAMEL-4004,CAMEL,pre_ai,Improvement,0
590,5.172413793103448,29,1,CAMEL-4647,CAMEL,pre_ai,Bug,1
540,7.222222222222222,18,1,CAMEL-4649,CAMEL,pre_ai,Bug,1
48,2.0,5,1,CAMEL-2740,CAMEL,pre_ai,Bug,1
136,3.4285714285714284,7,1,CAMEL-4656,CAMEL,pre_ai,Improvement,0
220,2.923076923076923,13,2,CAMEL-4651,CAMEL,pre_ai,Improvement,0
626,2.625,56,1,CAMEL-4660,CAMEL,pre_ai,Bug,1
143,1.04,25,4,CAMEL-4648,CAMEL,pre_ai,Improvement,0
945,1.8095238095238095,126,4,CAMEL-4646,CAMEL,pre_ai,Improvement,0
188,1.3703703703703705,27,2,CAMEL-4666,CAMEL,pre_ai,Improvement,0
276,2.1724137931034484,29,1,CAMEL-4668,CAMEL,pre_ai,Bug,1
149,5.0,6,1,CAMEL-4655,CAMEL,pre_ai,Bug,1
156,2.2142857142857144,14,2,CAMEL-4528,CAMEL,pre_ai,Improvement,0
15,1.0,2,1,CAMEL-4609,CAMEL,pre_ai,New Feature,0
372,6.0,13,2,CAMEL-4672,CAMEL,pre_ai,Bug,1
186,2.1904761904761907,21,1,CAMEL-4650,CAMEL,pre_ai,Bug,1
1714,2.186868686868687,198,2,CAMEL-4678,CAMEL,pre_ai,Improvement,0
1681,2.248677248677249,189,1,CAMEL-4682,CAMEL,pre_ai,Bug,1
292,2.161290322580645,31,1,CAMEL-4683,CAMEL,pre_ai,Improvement,0
244,1.75,28,1,CAMEL-4663,CAMEL,pre_ai,Improvement,0
1313,1.7329842931937174,191,6,CAMEL-4679,CAMEL,pre_ai,Bug,1
1313,1.7329842931937174,191,6,CAMEL-4664,CAMEL,pre_ai,Improvement,0
56,1.5,8,1,CAMEL-4686,CAMEL,pre_ai,Improvement,0
65,1.5,6,1,CAMEL-4689,CAMEL,pre_ai,Improvement,0
153,5.25,4,1,CAMEL-4695,CAMEL,pre_ai,Bug,1
145,1.5555555555555556,27,1,CAMEL-4692,CAMEL,pre_ai,Bug,1
150,2.0526315789473686,19,1,CAMEL-4362,CAMEL,pre_ai,Bug,1
323,1.1929824561403508,57,4,CAMEL-4435,CAMEL,pre_ai,Improvement,0
97,2.1538461538461537,13,1,CAMEL-4705,CAMEL,pre_ai,Improvement,0
430,2.02,50,2,CAMEL-4708,CAMEL,pre_ai,Improvement,0
182,1.4615384615384615,26,3,CAMEL-4267,CAMEL,pre_ai,Improvement,0
754,1.8235294117647058,102,1,CAMEL-4711,CAMEL,pre_ai,Improvement,0
1684,2.2239583333333335,192,1,CAMEL-4696,CAMEL,pre_ai,Bug,1
501,2.2972972972972974,74,2,CAMEL-4574,CAMEL,pre_ai,Improvement,0
263,1.96875,32,3,CAMEL-4514,CAMEL,pre_ai,Improvement,0
151,1.736842105263158,19,2,CAMEL-4716,CAMEL,pre_ai,Improvement,0
193,4.181818181818182,11,1,CAMEL-4601,CAMEL,pre_ai,Bug,1
127,1.7333333333333334,15,2,CAMEL-4662,CAMEL,pre_ai,New Feature,0
1717,2.215,200,1,CAMEL-4727,CAMEL,pre_ai,Improvement,0
885,1.75,124,7,CAMEL-4161,CAMEL,pre_ai,Improvement,0
147,2.5454545454545454,11,1,CAMEL-4720,CAMEL,pre_ai,Improvement,0
49,3.0,3,1,CAMEL-4729,CAMEL,pre_ai,Improvement,0
2024,2.207627118644068,236,4,CAMEL-4715,CAMEL,pre_ai,Improvement,0
517,1.3837209302325582,86,6,CAMEL-4645,CAMEL,pre_ai,Improvement,0
541,2.3846153846153846,65,2,CAMEL-4724,CAMEL,pre_ai,Bug,1
541,1.2380952380952381,105,2,CAMEL-4737,CAMEL,pre_ai,Bug,1
38,1.0,3,1,CAMEL-4714,CAMEL,pre_ai,Improvement,0
80,2.25,8,1,CAMEL-4741,CAMEL,pre_ai,Improvement,0
133,1.9285714285714286,14,1,CAMEL-4742,CAMEL,pre_ai,Bug,1
1721,2.22,200,1,CAMEL-4744,CAMEL,pre_ai,Improvement,0
387,1.5106382978723405,47,3,CAMEL-4730,CAMEL,pre_ai,Improvement,0
401,2.227272727272727,22,11,CAMEL-4746,CAMEL,pre_ai,Improvement,0
175,1.3181818181818181,22,3,CAMEL-4669,CAMEL,pre_ai,Improvement,0
67,2.5,6,1,CAMEL-4745,CAMEL,pre_ai,Improvement,0
205,4.2727272727272725,11,1,CAMEL-4748,CAMEL,pre_ai,Bug,1
116,1.1666666666666667,24,1,CAMEL-4749,CAMEL,pre_ai,Improvement,0
76,1.0,6,1,CAMEL-4752,CAMEL,pre_ai,Task,0
475,1.5365853658536586,41,10,CAMEL-4701,CAMEL,pre_ai,Improvement,0
148,7.571428571428571,7,1,CAMEL-4760,CAMEL,pre_ai,Improvement,0
183,2.0,22,1,CAMEL-4756,CAMEL,pre_ai,Bug,1
2419,1.6205787781350482,311,20,CAMEL-4765,CAMEL,pre_ai,Improvement,0
349,2.4545454545454546,33,1,CAMEL-4769,CAMEL,pre_ai,Bug,1
270,2.44,25,1,CAMEL-4675,CAMEL,pre_ai,Task,0
4429,2.1996007984031936,501,28,CAMEL-4687,CAMEL,pre_ai,Task,0
269,2.44,25,1,CAMEL-4768,CAMEL,pre_ai,Bug,1
804,3.9014084507042255,71,1,CAMEL-4773,CAMEL,pre_ai,Bug,1
38,1.4285714285714286,7,1,CAMEL-4781,CAMEL,pre_ai,Improvement,0
91,1.7,10,2,CAMEL-4776,CAMEL,pre_ai,Bug,1
212,1.4782608695652173,23,2,CAMEL-4791,CAMEL,pre_ai,Improvement,0
147,2.3333333333333335,15,1,CAMEL-4795,CAMEL,pre_ai,Bug,1
892,1.9615384615384615,104,5,CAMEL-4786,CAMEL,pre_ai,Improvement,0
132,1.0714285714285714,28,2,CAMEL-3591,CAMEL,pre_ai,New Feature,0
228,1.2,40,5,CAMEL-4790,CAMEL,pre_ai,Bug,1
505,1.9152542372881356,59,2,CAMEL-4794,CAMEL,pre_ai,Bug,1
464,2.1315789473684212,38,7,CAMEL-4800,CAMEL,pre_ai,Improvement,0
243,1.5,36,5,CAMEL-4764,CAMEL,pre_ai,New Feature,0
21,1.3333333333333333,3,1,CAMEL-4805,CAMEL,pre_ai,Improvement,0
522,1.353846153846154,65,16,CAMEL-4793,CAMEL,pre_ai,Improvement,0
199,2.1818181818181817,22,1,CAMEL-4806,CAMEL,pre_ai,Improvement,0
113,1.0526315789473684,19,2,CAMEL-4788,CAMEL,pre_ai,Improvement,0
272,1.0980392156862746,51,1,CAMEL-4813,CAMEL,pre_ai,Improvement,0
23,1.0,3,3,CAMEL-4758,CAMEL,pre_ai,Improvement,0
1189,3.6990291262135924,103,7,CAMEL-4820,CAMEL,pre_ai,Improvement,0
158,1.1153846153846154,26,2,CAMEL-4822,CAMEL,pre_ai,Improvement,0
229,5.222222222222222,9,1,CAMEL-4829,CAMEL,pre_ai,Improvement,0
171,2.25,16,1,CAMEL-4835,CAMEL,pre_ai,Improvement,0
218,1.6875,32,1,CAMEL-4834,CAMEL,pre_ai,Improvement,0
193,4.181818181818182,11,1,CAMEL-4841,CAMEL,pre_ai,Bug,1
202,3.75,16,2,CAMEL-4848,CAMEL,pre_ai,Improvement,0
1311,1.4818652849740932,193,1,CAMEL-4844,CAMEL,pre_ai,Improvement,0
582,2.564516129032258,62,3,CAMEL-4850,CAMEL,pre_ai,Bug,1
586,1.1724137931034482,116,5,CAMEL-4792,CAMEL,pre_ai,Improvement,0
155,1.3181818181818181,22,1,CAMEL-4854,CAMEL,pre_ai,Bug,1
71,6.666666666666667,3,1,CAMEL-4858,CAMEL,pre_ai,Bug,1
442,6.0,11,3,CAMEL-4862,CAMEL,pre_ai,Improvement,0
2167,1.3859649122807018,399,4,CAMEL-4839,CAMEL,pre_ai,Improvement,0
416,1.9622641509433962,53,2,CAMEL-4842,CAMEL,pre_ai,Bug,1
183,3.75,8,1,CAMEL-3774,CAMEL,pre_ai,Task,0
8553,2.098445595854922,965,31,CAMEL-4826,CAMEL,pre_ai,Improvement,0
280,1.6451612903225807,31,3,CAMEL-4870,CAMEL,pre_ai,Bug,1
103,1.15,20,1,CAMEL-4152,CAMEL,pre_ai,Improvement,0
218,1.3076923076923077,26,9,CAMEL-4873,CAMEL,pre_ai,Improvement,0
135,2.8,10,2,CAMEL-4875,CAMEL,pre_ai,Improvement,0
1739,2.253731343283582,201,1,CAMEL-4892,CAMEL,pre_ai,Bug,1
1061,1.3630573248407643,157,28,CAMEL-4017,CAMEL,pre_ai,New Feature,0
970,2.6923076923076925,78,6,CAMEL-4849,CAMEL,pre_ai,Improvement,0
139,1.5333333333333334,15,1,CAMEL-4884,CAMEL,pre_ai,Improvement,0
157,1.8125,16,1,CAMEL-4603,CAMEL,pre_ai,Improvement,0
101,1.2307692307692308,13,2,CAMEL-4906,CAMEL,pre_ai,New Feature,0
88,4.0,2,1,CAMEL-4872,CAMEL,pre_ai,Bug,1
192,2.2857142857142856,21,1,CAMEL-4880,CAMEL,pre_ai,Improvement,0
696,3.1363636363636362,44,1,CAMEL-4913,CAMEL,pre_ai,Bug,1
180,1.4375,32,3,CAMEL-4908,CAMEL,pre_ai,Bug,1
302,1.2765957446808511,47,3,CAMEL-4877,CAMEL,pre_ai,Bug,1
163,1.9444444444444444,18,1,CAMEL-4904,CAMEL,pre_ai,Bug,1
350,1.2241379310344827,58,2,CAMEL-4915,CAMEL,pre_ai,Bug,1
6120,1.7874692874692875,814,23,CAMEL-4796,CAMEL,pre_ai,Improvement,0
1416,1.4714285714285715,210,2,CAMEL-4920,CAMEL,pre_ai,Bug,1
1819,2.2419354838709675,186,14,CAMEL-4899,CAMEL,pre_ai,Improvement,0
440,3.7241379310344827,29,1,CAMEL-4804,CAMEL,pre_ai,Improvement,0
797,1.4881889763779528,127,7,CAMEL-4926,CAMEL,pre_ai,Bug,1
629,1.6666666666666667,81,3,CAMEL-4934,CAMEL,pre_ai,Improvement,0
523,1.4078947368421053,76,8,CAMEL-4925,CAMEL,pre_ai,Bug,1
118,1.3,20,1,CAMEL-4947,CAMEL,pre_ai,Bug,1
176,3.142857142857143,14,1,CAMEL-4942,CAMEL,pre_ai,Bug,1
808,1.6022727272727273,88,6,CAMEL-4946,CAMEL,pre_ai,Improvement,0
3207,2.418960244648318,327,7,CAMEL-4950,CAMEL,pre_ai,Improvement,0
1684,2.1875,160,12,CAMEL-4577,CAMEL,pre_ai,Improvement,0
22,1.0,2,2,CAMEL-4957,CAMEL,pre_ai,Improvement,0
253,2.6666666666666665,24,1,CAMEL-4958,CAMEL,pre_ai,Improvement,0
182,2.357142857142857,14,1,CAMEL-4962,CAMEL,pre_ai,Improvement,0
197,4.0,14,1,CAMEL-4961,CAMEL,pre_ai,Improvement,0
56,2.3333333333333335,3,1,CAMEL-4945,CAMEL,pre_ai,Bug,1
1136,2.27027027027027,111,6,CAMEL-4968,CAMEL,pre_ai,Improvement,0
4232,2.4403669724770642,436,16,CAMEL-4953,CAMEL,pre_ai,Improvement,0
1351,1.5502183406113537,229,2,CAMEL-4971,CAMEL,pre_ai,Improvement,0
91,7.25,4,1,CAMEL-4973,CAMEL,pre_ai,Bug,1
187,4.181818181818182,11,1,CAMEL-4954,CAMEL,pre_ai,Bug,1
43,1.6666666666666667,3,1,CAMEL-4977,CAMEL,pre_ai,Improvement,0
596,1.5058823529411764,85,1,CAMEL-4970,CAMEL,pre_ai,Bug,1
1740,2.253731343283582,201,1,CAMEL-4976,CAMEL,pre_ai,Bug,1
339,3.1052631578947367,19,3,CAMEL-4989,CAMEL,pre_ai,Bug,1
244,7.1,10,1,CAMEL-4990,CAMEL,pre_ai,Improvement,0
389,1.8867924528301887,53,5,CAMEL-4996,CAMEL,pre_ai,Bug,1
248,1.6764705882352942,34,2,CAMEL-4998,CAMEL,pre_ai,New Feature,0
663,1.3647058823529412,85,17,CAMEL-4951,CAMEL,pre_ai,Improvement,0
358,1.2361111111111112,72,3,CAMEL-4713,CAMEL,pre_ai,New Feature,0
177,1.8,25,1,CAMEL-4997,CAMEL,pre_ai,Improvement,0
2262,1.6835016835016836,297,4,CAMEL-5000,CAMEL,pre_ai,Bug,1
905,2.9285714285714284,98,4,CAMEL-5005,CAMEL,pre_ai,Bug,1
930,3.9358974358974357,78,2,CAMEL-5004,CAMEL,pre_ai,Bug,1
242,1.4318181818181819,44,1,CAMEL-5009,CAMEL,pre_ai,Bug,1
388,1.4464285714285714,56,1,CAMEL-5011,CAMEL,pre_ai,Improvement,0
341,1.7954545454545454,44,4,CAMEL-5017,CAMEL,pre_ai,Improvement,0
449,3.608695652173913,23,1,CAMEL-5010,CAMEL,pre_ai,Improvement,0
2842,2.4573378839590445,293,7,CAMEL-5012,CAMEL,pre_ai,Improvement,0
672,2.94,50,1,CAMEL-5024,CAMEL,pre_ai,Bug,1
226,1.6551724137931034,29,2,CAMEL-5023,CAMEL,pre_ai,Bug,1
250,1.6333333333333333,30,3,CAMEL-5015,CAMEL,pre_ai,New Feature,0
283,1.5609756097560976,41,3,CAMEL-5027,CAMEL,pre_ai,Bug,1
107,1.9,10,1,CAMEL-5028,CAMEL,pre_ai,Improvement,0
68,1.25,12,1,CAMEL-4988,CAMEL,pre_ai,Bug,1
189,1.5714285714285714,28,1,CAMEL-5032,CAMEL,pre_ai,Improvement,0
103,1.105263157894737,19,1,CAMEL-5035,CAMEL,pre_ai,Bug,1
802,3.9295774647887325,71,1,CAMEL-4959,CAMEL,pre_ai,Bug,1
127,1.0769230769230769,26,1,CAMEL-5038,CAMEL,pre_ai,Bug,1
36,1.0,7,1,CAMEL-5036,CAMEL,pre_ai,Bug,1
564,3.5641025641025643,39,1,CAMEL-5040,CAMEL,pre_ai,Bug,1
127,3.888888888888889,9,1,CAMEL-5262,CAMEL,pre_ai,Improvement,0
1565,4.275229357798165,109,4,CAMEL-4984,CAMEL,pre_ai,Bug,1
378,1.5254237288135593,59,2,CAMEL-5261,CAMEL,pre_ai,Bug,1
206,7.0,7,2,CAMEL-5268,CAMEL,pre_ai,Bug,1
934,3.925373134328358,67,7,CAMEL-5295,CAMEL,pre_ai,Improvement,0
59,2.2,5,2,CAMEL-5300,CAMEL,pre_ai,Bug,1
204,2.1818181818181817,22,1,CAMEL-5303,CAMEL,pre_ai,Bug,1
1113,2.1272727272727274,110,4,CAMEL-5299,CAMEL,pre_ai,Bug,1
162,1.0294117647058822,34,2,CAMEL-5298,CAMEL,pre_ai,New Feature,0
24,1.0,5,1,CAMEL-5186,CAMEL,pre_ai,Improvement,0
900,1.546583850931677,161,1,CAMEL-5055,CAMEL,pre_ai,Improvement,0
109,2.3,10,3,CAMEL-5247,CAMEL,pre_ai,Improvement,0
67,1.1538461538461537,13,1,CAMEL-5308,CAMEL,pre_ai,Improvement,0
106,4.4,5,1,CAMEL-5264,CAMEL,pre_ai,Improvement,0
221,2.888888888888889,18,1,CAMEL-5316,CAMEL,pre_ai,Improvement,0
348,1.6363636363636365,55,3,CAMEL-5294,CAMEL,pre_ai,Improvement,0
42,1.1666666666666667,6,1,CAMEL-5317,CAMEL,pre_ai,Bug,1
295,1.4042553191489362,47,2,CAMEL-5306,CAMEL,pre_ai,New Feature,0
845,2.1634615384615383,104,2,CAMEL-4799,CAMEL,pre_ai,Improvement,0
244,4.7272727272727275,11,1,CAMEL-5176,CAMEL,pre_ai,Improvement,0
285,1.5555555555555556,45,2,CAMEL-5284,CAMEL,pre_ai,Bug,1
72,2.5,6,1,CAMEL-5324,CAMEL,pre_ai,Improvement,0
41,2.0,4,1,CAMEL-3547,CAMEL,pre_ai,New Feature,0
131,1.2083333333333333,24,2,CAMEL-5060,CAMEL,pre_ai,Bug,1
624,1.3877551020408163,98,4,CAMEL-5043,CAMEL,pre_ai,New Feature,0
1527,1.6296296296296295,216,5,CAMEL-5309,CAMEL,pre_ai,Bug,1
192,7.833333333333333,6,1,CAMEL-5329,CAMEL,pre_ai,Improvement,0
795,3.375,56,12,CAMEL-5326,CAMEL,pre_ai,Improvement,0
19,5.0,1,1,CAMEL-5333,CAMEL,pre_ai,Bug,1
520,1.9166666666666667,60,3,CAMEL-5259,CAMEL,pre_ai,Improvement,0
99,2.7142857142857144,7,1,CAMEL-5334,CAMEL,pre_ai,Task,0
1546,2.789855072463768,138,4,CAMEL-5330,CAMEL,pre_ai,Improvement,0
691,1.6962025316455696,79,8,CAMEL-5198,CAMEL,pre_ai,Improvement,0
563,3.0444444444444443,45,3,CAMEL-5108,CAMEL,pre_ai,Improvement,0
387,1.35,60,2,CAMEL-5340,CAMEL,pre_ai,Improvement,0
658,1.7530864197530864,81,2,CAMEL-5280,CAMEL,pre_ai,New Feature,0
1055,2.574468085106383,94,5,CAMEL-5101,CAMEL,pre_ai,Improvement,0
163,2.6666666666666665,12,1,CAMEL-5234,CAMEL,pre_ai,Bug,1
681,1.4336283185840708,113,7,CAMEL-5225,CAMEL,pre_ai,Bug,1
774,1.4435483870967742,124,3,CAMEL-5349,CAMEL,pre_ai,New Feature,0
37,1.5,4,1,CAMEL-5351,CAMEL,pre_ai,Improvement,0
41,6.0,2,1,CAMEL-5348,CAMEL,pre_ai,Bug,1
88,2.6666666666666665,6,1,CAMEL-5122,CAMEL,pre_ai,Bug,1
882,1.6794871794871795,78,5,CAMEL-5345,CAMEL,pre_ai,Task,0
77,5.5,4,1,CAMEL-5357,CAMEL,pre_ai,Bug,1
383,1.8372093023255813,43,5,CAMEL-5314,CAMEL,pre_ai,Improvement,0
443,2.5,34,3,CAMEL-5151,CAMEL,pre_ai,Bug,1
119,2.4444444444444446,9,1,CAMEL-5365,CAMEL,pre_ai,Improvement,0
782,2.220779220779221,77,4,CAMEL-5366,CAMEL,pre_ai,New Feature,0
443,2.210526315789474,57,3,CAMEL-5370,CAMEL,pre_ai,New Feature,0
62,2.0,6,1,CAMEL-5223,CAMEL,pre_ai,Bug,1
710,1.7938144329896908,97,1,CAMEL-5331,CAMEL,pre_ai,Bug,1
39,9.0,2,1,CAMEL-5369,CAMEL,pre_ai,New Feature,0
112,6.0,2,1,CAMEL-5373,CAMEL,pre_ai,New Feature,0
307,1.9487179487179487,39,1,CAMEL-5371,CAMEL,pre_ai,Improvement,0
665,2.694915254237288,59,2,CAMEL-5375,CAMEL,pre_ai,New Feature,0
618,3.8157894736842106,38,2,CAMEL-5367,CAMEL,pre_ai,Bug,1
3087,2.2079510703363914,327,9,CAMEL-5372,CAMEL,pre_ai,Bug,1
50,2.6666666666666665,3,2,CAMEL-5374,CAMEL,pre_ai,New Feature,0
66,1.5,6,2,CAMEL-5341,CAMEL,pre_ai,New Feature,0
543,3.5789473684210527,38,1,CAMEL-5045,CAMEL,pre_ai,Bug,1
782,2.2906976744186047,86,2,CAMEL-5046,CAMEL,pre_ai,Bug,1
855,2.753623188405797,69,5,CAMEL-4782,CAMEL,pre_ai,Improvement,0
67,1.0,2,2,CAMEL-4923,CAMEL,pre_ai,New Feature,0
381,1.5344827586206897,58,3,CAMEL-5048,CAMEL,pre_ai,Bug,1
46,2.6666666666666665,3,1,CAMEL-5039,CAMEL,pre_ai,Improvement,0
250,1.6756756756756757,37,3,CAMEL-5049,CAMEL,pre_ai,Bug,1
602,3.8684210526315788,38,2,CAMEL-4871,CAMEL,pre_ai,Bug,1
607,5.2,30,1,CAMEL-5051,CAMEL,pre_ai,Bug,1
458,3.7,30,1,CAMEL-3985,CAMEL,pre_ai,Bug,1
1468,1.5211267605633803,213,2,CAMEL-5056,CAMEL,pre_ai,Improvement,0
139,5.666666666666667,9,1,CAMEL-4894,CAMEL,pre_ai,Bug,1
481,1.9107142857142858,56,3,CAMEL-4451,CAMEL,pre_ai,Sub-task,0
85,1.5,10,1,CAMEL-4081,CAMEL,pre_ai,Improvement,0
2219,1.397094430992736,413,10,CAMEL-5053,CAMEL,pre_ai,Bug,1
1650,2.431137724550898,167,6,CAMEL-5041,CAMEL,pre_ai,Bug,1
398,5.928571428571429,14,2,CAMEL-5018,CAMEL,pre_ai,Improvement,0
1388,1.970414201183432,169,10,CAMEL-5057,CAMEL,pre_ai,New Feature,0
959,3.590909090909091,66,3,CAMEL-4994,CAMEL,pre_ai,Improvement,0
879,2.625,80,6,CAMEL-4602,CAMEL,pre_ai,Improvement,0
340,1.4615384615384615,65,1,CAMEL-4665,CAMEL,pre_ai,Improvement,0
1771,2.2758620689655173,203,1,CAMEL-4680,CAMEL,pre_ai,Improvement,0
447,2.9473684210526314,38,1,CAMEL-4230,CAMEL,pre_ai,Improvement,0
118,6.0,5,1,CAMEL-5071,CAMEL,pre_ai,New Feature,0
626,3.358974358974359,39,2,CAMEL-5068,CAMEL,pre_ai,Improvement,0
240,1.9642857142857142,28,4,CAMEL-4881,CAMEL,pre_ai,Improvement,0
353,2.3076923076923075,39,2,CAMEL-5066,CAMEL,pre_ai,Bug,1
30,3.0,2,1,CAMEL-5070,CAMEL,pre_ai,Bug,1
1222,1.900763358778626,131,3,CAMEL-5007,CAMEL,pre_ai,Improvement,0
1066,1.815126050420168,119,7,CAMEL-5072,CAMEL,pre_ai,Improvement,0
240,1.9565217391304348,23,3,CAMEL-4300,CAMEL,pre_ai,Improvement,0
24,1.0,5,1,CAMEL-5077,CAMEL,pre_ai,Task,0
187,4.230769230769231,13,1,CAMEL-5079,CAMEL,pre_ai,Improvement,0
309,1.5,42,3,CAMEL-5078,CAMEL,pre_ai,Task,0
136,1.25,28,1,CAMEL-5089,CAMEL,pre_ai,Bug,1
233,1.6538461538461537,26,1,CAMEL-5087,CAMEL,pre_ai,Bug,1
120,2.875,8,1,CAMEL-5080,CAMEL,pre_ai,Bug,1
278,1.5277777777777777,36,5,CAMEL-5082,CAMEL,pre_ai,Improvement,0
56,3.0,3,1,CAMEL-5099,CAMEL,pre_ai,Improvement,0
398,1.3235294117647058,68,2,CAMEL-5090,CAMEL,pre_ai,Improvement,0
339,2.212121212121212,33,1,CAMEL-4900,CAMEL,pre_ai,Bug,1
131,1.0740740740740742,27,1,CAMEL-5102,CAMEL,pre_ai,Bug,1
48,1.4285714285714286,7,1,CAMEL-5100,CAMEL,pre_ai,Improvement,0
80,1.4166666666666667,12,1,CAMEL-5105,CAMEL,pre_ai,Improvement,0
114,1.15,20,1,CAMEL-5063,CAMEL,pre_ai,Bug,1
713,1.6195652173913044,92,4,CAMEL-5091,CAMEL,pre_ai,Improvement,0
280,3.5625,16,1,CAMEL-5107,CAMEL,pre_ai,Bug,1
655,3.731707317073171,41,1,CAMEL-5110,CAMEL,pre_ai,Bug,1
323,2.3823529411764706,34,2,CAMEL-5098,CAMEL,pre_ai,Bug,1
2234,1.36,425,4,CAMEL-4770,CAMEL,pre_ai,Improvement,0
448,1.9183673469387754,49,8,CAMEL-5117,CAMEL,pre_ai,Improvement,0
205,3.0714285714285716,14,2,CAMEL-5003,CAMEL,pre_ai,Improvement,0
802,2.019607843137255,102,1,CAMEL-4160,CAMEL,pre_ai,New Feature,0
111,1.2,20,2,CAMEL-5121,CAMEL,pre_ai,Improvement,0
542,5.894736842105263,19,1,CAMEL-5128,CAMEL,pre_ai,Improvement,0
101,2.375,8,1,CAMEL-5115,CAMEL,pre_ai,Bug,1
244,11.0,7,1,CAMEL-5134,CAMEL,pre_ai,Improvement,0
421,1.5714285714285714,56,2,CAMEL-5020,CAMEL,pre_ai,New Feature,0
179,2.2777777777777777,18,1,CAMEL-5140,CAMEL,pre_ai,Bug,1
153,3.111111111111111,9,1,CAMEL-5141,CAMEL,pre_ai,Improvement,0
97,2.857142857142857,7,1,CAMEL-5137,CAMEL,pre_ai,Bug,1
187,3.0,9,2,CAMEL-5143,CAMEL,pre_ai,Improvement,0
294,1.5,30,1,CAMEL-5142,CAMEL,pre_ai,Bug,1
3567,2.076388888888889,432,8,CAMEL-5129,CAMEL,pre_ai,Bug,1
198,1.1333333333333333,45,1,CAMEL-5147,CAMEL,pre_ai,Improvement,0
730,1.3133333333333332,150,3,CAMEL-5146,CAMEL,pre_ai,Improvement,0
658,2.6610169491525424,59,2,CAMEL-5148,CAMEL,pre_ai,Improvement,0
258,2.3333333333333335,21,1,CAMEL-5150,CAMEL,pre_ai,Improvement,0
181,2.8823529411764706,17,2,CAMEL-5149,CAMEL,pre_ai,Improvement,0
585,2.577777777777778,45,6,CAMEL-4556,CAMEL,pre_ai,Bug,1
573,1.98,50,7,CAMEL-4960,CAMEL,pre_ai,Bug,1
641,5.1875,32,1,CAMEL-5154,CAMEL,pre_ai,Bug,1
280,3.5625,16,1,CAMEL-5158,CAMEL,pre_ai,Bug,1
903,2.0594059405940595,101,4,CAMEL-4853,CAMEL,pre_ai,Improvement,0
658,3.731707317073171,41,1,CAMEL-5162,CAMEL,pre_ai,Bug,1
378,2.317073170731707,41,2,CAMEL-5136,CAMEL,pre_ai,Improvement,0
472,1.6,70,4,CAMEL-5163,CAMEL,pre_ai,Bug,1
472,1.6,70,4,CAMEL-5126,CAMEL,pre_ai,Improvement,0
170,3.0,8,1,CAMEL-5161,CAMEL,pre_ai,Bug,1
286,1.930232558139535,43,2,CAMEL-5157,CAMEL,pre_ai,Bug,1
136,1.380952380952381,21,1,CAMEL-5175,CAMEL,pre_ai,Improvement,0
168,4.25,4,2,CAMEL-4470,CAMEL,pre_ai,Sub-task,0
324,2.05,40,1,CAMEL-5187,CAMEL,pre_ai,Bug,1
2175,2.1026785714285716,224,8,CAMEL-5172,CAMEL,pre_ai,Improvement,0
475,1.7692307692307692,65,2,CAMEL-5184,CAMEL,pre_ai,Improvement,0
37,1.5,4,1,CAMEL-1260,CAMEL,pre_ai,Improvement,0
94,2.625,8,1,CAMEL-5196,CAMEL,pre_ai,Bug,1
53,4.0,2,1,CAMEL-5195,CAMEL,pre_ai,Bug,1
386,1.2121212121212122,66,10,CAMEL-5188,CAMEL,pre_ai,Improvement,0
1693,2.2176165803108807,193,1,CAMEL-5200,CAMEL,pre_ai,Bug,1
90,2.5714285714285716,7,1,CAMEL-5185,CAMEL,pre_ai,Improvement,0
915,3.0714285714285716,70,2,CAMEL-5201,CAMEL,pre_ai,Bug,1
1074,1.7,160,4,CAMEL-5202,CAMEL,pre_ai,Improvement,0
479,1.5932203389830508,59,9,CAMEL-5171,CAMEL,pre_ai,Improvement,0
173,1.3548387096774193,31,2,CAMEL-5205,CAMEL,pre_ai,Task,0
2752,2.7954545454545454,264,15,CAMEL-5199,CAMEL,pre_ai,Bug,1
1309,3.580357142857143,112,3,CAMEL-5174,CAMEL,pre_ai,Improvement,0
1309,3.580357142857143,112,3,CAMEL-5208,CAMEL,pre_ai,Improvement,0
220,3.857142857142857,14,1,CAMEL-5215,CAMEL,pre_ai,Bug,1
250,3.4375,16,2,CAMEL-5211,CAMEL,pre_ai,Improvement,0
391,2.4358974358974357,39,1,CAMEL-5220,CAMEL,pre_ai,Improvement,0
90,2.5714285714285716,7,1,CAMEL-5218,CAMEL,pre_ai,Bug,1
1608,2.6666666666666665,150,4,CAMEL-5227,CAMEL,pre_ai,Bug,1
1164,1.8794326241134751,141,7,CAMEL-5222,CAMEL,pre_ai,Bug,1
428,1.4545454545454546,66,2,CAMEL-4952,CAMEL,pre_ai,Improvement,0
430,1.1585365853658536,82,1,CAMEL-5229,CAMEL,pre_ai,Bug,1
96,1.875,8,1,CAMEL-5210,CAMEL,pre_ai,Bug,1
659,1.4653465346534653,101,9,CAMEL-5170,CAMEL,pre_ai,Improvement,0
146,1.8421052631578947,19,1,CAMEL-4309,CAMEL,pre_ai,New Feature,0
219,1.7142857142857142,28,2,CAMEL-5166,CAMEL,pre_ai,Improvement,0
1608,2.6666666666666665,150,4,CAMEL-5016,CAMEL,pre_ai,Improvement,0
99,2.2,10,1,CAMEL-5224,CAMEL,pre_ai,Bug,1
119,4.666666666666667,6,1,CAMEL-5212,CAMEL,pre_ai,Bug,1
113,2.111111111111111,9,3,CAMEL-5232,CAMEL,pre_ai,Improvement,0
268,2.2857142857142856,28,1,CAMEL-5052,CAMEL,pre_ai,Improvement,0
330,1.1379310344827587,58,1,CAMEL-5235,CAMEL,pre_ai,Bug,1
644,1.075,160,3,CAMEL-5236,CAMEL,pre_ai,Improvement,0
2150,2.2674897119341564,243,4,CAMEL-5241,CAMEL,pre_ai,Improvement,0
476,4.684210526315789,19,1,CAMEL-5248,CAMEL,pre_ai,Bug,1
253,2.0833333333333335,24,2,CAMEL-5243,CAMEL,pre_ai,Improvement,0
35,2.0,3,1,CAMEL-5266,CAMEL,pre_ai,New Feature,0
101,3.0,6,1,CAMEL-5260,CAMEL,pre_ai,Bug,1
164,2.1176470588235294,17,2,CAMEL-5263,CAMEL,pre_ai,Bug,1
509,1.5081967213114753,61,15,CAMEL-5238,CAMEL,pre_ai,Test,0
82,2.8,5,1,CAMEL-5255,CAMEL,pre_ai,Improvement,0
308,3.8421052631578947,19,1,CAMEL-5265,CAMEL,pre_ai,Bug,1
364,1.9024390243902438,41,4,CAMEL-5155,CAMEL,pre_ai,New Feature,0
263,1.475,40,3,CAMEL-5270,CAMEL,pre_ai,Improvement,0
121,2.6666666666666665,9,1,CAMEL-5279,CAMEL,pre_ai,Bug,1
264,2.3043478260869565,23,2,CAMEL-5274,CAMEL,pre_ai,Bug,1
41,6.0,2,1,CAMEL-5277,CAMEL,pre_ai,Bug,1
1843,2.653409090909091,176,12,CAMEL-5287,CAMEL,pre_ai,Improvement,0
970,2.759493670886076,79,3,CAMEL-5289,CAMEL,pre_ai,Improvement,0
4115,2.1050420168067228,476,15,CAMEL-5291,CAMEL,pre_ai,Improvement,0
151,1.8333333333333333,18,1,CAMEL-5782,CAMEL,pre_ai,Bug,1
168,1.6,20,1,CAMEL-5785,CAMEL,pre_ai,Improvement,0
103,3.8333333333333335,6,1,CAMEL-5784,CAMEL,pre_ai,Improvement,0
144,4.142857142857143,7,1,CAMEL-1069,CAMEL,pre_ai,New Feature,0
541,2.3508771929824563,57,3,CAMEL-5320,CAMEL,pre_ai,Improvement,0
189,1.8571428571428572,21,2,CAMEL-5718,CAMEL,pre_ai,Bug,1
126,1.1578947368421053,19,1,CAMEL-5789,CAMEL,pre_ai,Improvement,0
577,4.303030303030303,33,1,CAMEL-5792,CAMEL,pre_ai,Test,0
129,8.0,2,1,CAMEL-5388,CAMEL,pre_ai,Improvement,0
230,1.6,30,3,CAMEL-5678,CAMEL,pre_ai,Improvement,0
230,1.0833333333333333,24,2,CAMEL-5794,CAMEL,pre_ai,Bug,1
281,1.8620689655172413,29,3,CAMEL-5799,CAMEL,pre_ai,Improvement,0
340,2.8181818181818183,22,5,CAMEL-5809,CAMEL,pre_ai,Improvement,0
570,2.0677966101694913,59,4,CAMEL-5808,CAMEL,pre_ai,Improvement,0
411,2.4878048780487805,41,1,CAMEL-5751,CAMEL,pre_ai,Task,0
83,2.2857142857142856,7,1,CAMEL-5813,CAMEL,pre_ai,Improvement,0
546,7.277777777777778,18,1,CAMEL-5810,CAMEL,pre_ai,Bug,1
164,1.875,16,1,CAMEL-5767,CAMEL,pre_ai,Improvement,0
161,2.8461538461538463,13,1,CAMEL-5426,CAMEL,pre_ai,Bug,1
557,4.6,20,4,CAMEL-5711,CAMEL,pre_ai,Improvement,0
317,4.5,8,3,CAMEL-5816,CAMEL,pre_ai,Bug,1
2093,2.5315315315315314,222,2,CAMEL-5820,CAMEL,pre_ai,New Feature,0
1551,1.6903553299492386,197,4,CAMEL-5801,CAMEL,pre_ai,Improvement,0
874,1.2296296296296296,135,4,CAMEL-5812,CAMEL,pre_ai,New Feature,0
415,1.6833333333333333,60,2,CAMEL-5793,CAMEL,pre_ai,Improvement,0
84,1.1538461538461537,13,3,CAMEL-5814,CAMEL,pre_ai,Sub-task,0
77,13.5,2,1,CAMEL-5744,CAMEL,pre_ai,Improvement,0
486,1.6379310344827587,58,6,CAMEL-5822,CAMEL,pre_ai,New Feature,0
131,4.833333333333333,6,1,CAMEL-5826,CAMEL,pre_ai,Bug,1
1758,2.2401960784313726,204,1,CAMEL-5830,CAMEL,pre_ai,Bug,1
549,7.333333333333333,18,1,CAMEL-5823,CAMEL,pre_ai,Bug,1
188,6.0,7,1,CAMEL-5824,CAMEL,pre_ai,Improvement,0
261,2.5714285714285716,35,1,CAMEL-5699,CAMEL,pre_ai,Bug,1
115,2.5,8,2,CAMEL-5781,CAMEL,pre_ai,Improvement,0
713,2.3037974683544302,79,1,CAMEL-5838,CAMEL,pre_ai,Improvement,0
92,1.875,8,1,CAMEL-5847,CAMEL,pre_ai,Improvement,0
351,1.6326530612244898,49,1,CAMEL-5864,CAMEL,pre_ai,Bug,1
424,2.235294117647059,34,2,CAMEL-5862,CAMEL,pre_ai,Improvement,0
54,1.6,5,1,CAMEL-5874,CAMEL,pre_ai,Task,0
515,1.7777777777777777,72,1,CAMEL-5854,CAMEL,pre_ai,Bug,1
315,1.9166666666666667,36,1,CAMEL-5875,CAMEL,pre_ai,Bug,1
824,1.9903846153846154,104,1,CAMEL-4963,CAMEL,pre_ai,Improvement,0
34,1.75,4,1,CAMEL-5843,CAMEL,pre_ai,New Feature,0
69,2.0,10,1,CAMEL-5844,CAMEL,pre_ai,Bug,1
85,1.3333333333333333,9,3,CAMEL-5778,CAMEL,pre_ai,New Feature,0
904,2.25,100,2,CAMEL-5867,CAMEL,pre_ai,Bug,1
650,3.4634146341463414,41,7,CAMEL-5863,CAMEL,pre_ai,Improvement,0
1337,2.0949367088607596,158,6,CAMEL-5848,CAMEL,pre_ai,Bug,1
172,1.631578947368421,19,1,CAMEL-5886,CAMEL,pre_ai,New Feature,0
1296,4.0,71,14,CAMEL-5827,CAMEL,pre_ai,New Feature,0
204,4.9,10,1,CAMEL-5877,CAMEL,pre_ai,Bug,1
183,4.1,10,1,CAMEL-5897,CAMEL,pre_ai,Bug,1
1005,1.5436241610738255,149,3,CAMEL-5896,CAMEL,pre_ai,New Feature,0
473,2.7142857142857144,35,2,CAMEL-5899,CAMEL,pre_ai,Bug,1
4082,2.128691983122363,474,15,CAMEL-5866,CAMEL,pre_ai,Bug,1
1796,2.2766990291262137,206,1,CAMEL-5888,CAMEL,pre_ai,Bug,1
232,3.0,19,1,CAMEL-5893,CAMEL,pre_ai,New Feature,0
880,1.5285714285714285,140,3,CAMEL-5901,CAMEL,pre_ai,New Feature,0
67,2.6666666666666665,6,1,CAMEL-5724,CAMEL,pre_ai,Improvement,0
705,1.7415730337078652,89,2,CAMEL-5908,CAMEL,pre_ai,Bug,1
45,1.75,4,2,CAMEL-5910,CAMEL,pre_ai,Improvement,0
2219,1.5794117647058823,340,4,CAMEL-5887,CAMEL,pre_ai,Bug,1
51,1.375,8,1,CAMEL-5917,CAMEL,pre_ai,Bug,1
331,2.1315789473684212,38,1,CAMEL-5907,CAMEL,pre_ai,Bug,1
44,1.2,5,1,CAMEL-5923,CAMEL,pre_ai,Task,0
329,9.625,8,1,CAMEL-5906,CAMEL,pre_ai,New Feature,0
155,3.0,10,2,CAMEL-5926,CAMEL,pre_ai,Improvement,0
38,1.75,4,1,CAMEL-5925,CAMEL,pre_ai,Bug,1
339,2.8461538461538463,26,8,CAMEL-5921,CAMEL,pre_ai,Task,0
200,1.1304347826086956,46,1,CAMEL-5649,CAMEL,pre_ai,Improvement,0
131,1.8571428571428572,14,1,CAMEL-5636,CAMEL,pre_ai,Bug,1
283,1.9444444444444444,36,2,CAMEL-5638,CAMEL,pre_ai,Improvement,0
200,1.4516129032258065,31,1,CAMEL-5536,CAMEL,pre_ai,Bug,1
157,1.8571428571428572,14,1,CAMEL-5621,CAMEL,pre_ai,Bug,1
112,2.2222222222222223,9,1,CAMEL-5405,CAMEL,pre_ai,Bug,1
319,2.0789473684210527,38,1,CAMEL-5656,CAMEL,pre_ai,Improvement,0
675,2.96,50,1,CAMEL-5657,CAMEL,pre_ai,Bug,1
724,2.039473684210526,76,3,CAMEL-5658,CAMEL,pre_ai,Improvement,0
195,2.217391304347826,23,1,CAMEL-5659,CAMEL,pre_ai,Improvement,0
100,6.6,5,1,CAMEL-5653,CAMEL,pre_ai,Bug,1
77,3.142857142857143,7,1,CAMEL-5650,CAMEL,pre_ai,Improvement,0
150,2.0588235294117645,17,1,CAMEL-5630,CAMEL,pre_ai,Improvement,0
731,3.0638297872340425,47,1,CAMEL-5663,CAMEL,pre_ai,Bug,1
86,1.0625,16,2,CAMEL-5592,CAMEL,pre_ai,Bug,1
2424,2.1686746987951806,249,25,CAMEL-5497,CAMEL,pre_ai,Sub-task,0
212,3.6923076923076925,13,3,CAMEL-5571,CAMEL,pre_ai,Bug,1
208,2.227272727272727,22,1,CAMEL-5677,CAMEL,pre_ai,Bug,1
401,3.8518518518518516,27,1,CAMEL-5675,CAMEL,pre_ai,Improvement,0
643,6.136363636363637,22,1,CAMEL-5676,CAMEL,pre_ai,Improvement,0
846,3.92,75,1,CAMEL-5682,CAMEL,pre_ai,Bug,1
406,2.4146341463414633,41,1,CAMEL-5686,CAMEL,pre_ai,Bug,1
1193,3.0259740259740258,77,7,CAMEL-5672,CAMEL,pre_ai,Task,0
1070,2.3873873873873874,111,3,CAMEL-5687,CAMEL,pre_ai,Improvement,0
1274,1.7961783439490446,157,7,CAMEL-5689,CAMEL,pre_ai,Improvement,0
807,1.5871559633027523,109,9,CAMEL-5688,CAMEL,pre_ai,Improvement,0
411,1.9583333333333333,48,2,CAMEL-5683,CAMEL,pre_ai,Bug,1
624,3.8684210526315788,38,2,CAMEL-5668,CAMEL,pre_ai,Bug,1
326,1.4090909090909092,44,5,CAMEL-5670,CAMEL,pre_ai,Bug,1
72,1.6666666666666667,12,1,CAMEL-5691,CAMEL,pre_ai,Improvement,0
794,1.1470588235294117,170,1,CAMEL-5694,CAMEL,pre_ai,Bug,1
678,2.3783783783783785,74,5,CAMEL-5696,CAMEL,pre_ai,New Feature,0
678,2.3783783783783785,74,5,CAMEL-5697,CAMEL,pre_ai,Improvement,0
227,1.6153846153846154,26,3,CAMEL-5702,CAMEL,pre_ai,Improvement,0
945,1.6058394160583942,137,3,CAMEL-5703,CAMEL,pre_ai,Improvement,0
1442,3.1466666666666665,75,14,CAMEL-5693,CAMEL,pre_ai,Bug,1
998,1.5476190476190477,168,1,CAMEL-5707,CAMEL,pre_ai,Bug,1
676,2.96,50,1,CAMEL-5704,CAMEL,pre_ai,Bug,1
299,2.193548387096774,31,2,CAMEL-5608,CAMEL,pre_ai,Bug,1
270,9.714285714285714,7,1,CAMEL-5710,CAMEL,pre_ai,Bug,1
31,1.0,2,1,CAMEL-5715,CAMEL,pre_ai,Task,0
529,1.2127659574468086,94,2,CAMEL-5712,CAMEL,pre_ai,Bug,1
662,2.694915254237288,59,1,CAMEL-5720,CAMEL,pre_ai,Bug,1
432,1.1975308641975309,81,2,CAMEL-5713,CAMEL,pre_ai,Improvement,0
95,2.0,8,2,CAMEL-5714,CAMEL,pre_ai,Improvement,0
1820,2.3155339805825244,206,1,CAMEL-5726,CAMEL,pre_ai,Improvement,0
72,3.0,4,1,CAMEL-5725,CAMEL,pre_ai,Improvement,0
393,1.813953488372093,43,3,CAMEL-5729,CAMEL,pre_ai,Bug,1
2311,1.428191489361702,376,7,CAMEL-5721,CAMEL,pre_ai,Task,0
184,1.8571428571428572,21,1,CAMEL-5730,CAMEL,pre_ai,Bug,1
71,1.0,17,1,CAMEL-5735,CAMEL,pre_ai,Bug,1
62,1.1111111111111112,9,2,CAMEL-4171,CAMEL,pre_ai,Bug,1
43,2.6666666666666665,3,1,CAMEL-5733,CAMEL,pre_ai,Bug,1
318,1.4324324324324325,37,2,CAMEL-5734,CAMEL,pre_ai,New Feature,0
244,2.7,20,1,CAMEL-5737,CAMEL,pre_ai,Bug,1
205,4.111111111111111,9,1,CAMEL-5732,CAMEL,pre_ai,Bug,1
111,3.7142857142857144,7,1,CAMEL-5623,CAMEL,pre_ai,Improvement,0
239,1.2040816326530612,49,1,CAMEL-5746,CAMEL,pre_ai,Bug,1
232,3.5,14,2,CAMEL-5722,CAMEL,pre_ai,Bug,1
2287,2.65531914893617,235,3,CAMEL-5739,CAMEL,pre_ai,Improvement,0
100,3.75,8,1,CAMEL-5701,CAMEL,pre_ai,Improvement,0
79,4.5,4,1,CAMEL-5756,CAMEL,pre_ai,Bug,1
61,3.3333333333333335,3,1,CAMEL-5741,CAMEL,pre_ai,Bug,1
240,1.7142857142857142,35,1,CAMEL-5747,CAMEL,pre_ai,Bug,1
58,2.0,6,2,CAMEL-5579,CAMEL,pre_ai,Improvement,0
1811,2.4046242774566475,173,6,CAMEL-5760,CAMEL,pre_ai,Improvement,0
176,2.6923076923076925,13,1,CAMEL-5755,CAMEL,pre_ai,Improvement,0
2697,1.5128755364806867,466,7,CAMEL-5763,CAMEL,pre_ai,Improvement,0
187,1.8571428571428572,21,1,CAMEL-5761,CAMEL,pre_ai,Bug,1
1219,4.194805194805195,77,3,CAMEL-5765,CAMEL,pre_ai,Improvement,0
774,2.7183098591549295,71,1,CAMEL-5766,CAMEL,pre_ai,Bug,1
167,6.75,4,1,CAMEL-5731,CAMEL,pre_ai,Bug,1
93,2.2857142857142856,7,1,CAMEL-5769,CAMEL,pre_ai,Bug,1
994,5.0625,48,4,CAMEL-5757,CAMEL,pre_ai,Bug,1
85,1.1428571428571428,21,1,CAMEL-5770,CAMEL,pre_ai,Improvement,0
46,1.75,4,1,CAMEL-5773,CAMEL,pre_ai,Bug,1
261,2.75,24,1,CAMEL-5464,CAMEL,pre_ai,Bug,1
112,1.4375,16,1,CAMEL-5528,CAMEL,pre_ai,Improvement,0
108,2.6666666666666665,9,1,CAMEL-5505,CAMEL,pre_ai,Bug,1
148,1.4193548387096775,31,1,CAMEL-5531,CAMEL,pre_ai,Improvement,0
144,4.222222222222222,9,1,CAMEL-5328,CAMEL,pre_ai,Improvement,0
2334,2.5442477876106193,226,7,CAMEL-5521,CAMEL,pre_ai,New Feature,0
430,1.3243243243243243,74,8,CAMEL-5529,CAMEL,pre_ai,Improvement,0
100,6.25,4,1,CAMEL-5540,CAMEL,pre_ai,Bug,1
346,4.714285714285714,14,4,CAMEL-5530,CAMEL,pre_ai,Improvement,0
874,2.061224489795918,98,3,CAMEL-5537,CAMEL,pre_ai,Bug,1
97,2.857142857142857,7,1,CAMEL-5526,CAMEL,pre_ai,Bug,1
21,2.0,2,1,CAMEL-5525,CAMEL,pre_ai,Bug,1
97,3.0,7,1,CAMEL-5542,CAMEL,pre_ai,Bug,1
174,2.9166666666666665,12,1,CAMEL-4224,CAMEL,pre_ai,Improvement,0
118,3.9,10,1,CAMEL-5396,CAMEL,pre_ai,Improvement,0
205,2.411764705882353,17,1,CAMEL-5544,CAMEL,pre_ai,Improvement,0
1527,2.894308943089431,123,5,CAMEL-5446,CAMEL,pre_ai,Improvement,0
633,1.0516129032258064,155,4,CAMEL-5549,CAMEL,pre_ai,New Feature,0
531,1.728813559322034,59,9,CAMEL-4691,CAMEL,pre_ai,New Feature,0
107,1.4615384615384615,13,1,CAMEL-5480,CAMEL,pre_ai,Improvement,0
1482,1.8711340206185567,194,8,CAMEL-5538,CAMEL,pre_ai,New Feature,0
259,1.2972972972972974,37,1,CAMEL-5545,CAMEL,pre_ai,Improvement,0
44,4.5,2,1,CAMEL-5543,CAMEL,pre_ai,Bug,1
178,1.4482758620689655,29,2,CAMEL-5565,CAMEL,pre_ai,Improvement,0
327,1.7352941176470589,34,3,CAMEL-5560,CAMEL,pre_ai,Improvement,0
290,1.3269230769230769,52,5,CAMEL-5304,CAMEL,pre_ai,Improvement,0
370,2.0,27,7,CAMEL-5566,CAMEL,pre_ai,Improvement,0
1800,2.292682926829268,205,1,CAMEL-5564,CAMEL,pre_ai,Bug,1
492,1.4285714285714286,98,1,CAMEL-5570,CAMEL,pre_ai,Bug,1
2703,2.2691029900332227,301,3,CAMEL-5573,CAMEL,pre_ai,Improvement,0
52,1.4285714285714286,7,1,CAMEL-3104,CAMEL,pre_ai,New Feature,0
721,2.6865671641791047,67,1,CAMEL-5575,CAMEL,pre_ai,New Feature,0
497,1.66,50,7,CAMEL-5554,CAMEL,pre_ai,Improvement,0
504,2.1481481481481484,54,2,CAMEL-5584,CAMEL,pre_ai,Task,0
374,3.1333333333333333,30,4,CAMEL-5580,CAMEL,pre_ai,Bug,1
111,3.857142857142857,7,1,CAMEL-5436,CAMEL,pre_ai,Improvement,0
1861,1.6594982078853047,279,5,CAMEL-3364,CAMEL,pre_ai,New Feature,0
4020,2.075,440,17,CAMEL-5563,CAMEL,pre_ai,Improvement,0
9,1.0,1,1,CAMEL-4734,CAMEL,pre_ai,Task,0
353,2.3636363636363638,33,1,CAMEL-5577,CAMEL,pre_ai,Improvement,0
175,2.0,16,1,CAMEL-5546,CAMEL,pre_ai,Improvement,0
468,1.6615384615384616,65,1,CAMEL-5550,CAMEL,pre_ai,Improvement,0
90,1.0952380952380953,21,1,CAMEL-5559,CAMEL,pre_ai,Improvement,0
459,1.6111111111111112,72,2,CAMEL-5535,CAMEL,pre_ai,Bug,1
55,1.3333333333333333,9,1,CAMEL-5556,CAMEL,pre_ai,Bug,1
200,3.3846153846153846,13,1,CAMEL-5551,CAMEL,pre_ai,Improvement,0
463,3.3902439024390243,41,2,CAMEL-5555,CAMEL,pre_ai,Bug,1
151,1.2121212121212122,33,1,CAMEL-5600,CAMEL,pre_ai,Task,0
67,2.0,6,1,CAMEL-5607,CAMEL,pre_ai,Improvement,0
32,4.0,2,1,CAMEL-5615,CAMEL,pre_ai,Bug,1
529,1.6666666666666667,78,2,CAMEL-5596,CAMEL,pre_ai,Improvement,0
682,1.412280701754386,114,4,CAMEL-5613,CAMEL,pre_ai,Improvement,0
2023,2.8072289156626504,166,10,CAMEL-5589,CAMEL,pre_ai,Task,0
43,1.4285714285714286,7,1,CAMEL-5627,CAMEL,pre_ai,Bug,1
211,1.9166666666666667,24,2,CAMEL-5605,CAMEL,pre_ai,Bug,1
149,1.7777777777777777,18,1,CAMEL-5414,CAMEL,pre_ai,Bug,1
363,4.0,23,1,CAMEL-5390,CAMEL,pre_ai,Improvement,0
210,1.2777777777777777,36,2,CAMEL-5624,CAMEL,pre_ai,Improvement,0
71,1.75,8,3,CAMEL-5616,CAMEL,pre_ai,Bug,1
96,1.2941176470588236,17,1,CAMEL-5634,CAMEL,pre_ai,Improvement,0
476,7.173913043478261,23,1,CAMEL-5631,CAMEL,pre_ai,Bug,1
1147,4.041666666666667,96,2,CAMEL-5632,CAMEL,pre_ai,Bug,1
427,6.7,20,1,CAMEL-5641,CAMEL,pre_ai,Bug,1
143,5.142857142857143,7,1,CAMEL-5642,CAMEL,pre_ai,Improvement,0
473,3.0,40,1,CAMEL-5633,CAMEL,pre_ai,Improvement,0
392,1.5344827586206897,58,1,CAMEL-5617,CAMEL,pre_ai,New Feature,0
640,5.1875,32,1,CAMEL-5644,CAMEL,pre_ai,Bug,1
39,3.0,2,1,CAMEL-5640,CAMEL,pre_ai,Improvement,0
209,2.5714285714285716,14,2,CAMEL-5622,CAMEL,pre_ai,Improvement,0
1982,2.2731277533039647,227,3,CAMEL-4857,CAMEL,pre_ai,Bug,1
602,1.5932203389830508,59,1,CAMEL-5310,CAMEL,pre_ai,Improvement,0
173,1.1935483870967742,31,2,CAMEL-5386,CAMEL,pre_ai,Improvement,0
327,2.3076923076923075,39,2,CAMEL-5385,CAMEL,pre_ai,New Feature,0
161,2.8461538461538463,13,1,CAMEL-5395,CAMEL,pre_ai,Improvement,0
257,3.6842105263157894,19,1,CAMEL-5401,CAMEL,pre_ai,Bug,1
91,2.3333333333333335,12,1,CAMEL-5412,CAMEL,pre_ai,Bug,1
140,1.2222222222222223,27,1,CAMEL-5406,CAMEL,pre_ai,Bug,1
2282,1.480719794344473,389,13,CAMEL-5647,CAMEL,pre_ai,Bug,1
62,1.5,8,2,CAMEL-5415,CAMEL,pre_ai,Bug,1
374,2.7096774193548385,31,7,CAMEL-4743,CAMEL,pre_ai,New Feature,0
323,3.888888888888889,18,1,CAMEL-5419,CAMEL,pre_ai,Bug,1
136,2.5384615384615383,13,1,CAMEL-5421,CAMEL,pre_ai,Improvement,0
826,2.0095238095238095,105,1,CAMEL-4919,CAMEL,pre_ai,Improvement,0
486,1.5873015873015872,63,3,CAMEL-5050,CAMEL,pre_ai,Improvement,0
942,1.7232142857142858,112,6,CAMEL-5418,CAMEL,pre_ai,New Feature,0
2454,1.5734597156398105,422,4,CAMEL-5429,CAMEL,pre_ai,Bug,1
788,1.5963302752293578,109,6,CAMEL-5433,CAMEL,pre_ai,Improvement,0
56,1.2222222222222223,9,1,CAMEL-5431,CAMEL,pre_ai,Improvement,0
253,2.032258064516129,31,1,CAMEL-5437,CAMEL,pre_ai,Bug,1
23,3.0,1,1,CAMEL-4014,CAMEL,pre_ai,Improvement,0
257,1.2894736842105263,38,4,CAMEL-5439,CAMEL,pre_ai,Improvement,0
148,3.25,8,1,CAMEL-5444,CAMEL,pre_ai,Improvement,0
635,3.6744186046511627,43,1,CAMEL-5445,CAMEL,pre_ai,Improvement,0
685,3.0,45,1,CAMEL-5451,CAMEL,pre_ai,Bug,1
448,1.706896551724138,58,2,CAMEL-5450,CAMEL,pre_ai,Improvement,0
575,1.3255813953488371,86,16,CAMEL-5430,CAMEL,pre_ai,Improvement,0
909,1.990990990990991,111,2,CAMEL-5449,CAMEL,pre_ai,Bug,1
76,1.0,16,1,CAMEL-4327,CAMEL,pre_ai,New Feature,0
186,1.1818181818181819,33,2,CAMEL-5343,CAMEL,pre_ai,Improvement,0
823,2.0095238095238095,105,1,CAMEL-5460,CAMEL,pre_ai,Improvement,0
797,1.7951807228915662,83,5,CAMEL-5455,CAMEL,pre_ai,Bug,1
93,1.6666666666666667,15,1,CAMEL-5468,CAMEL,pre_ai,Bug,1
386,2.1176470588235294,51,2,CAMEL-5462,CAMEL,pre_ai,Improvement,0
338,1.1333333333333333,60,1,CAMEL-5461,CAMEL,pre_ai,Bug,1
272,1.6216216216216217,37,4,CAMEL-5219,CAMEL,pre_ai,New Feature,0
54,1.2,5,1,CAMEL-5470,CAMEL,pre_ai,Bug,1
5536,1.915134370579915,707,11,CAMEL-5438,CAMEL,pre_ai,New Feature,0
243,2.0714285714285716,28,2,CAMEL-5481,CAMEL,pre_ai,New Feature,0
769,2.8360655737704916,61,4,CAMEL-5482,CAMEL,pre_ai,Improvement,0
89,1.5454545454545454,11,2,CAMEL-5489,CAMEL,pre_ai,Improvement,0
606,5.961538461538462,26,2,CAMEL-5487,CAMEL,pre_ai,Bug,1
41,1.75,4,1,CAMEL-5479,CAMEL,pre_ai,Improvement,0
1400,4.177215189873418,79,3,CAMEL-5407,CAMEL,pre_ai,Improvement,0
117,1.8333333333333333,12,1,CAMEL-5500,CAMEL,pre_ai,Bug,1
1234,1.5497076023391814,171,12,CAMEL-5486,CAMEL,pre_ai,Sub-task,0
124,2.125,16,2,CAMEL-5495,CAMEL,pre_ai,Bug,1
706,2.3037974683544302,79,1,CAMEL-5501,CAMEL,pre_ai,Bug,1
504,3.6666666666666665,30,3,CAMEL-5504,CAMEL,pre_ai,Bug,1
134,1.5714285714285714,14,1,CAMEL-5411,CAMEL,pre_ai,Bug,1
192,1.175,40,1,CAMEL-5502,CAMEL,pre_ai,Sub-task,0
1901,2.072398190045249,221,8,CAMEL-5492,CAMEL,pre_ai,Improvement,0
315,6.230769230769231,13,1,CAMEL-5511,CAMEL,pre_ai,Task,0
538,2.5306122448979593,49,5,CAMEL-5512,CAMEL,pre_ai,Improvement,0
1163,1.9722222222222223,144,7,CAMEL-5513,CAMEL,pre_ai,Improvement,0
485,1.4,90,2,CAMEL-4303,CAMEL,pre_ai,Improvement,0
73,1.0,8,2,CAMEL-5516,CAMEL,pre_ai,New Feature,0
225,1.2244897959183674,49,1,CAMEL-5509,CAMEL,pre_ai,Bug,1
50,1.375,8,1,CAMEL-5519,CAMEL,pre_ai,Bug,1
263,1.6857142857142857,35,4,CAMEL-5517,CAMEL,pre_ai,Bug,1
712,2.3037974683544302,79,1,CAMEL-5835,CAMEL,pre_ai,Bug,1
42,1.0,7,1,CAMEL-5937,CAMEL,pre_ai,Improvement,0
1400,1.5829787234042554,235,2,CAMEL-5674,CAMEL,pre_ai,Task,0
53,2.2,5,1,CAMEL-5938,CAMEL,pre_ai,Improvement,0
1331,1.476923076923077,195,1,CAMEL-5945,CAMEL,pre_ai,Improvement,0
163,2.5833333333333335,12,1,CAMEL-5865,CAMEL,pre_ai,Bug,1
870,3.8947368421052633,76,1,CAMEL-5948,CAMEL,pre_ai,Bug,1
30,3.3333333333333335,3,1,CAMEL-5944,CAMEL,pre_ai,Improvement,0
287,2.027027027027027,37,1,CAMEL-5954,CAMEL,pre_ai,Improvement,0
68,1.0909090909090908,11,2,CAMEL-5955,CAMEL,pre_ai,Improvement,0
41,1.0,4,1,CAMEL-5943,CAMEL,pre_ai,Bug,1
127,2.272727272727273,11,2,CAMEL-5950,CAMEL,pre_ai,Bug,1
133,2.1,10,2,CAMEL-5942,CAMEL,pre_ai,Bug,1
808,3.7560975609756095,41,2,CAMEL-5959,CAMEL,pre_ai,Improvement,0
64,5.5,2,1,CAMEL-5962,CAMEL,pre_ai,Improvement,0
53,3.3333333333333335,3,1,CAMEL-5933,CAMEL,pre_ai,Improvement,0
515,1.4931506849315068,73,4,CAMEL-5708,CAMEL,pre_ai,Improvement,0
230,2.375,16,2,CAMEL-5975,CAMEL,pre_ai,Bug,1
114,3.0,10,1,CAMEL-5977,CAMEL,pre_ai,New Feature,0
363,1.5660377358490567,53,3,CAMEL-5976,CAMEL,pre_ai,New Feature,0
376,1.5777777777777777,45,2,CAMEL-5643,CAMEL,pre_ai,New Feature,0
64,2.1666666666666665,6,1,CAMEL-5890,CAMEL,pre_ai,Bug,1
87,4.0,5,1,CAMEL-5972,CAMEL,pre_ai,Improvement,0
350,1.9714285714285715,35,1,CAMEL-5750,CAMEL,pre_ai,Task,0
16,1.0,2,1,CAMEL-4209,CAMEL,pre_ai,Improvement,0
530,1.7611940298507462,67,3,CAMEL-5503,CAMEL,pre_ai,Improvement,0
662,2.711864406779661,59,1,CAMEL-5957,CAMEL,pre_ai,Bug,1
36,2.6666666666666665,3,1,CAMEL-5651,CAMEL,pre_ai,New Feature,0
37,3.0,2,1,CAMEL-5951,CAMEL,pre_ai,Bug,1
382,2.933333333333333,30,3,CAMEL-5590,CAMEL,pre_ai,Improvement,0
198,1.4193548387096775,31,1,CAMEL-5645,CAMEL,pre_ai,Improvement,0
100,1.7,10,1,CAMEL-4869,CAMEL,pre_ai,Improvement,0
122,1.7142857142857142,14,1,CAMEL-5981,CAMEL,pre_ai,Bug,1
256,1.6818181818181819,22,2,CAMEL-5788,CAMEL,pre_ai,Improvement,0
47,5.0,2,1,CAMEL-5982,CAMEL,pre_ai,Improvement,0
271,1.6046511627906976,43,4,CAMEL-5984,CAMEL,pre_ai,Improvement,0
45,1.5,4,1,CAMEL-5748,CAMEL,pre_ai,Bug,1
621,2.6666666666666665,57,3,CAMEL-5987,CAMEL,pre_ai,Bug,1
84,3.0,4,1,CAMEL-4931,CAMEL,pre_ai,Improvement,0
117,1.4,20,1,CAMEL-5358,CAMEL,pre_ai,Bug,1
201,3.1666666666666665,12,2,CAMEL-6008,CAMEL,pre_ai,Improvement,0
624,4.529411764705882,34,1,CAMEL-5574,CAMEL,pre_ai,Bug,1
678,2.98,50,1,CAMEL-6005,CAMEL,pre_ai,Bug,1
111,1.1,20,2,CAMEL-6010,CAMEL,pre_ai,Improvement,0
61,1.75,8,1,CAMEL-5995,CAMEL,pre_ai,Improvement,0
55,5.0,2,1,CAMEL-5994,CAMEL,pre_ai,Bug,1
680,3.8333333333333335,42,2,CAMEL-5821,CAMEL,pre_ai,Bug,1
368,1.872340425531915,47,2,CAMEL-5999,CAMEL,pre_ai,Bug,1
1022,1.7297297297297298,148,3,CAMEL-6006,CAMEL,pre_ai,Improvement,0
346,1.4137931034482758,29,8,CAMEL-4814,CAMEL,pre_ai,Task,0
116,1.7692307692307692,13,1,CAMEL-6023,CAMEL,pre_ai,Bug,1
373,4.0,14,2,CAMEL-5269,CAMEL,pre_ai,Improvement,0
37,7.0,1,1,CAMEL-4629,CAMEL,pre_ai,Improvement,0
205,2.411764705882353,17,2,CAMEL-5971,CAMEL,pre_ai,Bug,1
320,1.7234042553191489,47,4,CAMEL-6021,CAMEL,pre_ai,Improvement,0
320,1.7234042553191489,47,4,CAMEL-6022,CAMEL,pre_ai,Improvement,0
353,1.6326530612244898,49,1,CAMEL-6020,CAMEL,pre_ai,Bug,1
131,1.2727272727272727,22,1,CAMEL-6013,CAMEL,pre_ai,Bug,1
1533,1.33206106870229,262,3,CAMEL-6025,CAMEL,pre_ai,Bug,1
1158,1.3038674033149171,181,26,CAMEL-6030,CAMEL,pre_ai,Improvement,0
1837,2.314009661835749,207,1,CAMEL-6031,CAMEL,pre_ai,Improvement,0
1459,1.5991735537190082,242,2,CAMEL-6016,CAMEL,pre_ai,New Feature,0
214,3.8125,16,2,CAMEL-5774,CAMEL,pre_ai,Bug,1
639,2.0476190476190474,84,2,CAMEL-5459,CAMEL,pre_ai,Bug,1
1225,1.1901140684410647,263,2,CAMEL-5974,CAMEL,pre_ai,Improvement,0
10889,2.0336574420344053,1337,53,CAMEL-5997,CAMEL,pre_ai,Improvement,0
1347,1.4771573604060915,197,1,CAMEL-5953,CAMEL,pre_ai,Bug,1
229,2.3333333333333335,24,1,CAMEL-6035,CAMEL,pre_ai,Bug,1
27,1.5,2,1,CAMEL-6038,CAMEL,pre_ai,Bug,1
457,3.7,30,1,CAMEL-6045,CAMEL,pre_ai,Bug,1
655,1.3949579831932772,119,2,CAMEL-6046,CAMEL,pre_ai,Bug,1
364,1.7692307692307692,39,7,CAMEL-5206,CAMEL,pre_ai,Bug,1
231,1.6666666666666667,36,1,CAMEL-6048,CAMEL,pre_ai,Bug,1
876,3.973684210526316,76,1,CAMEL-6051,CAMEL,pre_ai,Improvement,0
66,1.625,8,1,CAMEL-6057,CAMEL,pre_ai,Improvement,0
388,4.137931034482759,29,1,CAMEL-6069,CAMEL,pre_ai,Bug,1
2082,2.767605633802817,142,8,CAMEL-6050,CAMEL,pre_ai,Task,0
100,1.6666666666666667,12,1,CAMEL-6068,CAMEL,pre_ai,Bug,1
148,1.6111111111111112,18,1,CAMEL-6064,CAMEL,pre_ai,Bug,1
41,2.3333333333333335,3,1,CAMEL-6063,CAMEL,pre_ai,Improvement,0
211,2.588235294117647,17,1,CAMEL-6073,CAMEL,pre_ai,Bug,1
211,2.588235294117647,17,1,CAMEL-6072,CAMEL,pre_ai,Bug,1
205,1.8076923076923077,26,4,CAMEL-6054,CAMEL,pre_ai,New Feature,0
32,1.0,2,1,CAMEL-6081,CAMEL,pre_ai,Bug,1
719,1.0740740740740742,108,5,CAMEL-5807,CAMEL,pre_ai,New Feature,0
330,1.4102564102564104,39,2,CAMEL-6080,CAMEL,pre_ai,Improvement,0
294,10.142857142857142,7,1,CAMEL-6085,CAMEL,pre_ai,Improvement,0
185,2.923076923076923,13,1,CAMEL-6092,CAMEL,pre_ai,Improvement,0
260,1.7037037037037037,27,1,CAMEL-6088,CAMEL,pre_ai,Improvement,0
601,2.25,60,4,CAMEL-6079,CAMEL,pre_ai,Bug,1
353,1.9444444444444444,36,1,CAMEL-6090,CAMEL,pre_ai,Improvement,0
71,1.375,8,2,CAMEL-6096,CAMEL,pre_ai,New Feature,0
78,1.6666666666666667,6,2,CAMEL-6102,CAMEL,pre_ai,Improvement,0
36,2.5,2,1,CAMEL-5968,CAMEL,pre_ai,Bug,1
74,1.0,12,2,CAMEL-6110,CAMEL,pre_ai,Improvement,0
181,2.8461538461538463,13,1,CAMEL-6084,CAMEL,pre_ai,Bug,1
786,4.613636363636363,44,3,CAMEL-6043,CAMEL,pre_ai,Improvement,0
344,4.2,20,1,CAMEL-6039,CAMEL,pre_ai,Improvement,0
212,18.75,4,3,CAMEL-6089,CAMEL,pre_ai,Bug,1
844,1.1521739130434783,184,1,CAMEL-6100,CAMEL,pre_ai,Improvement,0
340,1.469387755102041,49,3,CAMEL-6109,CAMEL,pre_ai,Bug,1
1363,2.5725806451612905,124,1,CAMEL-6097,CAMEL,pre_ai,Bug,1
937,3.0,67,2,CAMEL-6119,CAMEL,pre_ai,Improvement,0
49,1.5,4,2,CAMEL-6105,CAMEL,pre_ai,Improvement,0
536,5.285714285714286,21,1,CAMEL-6127,CAMEL,pre_ai,Bug,1
91,1.875,8,1,CAMEL-6122,CAMEL,pre_ai,Improvement,0
224,2.8947368421052633,19,1,CAMEL-6128,CAMEL,pre_ai,Bug,1
28,1.0,3,1,CAMEL-6136,CAMEL,pre_ai,Bug,1
1472,1.5959183673469388,245,2,CAMEL-5960,CAMEL,pre_ai,Improvement,0
151,1.125,24,2,CAMEL-6140,CAMEL,pre_ai,Improvement,0
183,2.357142857142857,14,2,CAMEL-6125,CAMEL,pre_ai,Task,0
46,3.0,3,1,CAMEL-5967,CAMEL,pre_ai,Improvement,0
262,2.2413793103448274,29,1,CAMEL-5860,CAMEL,pre_ai,Bug,1
182,3.0,9,2,CAMEL-6116,CAMEL,pre_ai,Improvement,0
245,1.7391304347826086,23,1,CAMEL-6146,CAMEL,pre_ai,Improvement,0
641,1.0636942675159236,157,5,CAMEL-6145,CAMEL,pre_ai,Improvement,0
457,1.2613636363636365,88,4,CAMEL-6120,CAMEL,pre_ai,Improvement,0
78,1.0666666666666667,15,2,CAMEL-6153,CAMEL,pre_ai,Task,0
612,3.7045454545454546,44,2,CAMEL-6130,CAMEL,pre_ai,Bug,1
40,2.25,4,1,CAMEL-5979,CAMEL,pre_ai,New Feature,0
45,1.75,4,1,CAMEL-6040,CAMEL,pre_ai,Improvement,0
86,3.8,5,1,CAMEL-5969,CAMEL,pre_ai,Improvement,0
161,2.8461538461538463,13,1,CAMEL-6155,CAMEL,pre_ai,Bug,1
2155,3.847560975609756,164,7,CAMEL-6129,CAMEL,pre_ai,Bug,1
309,1.58,50,2,CAMEL-6147,CAMEL,pre_ai,New Feature,0
810,2.6455696202531644,79,1,CAMEL-6017,CAMEL,pre_ai,Improvement,0
1282,4.903225806451613,62,2,CAMEL-6164,CAMEL,pre_ai,Improvement,0
408,1.2857142857142858,84,2,CAMEL-6166,CAMEL,pre_ai,Improvement,0
52,8.0,1,1,CAMEL-6169,CAMEL,pre_ai,Task,0
54,11.0,2,1,CAMEL-6056,CAMEL,pre_ai,Bug,1
705,2.7301587301587302,63,1,CAMEL-6172,CAMEL,pre_ai,Bug,1
203,7.4,5,1,CAMEL-6121,CAMEL,pre_ai,Improvement,0
168,4.125,8,2,CAMEL-6431,CAMEL,pre_ai,New Feature,0
525,5.0,20,1,CAMEL-6434,CAMEL,pre_ai,Bug,1
549,2.2452830188679247,53,1,CAMEL-6432,CAMEL,pre_ai,Bug,1
373,2.5714285714285716,28,1,CAMEL-6442,CAMEL,pre_ai,Bug,1
129,2.0,14,1,CAMEL-6456,CAMEL,pre_ai,Improvement,0
86,1.2142857142857142,14,1,CAMEL-6453,CAMEL,pre_ai,Improvement,0
208,2.235294117647059,17,2,CAMEL-6471,CAMEL,pre_ai,Improvement,0
1375,1.6944444444444444,180,9,CAMEL-5829,CAMEL,pre_ai,Improvement,0
1262,4.012195121951219,82,3,CAMEL-6455,CAMEL,pre_ai,Bug,1
363,1.4285714285714286,70,2,CAMEL-6464,CAMEL,pre_ai,Bug,1
129,3.3333333333333335,9,1,CAMEL-6473,CAMEL,pre_ai,Bug,1
520,1.4927536231884058,69,3,CAMEL-6478,CAMEL,pre_ai,Bug,1
114,1.0,31,1,CAMEL-6477,CAMEL,pre_ai,Improvement,0
269,2.5277777777777777,36,1,CAMEL-6480,CAMEL,pre_ai,Improvement,0
271,2.5517241379310347,29,1,CAMEL-6483,CAMEL,pre_ai,Improvement,0
1572,1.4826254826254825,259,4,CAMEL-6004,CAMEL,pre_ai,Bug,1
362,2.4047619047619047,42,2,CAMEL-6465,CAMEL,pre_ai,Improvement,0
1837,2.2966507177033493,209,1,CAMEL-6485,CAMEL,pre_ai,Improvement,0
1617,4.5,110,2,CAMEL-6481,CAMEL,pre_ai,Improvement,0
56,1.0,12,1,CAMEL-6446,CAMEL,pre_ai,Improvement,0
374,4.142857142857143,21,2,CAMEL-6494,CAMEL,pre_ai,Improvement,0
69,1.2307692307692308,13,1,CAMEL-6504,CAMEL,pre_ai,Bug,1
556,2.933333333333333,45,4,CAMEL-6327,CAMEL,pre_ai,New Feature,0
259,1.75,28,1,CAMEL-6506,CAMEL,pre_ai,New Feature,0
677,3.772727272727273,44,2,CAMEL-6266,CAMEL,pre_ai,Improvement,0
1094,2.8160919540229883,87,4,CAMEL-6502,CAMEL,pre_ai,Improvement,0
354,4.25,20,2,CAMEL-6507,CAMEL,pre_ai,New Feature,0
59,1.0,10,2,CAMEL-6320,CAMEL,pre_ai,New Feature,0
272,2.259259259259259,27,1,CAMEL-6498,CAMEL,pre_ai,Improvement,0
96,1.0,6,1,CAMEL-6521,CAMEL,pre_ai,Improvement,0
133,4.142857142857143,7,2,CAMEL-6515,CAMEL,pre_ai,Improvement,0
173,5.111111111111111,9,1,CAMEL-6414,CAMEL,pre_ai,Bug,1
691,2.0,65,5,CAMEL-6522,CAMEL,pre_ai,New Feature,0
254,2.1666666666666665,24,1,CAMEL-6537,CAMEL,pre_ai,Bug,1
713,1.4051724137931034,116,4,CAMEL-6516,CAMEL,pre_ai,Bug,1
645,4.416666666666667,36,1,CAMEL-6514,CAMEL,pre_ai,Bug,1
147,1.3636363636363635,22,1,CAMEL-6538,CAMEL,pre_ai,Bug,1
285,2.5172413793103448,29,1,CAMEL-6541,CAMEL,pre_ai,Bug,1
14,1.0,2,1,CAMEL-6539,CAMEL,pre_ai,New Feature,0
476,1.6951219512195121,82,3,CAMEL-6540,CAMEL,pre_ai,Bug,1
481,1.676923076923077,65,1,CAMEL-6548,CAMEL,pre_ai,Bug,1
93,3.0,6,1,CAMEL-6139,CAMEL,pre_ai,New Feature,0
1013,3.292682926829268,82,2,CAMEL-6407,CAMEL,pre_ai,New Feature,0
807,1.9803921568627452,102,1,CAMEL-6408,CAMEL,pre_ai,Improvement,0
149,1.0,28,2,CAMEL-6549,CAMEL,pre_ai,Bug,1
887,4.0131578947368425,76,1,CAMEL-6553,CAMEL,pre_ai,Improvement,0
311,1.8285714285714285,35,1,CAMEL-6554,CAMEL,pre_ai,Improvement,0
568,6.55,20,3,CAMEL-6424,CAMEL,pre_ai,New Feature,0
78,11.333333333333334,3,1,CAMEL-6544,CAMEL,pre_ai,Bug,1
102,2.4,10,1,CAMEL-5883,CAMEL,pre_ai,Bug,1
37,1.375,8,1,CAMEL-6505,CAMEL,pre_ai,Improvement,0
326,4.416666666666667,24,1,CAMEL-6452,CAMEL,pre_ai,Bug,1
203,3.4615384615384617,13,1,CAMEL-6560,CAMEL,pre_ai,Bug,1
188,11.0,2,1,CAMEL-6476,CAMEL,pre_ai,New Feature,0
481,1.759493670886076,79,2,CAMEL-6563,CAMEL,pre_ai,Bug,1
435,2.5675675675675675,37,2,CAMEL-6461,CAMEL,pre_ai,Bug,1
233,1.4545454545454546,33,2,CAMEL-6534,CAMEL,pre_ai,New Feature,0
1618,1.736318407960199,201,3,CAMEL-6463,CAMEL,pre_ai,Improvement,0
797,4.738095238095238,42,3,CAMEL-6173,CAMEL,pre_ai,Bug,1
558,1.5833333333333333,72,6,CAMEL-6149,CAMEL,pre_ai,Sub-task,0
1033,1.3416149068322982,161,10,CAMEL-6177,CAMEL,pre_ai,Improvement,0
618,2.0405405405405403,74,5,CAMEL-6148,CAMEL,pre_ai,New Feature,0
311,2.3225806451612905,31,1,CAMEL-6026,CAMEL,pre_ai,Improvement,0
2029,2.311004784688995,209,2,CAMEL-6184,CAMEL,pre_ai,Improvement,0
121,2.5454545454545454,11,1,CAMEL-6183,CAMEL,pre_ai,Improvement,0
69,3.3333333333333335,3,1,CAMEL-6168,CAMEL,pre_ai,Bug,1
462,3.7666666666666666,30,1,CAMEL-6154,CAMEL,pre_ai,Bug,1
186,1.2903225806451613,31,2,CAMEL-6186,CAMEL,pre_ai,Improvement,0
292,5.0,15,1,CAMEL-6193,CAMEL,pre_ai,Improvement,0
291,2.310344827586207,29,1,CAMEL-4693,CAMEL,pre_ai,Improvement,0
71,3.0,5,1,CAMEL-6199,CAMEL,pre_ai,Bug,1
235,2.8,15,2,CAMEL-6123,CAMEL,pre_ai,Bug,1
211,3.0,21,1,CAMEL-6202,CAMEL,pre_ai,Bug,1
885,4.0131578947368425,76,1,CAMEL-6204,CAMEL,pre_ai,Bug,1
454,3.2222222222222223,36,2,CAMEL-6176,CAMEL,pre_ai,Improvement,0
237,1.5862068965517242,29,2,CAMEL-6178,CAMEL,pre_ai,Improvement,0
48,1.625,8,1,CAMEL-6117,CAMEL,pre_ai,Improvement,0
145,2.230769230769231,13,1,CAMEL-6220,CAMEL,pre_ai,Bug,1
990,1.9047619047619047,126,4,CAMEL-6205,CAMEL,pre_ai,Improvement,0
132,2.875,8,2,CAMEL-6216,CAMEL,pre_ai,New Feature,0
53,2.0,4,1,CAMEL-5698,CAMEL,pre_ai,New Feature,0
594,7.25,20,1,CAMEL-6188,CAMEL,pre_ai,Bug,1
580,7.473684210526316,19,1,CAMEL-6171,CAMEL,pre_ai,Bug,1
140,1.4,25,1,CAMEL-6227,CAMEL,pre_ai,Improvement,0
206,1.6,30,2,CAMEL-6225,CAMEL,pre_ai,New Feature,0
485,2.1551724137931036,58,2,CAMEL-5916,CAMEL,pre_ai,New Feature,0
162,3.0,10,1,CAMEL-6218,CAMEL,pre_ai,Bug,1
475,3.324324324324324,37,3,CAMEL-6230,CAMEL,pre_ai,Improvement,0
118,1.9230769230769231,13,1,CAMEL-6233,CAMEL,pre_ai,Improvement,0
360,1.9583333333333333,24,4,CAMEL-6235,CAMEL,pre_ai,Improvement,0
780,1.3057851239669422,121,6,CAMEL-6239,CAMEL,pre_ai,Improvement,0
675,1.2941176470588236,119,4,CAMEL-6237,CAMEL,pre_ai,New Feature,0
515,4.9,20,1,CAMEL-6244,CAMEL,pre_ai,Bug,1
792,3.0,67,1,CAMEL-6042,CAMEL,pre_ai,Improvement,0
306,2.0,31,1,CAMEL-6259,CAMEL,pre_ai,Bug,1
996,1.5508982035928143,167,1,CAMEL-6255,CAMEL,pre_ai,Bug,1
200,4.090909090909091,11,1,CAMEL-6268,CAMEL,pre_ai,Improvement,0
392,1.8918918918918919,37,6,CAMEL-6242,CAMEL,pre_ai,Bug,1
28,1.0,2,1,CAMEL-6276,CAMEL,pre_ai,Bug,1
315,1.8333333333333333,36,2,CAMEL-6286,CAMEL,pre_ai,Improvement,0
1813,2.2788461538461537,208,1,CAMEL-6282,CAMEL,pre_ai,Improvement,0
30,1.6666666666666667,3,1,CAMEL-6283,CAMEL,pre_ai,Bug,1
217,2.6470588235294117,17,1,CAMEL-6262,CAMEL,pre_ai,Bug,1
491,3.073170731707317,41,1,CAMEL-6272,CAMEL,pre_ai,Improvement,0
490,2.642857142857143,42,3,CAMEL-6264,CAMEL,pre_ai,Improvement,0
402,3.923076923076923,26,1,CAMEL-6260,CAMEL,pre_ai,Improvement,0
54,1.4,5,1,CAMEL-6265,CAMEL,pre_ai,Improvement,0
137,24.0,2,2,CAMEL-6267,CAMEL,pre_ai,Bug,1
388,3.1818181818181817,33,2,CAMEL-6300,CAMEL,pre_ai,Bug,1
130,1.588235294117647,17,2,CAMEL-6299,CAMEL,pre_ai,Improvement,0
1374,1.4630541871921183,203,2,CAMEL-6298,CAMEL,pre_ai,Bug,1
265,1.4634146341463414,41,1,CAMEL-6301,CAMEL,pre_ai,Improvement,0
233,6.0,4,2,CAMEL-6297,CAMEL,pre_ai,Bug,1
130,1.12,25,2,CAMEL-6304,CAMEL,pre_ai,New Feature,0
344,1.7608695652173914,46,3,CAMEL-6308,CAMEL,pre_ai,Improvement,0
821,1.4137931034482758,145,6,CAMEL-6306,CAMEL,pre_ai,New Feature,0
644,5.214285714285714,28,2,CAMEL-6293,CAMEL,pre_ai,Improvement,0
697,3.5714285714285716,56,4,CAMEL-6307,CAMEL,pre_ai,Bug,1
760,3.450980392156863,51,3,CAMEL-6311,CAMEL,pre_ai,Bug,1
1832,2.291866028708134,209,1,CAMEL-6313,CAMEL,pre_ai,Bug,1
1076,2.630952380952381,84,5,CAMEL-6302,CAMEL,pre_ai,Bug,1
302,2.8,20,3,CAMEL-4515,CAMEL,pre_ai,Improvement,0
125,1.7857142857142858,14,1,CAMEL-6310,CAMEL,pre_ai,Improvement,0
1016,2.8285714285714287,70,3,CAMEL-6556,CAMEL,pre_ai,Improvement,0
44,2.75,4,1,CAMEL-6557,CAMEL,pre_ai,Bug,1
116,1.9166666666666667,12,1,CAMEL-6606,CAMEL,pre_ai,Bug,1
53,1.25,8,1,CAMEL-6666,CAMEL,pre_ai,Improvement,0
854,1.9504950495049505,101,3,CAMEL-6067,CAMEL,pre_ai,New Feature,0
171,7.0,5,1,CAMEL-6655,CAMEL,pre_ai,Improvement,0
98,1.875,8,1,CAMEL-6667,CAMEL,pre_ai,Bug,1
81,4.75,4,1,CAMEL-6291,CAMEL,pre_ai,Bug,1
1162,2.9285714285714284,84,4,CAMEL-3215,CAMEL,pre_ai,New Feature,0
328,2.3548387096774195,31,1,CAMEL-6605,CAMEL,pre_ai,Bug,1
316,1.5454545454545454,44,2,CAMEL-6258,CAMEL,pre_ai,Improvement,0
319,6.3076923076923075,13,1,CAMEL-6187,CAMEL,pre_ai,Bug,1
297,4.75,16,1,CAMEL-5376,CAMEL,pre_ai,Bug,1
87,2.4,5,1,CAMEL-6672,CAMEL,pre_ai,Bug,1
2226,2.107883817427386,241,17,CAMEL-6674,CAMEL,pre_ai,Improvement,0
52,1.4285714285714286,7,1,CAMEL-6680,CAMEL,pre_ai,Improvement,0
284,2.1724137931034484,29,1,CAMEL-6681,CAMEL,pre_ai,New Feature,0
796,2.7333333333333334,75,1,CAMEL-6629,CAMEL,pre_ai,Improvement,0
276,1.3636363636363635,44,2,CAMEL-6542,CAMEL,pre_ai,New Feature,0
603,7.45,20,1,CAMEL-6684,CAMEL,pre_ai,Bug,1
7547,1.2978571428571428,1400,59,CAMEL-6312,CAMEL,pre_ai,Bug,1
1197,1.3179723502304148,217,3,CAMEL-6093,CAMEL,pre_ai,Bug,1
132,1.6842105263157894,19,1,CAMEL-6691,CAMEL,pre_ai,Bug,1
885,1.1587301587301588,189,1,CAMEL-6692,CAMEL,pre_ai,Improvement,0
492,3.073170731707317,41,1,CAMEL-6687,CAMEL,pre_ai,Bug,1
138,1.24,25,2,CAMEL-6466,CAMEL,pre_ai,Improvement,0
895,1.7741935483870968,93,11,CAMEL-6428,CAMEL,pre_ai,New Feature,0
2480,2.1544117647058822,272,13,CAMEL-6688,CAMEL,pre_ai,Improvement,0
544,5.65,20,1,CAMEL-6699,CAMEL,pre_ai,Bug,1
262,1.8387096774193548,31,3,CAMEL-6683,CAMEL,pre_ai,Bug,1
104,2.0,8,1,CAMEL-6696,CAMEL,pre_ai,Bug,1
753,3.0638297872340425,47,1,CAMEL-6700,CAMEL,pre_ai,Bug,1
335,2.1578947368421053,38,1,CAMEL-6695,CAMEL,pre_ai,Bug,1
271,2.5517241379310347,29,1,CAMEL-6701,CAMEL,pre_ai,Improvement,0
371,2.0,47,1,CAMEL-6705,CAMEL,pre_ai,Improvement,0
953,2.219047619047619,105,4,CAMEL-6702,CAMEL,pre_ai,Bug,1
128,1.6666666666666667,21,1,CAMEL-6671,CAMEL,pre_ai,Improvement,0
96,6.25,4,1,CAMEL-6706,CAMEL,pre_ai,Improvement,0
71,3.0,3,1,CAMEL-6709,CAMEL,pre_ai,Bug,1
114,6.25,4,2,CAMEL-6710,CAMEL,pre_ai,Improvement,0
695,2.223404255319149,94,2,CAMEL-6723,CAMEL,pre_ai,Bug,1
80,1.4444444444444444,9,1,CAMEL-6718,CAMEL,pre_ai,Improvement,0
1545,1.5405405405405406,222,2,CAMEL-6725,CAMEL,pre_ai,Improvement,0
282,1.2045454545454546,44,6,CAMEL-6722,CAMEL,pre_ai,Improvement,0
341,1.5490196078431373,51,5,CAMEL-6724,CAMEL,pre_ai,Improvement,0
134,4.428571428571429,7,1,CAMEL-6730,CAMEL,pre_ai,Bug,1
2576,1.5193798449612403,387,24,CAMEL-6728,CAMEL,pre_ai,Improvement,0
2576,1.5193798449612403,387,24,CAMEL-6677,CAMEL,pre_ai,Improvement,0
107,1.380952380952381,21,1,CAMEL-6726,CAMEL,pre_ai,Bug,1
281,1.8,35,1,CAMEL-6727,CAMEL,pre_ai,Bug,1
609,2.2857142857142856,49,3,CAMEL-6734,CAMEL,pre_ai,Improvement,0
22,1.0,4,1,CAMEL-6743,CAMEL,pre_ai,Bug,1
676,1.5163934426229508,122,3,CAMEL-6744,CAMEL,pre_ai,Improvement,0
338,2.1842105263157894,38,1,CAMEL-6740,CAMEL,pre_ai,Bug,1
808,2.475609756097561,82,4,CAMEL-6745,CAMEL,pre_ai,Improvement,0
140,1.631578947368421,19,1,CAMEL-6749,CAMEL,pre_ai,Improvement,0
222,4.071428571428571,14,1,CAMEL-6748,CAMEL,pre_ai,Improvement,0
90,2.857142857142857,7,1,CAMEL-6750,CAMEL,pre_ai,Bug,1
237,2.64,25,2,CAMEL-6729,CAMEL,pre_ai,Improvement,0
143,1.8421052631578947,19,1,CAMEL-6758,CAMEL,pre_ai,Bug,1
123,1.9,10,2,CAMEL-6690,CAMEL,pre_ai,Bug,1
549,2.2452830188679247,53,1,CAMEL-6751,CAMEL,pre_ai,Task,0
214,3.8666666666666667,15,1,CAMEL-6762,CAMEL,pre_ai,Bug,1
108,1.6470588235294117,17,1,CAMEL-6678,CAMEL,pre_ai,Improvement,0
447,1.6842105263157894,57,2,CAMEL-6757,CAMEL,pre_ai,Bug,1
116,2.2,10,1,CAMEL-6440,CAMEL,pre_ai,Bug,1
225,1.7916666666666667,24,6,CAMEL-6759,CAMEL,pre_ai,Improvement,0
588,5.393939393939394,33,2,CAMEL-6764,CAMEL,pre_ai,Improvement,0
1921,1.325268817204301,372,7,CAMEL-6763,CAMEL,pre_ai,Improvement,0
426,2.6341463414634148,41,4,CAMEL-6765,CAMEL,pre_ai,Improvement,0
50,1.0,7,1,CAMEL-6755,CAMEL,pre_ai,Task,0
424,2.0,48,4,CAMEL-6368,CAMEL,pre_ai,Improvement,0
224,3.0588235294117645,17,1,CAMEL-6766,CAMEL,pre_ai,Improvement,0
331,9.625,8,1,CAMEL-6772,CAMEL,pre_ai,Improvement,0
711,2.2439024390243905,82,4,CAMEL-6773,CAMEL,pre_ai,Improvement,0
711,2.2439024390243905,82,4,CAMEL-6686,CAMEL,pre_ai,Improvement,0
233,2.3181818181818183,22,3,CAMEL-6780,CAMEL,pre_ai,Improvement,0
2315,1.3244444444444445,450,3,CAMEL-4257,CAMEL,pre_ai,Improvement,0
371,2.0,47,1,CAMEL-6795,CAMEL,pre_ai,Improvement,0
124,2.0714285714285716,14,2,CAMEL-6769,CAMEL,pre_ai,Improvement,0
577,1.5454545454545454,88,2,CAMEL-5771,CAMEL,pre_ai,Improvement,0
216,1.4,45,1,CAMEL-6796,CAMEL,pre_ai,Bug,1
476,4.033333333333333,30,1,CAMEL-6781,CAMEL,pre_ai,Bug,1
691,3.1,50,1,CAMEL-6771,CAMEL,pre_ai,Bug,1
47,1.2857142857142858,7,1,CAMEL-6800,CAMEL,pre_ai,Bug,1
287,1.9166666666666667,36,1,CAMEL-6797,CAMEL,pre_ai,Bug,1
701,3.14,50,1,CAMEL-6802,CAMEL,pre_ai,Bug,1
64,1.4,5,1,CAMEL-6612,CAMEL,pre_ai,Improvement,0
315,1.4761904761904763,42,3,CAMEL-5922,CAMEL,pre_ai,Task,0
306,4.0,12,2,CAMEL-6804,CAMEL,pre_ai,Bug,1
44,1.4,5,1,CAMEL-6746,CAMEL,pre_ai,Improvement,0
467,3.7096774193548385,31,1,CAMEL-6654,CAMEL,pre_ai,Sub-task,0
294,1.5,30,1,CAMEL-6779,CAMEL,pre_ai,Bug,1
343,1.8214285714285714,56,1,CAMEL-6805,CAMEL,pre_ai,Task,0
43,1.25,4,1,CAMEL-6240,CAMEL,pre_ai,Improvement,0
3029,1.3373493975903614,498,20,CAMEL-6792,CAMEL,pre_ai,Wish,0
129,5.333333333333333,6,1,CAMEL-6613,CAMEL,pre_ai,Improvement,0
171,3.4166666666666665,12,1,CAMEL-6817,CAMEL,pre_ai,Bug,1
647,3.6285714285714286,35,6,CAMEL-6818,CAMEL,pre_ai,Bug,1
503,3.119047619047619,42,1,CAMEL-6810,CAMEL,pre_ai,Bug,1
1206,3.242857142857143,70,2,CAMEL-6790,CAMEL,pre_ai,Bug,1
818,2.670886075949367,79,1,CAMEL-6825,CAMEL,pre_ai,Bug,1
733,1.0681818181818181,176,5,CAMEL-6238,CAMEL,pre_ai,New Feature,0
297,10.428571428571429,7,1,CAMEL-6834,CAMEL,pre_ai,Improvement,0
90,2.5714285714285716,7,1,CAMEL-6833,CAMEL,pre_ai,Bug,1
117,1.0,24,7,CAMEL-6739,CAMEL,pre_ai,New Feature,0
130,2.0,12,1,CAMEL-6839,CAMEL,pre_ai,Bug,1
199,1.3870967741935485,31,2,CAMEL-6852,CAMEL,pre_ai,Task,0
493,1.7547169811320755,53,9,CAMEL-4015,CAMEL,pre_ai,Improvement,0
89,2.6,5,1,CAMEL-6767,CAMEL,pre_ai,Bug,1
175,1.6842105263157894,19,1,CAMEL-6856,CAMEL,pre_ai,Bug,1
73,1.0,6,2,CAMEL-6843,CAMEL,pre_ai,Bug,1
77,5.5,4,1,CAMEL-6853,CAMEL,pre_ai,Bug,1
203,1.127659574468085,47,1,CAMEL-6841,CAMEL,pre_ai,Improvement,0
571,1.8888888888888888,63,3,CAMEL-6837,CAMEL,pre_ai,Improvement,0
330,1.7560975609756098,41,4,CAMEL-6670,CAMEL,pre_ai,Improvement,0
356,1.4262295081967213,61,2,CAMEL-6850,CAMEL,pre_ai,Improvement,0
376,2.4285714285714284,35,1,CAMEL-6851,CAMEL,pre_ai,Bug,1
130,1.8461538461538463,13,1,CAMEL-6842,CAMEL,pre_ai,Improvement,0
373,2.4,35,1,CAMEL-6832,CAMEL,pre_ai,Bug,1
156,1.8571428571428572,14,1,CAMEL-6828,CAMEL,pre_ai,Bug,1
51,3.5,4,1,CAMEL-6859,CAMEL,pre_ai,Improvement,0
208,2.4210526315789473,19,1,CAMEL-6862,CAMEL,pre_ai,Improvement,0
190,1.1428571428571428,28,3,CAMEL-6823,CAMEL,pre_ai,Bug,1
433,7.846153846153846,13,2,CAMEL-6861,CAMEL,pre_ai,Bug,1
67,4.0,3,1,CAMEL-6870,CAMEL,pre_ai,Bug,1
602,4.961538461538462,26,3,CAMEL-6381,CAMEL,pre_ai,Improvement,0
218,2.5555555555555554,18,1,CAMEL-6028,CAMEL,pre_ai,Improvement,0
369,7.818181818181818,11,1,CAMEL-6872,CAMEL,pre_ai,Bug,1
1753,1.8908296943231442,229,4,CAMEL-6793,CAMEL,pre_ai,Bug,1
338,1.4883720930232558,43,1,CAMEL-6860,CAMEL,pre_ai,Improvement,0
577,1.68,75,3,CAMEL-6874,CAMEL,pre_ai,Bug,1
74,3.0,4,1,CAMEL-6876,CAMEL,pre_ai,Improvement,0
708,2.216666666666667,60,8,CAMEL-6584,CAMEL,pre_ai,New Feature,0
330,2.5,28,3,CAMEL-6243,CAMEL,pre_ai,Bug,1
230,2.3684210526315788,19,2,CAMEL-6867,CAMEL,pre_ai,Bug,1
10,1.0,1,1,CAMEL-6879,CAMEL,pre_ai,Improvement,0
142,1.44,25,1,CAMEL-6873,CAMEL,pre_ai,Bug,1
77,1.0,17,1,CAMEL-6877,CAMEL,pre_ai,Task,0
611,1.625,88,2,CAMEL-6880,CAMEL,pre_ai,Bug,1
118,1.5714285714285714,14,1,CAMEL-6866,CAMEL,pre_ai,Bug,1
422,2.7254901960784315,51,2,CAMEL-6871,CAMEL,pre_ai,Bug,1
58,2.4,5,1,CAMEL-6881,CAMEL,pre_ai,Bug,1
119,2.1666666666666665,12,1,CAMEL-6889,CAMEL,pre_ai,Bug,1
85,1.5,8,1,CAMEL-6888,CAMEL,pre_ai,Bug,1
124,3.4285714285714284,7,1,CAMEL-6894,CAMEL,pre_ai,Improvement,0
395,2.282051282051282,39,1,CAMEL-6904,CAMEL,pre_ai,Improvement,0
261,4.7,10,2,CAMEL-6847,CAMEL,pre_ai,Bug,1
46,5.0,3,1,CAMEL-6883,CAMEL,pre_ai,Improvement,0
674,2.0681818181818183,88,2,CAMEL-6905,CAMEL,pre_ai,Bug,1
481,1.9591836734693877,49,4,CAMEL-6903,CAMEL,pre_ai,Bug,1
108,4.4,5,1,CAMEL-6443,CAMEL,pre_ai,Bug,1
226,2.6470588235294117,17,1,CAMEL-6441,CAMEL,pre_ai,Bug,1
380,5.0,26,2,CAMEL-6309,CAMEL,pre_ai,Bug,1
49,2.6,5,1,CAMEL-6144,CAMEL,pre_ai,Improvement,0
585,1.4942528735632183,87,1,CAMEL-6474,CAMEL,pre_ai,Improvement,0
856,1.9814814814814814,108,1,CAMEL-6570,CAMEL,pre_ai,Improvement,0
353,2.0476190476190474,42,2,CAMEL-6559,CAMEL,pre_ai,Improvement,0
148,1.3636363636363635,22,1,CAMEL-6572,CAMEL,pre_ai,Bug,1
350,1.9714285714285715,35,1,CAMEL-6571,CAMEL,pre_ai,Bug,1
162,2.6666666666666665,12,1,CAMEL-6580,CAMEL,pre_ai,Improvement,0
2659,1.5569892473118279,465,5,CAMEL-6583,CAMEL,pre_ai,Improvement,0
161,1.4,20,3,CAMEL-6581,CAMEL,pre_ai,Improvement,0
1736,1.9772727272727273,176,19,CAMEL-6564,CAMEL,pre_ai,Improvement,0
815,2.0,102,1,CAMEL-6585,CAMEL,pre_ai,Bug,1
316,1.6,20,2,CAMEL-6508,CAMEL,pre_ai,Improvement,0
645,4.444444444444445,36,1,CAMEL-6335,CAMEL,pre_ai,Bug,1
134,1.5625,16,1,CAMEL-6377,CAMEL,pre_ai,Improvement,0
82,1.6,10,3,CAMEL-6573,CAMEL,pre_ai,Bug,1
32,3.0,2,1,CAMEL-6436,CAMEL,pre_ai,Bug,1
2318,2.2950191570881224,261,3,CAMEL-6576,CAMEL,pre_ai,Bug,1
12,1.0,1,1,CAMEL-6590,CAMEL,pre_ai,Improvement,0
680,2.3582089552238807,67,3,CAMEL-6594,CAMEL,pre_ai,Improvement,0
152,1.9411764705882353,17,1,CAMEL-6598,CAMEL,pre_ai,Improvement,0
641,5.576923076923077,26,3,CAMEL-6599,CAMEL,pre_ai,Bug,1
128,2.2222222222222223,9,1,CAMEL-6597,CAMEL,pre_ai,Improvement,0
3092,1.7253333333333334,375,20,CAMEL-4974,CAMEL,pre_ai,New Feature,0
21,1.5,4,1,CAMEL-6603,CAMEL,pre_ai,New Feature,0
163,1.6,20,1,CAMEL-6604,CAMEL,pre_ai,Bug,1
558,1.6144578313253013,83,4,CAMEL-6588,CAMEL,pre_ai,New Feature,0
203,3.1666666666666665,12,2,CAMEL-6611,CAMEL,pre_ai,Improvement,0
174,2.7142857142857144,14,1,CAMEL-6607,CAMEL,pre_ai,Bug,1
1179,1.8580645161290323,155,4,CAMEL-5037,CAMEL,pre_ai,Improvement,0
134,3.5555555555555554,9,1,CAMEL-6561,CAMEL,pre_ai,Bug,1
359,1.5681818181818181,44,5,CAMEL-6614,CAMEL,pre_ai,Bug,1
699,2.486842105263158,76,2,CAMEL-6000,CAMEL,pre_ai,New Feature,0
227,1.457142857142857,35,2,CAMEL-6444,CAMEL,pre_ai,Improvement,0
119,2.7,10,1,CAMEL-4928,CAMEL,pre_ai,Improvement,0
815,2.0098039215686274,102,1,CAMEL-6602,CAMEL,pre_ai,Bug,1
53,1.2222222222222223,9,2,CAMEL-3338,CAMEL,pre_ai,Improvement,0
313,1.3396226415094339,53,2,CAMEL-6621,CAMEL,pre_ai,Improvement,0
328,3.1,20,2,CAMEL-6403,CAMEL,pre_ai,Improvement,0
647,2.0952380952380953,63,1,CAMEL-6619,CAMEL,pre_ai,Improvement,0
875,2.876923076923077,65,2,CAMEL-6627,CAMEL,pre_ai,Bug,1
505,1.7377049180327868,61,4,CAMEL-6366,CAMEL,pre_ai,Improvement,0
12,1.0,1,1,CAMEL-6236,CAMEL,pre_ai,New Feature,0
144,4.142857142857143,7,1,CAMEL-6626,CAMEL,pre_ai,Bug,1
1106,1.4176470588235295,170,6,CAMEL-6628,CAMEL,pre_ai,Improvement,0
321,1.2745098039215685,51,5,CAMEL-6631,CAMEL,pre_ai,New Feature,0
807,3.450980392156863,51,2,CAMEL-6634,CAMEL,pre_ai,Improvement,0
188,1.3214285714285714,28,1,CAMEL-6637,CAMEL,pre_ai,Improvement,0
181,2.923076923076923,13,1,CAMEL-6625,CAMEL,pre_ai,Bug,1
108,1.25,20,2,CAMEL-6639,CAMEL,pre_ai,Improvement,0
293,1.3095238095238095,42,1,CAMEL-6622,CAMEL,pre_ai,Improvement,0
146,1.8666666666666667,15,1,CAMEL-6641,CAMEL,pre_ai,Bug,1
764,2.3698630136986303,73,1,CAMEL-6640,CAMEL,pre_ai,Improvement,0
323,1.5625,48,2,CAMEL-6642,CAMEL,pre_ai,Improvement,0
119,7.0,6,1,CAMEL-4876,CAMEL,pre_ai,New Feature,0
513,1.4477611940298507,67,6,CAMEL-6644,CAMEL,pre_ai,Improvement,0
317,4.571428571428571,14,2,CAMEL-6609,CAMEL,pre_ai,Bug,1
163,1.8571428571428572,21,1,CAMEL-6651,CAMEL,pre_ai,Improvement,0
253,1.34,50,1,CAMEL-6650,CAMEL,pre_ai,New Feature,0
212,1.3611111111111112,36,2,CAMEL-6091,CAMEL,pre_ai,Improvement,0
488,1.8909090909090909,55,8,CAMEL-6575,CAMEL,pre_ai,New Feature,0
326,1.5833333333333333,48,1,CAMEL-6630,CAMEL,pre_ai,Bug,1
297,1.4545454545454546,44,2,CAMEL-5932,CAMEL,pre_ai,Improvement,0
14,1.0,1,1,CAMEL-3096,CAMEL,pre_ai,New Feature,0
527,1.876923076923077,65,2,CAMEL-6545,CAMEL,pre_ai,Improvement,0
869,3.0277777777777777,72,2,CAMEL-6653,CAMEL,pre_ai,Improvement,0
1351,1.4948979591836735,196,1,CAMEL-6378,CAMEL,pre_ai,Improvement,0
729,4.8108108108108105,37,1,CAMEL-6591,CAMEL,pre_ai,Improvement,0
9581,2.0348304307974336,1091,40,CAMEL-6435,CAMEL,pre_ai,Improvement,0
205,1.7567567567567568,37,1,CAMEL-6657,CAMEL,pre_ai,Test,0
46,2.6666666666666665,3,1,CAMEL-6656,CAMEL,pre_ai,Bug,1
380,1.6071428571428572,56,1,CAMEL-6586,CAMEL,pre_ai,Bug,1
48,1.1111111111111112,9,1,CAMEL-6662,CAMEL,pre_ai,Bug,1
56,2.4,5,1,CAMEL-6663,CAMEL,pre_ai,Bug,1
1342,1.4923076923076923,195,1,CAMEL-6447,CAMEL,pre_ai,Bug,1
2838,1.6238095238095238,420,9,CAMEL-6659,CAMEL,pre_ai,Improvement,0
11,3.0,1,1,CAMEL-6658,CAMEL,pre_ai,Bug,1
1288,2.3257575757575757,132,3,CAMEL-6393,CAMEL,pre_ai,Improvement,0
304,1.826086956521739,46,2,CAMEL-6593,CAMEL,pre_ai,Bug,1
203,2.0416666666666665,24,1,CAMEL-6890,CAMEL,pre_ai,Test,0
284,2.1,30,2,CAMEL-6908,CAMEL,pre_ai,Improvement,0
421,2.1136363636363638,44,3,CAMEL-6821,CAMEL,pre_ai,Bug,1
282,1.9428571428571428,35,1,CAMEL-6907,CAMEL,pre_ai,Improvement,0
83,1.4,10,1,CAMEL-6910,CAMEL,pre_ai,Bug,1
241,1.7222222222222223,36,1,CAMEL-6895,CAMEL,pre_ai,Bug,1
31,1.0,1,1,CAMEL-6887,CAMEL,pre_ai,Bug,1
445,1.9777777777777779,45,2,CAMEL-6742,CAMEL,pre_ai,Improvement,0
396,1.7608695652173914,46,1,CAMEL-6906,CAMEL,pre_ai,Improvement,0
672,2.227272727272727,66,4,CAMEL-6875,CAMEL,pre_ai,Improvement,0
156,1.8571428571428572,14,1,CAMEL-6915,CAMEL,pre_ai,Bug,1
517,3.0,35,2,CAMEL-6921,CAMEL,pre_ai,Bug,1
202,1.64,25,1,CAMEL-6919,CAMEL,pre_ai,Improvement,0
957,1.6833333333333333,120,5,CAMEL-6362,CAMEL,pre_ai,Improvement,0
93,1.0,8,4,CAMEL-6185,CAMEL,pre_ai,Bug,1
629,1.6987951807228916,83,5,CAMEL-6923,CAMEL,pre_ai,Task,0
334,6.538461538461538,13,1,CAMEL-6926,CAMEL,pre_ai,Bug,1
625,1.5227272727272727,88,1,CAMEL-6933,CAMEL,pre_ai,New Feature,0
49,1.6,5,1,CAMEL-6932,CAMEL,pre_ai,Bug,1
219,3.2666666666666666,15,2,CAMEL-6945,CAMEL,pre_ai,Bug,1
359,1.3148148148148149,54,3,CAMEL-5790,CAMEL,pre_ai,Improvement,0
378,2.607142857142857,28,1,CAMEL-6946,CAMEL,pre_ai,Improvement,0
157,4.0,9,1,CAMEL-6947,CAMEL,pre_ai,Improvement,0
398,2.236842105263158,38,1,CAMEL-6941,CAMEL,pre_ai,Bug,1
303,1.625,40,2,CAMEL-6909,CAMEL,pre_ai,Improvement,0
283,2.392857142857143,28,1,CAMEL-6948,CAMEL,pre_ai,Bug,1
262,3.857142857142857,21,1,CAMEL-6951,CAMEL,pre_ai,Improvement,0
340,2.024390243902439,41,2,CAMEL-6916,CAMEL,pre_ai,Improvement,0
320,3.347826086956522,23,1,CAMEL-6936,CAMEL,pre_ai,Bug,1
904,4.0519480519480515,77,1,CAMEL-6953,CAMEL,pre_ai,Improvement,0
289,3.263157894736842,19,1,CAMEL-6954,CAMEL,pre_ai,Improvement,0
867,2.0185185185185186,108,1,CAMEL-6957,CAMEL,pre_ai,Improvement,0
197,7.666666666666667,3,1,CAMEL-6958,CAMEL,pre_ai,Improvement,0
365,1.836734693877551,49,3,CAMEL-6899,CAMEL,pre_ai,Improvement,0
116,1.4285714285714286,7,1,CAMEL-6960,CAMEL,pre_ai,Improvement,0
174,2.7142857142857144,14,1,CAMEL-6940,CAMEL,pre_ai,Bug,1
65,1.5,10,1,CAMEL-6962,CAMEL,pre_ai,Improvement,0
115,2.5454545454545454,11,1,CAMEL-6964,CAMEL,pre_ai,Bug,1
24,2.0,2,1,CAMEL-6970,CAMEL,pre_ai,Improvement,0
196,1.64,25,1,CAMEL-6967,CAMEL,pre_ai,Bug,1
75,1.0,20,1,CAMEL-6974,CAMEL,pre_ai,Bug,1
1236,3.0,89,4,CAMEL-6965,CAMEL,pre_ai,New Feature,0
61,2.6,5,1,CAMEL-6972,CAMEL,pre_ai,Improvement,0
79,1.6666666666666667,12,1,CAMEL-6981,CAMEL,pre_ai,Improvement,0
68,2.0,6,1,CAMEL-6983,CAMEL,pre_ai,Bug,1
117,8.5,4,1,CAMEL-6878,CAMEL,pre_ai,Bug,1
366,3.375,16,4,CAMEL-6982,CAMEL,pre_ai,Improvement,0
160,4.222222222222222,9,1,CAMEL-6952,CAMEL,pre_ai,Improvement,0
324,1.6296296296296295,54,1,CAMEL-6971,CAMEL,pre_ai,New Feature,0
273,4.875,16,1,CAMEL-6987,CAMEL,pre_ai,Bug,1
122,1.45,20,1,CAMEL-6995,CAMEL,pre_ai,Improvement,0
48,1.8333333333333333,6,1,CAMEL-6996,CAMEL,pre_ai,Bug,1
1554,1.2603174603174603,315,3,CAMEL-6990,CAMEL,pre_ai,Improvement,0
50,1.2222222222222223,9,1,CAMEL-6994,CAMEL,pre_ai,Bug,1
110,3.111111111111111,9,1,CAMEL-6689,CAMEL,pre_ai,Improvement,0
94,1.5384615384615385,13,1,CAMEL-7000,CAMEL,pre_ai,Improvement,0
95,1.5384615384615385,13,1,CAMEL-7001,CAMEL,pre_ai,Improvement,0
733,2.2777777777777777,72,2,CAMEL-6911,CAMEL,pre_ai,Improvement,0
2265,2.1921568627450982,255,3,CAMEL-7004,CAMEL,pre_ai,Improvement,0
1112,4.472222222222222,36,19,CAMEL-6985,CAMEL,pre_ai,Task,0
212,4.333333333333333,12,1,CAMEL-7005,CAMEL,pre_ai,Bug,1
258,2.1,30,1,CAMEL-7016,CAMEL,pre_ai,Bug,1
339,1.7777777777777777,45,2,CAMEL-6809,CAMEL,pre_ai,Improvement,0
652,1.8846153846153846,78,3,CAMEL-7018,CAMEL,pre_ai,Bug,1
436,2.1363636363636362,44,3,CAMEL-6998,CAMEL,pre_ai,Test,0
114,1.0,23,1,CAMEL-7021,CAMEL,pre_ai,Bug,1
411,4.166666666666667,24,3,CAMEL-7026,CAMEL,pre_ai,Improvement,0
136,1.3333333333333333,21,1,CAMEL-7028,CAMEL,pre_ai,Bug,1
289,1.9714285714285715,35,1,CAMEL-7029,CAMEL,pre_ai,Bug,1
160,4.444444444444445,9,1,CAMEL-7031,CAMEL,pre_ai,Bug,1
343,4.2,20,1,CAMEL-6323,CAMEL,pre_ai,Bug,1
3462,2.528481012658228,316,8,CAMEL-7022,CAMEL,pre_ai,New Feature,0
119,3.4444444444444446,9,1,CAMEL-6330,CAMEL,pre_ai,Improvement,0
76,1.5,6,1,CAMEL-6284,CAMEL,pre_ai,Bug,1
75,1.5,12,1,CAMEL-6328,CAMEL,pre_ai,Bug,1
804,1.5772357723577235,123,4,CAMEL-6331,CAMEL,pre_ai,Improvement,0
78,1.3333333333333333,12,2,CAMEL-6340,CAMEL,pre_ai,Improvement,0
195,3.0833333333333335,12,1,CAMEL-6347,CAMEL,pre_ai,Improvement,0
174,2.0555555555555554,18,2,CAMEL-6343,CAMEL,pre_ai,New Feature,0
124,1.2727272727272727,22,1,CAMEL-5359,CAMEL,pre_ai,Improvement,0
344,3.9047619047619047,21,1,CAMEL-6349,CAMEL,pre_ai,Bug,1
406,2.3333333333333335,33,4,CAMEL-6348,CAMEL,pre_ai,Bug,1
745,3.0638297872340425,47,1,CAMEL-6351,CAMEL,pre_ai,Improvement,0
1536,1.9248826291079812,213,4,CAMEL-6246,CAMEL,pre_ai,Sub-task,0
325,1.4090909090909092,44,3,CAMEL-6352,CAMEL,pre_ai,Bug,1
610,5.148148148148148,27,2,CAMEL-6234,CAMEL,pre_ai,Bug,1
214,2.1052631578947367,19,3,CAMEL-6354,CAMEL,pre_ai,Improvement,0
676,3.7674418604651163,43,4,CAMEL-6355,CAMEL,pre_ai,Improvement,0
211,2.1904761904761907,21,3,CAMEL-6357,CAMEL,pre_ai,Improvement,0
78,11.333333333333334,3,1,CAMEL-6333,CAMEL,pre_ai,Bug,1
1898,2.330188679245283,212,1,CAMEL-6345,CAMEL,pre_ai,Improvement,0
106,4.625,8,2,CAMEL-6359,CAMEL,pre_ai,New Feature,0
60,1.4285714285714286,7,1,CAMEL-6361,CAMEL,pre_ai,Improvement,0
58,1.1111111111111112,9,1,CAMEL-6363,CAMEL,pre_ai,Improvement,0
423,6.476190476190476,21,1,CAMEL-6191,CAMEL,pre_ai,Bug,1
206,1.6428571428571428,28,2,CAMEL-6372,CAMEL,pre_ai,Improvement,0
538,1.8985507246376812,69,2,CAMEL-6374,CAMEL,pre_ai,Bug,1
1921,2.310185185185185,216,2,CAMEL-6115,CAMEL,pre_ai,New Feature,0
763,3.4782608695652173,46,5,CAMEL-6371,CAMEL,pre_ai,Improvement,0
185,1.125,40,1,CAMEL-6375,CAMEL,pre_ai,Bug,1
360,2.5,34,1,CAMEL-6341,CAMEL,pre_ai,Bug,1
29,1.2,5,1,CAMEL-6290,CAMEL,pre_ai,Improvement,0
624,2.0392156862745097,51,7,CAMEL-6364,CAMEL,pre_ai,Improvement,0
1888,2.3207547169811322,212,1,CAMEL-6285,CAMEL,pre_ai,Improvement,0
267,2.72,25,1,CAMEL-6383,CAMEL,pre_ai,Improvement,0
71,1.6666666666666667,9,2,CAMEL-6358,CAMEL,pre_ai,Bug,1
306,2.3448275862068964,29,1,CAMEL-6078,CAMEL,pre_ai,Bug,1
589,1.4767441860465116,86,3,CAMEL-6384,CAMEL,pre_ai,New Feature,0
316,3.391304347826087,23,1,CAMEL-6318,CAMEL,pre_ai,Improvement,0
29,1.0,6,1,CAMEL-6394,CAMEL,pre_ai,New Feature,0
324,2.025,40,1,CAMEL-6385,CAMEL,pre_ai,Bug,1
47,1.2857142857142858,7,1,CAMEL-6395,CAMEL,pre_ai,Bug,1
602,1.6935483870967742,62,6,CAMEL-6391,CAMEL,pre_ai,New Feature,0
360,2.0,45,3,CAMEL-6396,CAMEL,pre_ai,Bug,1
334,2.0,42,1,CAMEL-6397,CAMEL,pre_ai,Improvement,0
213,3.2142857142857144,14,2,CAMEL-5383,CAMEL,pre_ai,Improvement,0
150,1.9411764705882353,17,1,CAMEL-6326,CAMEL,pre_ai,Bug,1
1608,2.6666666666666665,150,4,CAMEL-5228,CAMEL,pre_ai,Task,0
62,1.75,4,2,CAMEL-6356,CAMEL,pre_ai,Improvement,0
472,1.1123595505617978,89,2,CAMEL-6379,CAMEL,pre_ai,Improvement,0
148,2.2142857142857144,14,2,CAMEL-6402,CAMEL,pre_ai,Improvement,0
235,2.5217391304347827,23,1,CAMEL-6390,CAMEL,pre_ai,Bug,1
564,1.943661971830986,71,2,CAMEL-6405,CAMEL,pre_ai,Improvement,0
161,5.0,7,1,CAMEL-6041,CAMEL,pre_ai,Bug,1
576,7.473684210526316,19,1,CAMEL-6404,CAMEL,pre_ai,Bug,1
719,5.04,25,5,CAMEL-6370,CAMEL,pre_ai,Improvement,0
246,2.076923076923077,26,3,CAMEL-6413,CAMEL,pre_ai,Bug,1
233,1.173913043478261,46,2,CAMEL-6197,CAMEL,pre_ai,Bug,1
154,9.5,2,1,CAMEL-6324,CAMEL,pre_ai,New Feature,0
502,2.0784313725490198,51,6,CAMEL-6157,CAMEL,pre_ai,Improvement,0
291,2.054054054054054,37,1,CAMEL-6416,CAMEL,pre_ai,Bug,1
111,4.0,6,1,CAMEL-6388,CAMEL,pre_ai,Improvement,0
2168,2.327800829875519,241,3,CAMEL-6190,CAMEL,pre_ai,Improvement,0
318,2.413793103448276,29,1,CAMEL-6417,CAMEL,pre_ai,Improvement,0
580,1.876923076923077,65,5,CAMEL-6418,CAMEL,pre_ai,Improvement,0
211,1.3333333333333333,33,4,CAMEL-6151,CAMEL,pre_ai,Improvement,0
146,3.888888888888889,9,1,CAMEL-6419,CAMEL,pre_ai,New Feature,0
1835,2.291866028708134,209,1,CAMEL-6421,CAMEL,pre_ai,Bug,1
207,1.4137931034482758,29,5,CAMEL-5828,CAMEL,pre_ai,New Feature,0
658,2.3692307692307693,65,2,CAMEL-7030,CAMEL,pre_ai,Improvement,0
985,1.5789473684210527,152,5,CAMEL-5819,CAMEL,pre_ai,New Feature,0
90,2.375,8,1,CAMEL-7035,CAMEL,pre_ai,Bug,1
638,2.360655737704918,61,2,CAMEL-7034,CAMEL,pre_ai,Improvement,0
551,2.861111111111111,36,2,CAMEL-7037,CAMEL,pre_ai,Bug,1
563,2.789473684210526,38,2,CAMEL-7038,CAMEL,pre_ai,Improvement,0
251,1.7105263157894737,38,1,CAMEL-7045,CAMEL,pre_ai,Bug,1
305,3.0434782608695654,23,2,CAMEL-7041,CAMEL,pre_ai,Task,0
160,4.555555555555555,9,1,CAMEL-7044,CAMEL,pre_ai,Bug,1
310,2.1052631578947367,38,1,CAMEL-7036,CAMEL,pre_ai,Bug,1
112,2.5454545454545454,11,1,CAMEL-6551,CAMEL,pre_ai,Improvement,0
118,2.2,10,1,CAMEL-6854,CAMEL,pre_ai,Bug,1
99,4.75,4,1,CAMEL-7058,CAMEL,pre_ai,Bug,1
97,1.0454545454545454,22,1,CAMEL-7060,CAMEL,pre_ai,Improvement,0
190,2.5625,16,1,CAMEL-7061,CAMEL,pre_ai,Bug,1
470,2.1403508771929824,57,2,CAMEL-7062,CAMEL,pre_ai,Bug,1
36,1.0,4,1,CAMEL-7068,CAMEL,pre_ai,Bug,1
61,1.1,10,1,CAMEL-7056,CAMEL,pre_ai,Improvement,0
191,2.1818181818181817,22,1,CAMEL-7057,CAMEL,pre_ai,Bug,1
149,2.7777777777777777,9,1,CAMEL-7065,CAMEL,pre_ai,Task,0
233,2.0,28,1,CAMEL-7055,CAMEL,pre_ai,Bug,1
212,1.2708333333333333,48,1,CAMEL-7066,CAMEL,pre_ai,Improvement,0
194,1.1842105263157894,38,1,CAMEL-6868,CAMEL,pre_ai,New Feature,0
316,11.142857142857142,7,1,CAMEL-7073,CAMEL,pre_ai,Bug,1
93,1.9,10,1,CAMEL-7075,CAMEL,pre_ai,Improvement,0
277,5.214285714285714,14,1,CAMEL-7072,CAMEL,pre_ai,Improvement,0
148,2.5454545454545454,11,1,CAMEL-7077,CAMEL,pre_ai,Bug,1
354,1.9565217391304348,46,1,CAMEL-7082,CAMEL,pre_ai,Improvement,0
491,2.3137254901960786,51,1,CAMEL-7087,CAMEL,pre_ai,Bug,1
141,5.0,5,1,CAMEL-7079,CAMEL,pre_ai,Improvement,0
648,2.360655737704918,61,2,CAMEL-7088,CAMEL,pre_ai,Improvement,0
130,4.333333333333333,6,1,CAMEL-7042,CAMEL,pre_ai,Bug,1
114,2.076923076923077,13,2,CAMEL-7086,CAMEL,pre_ai,Improvement,0
485,1.8771929824561404,57,3,CAMEL-7085,CAMEL,pre_ai,Bug,1
732,1.96,75,2,CAMEL-7083,CAMEL,pre_ai,Improvement,0
153,1.9444444444444444,18,1,CAMEL-7080,CAMEL,pre_ai,Improvement,0
172,2.111111111111111,18,1,CAMEL-6623,CAMEL,pre_ai,Improvement,0
912,4.090909090909091,77,1,CAMEL-7096,CAMEL,pre_ai,Bug,1
141,1.8823529411764706,17,1,CAMEL-7098,CAMEL,pre_ai,Task,0
69,6.0,2,1,CAMEL-6661,CAMEL,pre_ai,Improvement,0
192,1.8181818181818181,22,2,CAMEL-7099,CAMEL,pre_ai,Improvement,0
96,6.8,5,1,CAMEL-7051,CAMEL,pre_ai,Improvement,0
518,2.510204081632653,49,3,CAMEL-7100,CAMEL,pre_ai,Bug,1
306,3.8,20,1,CAMEL-7052,CAMEL,pre_ai,Bug,1
477,4.033333333333333,30,1,CAMEL-6822,CAMEL,pre_ai,Bug,1
212,1.2790697674418605,43,1,CAMEL-7111,CAMEL,pre_ai,Bug,1
190,1.9666666666666666,30,1,CAMEL-7109,CAMEL,pre_ai,Improvement,0
269,1.7333333333333334,30,2,CAMEL-7104,CAMEL,pre_ai,Improvement,0
310,1.8166666666666667,60,1,CAMEL-6993,CAMEL,pre_ai,New Feature,0
119,1.4285714285714286,7,1,CAMEL-7113,CAMEL,pre_ai,Improvement,0
57,1.7142857142857142,7,2,CAMEL-6969,CAMEL,pre_ai,New Feature,0
3971,2.675141242937853,354,15,CAMEL-6914,CAMEL,pre_ai,Bug,1
83,1.3529411764705883,17,2,CAMEL-7119,CAMEL,pre_ai,Improvement,0
192,2.933333333333333,15,1,CAMEL-7116,CAMEL,pre_ai,Bug,1
29,1.6666666666666667,3,1,CAMEL-7117,CAMEL,pre_ai,Improvement,0
220,4.545454545454546,11,1,CAMEL-7120,CAMEL,pre_ai,Bug,1
102,5.666666666666667,3,1,CAMEL-7107,CAMEL,pre_ai,Bug,1
103,1.5384615384615385,13,1,CAMEL-7105,CAMEL,pre_ai,New Feature,0
497,2.2222222222222223,54,2,CAMEL-7122,CAMEL,pre_ai,Improvement,0
220,1.26,50,1,CAMEL-7134,CAMEL,pre_ai,Improvement,0
129,4.0,9,1,CAMEL-7067,CAMEL,pre_ai,Improvement,0
82,1.2727272727272727,11,2,CAMEL-7129,CAMEL,pre_ai,Bug,1
147,2.1333333333333333,15,1,CAMEL-7142,CAMEL,pre_ai,Bug,1
526,7.818181818181818,11,2,CAMEL-7138,CAMEL,pre_ai,Improvement,0
888,1.9910714285714286,112,1,CAMEL-7145,CAMEL,pre_ai,Bug,1
663,2.3548387096774195,62,2,CAMEL-7140,CAMEL,pre_ai,Improvement,0
22,1.0,3,1,CAMEL-7126,CAMEL,pre_ai,Sub-task,0
473,2.9696969696969697,33,2,CAMEL-7137,CAMEL,pre_ai,Improvement,0
582,4.051282051282051,39,2,CAMEL-7049,CAMEL,pre_ai,Bug,1
281,2.097560975609756,41,1,CAMEL-7135,CAMEL,pre_ai,Improvement,0
306,2.25,32,1,CAMEL-7132,CAMEL,pre_ai,Bug,1
61,2.0,7,1,CAMEL-7154,CAMEL,pre_ai,Improvement,0
652,1.5909090909090908,88,1,CAMEL-6922,CAMEL,pre_ai,Bug,1
95,1.2666666666666666,15,2,CAMEL-5940,CAMEL,pre_ai,Improvement,0
839,6.580645161290323,31,2,CAMEL-7069,CAMEL,pre_ai,Bug,1
345,2.4,35,2,CAMEL-7143,CAMEL,pre_ai,Bug,1
231,2.6315789473684212,19,1,CAMEL-7161,CAMEL,pre_ai,Bug,1
43,6.0,1,1,CAMEL-7162,CAMEL,pre_ai,Improvement,0
115,1.6666666666666667,18,1,CAMEL-7160,CAMEL,pre_ai,Bug,1
173,5.285714285714286,7,1,CAMEL-7159,CAMEL,pre_ai,Bug,1
48,1.4285714285714286,7,1,CAMEL-7139,CAMEL,pre_ai,Bug,1
11,1.0,1,1,CAMEL-7168,CAMEL,pre_ai,Bug,1
539,1.7380952380952381,84,2,CAMEL-7172,CAMEL,pre_ai,Bug,1
178,1.4193548387096775,31,1,CAMEL-7173,CAMEL,pre_ai,Bug,1
714,3.26,50,1,CAMEL-7167,CAMEL,pre_ai,Bug,1
830,2.160919540229885,87,6,CAMEL-7164,CAMEL,pre_ai,Improvement,0
646,1.5795454545454546,88,1,CAMEL-7131,CAMEL,pre_ai,Improvement,0
842,2.8266666666666667,75,2,CAMEL-7146,CAMEL,pre_ai,Bug,1
93,1.7777777777777777,9,1,CAMEL-6365,CAMEL,pre_ai,Improvement,0
394,1.5932203389830508,59,2,CAMEL-7112,CAMEL,pre_ai,Bug,1
174,2.7142857142857144,14,1,CAMEL-7125,CAMEL,pre_ai,Bug,1
872,2.3294117647058825,85,2,CAMEL-7002,CAMEL,pre_ai,Improvement,0
203,1.52,25,4,CAMEL-7176,CAMEL,pre_ai,Improvement,0
765,1.72,100,2,CAMEL-7150,CAMEL,pre_ai,Improvement,0
129,1.3529411764705883,17,1,CAMEL-7182,CAMEL,pre_ai,Bug,1
72,1.3333333333333333,12,1,CAMEL-7177,CAMEL,pre_ai,Improvement,0
300,4.133333333333334,15,2,CAMEL-7185,CAMEL,pre_ai,Bug,1
945,2.4157303370786516,89,2,CAMEL-7192,CAMEL,pre_ai,Bug,1
628,2.125,72,2,CAMEL-7188,CAMEL,pre_ai,Improvement,0
1126,1.7945205479452055,146,7,CAMEL-7186,CAMEL,pre_ai,Improvement,0
2255,2.427350427350427,234,2,CAMEL-7187,CAMEL,pre_ai,Improvement,0
1976,2.3004484304932737,223,1,CAMEL-7200,CAMEL,pre_ai,Bug,1
103,1.2666666666666666,15,2,CAMEL-7195,CAMEL,pre_ai,Improvement,0
704,1.4260869565217391,115,5,CAMEL-7205,CAMEL,pre_ai,Improvement,0
47,2.2,5,1,CAMEL-7184,CAMEL,pre_ai,Wish,0
4898,2.0107719928186714,557,11,CAMEL-7203,CAMEL,pre_ai,Improvement,0
50,4.0,2,1,CAMEL-7212,CAMEL,pre_ai,Bug,1
105,1.4166666666666667,12,1,CAMEL-7209,CAMEL,pre_ai,Bug,1
110,1.4166666666666667,12,1,CAMEL-7213,CAMEL,pre_ai,Bug,1
78,1.8571428571428572,7,1,CAMEL-6838,CAMEL,pre_ai,Improvement,0
77,2.8,5,2,CAMEL-7218,CAMEL,pre_ai,Improvement,0
40,7.0,1,1,CAMEL-7219,CAMEL,pre_ai,Bug,1
2823,2.1682242990654204,321,12,CAMEL-7210,CAMEL,pre_ai,Bug,1
313,1.4651162790697674,43,3,CAMEL-7221,CAMEL,pre_ai,Task,0
685,1.844155844155844,77,6,CAMEL-7201,CAMEL,pre_ai,Improvement,0
264,1.3428571428571427,35,5,CAMEL-7092,CAMEL,pre_ai,New Feature,0
935,2.2542372881355934,118,6,CAMEL-7215,CAMEL,pre_ai,Improvement,0
52,2.6666666666666665,3,1,CAMEL-7148,CAMEL,pre_ai,Improvement,0
360,3.15,20,2,CAMEL-7230,CAMEL,pre_ai,Bug,1
350,2.242424242424242,33,1,CAMEL-7228,CAMEL,pre_ai,Improvement,0
326,2.1578947368421053,38,1,CAMEL-7239,CAMEL,pre_ai,Bug,1
203,1.162162162162162,37,1,CAMEL-7240,CAMEL,pre_ai,Bug,1
87,1.7,10,1,CAMEL-7178,CAMEL,pre_ai,Improvement,0
222,1.3513513513513513,37,1,CAMEL-7250,CAMEL,pre_ai,Improvement,0
313,4.764705882352941,17,1,CAMEL-7254,CAMEL,pre_ai,Bug,1
99,4.75,4,1,CAMEL-7251,CAMEL,pre_ai,Bug,1
102,1.4166666666666667,12,1,CAMEL-7241,CAMEL,pre_ai,Bug,1
1037,2.2211538461538463,104,5,CAMEL-7244,CAMEL,pre_ai,Bug,1
639,2.027027027027027,74,3,CAMEL-7229,CAMEL,pre_ai,Bug,1
1147,3.9324324324324325,74,5,CAMEL-7217,CAMEL,pre_ai,New Feature,0
1998,2.309734513274336,226,1,CAMEL-6321,CAMEL,pre_ai,Improvement,0
75,2.142857142857143,7,1,CAMEL-7262,CAMEL,pre_ai,Bug,1
351,1.4444444444444444,63,2,CAMEL-7194,CAMEL,pre_ai,Bug,1
561,2.0491803278688523,61,1,CAMEL-7253,CAMEL,pre_ai,Bug,1
190,2.625,16,1,CAMEL-7256,CAMEL,pre_ai,Bug,1
10,1.0,1,1,CAMEL-7261,CAMEL,pre_ai,Improvement,0
297,1.7647058823529411,34,2,CAMEL-7274,CAMEL,pre_ai,Bug,1
997,3.1129032258064515,62,3,CAMEL-7275,CAMEL,pre_ai,Bug,1
190,1.3548387096774193,31,1,CAMEL-7277,CAMEL,pre_ai,Bug,1
135,3.0,8,1,CAMEL-7264,CAMEL,pre_ai,Wish,0
54,1.375,8,1,CAMEL-7279,CAMEL,pre_ai,Bug,1
4265,2.139830508474576,472,14,CAMEL-7265,CAMEL,pre_ai,Improvement,0
314,1.9230769230769231,39,1,CAMEL-7280,CAMEL,pre_ai,Improvement,0
665,2.3548387096774195,62,2,CAMEL-7276,CAMEL,pre_ai,Bug,1
190,1.393939393939394,33,1,CAMEL-6665,CAMEL,pre_ai,Improvement,0
507,1.4158415841584158,101,1,CAMEL-7282,CAMEL,pre_ai,Bug,1
198,1.375,32,1,CAMEL-7284,CAMEL,pre_ai,Improvement,0
320,1.641025641025641,39,3,CAMEL-7281,CAMEL,pre_ai,Improvement,0
2354,2.3389121338912133,239,3,CAMEL-7257,CAMEL,pre_ai,Improvement,0
601,1.5405405405405406,74,6,CAMEL-7286,CAMEL,pre_ai,Bug,1
146,1.8666666666666667,15,1,CAMEL-7287,CAMEL,pre_ai,Bug,1
988,2.2212389380530975,113,2,CAMEL-7290,CAMEL,pre_ai,New Feature,0
908,2.5256410256410255,78,2,CAMEL-7283,CAMEL,pre_ai,Improvement,0
24,3.0,1,1,CAMEL-7249,CAMEL,pre_ai,New Feature,0
79,1.5,12,1,CAMEL-3933,CAMEL,pre_ai,Task,0
473,1.5405405405405406,74,2,CAMEL-7278,CAMEL,pre_ai,Wish,0
31,1.0,6,1,CAMEL-7300,CAMEL,pre_ai,Bug,1
108,2.625,8,1,CAMEL-7231,CAMEL,pre_ai,Improvement,0
281,8.333333333333334,9,1,CAMEL-6820,CAMEL,pre_ai,Improvement,0
271,10.625,8,1,CAMEL-7303,CAMEL,pre_ai,Bug,1
128,1.5555555555555556,18,1,CAMEL-7304,CAMEL,pre_ai,Bug,1
570,3.739130434782609,46,3,CAMEL-7298,CAMEL,pre_ai,Bug,1
300,1.3333333333333333,30,1,CAMEL-7309,CAMEL,pre_ai,Improvement,0
158,3.5,8,1,CAMEL-7310,CAMEL,pre_ai,Bug,1
122,4.666666666666667,6,1,CAMEL-7312,CAMEL,pre_ai,Improvement,0
212,1.4054054054054055,37,2,CAMEL-7311,CAMEL,pre_ai,Bug,1
475,2.0625,48,1,CAMEL-7320,CAMEL,pre_ai,Bug,1
126,3.3333333333333335,9,1,CAMEL-7308,CAMEL,pre_ai,Bug,1
2071,2.3596491228070176,228,1,CAMEL-7323,CAMEL,pre_ai,Bug,1
279,5.214285714285714,14,1,CAMEL-7315,CAMEL,pre_ai,Bug,1
256,1.3414634146341464,41,2,CAMEL-7328,CAMEL,pre_ai,Improvement,0
2120,2.3461538461538463,234,2,CAMEL-7327,CAMEL,pre_ai,Improvement,0
148,2.3846153846153846,13,2,CAMEL-7333,CAMEL,pre_ai,New Feature,0
149,4.5,6,2,CAMEL-7313,CAMEL,pre_ai,Improvement,0
479,2.0625,48,1,CAMEL-7337,CAMEL,pre_ai,Bug,1
310,1.8717948717948718,39,1,CAMEL-7033,CAMEL,pre_ai,Bug,1
362,1.4328358208955223,67,1,CAMEL-7341,CAMEL,pre_ai,Bug,1
108,1.8181818181818181,11,1,CAMEL-7347,CAMEL,pre_ai,Bug,1
1076,4.226666666666667,75,7,CAMEL-7334,CAMEL,pre_ai,Improvement,0
218,1.6666666666666667,36,1,CAMEL-7344,CAMEL,pre_ai,Bug,1
201,1.72,25,2,CAMEL-6694,CAMEL,pre_ai,Improvement,0
343,2.1818181818181817,33,1,CAMEL-7353,CAMEL,pre_ai,Bug,1
69,1.1818181818181819,11,1,CAMEL-7351,CAMEL,pre_ai,Bug,1
123,3.0,7,1,CAMEL-7357,CAMEL,pre_ai,Bug,1
661,2.607142857142857,56,3,CAMEL-7355,CAMEL,pre_ai,Task,0
274,11.0,8,1,CAMEL-7359,CAMEL,pre_ai,Bug,1
306,2.03125,32,1,CAMEL-7362,CAMEL,pre_ai,New Feature,0
996,2.2,115,2,CAMEL-7360,CAMEL,pre_ai,Improvement,0
254,2.1666666666666665,24,1,CAMEL-7324,CAMEL,pre_ai,Bug,1
767,1.0824175824175823,182,4,CAMEL-7335,CAMEL,pre_ai,Improvement,0
954,6.3428571428571425,35,3,CAMEL-7338,CAMEL,pre_ai,Bug,1
218,4.7272727272727275,11,1,CAMEL-7363,CAMEL,pre_ai,Bug,1
283,1.6896551724137931,29,1,CAMEL-7118,CAMEL,pre_ai,New Feature,0
655,3.111111111111111,45,3,CAMEL-7141,CAMEL,pre_ai,Bug,1
196,1.8695652173913044,23,1,CAMEL-7361,CAMEL,pre_ai,Improvement,0
226,1.2,45,1,CAMEL-7372,CAMEL,pre_ai,Improvement,0
121,1.4210526315789473,19,1,CAMEL-7373,CAMEL,pre_ai,Improvement,0
472,1.5138888888888888,72,2,CAMEL-7387,CAMEL,pre_ai,Improvement,0
397,2.6206896551724137,29,1,CAMEL-7379,CAMEL,pre_ai,Bug,1
406,2.6551724137931036,29,1,CAMEL-7391,CAMEL,pre_ai,Bug,1
152,3.7777777777777777,9,1,CAMEL-7394,CAMEL,pre_ai,Improvement,0
290,3.5294117647058822,17,1,CAMEL-7395,CAMEL,pre_ai,Test,0
185,1.2820512820512822,39,1,CAMEL-7358,CAMEL,pre_ai,Improvement,0
948,1.4797297297297298,148,5,CAMEL-7393,CAMEL,pre_ai,Improvement,0
42,1.0,8,1,CAMEL-7717,CAMEL,pre_ai,Improvement,0
641,1.5909090909090908,88,1,CAMEL-7713,CAMEL,pre_ai,Improvement,0
2685,2.1519434628975267,283,5,CAMEL-7714,CAMEL,pre_ai,Bug,1
383,1.6071428571428572,56,2,CAMEL-7715,CAMEL,pre_ai,Bug,1
865,1.5656565656565657,99,2,CAMEL-7720,CAMEL,pre_ai,Improvement,0
876,1.58,100,2,CAMEL-7721,CAMEL,pre_ai,Improvement,0
457,1.646153846153846,65,2,CAMEL-7723,CAMEL,pre_ai,Improvement,0
656,1.6136363636363635,88,1,CAMEL-7719,CAMEL,pre_ai,Improvement,0
822,2.6625,80,1,CAMEL-7520,CAMEL,pre_ai,Improvement,0
225,1.5833333333333333,36,1,CAMEL-7727,CAMEL,pre_ai,Improvement,0
404,2.3076923076923075,39,1,CAMEL-7728,CAMEL,pre_ai,Improvement,0
1390,1.49009900990099,202,1,CAMEL-7725,CAMEL,pre_ai,Improvement,0
10,1.0,2,1,CAMEL-7724,CAMEL,pre_ai,Improvement,0
66,1.2,10,1,CAMEL-7730,CAMEL,pre_ai,Bug,1
284,2.4,30,1,CAMEL-7735,CAMEL,pre_ai,Bug,1
295,2.433333333333333,30,1,CAMEL-7736,CAMEL,pre_ai,Bug,1
111,1.3157894736842106,19,1,CAMEL-7696,CAMEL,pre_ai,New Feature,0
165,1.1290322580645162,31,2,CAMEL-7509,CAMEL,pre_ai,Improvement,0
453,1.3246753246753247,77,3,CAMEL-7516,CAMEL,pre_ai,Improvement,0
583,1.3653846153846154,104,3,CAMEL-7499,CAMEL,pre_ai,Improvement,0
621,2.0,67,5,CAMEL-7663,CAMEL,pre_ai,Improvement,0
951,1.6878980891719746,157,5,CAMEL-7495,CAMEL,pre_ai,Improvement,0
1775,1.7245762711864407,236,3,CAMEL-7548,CAMEL,pre_ai,Improvement,0
129,2.5,12,1,CAMEL-7744,CAMEL,pre_ai,Improvement,0
228,3.0,21,4,CAMEL-7742,CAMEL,pre_ai,Improvement,0
3527,2.826530612244898,294,4,CAMEL-7745,CAMEL,pre_ai,Bug,1
37,2.0,3,1,CAMEL-7576,CAMEL,pre_ai,Improvement,0
763,2.131868131868132,91,1,CAMEL-7688,CAMEL,pre_ai,Improvement,0
116,1.7222222222222223,18,1,CAMEL-7448,CAMEL,pre_ai,Bug,1
504,3.3125,32,5,CAMEL-7354,CAMEL,pre_ai,New Feature,0
202,1.1521739130434783,46,1,CAMEL-7751,CAMEL,pre_ai,Bug,1
754,1.825242718446602,103,3,CAMEL-7552,CAMEL,pre_ai,Improvement,0
188,1.6875,16,2,CAMEL-7673,CAMEL,pre_ai,Bug,1
330,1.9210526315789473,38,1,CAMEL-7754,CAMEL,pre_ai,Bug,1
321,11.428571428571429,7,1,CAMEL-7757,CAMEL,pre_ai,Bug,1
50,1.3333333333333333,6,1,CAMEL-7761,CAMEL,pre_ai,Improvement,0
2184,2.3551020408163263,245,1,CAMEL-7759,CAMEL,pre_ai,Improvement,0
353,1.7205882352941178,68,1,CAMEL-7763,CAMEL,pre_ai,Bug,1
735,6.178571428571429,28,2,CAMEL-7762,CAMEL,pre_ai,Bug,1
43,1.8333333333333333,6,1,CAMEL-7768,CAMEL,pre_ai,Bug,1
1452,1.2724137931034483,290,2,CAMEL-7769,CAMEL,pre_ai,Improvement,0
282,5.1875,16,1,CAMEL-7767,CAMEL,pre_ai,Bug,1
117,2.111111111111111,9,1,CAMEL-7771,CAMEL,pre_ai,Improvement,0
187,3.6153846153846154,13,1,CAMEL-7772,CAMEL,pre_ai,Bug,1
2189,2.363265306122449,245,1,CAMEL-7668,CAMEL,pre_ai,Improvement,0
182,2.4,15,1,CAMEL-7568,CAMEL,pre_ai,Bug,1
986,2.4329896907216493,97,3,CAMEL-7774,CAMEL,pre_ai,Task,0
476,1.6056338028169015,71,5,CAMEL-7452,CAMEL,pre_ai,Bug,1
523,1.6166666666666667,60,2,CAMEL-7780,CAMEL,pre_ai,Improvement,0
540,3.2244897959183674,49,1,CAMEL-6934,CAMEL,pre_ai,Improvement,0
226,4.6,10,1,CAMEL-7782,CAMEL,pre_ai,New Feature,0
677,4.2727272727272725,33,1,CAMEL-7773,CAMEL,pre_ai,New Feature,0
214,3.0588235294117645,17,1,CAMEL-7967,CAMEL,pre_ai,Bug,1
345,4.882352941176471,17,1,CAMEL-7975,CAMEL,pre_ai,Improvement,0
1072,1.6564885496183206,131,11,CAMEL-7364,CAMEL,pre_ai,Bug,1
131,2.142857142857143,14,1,CAMEL-7973,CAMEL,pre_ai,Bug,1
58,1.25,8,2,CAMEL-7980,CAMEL,pre_ai,Improvement,0
749,5.0,37,1,CAMEL-7977,CAMEL,pre_ai,Bug,1
703,1.9789473684210526,95,2,CAMEL-7947,CAMEL,pre_ai,Improvement,0
209,1.68,25,1,CAMEL-7989,CAMEL,pre_ai,Bug,1
106,1.3333333333333333,15,1,CAMEL-7990,CAMEL,pre_ai,Bug,1
491,3.3636363636363638,33,2,CAMEL-7988,CAMEL,pre_ai,Bug,1
48,1.8333333333333333,6,1,CAMEL-7968,CAMEL,pre_ai,Bug,1
355,5.65,20,1,CAMEL-7986,CAMEL,pre_ai,Bug,1
184,2.076923076923077,26,1,CAMEL-7913,CAMEL,pre_ai,Improvement,0
918,4.1688311688311686,77,1,CAMEL-7912,CAMEL,pre_ai,Improvement,0
321,1.6274509803921569,51,2,CAMEL-7994,CAMEL,pre_ai,Bug,1
1298,1.64,200,5,CAMEL-7962,CAMEL,pre_ai,Improvement,0
390,4.190476190476191,21,2,CAMEL-7996,CAMEL,pre_ai,Bug,1
303,2.4166666666666665,24,2,CAMEL-7992,CAMEL,pre_ai,Bug,1
749,5.0,37,1,CAMEL-7993,CAMEL,pre_ai,Task,0
453,1.6666666666666667,54,3,CAMEL-7991,CAMEL,pre_ai,Improvement,0
80,2.7142857142857144,7,1,CAMEL-7224,CAMEL,pre_ai,Bug,1
368,1.3461538461538463,52,4,CAMEL-8003,CAMEL,pre_ai,Task,0
114,1.8333333333333333,12,1,CAMEL-8011,CAMEL,pre_ai,Bug,1
2632,2.3614035087719296,285,2,CAMEL-8004,CAMEL,pre_ai,Test,0
713,2.7017543859649122,57,4,CAMEL-7908,CAMEL,pre_ai,Improvement,0
365,4.35,20,1,CAMEL-8016,CAMEL,pre_ai,Improvement,0
105,1.0526315789473684,19,2,CAMEL-8025,CAMEL,pre_ai,Sub-task,0
149,1.0384615384615385,26,1,CAMEL-8028,CAMEL,pre_ai,Improvement,0
129,1.9285714285714286,14,1,CAMEL-8033,CAMEL,pre_ai,Bug,1
568,1.88135593220339,59,4,CAMEL-8030,CAMEL,pre_ai,Bug,1
205,1.7272727272727273,22,1,CAMEL-5301,CAMEL,pre_ai,New Feature,0
349,4.0,28,1,CAMEL-8032,CAMEL,pre_ai,Bug,1
28,6.0,1,1,CAMEL-8037,CAMEL,pre_ai,Improvement,0
212,2.764705882352941,17,1,CAMEL-8035,CAMEL,pre_ai,Bug,1
418,1.6666666666666667,57,1,CAMEL-8045,CAMEL,pre_ai,Bug,1
186,2.142857142857143,21,1,CAMEL-8039,CAMEL,pre_ai,Improvement,0
151,1.3888888888888888,18,1,CAMEL-7662,CAMEL,pre_ai,Bug,1
461,1.5753424657534247,73,2,CAMEL-8031,CAMEL,pre_ai,Bug,1
131,1.6666666666666667,18,1,CAMEL-8014,CAMEL,pre_ai,Improvement,0
75,1.5,8,2,CAMEL-8062,CAMEL,pre_ai,Bug,1
339,12.285714285714286,7,1,CAMEL-8049,CAMEL,pre_ai,Bug,1
2394,2.462745098039216,255,3,CAMEL-8059,CAMEL,pre_ai,Task,0
64,2.3333333333333335,6,1,CAMEL-8063,CAMEL,pre_ai,Bug,1
238,1.625,24,3,CAMEL-7922,CAMEL,pre_ai,Bug,1
833,2.654320987654321,81,1,CAMEL-8036,CAMEL,pre_ai,Bug,1
79,1.3846153846153846,13,1,CAMEL-8048,CAMEL,pre_ai,Improvement,0
2056,1.7242524916943522,301,5,CAMEL-7951,CAMEL,pre_ai,Improvement,0
291,8.555555555555555,9,1,CAMEL-8024,CAMEL,pre_ai,Improvement,0
263,2.347826086956522,23,1,CAMEL-8065,CAMEL,pre_ai,Bug,1
753,3.1132075471698113,53,3,CAMEL-7984,CAMEL,pre_ai,Improvement,0
27,3.0,1,1,CAMEL-8068,CAMEL,pre_ai,Improvement,0
138,2.8,15,1,CAMEL-8073,CAMEL,pre_ai,Bug,1
240,5.111111111111111,9,1,CAMEL-8072,CAMEL,pre_ai,Improvement,0
2340,2.342412451361868,257,4,CAMEL-8053,CAMEL,pre_ai,Bug,1
97,5.5,4,1,CAMEL-8076,CAMEL,pre_ai,Improvement,0
61,1.6666666666666667,6,2,CAMEL-8089,CAMEL,pre_ai,Improvement,0
189,1.68,25,3,CAMEL-8070,CAMEL,pre_ai,Improvement,0
510,2.6037735849056602,53,1,CAMEL-8087,CAMEL,pre_ai,Bug,1
488,2.0,51,1,CAMEL-8084,CAMEL,pre_ai,Improvement,0
374,1.5254237288135593,59,5,CAMEL-8060,CAMEL,pre_ai,New Feature,0
746,3.977777777777778,45,1,CAMEL-7490,CAMEL,pre_ai,Improvement,0
844,4.615384615384615,39,6,CAMEL-7949,CAMEL,pre_ai,Improvement,0
2899,2.720149253731343,268,2,CAMEL-7959,CAMEL,pre_ai,Improvement,0
68,1.0769230769230769,13,1,CAMEL-8094,CAMEL,pre_ai,Bug,1
174,1.0,32,2,CAMEL-8043,CAMEL,pre_ai,Improvement,0
149,2.0,18,2,CAMEL-7953,CAMEL,pre_ai,Bug,1
46,4.0,2,1,CAMEL-7784,CAMEL,pre_ai,Bug,1
43,4.0,2,1,CAMEL-7882,CAMEL,pre_ai,Bug,1
324,2.0208333333333335,48,1,CAMEL-7785,CAMEL,pre_ai,Bug,1
71,2.6666666666666665,6,1,CAMEL-8095,CAMEL,pre_ai,Improvement,0
2199,2.3714285714285714,245,1,CAMEL-8077,CAMEL,pre_ai,Bug,1
371,1.0625,80,1,CAMEL-8098,CAMEL,pre_ai,Improvement,0
411,1.4324324324324325,74,1,CAMEL-8103,CAMEL,pre_ai,Improvement,0
213,3.0588235294117645,17,1,CAMEL-7665,CAMEL,pre_ai,Bug,1
352,1.894736842105263,38,3,CAMEL-8038,CAMEL,pre_ai,Sub-task,0
188,1.6875,16,2,CAMEL-7473,CAMEL,pre_ai,Improvement,0
39,3.0,2,1,CAMEL-7788,CAMEL,pre_ai,New Feature,0
566,1.5333333333333334,90,2,CAMEL-7556,CAMEL,pre_ai,New Feature,0
23,3.0,1,1,CAMEL-7790,CAMEL,pre_ai,New Feature,0
170,2.5,16,1,CAMEL-7783,CAMEL,pre_ai,Test,0
241,2.727272727272727,22,1,CAMEL-7793,CAMEL,pre_ai,Bug,1
177,2.2857142857142856,14,1,CAMEL-7795,CAMEL,pre_ai,Bug,1
374,1.4776119402985075,67,1,CAMEL-7796,CAMEL,pre_ai,Improvement,0
357,2.3703703703703702,27,1,CAMEL-7799,CAMEL,pre_ai,Task,0
77,2.6666666666666665,6,1,CAMEL-7798,CAMEL,pre_ai,Bug,1
99,2.111111111111111,9,1,CAMEL-7805,CAMEL,pre_ai,Bug,1
807,3.3137254901960786,51,3,CAMEL-7806,CAMEL,pre_ai,Bug,1
233,1.2333333333333334,30,7,CAMEL-7580,CAMEL,pre_ai,New Feature,0
285,5.25,16,1,CAMEL-7804,CAMEL,pre_ai,Improvement,0
694,4.424242424242424,33,1,CAMEL-7826,CAMEL,pre_ai,Bug,1
112,4.166666666666667,6,1,CAMEL-7803,CAMEL,pre_ai,Bug,1
740,4.787878787878788,33,1,CAMEL-7829,CAMEL,pre_ai,Bug,1
12,1.0,1,1,CAMEL-7830,CAMEL,pre_ai,Bug,1
322,3.526315789473684,19,1,CAMEL-7827,CAMEL,pre_ai,Improvement,0
2111,2.358974358974359,234,1,CAMEL-7836,CAMEL,pre_ai,Bug,1
239,4.933333333333334,15,1,CAMEL-7839,CAMEL,pre_ai,Bug,1
388,2.3157894736842106,38,2,CAMEL-7828,CAMEL,pre_ai,New Feature,0
70,2.8333333333333335,6,1,CAMEL-7842,CAMEL,pre_ai,Bug,1
150,3.7777777777777777,9,1,CAMEL-7850,CAMEL,pre_ai,New Feature,0
2218,1.8687258687258688,259,9,CAMEL-7802,CAMEL,pre_ai,Improvement,0
379,1.463768115942029,69,1,CAMEL-7856,CAMEL,pre_ai,Bug,1
154,1.6666666666666667,24,1,CAMEL-7858,CAMEL,pre_ai,Improvement,0
212,2.04,25,2,CAMEL-7859,CAMEL,pre_ai,Improvement,0
170,5.333333333333333,6,3,CAMEL-7846,CAMEL,pre_ai,New Feature,0
476,3.96,25,3,CAMEL-7845,CAMEL,pre_ai,New Feature,0
232,3.3529411764705883,17,1,CAMEL-7860,CAMEL,pre_ai,Improvement,0
251,4.909090909090909,11,1,CAMEL-7863,CAMEL,pre_ai,Improvement,0
179,1.1363636363636365,22,1,CAMEL-7870,CAMEL,pre_ai,Bug,1
893,2.8536585365853657,82,1,CAMEL-7868,CAMEL,pre_ai,Bug,1
308,1.021978021978022,91,1,CAMEL-7864,CAMEL,pre_ai,Improvement,0
166,1.95,20,1,CAMEL-7855,CAMEL,pre_ai,Bug,1
143,1.6818181818181819,22,1,CAMEL-7874,CAMEL,pre_ai,Bug,1
108,3.4285714285714284,7,1,CAMEL-7876,CAMEL,pre_ai,Bug,1
159,1.096774193548387,31,1,CAMEL-7885,CAMEL,pre_ai,Bug,1
276,1.6829268292682926,41,1,CAMEL-7867,CAMEL,pre_ai,Bug,1
325,11.571428571428571,7,1,CAMEL-7892,CAMEL,pre_ai,Bug,1
238,4.818181818181818,11,2,CAMEL-7896,CAMEL,pre_ai,Bug,1
338,6.615384615384615,13,1,CAMEL-7886,CAMEL,pre_ai,Bug,1
287,2.8333333333333335,24,3,CAMEL-7899,CAMEL,pre_ai,Bug,1
657,1.6136363636363635,88,1,CAMEL-7890,CAMEL,pre_ai,Bug,1
467,2.225806451612903,31,1,CAMEL-7900,CAMEL,pre_ai,Bug,1
320,2.9375,16,6,CAMEL-7902,CAMEL,pre_ai,Improvement,0
201,1.608695652173913,23,3,CAMEL-7888,CAMEL,pre_ai,Bug,1
106,2.6666666666666665,9,1,CAMEL-7916,CAMEL,pre_ai,Bug,1
1098,2.3423423423423424,111,3,CAMEL-7920,CAMEL,pre_ai,Bug,1
497,2.4,40,2,CAMEL-7915,CAMEL,pre_ai,Improvement,0
292,3.3,20,2,CAMEL-7910,CAMEL,pre_ai,Bug,1
137,1.1785714285714286,28,1,CAMEL-7872,CAMEL,pre_ai,New Feature,0
137,1.1785714285714286,28,1,CAMEL-7873,CAMEL,pre_ai,New Feature,0
1104,4.181818181818182,55,5,CAMEL-7909,CAMEL,pre_ai,Bug,1
140,4.333333333333333,9,1,CAMEL-7931,CAMEL,pre_ai,Bug,1
248,1.7027027027027026,37,1,CAMEL-7932,CAMEL,pre_ai,Improvement,0
144,1.8888888888888888,18,1,CAMEL-7930,CAMEL,pre_ai,Improvement,0
282,2.823529411764706,17,2,CAMEL-7955,CAMEL,pre_ai,Sub-task,0
1391,1.3779904306220097,209,1,CAMEL-7958,CAMEL,pre_ai,Improvement,0
1391,1.3779904306220097,209,1,CAMEL-7961,CAMEL,pre_ai,Improvement,0
161,1.5789473684210527,19,2,CAMEL-7919,CAMEL,pre_ai,Bug,1
114,1.625,16,1,CAMEL-7792,CAMEL,pre_ai,New Feature,0
108,2.111111111111111,9,1,CAMEL-7935,CAMEL,pre_ai,Bug,1
470,3.7419354838709675,31,1,CAMEL-7966,CAMEL,pre_ai,Bug,1
69,1.6666666666666667,6,2,CAMEL-7963,CAMEL,pre_ai,New Feature,0
2058,2.5369458128078817,203,12,CAMEL-7940,CAMEL,pre_ai,Improvement,0
443,2.3333333333333335,51,1,CAMEL-7971,CAMEL,pre_ai,Bug,1
324,1.8333333333333333,42,1,CAMEL-8104,CAMEL,pre_ai,Improvement,0
1014,3.9696969696969697,66,2,CAMEL-7981,CAMEL,pre_ai,Bug,1
664,1.8035714285714286,112,2,CAMEL-8100,CAMEL,pre_ai,Bug,1
535,3.142857142857143,49,1,CAMEL-8106,CAMEL,pre_ai,Bug,1
1220,3.5309734513274336,113,3,CAMEL-8102,CAMEL,pre_ai,Improvement,0
172,2.388888888888889,18,1,CAMEL-8099,CAMEL,pre_ai,Improvement,0
1064,3.1785714285714284,84,1,CAMEL-8083,CAMEL,pre_ai,New Feature,0
3246,2.636963696369637,303,2,CAMEL-8107,CAMEL,pre_ai,Improvement,0
274,1.6428571428571428,42,1,CAMEL-8115,CAMEL,pre_ai,Improvement,0
456,1.5942028985507246,69,3,CAMEL-7716,CAMEL,pre_ai,Improvement,0
2075,3.075862068965517,145,6,CAMEL-8109,CAMEL,pre_ai,Improvement,0
171,7.2,5,1,CAMEL-8008,CAMEL,pre_ai,Bug,1
83,1.4166666666666667,12,1,CAMEL-8086,CAMEL,pre_ai,Bug,1
712,3.24,50,1,CAMEL-8081,CAMEL,pre_ai,Bug,1
296,1.5277777777777777,36,9,CAMEL-8050,CAMEL,pre_ai,New Feature,0
326,3.7777777777777777,18,1,CAMEL-8082,CAMEL,pre_ai,Bug,1
309,1.5263157894736843,38,9,CAMEL-8110,CAMEL,pre_ai,New Feature,0
633,1.55,100,2,CAMEL-7421,CAMEL,pre_ai,Improvement,0
26,1.6666666666666667,3,1,CAMEL-8118,CAMEL,pre_ai,Bug,1
297,2.347826086956522,23,5,CAMEL-7777,CAMEL,pre_ai,New Feature,0
562,1.5333333333333334,90,3,CAMEL-7880,CAMEL,pre_ai,Bug,1
141,3.1818181818181817,11,1,CAMEL-8117,CAMEL,pre_ai,Improvement,0
723,1.9431818181818181,88,6,CAMEL-3195,CAMEL,pre_ai,New Feature,0
89,2.875,8,1,CAMEL-8001,CAMEL,pre_ai,Bug,1
364,3.95,20,1,CAMEL-8092,CAMEL,pre_ai,Bug,1
363,4.071428571428571,28,1,CAMEL-8121,CAMEL,pre_ai,Bug,1
690,3.0816326530612246,49,2,CAMEL-8123,CAMEL,pre_ai,Bug,1
387,1.421875,64,2,CAMEL-8105,CAMEL,pre_ai,Improvement,0
501,1.2926829268292683,82,7,CAMEL-8079,CAMEL,pre_ai,New Feature,0
4173,1.8600746268656716,536,12,CAMEL-8124,CAMEL,pre_ai,Improvement,0
3065,2.6655737704918034,305,4,CAMEL-8125,CAMEL,pre_ai,Bug,1
583,1.838235294117647,68,3,CAMEL-8130,CAMEL,pre_ai,Improvement,0
236,2.0357142857142856,28,1,CAMEL-8134,CAMEL,pre_ai,Bug,1
313,2.4523809523809526,42,1,CAMEL-8091,CAMEL,pre_ai,Improvement,0
205,2.9473684210526314,19,1,CAMEL-8139,CAMEL,pre_ai,Improvement,0
796,6.382352941176471,34,1,CAMEL-8137,CAMEL,pre_ai,Bug,1
1478,1.9447236180904524,199,6,CAMEL-8133,CAMEL,pre_ai,Improvement,0
712,2.707692307692308,65,2,CAMEL-8144,CAMEL,pre_ai,Task,0
139,2.6666666666666665,6,1,CAMEL-8148,CAMEL,pre_ai,Bug,1
29,2.5,2,1,CAMEL-8044,CAMEL,pre_ai,Sub-task,0
26,1.6666666666666667,3,1,CAMEL-8152,CAMEL,pre_ai,Improvement,0
601,1.8571428571428572,70,3,CAMEL-8142,CAMEL,pre_ai,New Feature,0
72,1.5714285714285714,7,2,CAMEL-8158,CAMEL,pre_ai,Bug,1
879,3.6666666666666665,42,7,CAMEL-7927,CAMEL,pre_ai,Improvement,0
77,1.2727272727272727,11,1,CAMEL-8156,CAMEL,pre_ai,Bug,1
239,1.125,40,2,CAMEL-8154,CAMEL,pre_ai,Improvement,0
293,3.3157894736842106,19,1,CAMEL-8145,CAMEL,pre_ai,Improvement,0
474,2.6578947368421053,38,2,CAMEL-8153,CAMEL,pre_ai,Bug,1
465,1.7777777777777777,63,1,CAMEL-8159,CAMEL,pre_ai,Improvement,0
58,1.2857142857142858,7,2,CAMEL-7794,CAMEL,pre_ai,Improvement,0
27,1.2,5,1,CAMEL-8129,CAMEL,pre_ai,Improvement,0
488,1.8181818181818181,66,2,CAMEL-8146,CAMEL,pre_ai,Bug,1
500,2.0166666666666666,60,1,CAMEL-8166,CAMEL,pre_ai,Improvement,0
64,4.5,4,1,CAMEL-8160,CAMEL,pre_ai,Bug,1
1091,4.037037037037037,54,3,CAMEL-8165,CAMEL,pre_ai,New Feature,0
180,3.0,11,3,CAMEL-8149,CAMEL,pre_ai,Improvement,0
1339,2.6979166666666665,96,4,CAMEL-7787,CAMEL,pre_ai,Improvement,0
139,5.0,7,1,CAMEL-8170,CAMEL,pre_ai,New Feature,0
302,3.4210526315789473,19,1,CAMEL-8168,CAMEL,pre_ai,Bug,1
171,1.1071428571428572,28,2,CAMEL-8178,CAMEL,pre_ai,Improvement,0
868,2.3875,80,3,CAMEL-8177,CAMEL,pre_ai,Improvement,0
495,1.2710280373831775,107,2,CAMEL-8180,CAMEL,pre_ai,Improvement,0
82,1.4444444444444444,9,1,CAMEL-8194,CAMEL,pre_ai,Bug,1
441,1.9318181818181819,44,3,CAMEL-8192,CAMEL,pre_ai,New Feature,0
384,4.391304347826087,23,1,CAMEL-8200,CAMEL,pre_ai,Bug,1
231,3.0,19,1,CAMEL-8185,CAMEL,pre_ai,Bug,1
233,4.0,11,1,CAMEL-8184,CAMEL,pre_ai,Improvement,0
66,1.8,5,2,CAMEL-8216,CAMEL,pre_ai,Bug,1
164,4.666666666666667,9,1,CAMEL-7571,CAMEL,pre_ai,Bug,1
128,1.6666666666666667,12,4,CAMEL-8214,CAMEL,pre_ai,Bug,1
340,5.5,20,1,CAMEL-7572,CAMEL,pre_ai,Bug,1
299,3.388888888888889,18,1,CAMEL-7557,CAMEL,pre_ai,Bug,1
107,2.75,8,1,CAMEL-7577,CAMEL,pre_ai,Bug,1
42,1.25,8,1,CAMEL-7583,CAMEL,pre_ai,Improvement,0
151,1.5625,16,2,CAMEL-7532,CAMEL,pre_ai,Improvement,0
106,1.3846153846153846,13,2,CAMEL-7538,CAMEL,pre_ai,Improvement,0
69,1.2,10,2,CAMEL-7539,CAMEL,pre_ai,Improvement,0
1149,1.2611464968152866,157,10,CAMEL-7567,CAMEL,pre_ai,Improvement,0
98,2.5,8,1,CAMEL-7563,CAMEL,pre_ai,Improvement,0
273,4.9375,16,1,CAMEL-7587,CAMEL,pre_ai,Bug,1
235,1.5454545454545454,33,2,CAMEL-7593,CAMEL,pre_ai,Bug,1
282,3.75,16,1,CAMEL-7595,CAMEL,pre_ai,Bug,1
1206,2.276923076923077,130,3,CAMEL-7594,CAMEL,pre_ai,Improvement,0
210,1.393939393939394,33,2,CAMEL-7599,CAMEL,pre_ai,Improvement,0
2319,2.1784386617100373,269,3,CAMEL-7610,CAMEL,pre_ai,New Feature,0
464,1.5272727272727273,55,2,CAMEL-7586,CAMEL,pre_ai,Bug,1
264,5.416666666666667,12,1,CAMEL-7617,CAMEL,pre_ai,Bug,1
239,1.7428571428571429,35,1,CAMEL-7456,CAMEL,pre_ai,Bug,1
324,1.972972972972973,37,1,CAMEL-7622,CAMEL,pre_ai,Bug,1
2647,2.406015037593985,266,3,CAMEL-7604,CAMEL,pre_ai,Improvement,0
323,11.428571428571429,7,1,CAMEL-7626,CAMEL,pre_ai,Improvement,0
208,1.3783783783783783,37,3,CAMEL-7629,CAMEL,pre_ai,Improvement,0
576,1.1090909090909091,110,3,CAMEL-7624,CAMEL,pre_ai,Improvement,0
330,2.5625,32,1,CAMEL-7582,CAMEL,pre_ai,Bug,1
294,1.4038461538461537,52,4,CAMEL-5604,CAMEL,pre_ai,Improvement,0
273,5.153846153846154,13,2,CAMEL-7613,CAMEL,pre_ai,Task,0
1494,1.827027027027027,185,6,CAMEL-7631,CAMEL,pre_ai,Improvement,0
350,2.2285714285714286,35,1,CAMEL-7598,CAMEL,pre_ai,Bug,1
60,2.3333333333333335,6,1,CAMEL-7636,CAMEL,pre_ai,Bug,1
30,1.4,5,1,CAMEL-7637,CAMEL,pre_ai,Improvement,0
133,1.2692307692307692,26,1,CAMEL-7639,CAMEL,pre_ai,Improvement,0
2297,1.8622047244094488,254,15,CAMEL-7618,CAMEL,pre_ai,New Feature,0
333,3.15,20,2,CAMEL-7642,CAMEL,pre_ai,Bug,1
227,9.75,8,1,CAMEL-7619,CAMEL,pre_ai,Sub-task,0
989,3.142857142857143,63,3,CAMEL-7647,CAMEL,pre_ai,Improvement,0
989,3.142857142857143,63,3,CAMEL-7648,CAMEL,pre_ai,Improvement,0
157,2.6,10,2,CAMEL-7646,CAMEL,pre_ai,Bug,1
1455,2.5238095238095237,147,8,CAMEL-7641,CAMEL,pre_ai,New Feature,0
48,1.1428571428571428,7,1,CAMEL-7650,CAMEL,pre_ai,Bug,1
180,2.125,16,3,CAMEL-7649,CAMEL,pre_ai,Improvement,0
140,4.0,8,1,CAMEL-7653,CAMEL,pre_ai,Bug,1
50,1.25,8,1,CAMEL-7657,CAMEL,pre_ai,Improvement,0
320,3.45,20,1,CAMEL-7645,CAMEL,pre_ai,Improvement,0
142,3.4545454545454546,11,1,CAMEL-7656,CAMEL,pre_ai,Bug,1
1995,2.3053097345132745,226,1,CAMEL-7666,CAMEL,pre_ai,Bug,1
283,2.375,24,4,CAMEL-7667,CAMEL,pre_ai,Improvement,0
76,1.5555555555555556,9,1,CAMEL-7680,CAMEL,pre_ai,Improvement,0
562,1.488888888888889,90,4,CAMEL-7620,CAMEL,pre_ai,Sub-task,0
283,3.75,16,1,CAMEL-7686,CAMEL,pre_ai,Improvement,0
1607,1.5304347826086957,230,2,CAMEL-7682,CAMEL,pre_ai,Improvement,0
213,2.3684210526315788,19,1,CAMEL-5286,CAMEL,pre_ai,Improvement,0
198,2.75,16,1,CAMEL-7603,CAMEL,pre_ai,Bug,1
50,2.0,3,1,CAMEL-7597,CAMEL,pre_ai,Improvement,0
589,1.6746987951807228,83,2,CAMEL-7592,CAMEL,pre_ai,Improvement,0
52,1.375,8,1,CAMEL-7691,CAMEL,pre_ai,Improvement,0
579,1.5952380952380953,84,4,CAMEL-7602,CAMEL,pre_ai,Improvement,0
316,2.057142857142857,35,2,CAMEL-7681,CAMEL,pre_ai,New Feature,0
308,2.0,32,3,CAMEL-7654,CAMEL,pre_ai,Improvement,0
43,1.0,10,2,CAMEL-7690,CAMEL,pre_ai,Sub-task,0
32,3.5,2,1,CAMEL-7659,CAMEL,pre_ai,Bug,1
511,3.176470588235294,34,2,CAMEL-7701,CAMEL,pre_ai,Bug,1
2370,2.3682008368200838,239,2,CAMEL-7695,CAMEL,pre_ai,Improvement,0
216,1.25,32,3,CAMEL-7706,CAMEL,pre_ai,Bug,1
334,9.625,8,1,CAMEL-7711,CAMEL,pre_ai,Improvement,0
3653,2.4884393063583814,346,5,CAMEL-7702,CAMEL,pre_ai,New Feature,0
221,2.0869565217391304,23,1,CAMEL-7700,CAMEL,pre_ai,Improvement,0
26,2.0,3,1,CAMEL-7271,CAMEL,pre_ai,Bug,1
300,2.0,38,2,CAMEL-6827,CAMEL,pre_ai,New Feature,0
143,1.5263157894736843,19,2,CAMEL-7396,CAMEL,pre_ai,Improvement,0
113,2.7777777777777777,9,1,CAMEL-7121,CAMEL,pre_ai,Improvement,0
173,5.333333333333333,6,1,CAMEL-7399,CAMEL,pre_ai,Bug,1
1626,1.9271844660194175,206,4,CAMEL-7401,CAMEL,pre_ai,Improvement,0
126,1.5454545454545454,22,1,CAMEL-7406,CAMEL,pre_ai,Bug,1
54,1.0,12,1,CAMEL-7398,CAMEL,pre_ai,Bug,1
91,2.8333333333333335,6,1,CAMEL-7409,CAMEL,pre_ai,Bug,1
302,1.0224719101123596,89,1,CAMEL-7306,CAMEL,pre_ai,Bug,1
145,1.8421052631578947,19,1,CAMEL-7411,CAMEL,pre_ai,Bug,1
385,1.1604938271604939,81,2,CAMEL-7225,CAMEL,pre_ai,Improvement,0
113,3.8333333333333335,6,1,CAMEL-7423,CAMEL,pre_ai,Bug,1
224,3.05,20,1,CAMEL-7424,CAMEL,pre_ai,Bug,1
200,1.3333333333333333,30,1,CAMEL-7430,CAMEL,pre_ai,Improvement,0
745,4.818181818181818,33,3,CAMEL-7427,CAMEL,pre_ai,Bug,1
202,1.3636363636363635,33,1,CAMEL-7435,CAMEL,pre_ai,Improvement,0
172,4.555555555555555,9,1,CAMEL-6716,CAMEL,pre_ai,Bug,1
95,1.3125,16,1,CAMEL-7431,CAMEL,pre_ai,Bug,1
350,1.7380952380952381,42,5,CAMEL-7316,CAMEL,pre_ai,New Feature,0
177,3.0,12,1,CAMEL-6819,CAMEL,pre_ai,Improvement,0
288,5.133333333333334,15,1,CAMEL-7459,CAMEL,pre_ai,Bug,1
632,5.216216216216216,37,2,CAMEL-7449,CAMEL,pre_ai,Bug,1
117,1.9230769230769231,13,1,CAMEL-7451,CAMEL,pre_ai,Bug,1
125,2.1666666666666665,18,1,CAMEL-7465,CAMEL,pre_ai,Improvement,0
298,5.0,12,2,CAMEL-7462,CAMEL,pre_ai,Bug,1
153,2.3333333333333335,12,1,CAMEL-7404,CAMEL,pre_ai,Improvement,0
121,1.5263157894736843,19,1,CAMEL-7466,CAMEL,pre_ai,Improvement,0
467,2.675675675675676,37,2,CAMEL-7447,CAMEL,pre_ai,New Feature,0
468,3.0,43,1,CAMEL-7468,CAMEL,pre_ai,Improvement,0
473,1.486842105263158,76,2,CAMEL-7422,CAMEL,pre_ai,Improvement,0
996,5.1,50,2,CAMEL-7478,CAMEL,pre_ai,Bug,1
514,1.6,80,2,CAMEL-7484,CAMEL,pre_ai,New Feature,0
293,1.0289855072463767,69,1,CAMEL-7483,CAMEL,pre_ai,Bug,1
84,1.0,18,1,CAMEL-7486,CAMEL,pre_ai,Improvement,0
642,7.523809523809524,21,1,CAMEL-7471,CAMEL,pre_ai,Bug,1
39,1.3333333333333333,6,1,CAMEL-7494,CAMEL,pre_ai,Improvement,0
79,1.3333333333333333,9,1,CAMEL-7502,CAMEL,pre_ai,Bug,1
108,1.3157894736842106,19,1,CAMEL-7453,CAMEL,pre_ai,Improvement,0
311,1.2580645161290323,62,1,CAMEL-7384,CAMEL,pre_ai,New Feature,0
160,1.9444444444444444,18,1,CAMEL-7496,CAMEL,pre_ai,Improvement,0
144,2.25,12,1,CAMEL-7506,CAMEL,pre_ai,Bug,1
76,7.5,2,1,CAMEL-7513,CAMEL,pre_ai,Bug,1
337,1.4074074074074074,54,2,CAMEL-7507,CAMEL,pre_ai,Improvement,0
244,2.8947368421052633,19,1,CAMEL-7514,CAMEL,pre_ai,Improvement,0
347,4.0,28,1,CAMEL-7518,CAMEL,pre_ai,Bug,1
161,2.2222222222222223,18,1,CAMEL-7429,CAMEL,pre_ai,Bug,1
98,2.857142857142857,7,1,CAMEL-7527,CAMEL,pre_ai,Improvement,0
1002,2.040650406504065,123,2,CAMEL-7524,CAMEL,pre_ai,Bug,1
143,1.6363636363636365,22,2,CAMEL-7504,CAMEL,pre_ai,Improvement,0
153,1.48,25,2,CAMEL-7542,CAMEL,pre_ai,Improvement,0
65,1.1666666666666667,12,1,CAMEL-7541,CAMEL,pre_ai,Bug,1
91,2.375,8,1,CAMEL-7545,CAMEL,pre_ai,Bug,1
362,3.48,25,1,CAMEL-7407,CAMEL,pre_ai,Bug,1
209,3.4545454545454546,11,1,CAMEL-7432,CAMEL,pre_ai,Bug,1
206,2.3333333333333335,18,4,CAMEL-7546,CAMEL,pre_ai,Bug,1
236,4.866666666666666,15,1,CAMEL-7562,CAMEL,pre_ai,Bug,1
561,2.8076923076923075,52,2,CAMEL-7560,CAMEL,pre_ai,Bug,1
651,2.7758620689655173,58,2,CAMEL-7540,CAMEL,pre_ai,Improvement,0
1241,2.3582089552238807,134,3,CAMEL-7535,CAMEL,pre_ai,Improvement,0
324,1.8717948717948718,39,1,CAMEL-7549,CAMEL,pre_ai,Improvement,0
268,1.2264150943396226,53,1,CAMEL-7533,CAMEL,pre_ai,Improvement,0
281,1.2586206896551724,58,1,CAMEL-7534,CAMEL,pre_ai,Improvement,0
952,2.0258620689655173,116,1,CAMEL-7523,CAMEL,pre_ai,Improvement,0
109,1.9285714285714286,14,1,CAMEL-7418,CAMEL,pre_ai,Bug,1
2472,2.14,300,2,CAMEL-7530,CAMEL,pre_ai,Improvement,0
210,1.0,45,1,CAMEL-5113,CAMEL,pre_ai,Improvement,0
2095,2.3766233766233764,231,1,CAMEL-7569,CAMEL,pre_ai,Improvement,0
39,2.4,5,1,CAMEL-8213,CAMEL,pre_ai,Bug,1
263,2.8333333333333335,18,2,CAMEL-8204,CAMEL,pre_ai,Improvement,0
613,2.278688524590164,61,3,CAMEL-8227,CAMEL,pre_ai,Bug,1
54,1.0,16,1,CAMEL-6955,CAMEL,pre_ai,Improvement,0
449,2.5609756097560976,41,1,CAMEL-8225,CAMEL,pre_ai,Improvement,0
1291,3.207317073170732,82,5,CAMEL-8223,CAMEL,pre_ai,New Feature,0
833,2.654320987654321,81,1,CAMEL-8222,CAMEL,pre_ai,Bug,1
338,1.8857142857142857,35,2,CAMEL-8209,CAMEL,pre_ai,Improvement,0
254,3.7142857142857144,14,3,CAMEL-8234,CAMEL,pre_ai,Improvement,0
743,3.25,52,1,CAMEL-8233,CAMEL,pre_ai,Bug,1
404,1.4647887323943662,71,1,CAMEL-8212,CAMEL,pre_ai,Improvement,0
754,4.022222222222222,45,1,CAMEL-8235,CAMEL,pre_ai,Improvement,0
22,1.6666666666666667,3,1,CAMEL-8236,CAMEL,pre_ai,Bug,1
513,4.166666666666667,30,2,CAMEL-8232,CAMEL,pre_ai,Sub-task,0
79,1.0,9,2,CAMEL-8220,CAMEL,pre_ai,Sub-task,0
59,2.8,5,1,CAMEL-8193,CAMEL,pre_ai,Bug,1
124,1.3333333333333333,18,2,CAMEL-8120,CAMEL,pre_ai,Improvement,0
234,4.0,11,1,CAMEL-8247,CAMEL,pre_ai,Bug,1
148,2.3333333333333335,12,1,CAMEL-8246,CAMEL,pre_ai,Improvement,0
94,3.3333333333333335,6,1,CAMEL-8250,CAMEL,pre_ai,New Feature,0
123,1.1153846153846154,26,2,CAMEL-8248,CAMEL,pre_ai,Improvement,0
105,1.75,12,2,CAMEL-8240,CAMEL,pre_ai,New Feature,0
212,2.764705882352941,17,1,CAMEL-8253,CAMEL,pre_ai,Bug,1
568,1.619047619047619,84,2,CAMEL-8205,CAMEL,pre_ai,Improvement,0
415,1.4861111111111112,72,1,CAMEL-8245,CAMEL,pre_ai,Bug,1
2061,1.981981981981982,222,12,CAMEL-8252,CAMEL,pre_ai,Improvement,0
821,4.229166666666667,48,1,CAMEL-7050,CAMEL,pre_ai,Improvement,0
1129,2.095744680851064,94,9,CAMEL-7965,CAMEL,pre_ai,Improvement,0
1615,4.368932038834951,103,5,CAMEL-8256,CAMEL,pre_ai,Improvement,0
192,1.9310344827586208,29,1,CAMEL-8182,CAMEL,pre_ai,Improvement,0
67,2.0,6,2,CAMEL-8259,CAMEL,pre_ai,Improvement,0
248,2.0,29,1,CAMEL-8195,CAMEL,pre_ai,Sub-task,0
132,3.4444444444444446,9,1,CAMEL-8261,CAMEL,pre_ai,Bug,1
2818,2.525096525096525,259,2,CAMEL-8263,CAMEL,pre_ai,Improvement,0
117,1.7142857142857142,14,1,CAMEL-8280,CAMEL,pre_ai,Bug,1
304,2.2,40,3,CAMEL-8262,CAMEL,pre_ai,Improvement,0
1060,4.7272727272727275,55,3,CAMEL-8191,CAMEL,pre_ai,Improvement,0
957,2.9876543209876543,81,2,CAMEL-8282,CAMEL,pre_ai,Test,0
106,1.1176470588235294,17,2,CAMEL-8295,CAMEL,pre_ai,Bug,1
121,1.9090909090909092,11,1,CAMEL-8289,CAMEL,pre_ai,Bug,1
313,1.0217391304347827,92,1,CAMEL-8172,CAMEL,pre_ai,Improvement,0
280,1.7142857142857142,42,1,CAMEL-8307,CAMEL,pre_ai,Improvement,0
779,6.333333333333333,30,2,CAMEL-8313,CAMEL,pre_ai,Bug,1
83,1.5454545454545454,11,1,CAMEL-8317,CAMEL,pre_ai,New Feature,0
42,3.0,3,1,CAMEL-8281,CAMEL,pre_ai,New Feature,0
237,3.8333333333333335,12,2,CAMEL-8272,CAMEL,pre_ai,Bug,1
551,2.857142857142857,49,1,CAMEL-8113,CAMEL,pre_ai,Improvement,0
9364,1.7603112840466926,1285,28,CAMEL-8260,CAMEL,pre_ai,Improvement,0
46,1.4,5,1,CAMEL-8190,CAMEL,pre_ai,Bug,1
103,8.666666666666666,3,1,CAMEL-8315,CAMEL,pre_ai,Bug,1
664,1.8035714285714286,112,2,CAMEL-8101,CAMEL,pre_ai,Improvement,0
108,1.6666666666666667,12,2,CAMEL-8324,CAMEL,pre_ai,Improvement,0
260,1.9666666666666666,30,2,CAMEL-8299,CAMEL,pre_ai,Improvement,0
248,5.133333333333334,15,1,CAMEL-8327,CAMEL,pre_ai,Bug,1
334,1.471698113207547,53,2,CAMEL-8226,CAMEL,pre_ai,Bug,1
140,5.4,5,1,CAMEL-8329,CAMEL,pre_ai,Bug,1
1075,1.5027027027027027,185,2,CAMEL-8330,CAMEL,pre_ai,Improvement,0
237,1.8518518518518519,27,2,CAMEL-8333,CAMEL,pre_ai,Task,0
860,2.617021276595745,94,1,CAMEL-8336,CAMEL,pre_ai,Bug,1
107,1.2142857142857142,14,2,CAMEL-8288,CAMEL,pre_ai,Improvement,0
752,1.6470588235294117,102,1,CAMEL-8108,CAMEL,pre_ai,Improvement,0
4620,1.9429065743944636,578,24,CAMEL-8229,CAMEL,pre_ai,Task,0
50,1.3333333333333333,9,1,CAMEL-8432,CAMEL,pre_ai,Bug,1
613,2.3970588235294117,68,7,CAMEL-8268,CAMEL,pre_ai,Bug,1
114,1.7,10,3,CAMEL-8436,CAMEL,pre_ai,Bug,1
148,1.5,20,2,CAMEL-8434,CAMEL,pre_ai,Bug,1
443,2.4444444444444446,36,4,CAMEL-7318,CAMEL,pre_ai,Bug,1
838,2.704225352112676,71,1,CAMEL-8444,CAMEL,pre_ai,Improvement,0
93,1.0666666666666667,15,1,CAMEL-8449,CAMEL,pre_ai,Improvement,0
105,1.5714285714285714,14,1,CAMEL-8450,CAMEL,pre_ai,Bug,1
209,2.12,25,1,CAMEL-8459,CAMEL,pre_ai,Improvement,0
838,2.146067415730337,89,5,CAMEL-8335,CAMEL,pre_ai,Task,0
215,4.777777777777778,9,1,CAMEL-8462,CAMEL,pre_ai,Bug,1
610,6.428571428571429,21,2,CAMEL-8461,CAMEL,pre_ai,Bug,1
130,1.4285714285714286,7,1,CAMEL-8471,CAMEL,pre_ai,Bug,1
174,2.4615384615384617,13,2,CAMEL-8469,CAMEL,pre_ai,Bug,1
166,8.857142857142858,7,1,CAMEL-8473,CAMEL,pre_ai,Improvement,0
246,1.9333333333333333,30,2,CAMEL-8468,CAMEL,pre_ai,Improvement,0
230,1.1333333333333333,45,1,CAMEL-8479,CAMEL,pre_ai,Bug,1
329,1.7321428571428572,56,1,CAMEL-8483,CAMEL,pre_ai,Improvement,0
385,4.103448275862069,29,1,CAMEL-8484,CAMEL,pre_ai,Bug,1
2524,2.01006711409396,298,5,CAMEL-8452,CAMEL,pre_ai,Improvement,0
1547,3.928,125,2,CAMEL-8437,CAMEL,pre_ai,Bug,1
430,6.333333333333333,18,1,CAMEL-8489,CAMEL,pre_ai,Improvement,0
192,2.263157894736842,19,1,CAMEL-8488,CAMEL,pre_ai,Improvement,0
498,1.2417582417582418,91,2,CAMEL-8487,CAMEL,pre_ai,New Feature,0
803,6.4411764705882355,34,1,CAMEL-8492,CAMEL,pre_ai,Bug,1
2736,1.3930753564154785,491,5,CAMEL-8503,CAMEL,pre_ai,Improvement,0
45,2.0,4,1,CAMEL-8505,CAMEL,pre_ai,Bug,1
4262,1.9566003616636527,553,15,CAMEL-8476,CAMEL,pre_ai,Bug,1
48,1.6666666666666667,3,1,CAMEL-8504,CAMEL,pre_ai,Bug,1
347,1.972972972972973,37,3,CAMEL-8506,CAMEL,pre_ai,Improvement,0
69,2.0,6,1,CAMEL-8510,CAMEL,pre_ai,Bug,1
1241,2.826530612244898,98,4,CAMEL-8511,CAMEL,pre_ai,Improvement,0
519,1.6027397260273972,73,3,CAMEL-8513,CAMEL,pre_ai,Improvement,0
159,1.5555555555555556,18,2,CAMEL-8515,CAMEL,pre_ai,Bug,1
1593,1.6197718631178708,263,2,CAMEL-8512,CAMEL,pre_ai,Improvement,0
373,2.5405405405405403,37,1,CAMEL-8521,CAMEL,pre_ai,Bug,1
121,1.9,10,2,CAMEL-8523,CAMEL,pre_ai,Improvement,0
239,2.625,16,1,CAMEL-8517,CAMEL,pre_ai,Improvement,0
379,3.411764705882353,17,2,CAMEL-8519,CAMEL,pre_ai,Bug,1
311,3.6818181818181817,22,1,CAMEL-8500,CAMEL,pre_ai,Bug,1
610,1.4636363636363636,110,1,CAMEL-7434,CAMEL,pre_ai,New Feature,0
157,2.235294117647059,17,1,CAMEL-7565,CAMEL,pre_ai,Bug,1
1311,1.915966386554622,119,8,CAMEL-8516,CAMEL,pre_ai,Improvement,0
1475,1.4027777777777777,216,1,CAMEL-8527,CAMEL,pre_ai,Improvement,0
953,1.8682170542635659,129,3,CAMEL-7474,CAMEL,pre_ai,Improvement,0
115,1.2142857142857142,14,3,CAMEL-8532,CAMEL,pre_ai,Improvement,0
1206,2.3629032258064515,124,4,CAMEL-8525,CAMEL,pre_ai,Improvement,0
542,6.590909090909091,22,1,CAMEL-8509,CAMEL,pre_ai,Improvement,0
3108,2.6383763837638377,271,2,CAMEL-8531,CAMEL,pre_ai,New Feature,0
94,1.1764705882352942,17,1,CAMEL-8544,CAMEL,pre_ai,Improvement,0
105,2.272727272727273,11,1,CAMEL-5452,CAMEL,pre_ai,Improvement,0
1162,2.2990654205607477,107,4,CAMEL-8543,CAMEL,pre_ai,Improvement,0
360,1.5178571428571428,56,3,CAMEL-6269,CAMEL,pre_ai,Improvement,0
174,2.3333333333333335,18,1,CAMEL-8547,CAMEL,pre_ai,Bug,1
1182,4.063291139240507,79,4,CAMEL-5398,CAMEL,pre_ai,Improvement,0
222,2.210526315789474,19,1,CAMEL-8546,CAMEL,pre_ai,Bug,1
326,2.7857142857142856,28,1,CAMEL-8558,CAMEL,pre_ai,Improvement,0
850,3.242424242424242,66,3,CAMEL-8556,CAMEL,pre_ai,Bug,1
321,1.6666666666666667,48,1,CAMEL-8176,CAMEL,pre_ai,Improvement,0
543,1.7647058823529411,68,3,CAMEL-8202,CAMEL,pre_ai,Improvement,0
376,2.5405405405405403,37,1,CAMEL-8338,CAMEL,pre_ai,Bug,1
525,1.5,84,3,CAMEL-8339,CAMEL,pre_ai,Bug,1
61,1.2222222222222223,9,2,CAMEL-8341,CAMEL,pre_ai,Bug,1
106,1.2142857142857142,14,3,CAMEL-8343,CAMEL,pre_ai,Improvement,0
46,1.2857142857142858,7,1,CAMEL-8354,CAMEL,pre_ai,Improvement,0
329,1.75,56,1,CAMEL-8355,CAMEL,pre_ai,Bug,1
173,1.5,30,1,CAMEL-6698,CAMEL,pre_ai,Improvement,0
381,2.5294117647058822,17,3,CAMEL-8353,CAMEL,pre_ai,Bug,1
22,1.5,2,1,CAMEL-8231,CAMEL,pre_ai,Bug,1
2049,1.3903225806451613,310,17,CAMEL-8340,CAMEL,pre_ai,Sub-task,0
188,1.6842105263157894,19,1,CAMEL-7914,CAMEL,pre_ai,Bug,1
144,2.25,16,1,CAMEL-8088,CAMEL,pre_ai,Bug,1
95,1.8461538461538463,13,1,CAMEL-7739,CAMEL,pre_ai,Bug,1
538,1.2446808510638299,94,1,CAMEL-7488,CAMEL,pre_ai,Bug,1
184,2.05,20,1,CAMEL-7821,CAMEL,pre_ai,Bug,1
72,1.8571428571428572,7,1,CAMEL-7144,CAMEL,pre_ai,Bug,1
57,3.0,4,1,CAMEL-8303,CAMEL,pre_ai,Bug,1
173,2.2666666666666666,15,2,CAMEL-8359,CAMEL,pre_ai,Bug,1
940,3.323529411764706,68,6,CAMEL-5806,CAMEL,pre_ai,Improvement,0
64,3.0,3,1,CAMEL-8321,CAMEL,pre_ai,Improvement,0
197,2.125,16,1,CAMEL-8366,CAMEL,pre_ai,Improvement,0
1220,3.0804597701149423,87,7,CAMEL-8358,CAMEL,pre_ai,Bug,1
135,1.037037037037037,27,3,CAMEL-8352,CAMEL,pre_ai,Bug,1
846,2.8607594936708862,79,4,CAMEL-8369,CAMEL,pre_ai,Bug,1
143,3.1818181818181817,11,1,CAMEL-8376,CAMEL,pre_ai,Task,0
146,3.272727272727273,11,1,CAMEL-8365,CAMEL,pre_ai,New Feature,0
881,1.4397163120567376,141,5,CAMEL-2939,CAMEL,pre_ai,New Feature,0
201,1.0,48,1,CAMEL-8375,CAMEL,pre_ai,Improvement,0
461,1.475,80,2,CAMEL-8372,CAMEL,pre_ai,Improvement,0
456,4.68,25,3,CAMEL-8379,CAMEL,pre_ai,Task,0
110,2.076923076923077,13,2,CAMEL-8284,CAMEL,pre_ai,Improvement,0
130,1.4444444444444444,18,2,CAMEL-8368,CAMEL,pre_ai,New Feature,0
315,1.6595744680851063,47,1,CAMEL-8389,CAMEL,pre_ai,Improvement,0
761,1.512,125,1,CAMEL-8387,CAMEL,pre_ai,Improvement,0
534,2.5277777777777777,36,2,CAMEL-8188,CAMEL,pre_ai,Improvement,0
84,5.0,3,1,CAMEL-8241,CAMEL,pre_ai,Bug,1
180,1.7619047619047619,21,1,CAMEL-8386,CAMEL,pre_ai,Improvement,0
426,6.583333333333333,12,1,CAMEL-8395,CAMEL,pre_ai,Bug,1
1375,3.0476190476190474,105,6,CAMEL-8394,CAMEL,pre_ai,Improvement,0
58,2.2,5,1,CAMEL-8409,CAMEL,pre_ai,Bug,1
1723,3.4356435643564356,101,10,CAMEL-8371,CAMEL,pre_ai,Improvement,0
2771,2.612167300380228,263,1,CAMEL-8349,CAMEL,pre_ai,Improvement,0
820,9.4,25,2,CAMEL-8406,CAMEL,pre_ai,Sub-task,0
444,4.777777777777778,18,2,CAMEL-8411,CAMEL,pre_ai,Bug,1
233,1.9285714285714286,28,2,CAMEL-8399,CAMEL,pre_ai,Improvement,0
434,1.6486486486486487,37,2,CAMEL-8357,CAMEL,pre_ai,New Feature,0
153,6.4,5,1,CAMEL-8416,CAMEL,pre_ai,Improvement,0
588,1.2346938775510203,98,2,CAMEL-8400,CAMEL,pre_ai,Improvement,0
1642,1.975,200,2,CAMEL-7999,CAMEL,pre_ai,New Feature,0
604,1.6,90,2,CAMEL-8383,CAMEL,pre_ai,Improvement,0
308,5.533333333333333,15,1,CAMEL-8417,CAMEL,pre_ai,Bug,1
757,2.120879120879121,91,1,CAMEL-8312,CAMEL,pre_ai,Improvement,0
415,2.3333333333333335,30,4,CAMEL-7997,CAMEL,pre_ai,New Feature,0
389,2.088888888888889,45,1,CAMEL-8385,CAMEL,pre_ai,New Feature,0
222,4.133333333333334,15,1,CAMEL-8424,CAMEL,pre_ai,Bug,1
332,1.46,50,2,CAMEL-1077,CAMEL,pre_ai,Improvement,0
159,2.5714285714285716,7,1,CAMEL-8426,CAMEL,pre_ai,Bug,1
212,4.125,8,1,CAMEL-8425,CAMEL,pre_ai,Bug,1
621,1.8181818181818181,66,7,CAMEL-8332,CAMEL,pre_ai,New Feature,0
155,1.3333333333333333,15,6,CAMEL-8428,CAMEL,pre_ai,Improvement,0
51,5.0,2,1,CAMEL-8346,CAMEL,pre_ai,Bug,1
675,4.75,32,2,CAMEL-8563,CAMEL,pre_ai,New Feature,0
1136,1.6352941176470588,170,4,CAMEL-8421,CAMEL,pre_ai,Improvement,0
550,2.6610169491525424,59,2,CAMEL-8571,CAMEL,pre_ai,Improvement,0
106,1.3333333333333333,15,2,CAMEL-7905,CAMEL,pre_ai,Improvement,0
456,1.625,72,2,CAMEL-8576,CAMEL,pre_ai,Improvement,0
185,2.142857142857143,21,1,CAMEL-8584,CAMEL,pre_ai,Bug,1
353,12.714285714285714,7,1,CAMEL-8591,CAMEL,pre_ai,Task,0
443,1.0235294117647058,85,1,CAMEL-7877,CAMEL,pre_ai,New Feature,0
130,1.7333333333333334,15,2,CAMEL-8585,CAMEL,pre_ai,Bug,1
50,2.6,5,1,CAMEL-8592,CAMEL,pre_ai,Bug,1
897,1.15625,192,1,CAMEL-8593,CAMEL,pre_ai,Improvement,0
91,5.25,4,1,CAMEL-8597,CAMEL,pre_ai,Bug,1
131,1.5,14,1,CAMEL-8575,CAMEL,pre_ai,Bug,1
585,1.5222222222222221,90,6,CAMEL-8027,CAMEL,pre_ai,Improvement,0
558,3.4375,32,3,CAMEL-8601,CAMEL,pre_ai,Improvement,0
325,3.1739130434782608,23,1,CAMEL-8586,CAMEL,pre_ai,Improvement,0
289,2.3793103448275863,29,2,CAMEL-8603,CAMEL,pre_ai,Improvement,0
203,2.0454545454545454,22,1,CAMEL-7849,CAMEL,pre_ai,Bug,1
574,1.8611111111111112,72,3,CAMEL-8410,CAMEL,pre_ai,Improvement,0
614,2.125,8,1,CAMEL-7634,CAMEL,pre_ai,Task,0
79,2.0,8,1,CAMEL-8569,CAMEL,pre_ai,Improvement,0
142,2.272727272727273,11,2,CAMEL-8628,CAMEL,pre_ai,Bug,1
202,1.6521739130434783,23,3,CAMEL-8617,CAMEL,pre_ai,Improvement,0
77,1.0,22,1,CAMEL-6415,CAMEL,pre_ai,New Feature,0
187,1.7619047619047619,21,1,CAMEL-8634,CAMEL,pre_ai,Improvement,0
207,2.076923076923077,26,1,CAMEL-8635,CAMEL,pre_ai,Improvement,0
171,3.9,10,1,CAMEL-8636,CAMEL,pre_ai,Bug,1
456,5.111111111111111,18,2,CAMEL-8645,CAMEL,pre_ai,Improvement,0
848,5.371428571428571,35,1,CAMEL-8648,CAMEL,pre_ai,Task,0
1017,1.7950819672131149,122,6,CAMEL-8054,CAMEL,pre_ai,New Feature,0
156,2.909090909090909,11,1,CAMEL-8632,CAMEL,pre_ai,Improvement,0
145,1.25,28,1,CAMEL-8665,CAMEL,pre_ai,Bug,1
535,3.0952380952380953,42,2,CAMEL-8660,CAMEL,pre_ai,Bug,1
24,1.0,1,1,CAMEL-8664,CAMEL,pre_ai,Task,0
400,2.108695652173913,46,1,CAMEL-8626,CAMEL,pre_ai,Bug,1
526,2.581818181818182,55,1,CAMEL-8672,CAMEL,pre_ai,Bug,1
461,4.444444444444445,27,2,CAMEL-8649,CAMEL,pre_ai,Bug,1
222,4.133333333333334,15,1,CAMEL-8678,CAMEL,pre_ai,Bug,1
2772,2.612167300380228,263,1,CAMEL-8673,CAMEL,pre_ai,Bug,1
217,3.230769230769231,13,2,CAMEL-8679,CAMEL,pre_ai,Task,0
263,2.76,25,1,CAMEL-8682,CAMEL,pre_ai,Bug,1
57,2.6,5,1,CAMEL-8674,CAMEL,pre_ai,Bug,1
276,4.0625,16,1,CAMEL-8642,CAMEL,pre_ai,Improvement,0
543,3.5526315789473686,38,4,CAMEL-8685,CAMEL,pre_ai,Improvement,0
434,1.5636363636363637,55,4,CAMEL-8684,CAMEL,pre_ai,Improvement,0
1049,4.2976190476190474,84,1,CAMEL-6406,CAMEL,pre_ai,Improvement,0
143,2.6923076923076925,13,1,CAMEL-8075,CAMEL,pre_ai,Improvement,0
209,2.12,25,1,CAMEL-8607,CAMEL,pre_ai,Bug,1
169,2.6875,16,1,CAMEL-8670,CAMEL,pre_ai,Improvement,0
156,2.125,16,1,CAMEL-8686,CAMEL,pre_ai,Improvement,0
142,1.875,16,1,CAMEL-8681,CAMEL,pre_ai,Improvement,0
537,1.2027027027027026,74,13,CAMEL-8572,CAMEL,pre_ai,Improvement,0
19,1.5,2,1,CAMEL-8690,CAMEL,pre_ai,Bug,1
324,1.8225806451612903,62,1,CAMEL-8692,CAMEL,pre_ai,Improvement,0
277,1.3513513513513513,37,3,CAMEL-8683,CAMEL,pre_ai,Bug,1
71,2.142857142857143,7,1,CAMEL-8694,CAMEL,pre_ai,Bug,1
187,2.0588235294117645,17,2,CAMEL-8698,CAMEL,pre_ai,Improvement,0
268,4.0,14,3,CAMEL-8700,CAMEL,pre_ai,Improvement,0
2054,5.23404255319149,94,8,CAMEL-8693,CAMEL,pre_ai,Improvement,0
329,4.3125,16,2,CAMEL-8703,CAMEL,pre_ai,Improvement,0
111,1.8333333333333333,12,2,CAMEL-8696,CAMEL,pre_ai,New Feature,0
279,2.5454545454545454,22,2,CAMEL-8709,CAMEL,pre_ai,Improvement,0
107,4.4,5,1,CAMEL-8707,CAMEL,pre_ai,Bug,1
283,2.033333333333333,30,3,CAMEL-8710,CAMEL,pre_ai,Improvement,0
802,3.2142857142857144,56,1,CAMEL-8713,CAMEL,pre_ai,Bug,1
484,4.958333333333333,24,1,CAMEL-8714,CAMEL,pre_ai,Improvement,0
367,2.6785714285714284,28,2,CAMEL-8715,CAMEL,pre_ai,Bug,1
1045,2.4,105,4,CAMEL-8716,CAMEL,pre_ai,Improvement,0
368,3.0,26,3,CAMEL-8712,CAMEL,pre_ai,Improvement,0
370,1.7,70,1,CAMEL-8702,CAMEL,pre_ai,Bug,1
758,2.4444444444444446,81,2,CAMEL-7378,CAMEL,pre_ai,New Feature,0
433,15.0,7,1,CAMEL-8270,CAMEL,pre_ai,Bug,1
2778,2.6197718631178706,263,1,CAMEL-8725,CAMEL,pre_ai,Improvement,0
508,5.04,25,1,CAMEL-8726,CAMEL,pre_ai,Improvement,0
82,2.125,8,1,CAMEL-8729,CAMEL,pre_ai,Improvement,0
174,2.0,16,1,CAMEL-7501,CAMEL,pre_ai,Improvement,0
225,2.0,19,3,CAMEL-8731,CAMEL,pre_ai,Improvement,0
159,2.090909090909091,11,2,CAMEL-8730,CAMEL,pre_ai,Improvement,0
46,2.5,4,1,CAMEL-8732,CAMEL,pre_ai,Improvement,0
63,1.0,9,1,CAMEL-8728,CAMEL,pre_ai,Improvement,0
178,2.3333333333333335,12,2,CAMEL-8733,CAMEL,pre_ai,Improvement,0
232,1.7941176470588236,34,1,CAMEL-8640,CAMEL,pre_ai,Improvement,0
820,1.525925925925926,135,1,CAMEL-8727,CAMEL,pre_ai,New Feature,0
194,2.357142857142857,14,2,CAMEL-8735,CAMEL,pre_ai,Improvement,0
287,1.4150943396226414,53,1,CAMEL-8688,CAMEL,pre_ai,Bug,1
95,2.8333333333333335,6,2,CAMEL-8689,CAMEL,pre_ai,Bug,1
294,2.2,20,6,CAMEL-8739,CAMEL,pre_ai,Improvement,0
94,1.0,24,3,CAMEL-8269,CAMEL,pre_ai,New Feature,0
94,1.0,24,3,CAMEL-8737,CAMEL,pre_ai,Bug,1
344,1.5777777777777777,45,2,CAMEL-8706,CAMEL,pre_ai,Improvement,0
615,4.586206896551724,29,3,CAMEL-8744,CAMEL,pre_ai,Improvement,0
108,1.6363636363636365,11,2,CAMEL-8747,CAMEL,pre_ai,Bug,1
197,2.2,25,1,CAMEL-8711,CAMEL,pre_ai,Improvement,0
286,2.8260869565217392,23,1,CAMEL-8750,CAMEL,pre_ai,Improvement,0
93,1.1666666666666667,18,1,CAMEL-8753,CAMEL,pre_ai,Improvement,0
64,2.0,6,1,CAMEL-8746,CAMEL,pre_ai,Bug,1
212,1.7391304347826086,23,4,CAMEL-8752,CAMEL,pre_ai,Improvement,0
1780,4.2155172413793105,116,6,CAMEL-8740,CAMEL,pre_ai,New Feature,0
178,5.125,8,1,CAMEL-8560,CAMEL,pre_ai,Improvement,0
115,3.857142857142857,7,1,CAMEL-8758,CAMEL,pre_ai,Bug,1
229,4.411764705882353,17,2,CAMEL-8755,CAMEL,pre_ai,Improvement,0
361,2.1621621621621623,37,1,CAMEL-8765,CAMEL,pre_ai,Bug,1
239,1.435897435897436,39,3,CAMEL-8759,CAMEL,pre_ai,Task,0
101,2.0,13,1,CAMEL-8779,CAMEL,pre_ai,Improvement,0
201,1.0769230769230769,39,2,CAMEL-8766,CAMEL,pre_ai,Improvement,0
482,4.033333333333333,30,1,CAMEL-8782,CAMEL,pre_ai,Bug,1
350,10.125,8,1,CAMEL-8786,CAMEL,pre_ai,Bug,1
248,3.3076923076923075,13,3,CAMEL-8780,CAMEL,pre_ai,Bug,1
219,1.3333333333333333,33,4,CAMEL-8777,CAMEL,pre_ai,New Feature,0
340,6.6923076923076925,13,1,CAMEL-8774,CAMEL,pre_ai,Bug,1
532,2.618181818181818,55,1,CAMEL-8805,CAMEL,pre_ai,Bug,1
371,1.4838709677419355,62,2,CAMEL-8807,CAMEL,pre_ai,Improvement,0
364,5.7,20,1,CAMEL-8798,CAMEL,pre_ai,Bug,1
62,2.4,5,1,CAMEL-8812,CAMEL,pre_ai,Bug,1
562,2.0634920634920637,63,4,CAMEL-8691,CAMEL,pre_ai,Improvement,0
330,1.4736842105263157,57,2,CAMEL-8817,CAMEL,pre_ai,New Feature,0
167,3.272727272727273,11,1,CAMEL-8811,CAMEL,pre_ai,Improvement,0
46,1.375,8,1,CAMEL-8496,CAMEL,pre_ai,New Feature,0
105,2.125,8,1,CAMEL-8945,CAMEL,pre_ai,Bug,1
657,5.2894736842105265,38,2,CAMEL-7907,CAMEL,pre_ai,Improvement,0
426,2.8620689655172415,29,1,CAMEL-7500,CAMEL,pre_ai,Bug,1
97,1.2666666666666666,15,1,CAMEL-7193,CAMEL,pre_ai,Improvement,0
1004,1.3948717948717948,195,9,CAMEL-8799,CAMEL,pre_ai,Improvement,0
336,2.6551724137931036,29,2,CAMEL-6336,CAMEL,pre_ai,Bug,1
198,3.230769230769231,13,1,CAMEL-8949,CAMEL,pre_ai,Bug,1
728,1.7894736842105263,95,3,CAMEL-5911,CAMEL,pre_ai,New Feature,0
507,1.8363636363636364,55,5,CAMEL-6338,CAMEL,pre_ai,Improvement,0
286,2.1666666666666665,30,1,CAMEL-8950,CAMEL,pre_ai,Bug,1
249,3.380952380952381,21,1,CAMEL-8951,CAMEL,pre_ai,Bug,1
40,1.0,5,2,CAMEL-6858,CAMEL,pre_ai,Improvement,0
537,1.955223880597015,67,4,CAMEL-8952,CAMEL,pre_ai,New Feature,0
429,5.111111111111111,18,2,CAMEL-4917,CAMEL,pre_ai,Improvement,0
530,1.7321428571428572,56,4,CAMEL-5857,CAMEL,pre_ai,Improvement,0
446,1.7037037037037037,54,3,CAMEL-3907,CAMEL,pre_ai,Improvement,0
434,1.543859649122807,57,5,CAMEL-3110,CAMEL,pre_ai,Improvement,0
151,1.625,16,1,CAMEL-6649,CAMEL,pre_ai,New Feature,0
499,1.9272727272727272,55,3,CAMEL-3910,CAMEL,pre_ai,New Feature,0
1841,1.4269662921348314,267,3,CAMEL-7609,CAMEL,pre_ai,New Feature,0
44,1.0,4,4,CAMEL-8963,CAMEL,pre_ai,Bug,1
3052,2.7183098591549295,284,2,CAMEL-8964,CAMEL,pre_ai,Bug,1
251,1.8823529411764706,34,2,CAMEL-8972,CAMEL,pre_ai,Improvement,0
1575,1.6888888888888889,225,8,CAMEL-8970,CAMEL,pre_ai,Improvement,0
431,1.2876712328767124,73,4,CAMEL-8976,CAMEL,pre_ai,Improvement,0
223,2.772727272727273,22,1,CAMEL-8974,CAMEL,pre_ai,Improvement,0
430,1.1111111111111112,108,3,CAMEL-8790,CAMEL,pre_ai,Improvement,0
494,1.896551724137931,58,3,CAMEL-8954,CAMEL,pre_ai,Bug,1
154,4.625,8,1,CAMEL-8946,CAMEL,pre_ai,Improvement,0
398,8.0,12,1,CAMEL-8734,CAMEL,pre_ai,Improvement,0
793,1.5826086956521739,115,4,CAMEL-8977,CAMEL,pre_ai,Improvement,0
299,1.2459016393442623,61,1,CAMEL-8643,CAMEL,pre_ai,Bug,1
134,1.6666666666666667,21,1,CAMEL-8639,CAMEL,pre_ai,Bug,1
60,3.3333333333333335,3,1,CAMEL-8905,CAMEL,pre_ai,Bug,1
84,2.0,6,3,CAMEL-7982,CAMEL,pre_ai,New Feature,0
643,1.2195121951219512,123,2,CAMEL-7152,CAMEL,pre_ai,New Feature,0
537,1.1553398058252426,103,1,CAMEL-8984,CAMEL,pre_ai,Bug,1
67,1.1538461538461537,13,1,CAMEL-8987,CAMEL,pre_ai,Improvement,0
119,5.6,5,1,CAMEL-8988,CAMEL,pre_ai,Bug,1
2205,1.4733333333333334,300,7,CAMEL-8966,CAMEL,pre_ai,Improvement,0
87,4.666666666666667,3,1,CAMEL-8989,CAMEL,pre_ai,Bug,1
217,1.225,40,1,CAMEL-8965,CAMEL,pre_ai,Improvement,0
453,2.215686274509804,51,1,CAMEL-8991,CAMEL,pre_ai,Improvement,0
1639,1.6245353159851301,269,2,CAMEL-8983,CAMEL,pre_ai,Improvement,0
68,1.5714285714285714,7,1,CAMEL-8995,CAMEL,pre_ai,Improvement,0
973,2.0168067226890756,119,1,CAMEL-8978,CAMEL,pre_ai,Bug,1
771,1.8902439024390243,82,7,CAMEL-8986,CAMEL,pre_ai,Improvement,0
358,3.9,20,2,CAMEL-8997,CAMEL,pre_ai,New Feature,0
1387,2.732673267326733,101,8,CAMEL-9003,CAMEL,pre_ai,Improvement,0
55,2.111111111111111,9,1,CAMEL-9005,CAMEL,pre_ai,Bug,1
450,3.7083333333333335,24,3,CAMEL-8996,CAMEL,pre_ai,New Feature,0
226,4.75,12,1,CAMEL-9010,CAMEL,pre_ai,Improvement,0
743,2.032258064516129,62,19,CAMEL-8992,CAMEL,pre_ai,Improvement,0
331,1.4545454545454546,44,3,CAMEL-9011,CAMEL,pre_ai,Improvement,0
43,2.75,4,1,CAMEL-9013,CAMEL,pre_ai,Bug,1
71,1.4,10,1,CAMEL-8526,CAMEL,pre_ai,Improvement,0
751,4.794117647058823,34,1,CAMEL-9012,CAMEL,pre_ai,Bug,1
285,1.7241379310344827,29,1,CAMEL-9017,CAMEL,pre_ai,Bug,1
940,4.0,54,2,CAMEL-9016,CAMEL,pre_ai,Improvement,0
1260,1.7919075144508672,173,4,CAMEL-9015,CAMEL,pre_ai,Improvement,0
83,1.875,8,1,CAMEL-9022,CAMEL,pre_ai,Bug,1
387,1.8727272727272728,55,3,CAMEL-8554,CAMEL,pre_ai,Improvement,0
364,1.0606060606060606,99,1,CAMEL-9026,CAMEL,pre_ai,Bug,1
1722,3.0381679389312977,131,6,CAMEL-9014,CAMEL,pre_ai,New Feature,0
33,1.3333333333333333,3,1,CAMEL-9029,CAMEL,pre_ai,Bug,1
93,1.6666666666666667,9,1,CAMEL-8816,CAMEL,pre_ai,Bug,1
624,4.054054054054054,37,2,CAMEL-8821,CAMEL,pre_ai,Improvement,0
967,1.2867132867132867,143,7,CAMEL-8824,CAMEL,pre_ai,Improvement,0
322,1.7741935483870968,31,6,CAMEL-8825,CAMEL,pre_ai,New Feature,0
73,1.25,8,1,CAMEL-8801,CAMEL,pre_ai,Improvement,0
105,2.3076923076923075,13,1,CAMEL-8826,CAMEL,pre_ai,Improvement,0
68,1.0,2,2,CAMEL-8837,CAMEL,pre_ai,New Feature,0
79,2.4285714285714284,7,1,CAMEL-8839,CAMEL,pre_ai,Task,0
565,2.2753623188405796,69,3,CAMEL-8829,CAMEL,pre_ai,Bug,1
210,3.090909090909091,11,2,CAMEL-8840,CAMEL,pre_ai,Task,0
31,3.0,2,1,CAMEL-8845,CAMEL,pre_ai,Improvement,0
184,2.473684210526316,19,4,CAMEL-8844,CAMEL,pre_ai,Improvement,0
161,2.3,10,2,CAMEL-8842,CAMEL,pre_ai,Improvement,0
227,3.1666666666666665,12,2,CAMEL-8843,CAMEL,pre_ai,Improvement,0
169,2.272727272727273,11,2,CAMEL-8849,CAMEL,pre_ai,Improvement,0
290,2.4761904761904763,21,2,CAMEL-8850,CAMEL,pre_ai,Improvement,0
295,3.3333333333333335,15,2,CAMEL-8851,CAMEL,pre_ai,Improvement,0
80,1.6666666666666667,9,1,CAMEL-8858,CAMEL,pre_ai,Bug,1
259,1.183673469387755,49,1,CAMEL-8855,CAMEL,pre_ai,New Feature,0
81,1.6666666666666667,9,1,CAMEL-8863,CAMEL,pre_ai,Improvement,0
689,7.565217391304348,23,1,CAMEL-8810,CAMEL,pre_ai,Bug,1
8,1.0,1,1,CAMEL-8865,CAMEL,pre_ai,Improvement,0
82,1.6666666666666667,9,1,CAMEL-8868,CAMEL,pre_ai,Improvement,0
172,1.5,22,3,CAMEL-8871,CAMEL,pre_ai,Bug,1
471,4.16,25,1,CAMEL-8841,CAMEL,pre_ai,Bug,1
1803,1.9792746113989637,193,18,CAMEL-8538,CAMEL,pre_ai,New Feature,0
582,2.3035714285714284,56,1,CAMEL-8861,CAMEL,pre_ai,New Feature,0
232,1.7894736842105263,19,3,CAMEL-8872,CAMEL,pre_ai,Improvement,0
533,4.7272727272727275,22,1,CAMEL-8884,CAMEL,pre_ai,Bug,1
318,2.074074074074074,27,3,CAMEL-8877,CAMEL,pre_ai,Improvement,0
68,1.875,8,1,CAMEL-8883,CAMEL,pre_ai,Improvement,0
565,2.2753623188405796,69,3,CAMEL-8886,CAMEL,pre_ai,Test,0
316,3.4375,16,1,CAMEL-8888,CAMEL,pre_ai,Bug,1
315,3.533333333333333,15,2,CAMEL-8882,CAMEL,pre_ai,Improvement,0
144,3.5454545454545454,11,1,CAMEL-8900,CAMEL,pre_ai,Bug,1
675,1.5172413793103448,58,6,CAMEL-8864,CAMEL,pre_ai,Bug,1
345,1.0476190476190477,84,1,CAMEL-8901,CAMEL,pre_ai,Bug,1
46,1.0,8,1,CAMEL-8902,CAMEL,pre_ai,Bug,1
325,2.75,24,2,CAMEL-8903,CAMEL,pre_ai,Improvement,0
172,1.85,20,1,CAMEL-8909,CAMEL,pre_ai,Bug,1
240,2.8636363636363638,22,1,CAMEL-8910,CAMEL,pre_ai,Improvement,0
352,4.15,20,2,CAMEL-8916,CAMEL,pre_ai,Bug,1
39,1.0,1,1,CAMEL-8921,CAMEL,pre_ai,Improvement,0
35,1.2,5,1,CAMEL-8906,CAMEL,pre_ai,Sub-task,0
176,1.21875,32,2,CAMEL-8897,CAMEL,pre_ai,Improvement,0
162,1.3448275862068966,29,1,CAMEL-8914,CAMEL,pre_ai,Bug,1
64,2.6,5,1,CAMEL-8923,CAMEL,pre_ai,Bug,1
330,2.8,30,2,CAMEL-8922,CAMEL,pre_ai,Improvement,0
339,1.8461538461538463,65,1,CAMEL-8832,CAMEL,pre_ai,New Feature,0
2070,1.7698412698412698,252,7,CAMEL-8926,CAMEL,pre_ai,Improvement,0
237,1.8148148148148149,27,2,CAMEL-8927,CAMEL,pre_ai,Bug,1
121,5.0,5,3,CAMEL-8093,CAMEL,pre_ai,New Feature,0
73,1.1538461538461537,13,1,CAMEL-8478,CAMEL,pre_ai,Improvement,0
146,1.1785714285714286,28,1,CAMEL-8933,CAMEL,pre_ai,Bug,1
346,1.4482758620689655,58,2,CAMEL-8935,CAMEL,pre_ai,Improvement,0
125,1.5384615384615385,13,1,CAMEL-8919,CAMEL,pre_ai,Test,0
779,3.087719298245614,57,3,CAMEL-8924,CAMEL,pre_ai,Improvement,0
3670,1.4365384615384615,520,47,CAMEL-8397,CAMEL,pre_ai,Improvement,0
382,2.289473684210526,38,1,CAMEL-8885,CAMEL,pre_ai,Bug,1
365,1.7209302325581395,43,5,CAMEL-8925,CAMEL,pre_ai,Improvement,0
428,1.6710526315789473,76,1,CAMEL-8894,CAMEL,pre_ai,Improvement,0
89,1.7,10,1,CAMEL-8768,CAMEL,pre_ai,Bug,1
48,1.0,5,2,CAMEL-5553,CAMEL,pre_ai,Improvement,0
2945,1.8789473684210527,380,7,CAMEL-8944,CAMEL,pre_ai,Improvement,0
433,1.25,80,3,CAMEL-9027,CAMEL,pre_ai,Bug,1
818,6.371428571428571,35,1,CAMEL-9032,CAMEL,pre_ai,Bug,1
215,1.1956521739130435,46,1,CAMEL-8818,CAMEL,pre_ai,Improvement,0
1315,3.108910891089109,101,3,CAMEL-8873,CAMEL,pre_ai,New Feature,0
233,1.9523809523809523,21,3,CAMEL-9033,CAMEL,pre_ai,Improvement,0
337,1.2419354838709677,62,2,CAMEL-9020,CAMEL,pre_ai,Improvement,0
139,2.1666666666666665,12,1,CAMEL-9035,CAMEL,pre_ai,Bug,1
459,1.4142857142857144,70,2,CAMEL-8942,CAMEL,pre_ai,Improvement,0
1122,1.5543478260869565,184,3,CAMEL-9037,CAMEL,pre_ai,Bug,1
200,1.1470588235294117,34,2,CAMEL-9044,CAMEL,pre_ai,Improvement,0
183,1.1176470588235294,34,2,CAMEL-9045,CAMEL,pre_ai,Improvement,0
34,1.0,2,2,CAMEL-9043,CAMEL,pre_ai,Bug,1
92,1.3,10,1,CAMEL-8598,CAMEL,pre_ai,Improvement,0
654,1.875,88,2,CAMEL-8880,CAMEL,pre_ai,New Feature,0
778,7.583333333333333,24,2,CAMEL-9052,CAMEL,pre_ai,Improvement,0
759,5.081081081081081,37,1,CAMEL-8887,CAMEL,pre_ai,Bug,1
929,3.0789473684210527,76,3,CAMEL-9054,CAMEL,pre_ai,Improvement,0
229,3.1666666666666665,18,1,CAMEL-8857,CAMEL,pre_ai,Improvement,0
321,2.088235294117647,34,2,CAMEL-9055,CAMEL,pre_ai,Improvement,0
260,1.4651162790697674,43,2,CAMEL-9050,CAMEL,pre_ai,Improvement,0
1326,2.352517985611511,139,3,CAMEL-9056,CAMEL,pre_ai,Improvement,0
472,2.4761904761904763,42,1,CAMEL-9048,CAMEL,pre_ai,Bug,1
969,2.7674418604651163,86,1,CAMEL-9059,CAMEL,pre_ai,Bug,1
525,1.075,120,4,CAMEL-9062,CAMEL,pre_ai,Improvement,0
403,3.310344827586207,29,2,CAMEL-8756,CAMEL,pre_ai,Bug,1
173,4.1,10,1,CAMEL-8653,CAMEL,pre_ai,Improvement,0
241,2.0,30,1,CAMEL-7974,CAMEL,pre_ai,Improvement,0
2499,1.4241071428571428,448,7,CAMEL-9061,CAMEL,pre_ai,Improvement,0
174,1.2666666666666666,30,1,CAMEL-6094,CAMEL,pre_ai,Improvement,0
1987,1.8552188552188553,297,3,CAMEL-9064,CAMEL,pre_ai,Improvement,0
125,1.9375,16,2,CAMEL-9049,CAMEL,pre_ai,Bug,1
92,1.3333333333333333,12,1,CAMEL-9065,CAMEL,pre_ai,Bug,1
462,2.5853658536585367,41,1,CAMEL-9068,CAMEL,pre_ai,Improvement,0
416,1.671875,64,2,CAMEL-7425,CAMEL,pre_ai,New Feature,0
800,8.0,24,2,CAMEL-9086,CAMEL,pre_ai,Improvement,0
746,1.7446808510638299,94,6,CAMEL-9078,CAMEL,pre_ai,Improvement,0
267,1.5666666666666667,30,3,CAMEL-9087,CAMEL,pre_ai,Bug,1
163,4.090909090909091,11,2,CAMEL-8323,CAMEL,pre_ai,Improvement,0
130,9.75,4,1,CAMEL-9089,CAMEL,pre_ai,Bug,1
557,3.323529411764706,34,3,CAMEL-9066,CAMEL,pre_ai,Improvement,0
129,8.6,5,1,CAMEL-9096,CAMEL,pre_ai,Improvement,0
933,3.94,50,3,CAMEL-9093,CAMEL,pre_ai,Improvement,0
233,2.4210526315789473,19,1,CAMEL-9099,CAMEL,pre_ai,Bug,1
1235,3.5762711864406778,59,5,CAMEL-8961,CAMEL,pre_ai,Improvement,0
640,3.923076923076923,39,3,CAMEL-9104,CAMEL,pre_ai,Bug,1
347,2.88,25,1,CAMEL-9092,CAMEL,pre_ai,Bug,1
976,2.0252100840336134,119,1,CAMEL-9102,CAMEL,pre_ai,Improvement,0
105,1.875,8,2,CAMEL-9088,CAMEL,pre_ai,Improvement,0
578,1.7804878048780488,82,1,CAMEL-8783,CAMEL,pre_ai,Bug,1
81,1.5555555555555556,9,1,CAMEL-9115,CAMEL,pre_ai,Improvement,0
562,4.75,28,2,CAMEL-9116,CAMEL,pre_ai,Improvement,0
430,2.0588235294117645,34,6,CAMEL-9111,CAMEL,pre_ai,New Feature,0
59,2.25,4,1,CAMEL-9118,CAMEL,pre_ai,Improvement,0
234,4.0625,16,1,CAMEL-8415,CAMEL,pre_ai,Improvement,0
425,3.533333333333333,30,1,CAMEL-9105,CAMEL,pre_ai,Improvement,0
194,3.230769230769231,13,4,CAMEL-4565,CAMEL,pre_ai,Improvement,0
1265,3.2142857142857144,98,3,CAMEL-8446,CAMEL,pre_ai,Improvement,0
2263,1.4083129584352079,409,3,CAMEL-7813,CAMEL,pre_ai,Improvement,0
991,2.0588235294117645,119,1,CAMEL-7921,CAMEL,pre_ai,Bug,1
420,1.3373493975903614,83,1,CAMEL-9124,CAMEL,pre_ai,Bug,1
298,3.0952380952380953,21,2,CAMEL-8748,CAMEL,pre_ai,Bug,1
174,3.3636363636363638,11,1,CAMEL-9127,CAMEL,pre_ai,Bug,1
283,2.392857142857143,28,2,CAMEL-9094,CAMEL,pre_ai,Bug,1
320,3.3529411764705883,17,3,CAMEL-9139,CAMEL,pre_ai,Bug,1
399,2.103448275862069,29,6,CAMEL-9128,CAMEL,pre_ai,New Feature,0
566,1.0,136,1,CAMEL-9140,CAMEL,pre_ai,Bug,1
324,2.0,33,1,CAMEL-8393,CAMEL,pre_ai,Bug,1
267,3.8333333333333335,12,2,CAMEL-8898,CAMEL,pre_ai,Bug,1
328,1.5365853658536586,41,4,CAMEL-9080,CAMEL,pre_ai,Task,0
113,1.3157894736842106,19,1,CAMEL-9151,CAMEL,pre_ai,Bug,1
374,1.0394736842105263,76,2,CAMEL-8772,CAMEL,pre_ai,Task,0
516,4.787878787878788,33,2,CAMEL-9157,CAMEL,pre_ai,New Feature,0
507,2.2181818181818183,55,3,CAMEL-9159,CAMEL,pre_ai,Bug,1
430,1.609375,64,7,CAMEL-8545,CAMEL,pre_ai,Improvement,0
538,4.035714285714286,28,2,CAMEL-9156,CAMEL,pre_ai,New Feature,0
504,1.9811320754716981,53,1,CAMEL-9163,CAMEL,pre_ai,Improvement,0
71,1.5,8,1,CAMEL-9023,CAMEL,pre_ai,Improvement,0
230,3.1666666666666665,18,1,CAMEL-9166,CAMEL,pre_ai,Bug,1
419,2.097560975609756,41,2,CAMEL-9164,CAMEL,pre_ai,Bug,1
240,2.473684210526316,19,1,CAMEL-9112,CAMEL,pre_ai,Bug,1
605,2.0434782608695654,69,2,CAMEL-8876,CAMEL,pre_ai,Improvement,0
368,1.5263157894736843,57,3,CAMEL-9174,CAMEL,pre_ai,Improvement,0
720,11.105263157894736,19,1,CAMEL-8943,CAMEL,pre_ai,Improvement,0
73,1.0,2,2,CAMEL-9173,CAMEL,pre_ai,Improvement,0
297,2.15625,32,1,CAMEL-7454,CAMEL,pre_ai,Improvement,0
1277,4.19672131147541,61,3,CAMEL-9179,CAMEL,pre_ai,Improvement,0
310,8.153846153846153,13,1,CAMEL-8528,CAMEL,pre_ai,Improvement,0
628,1.904109589041096,73,3,CAMEL-9063,CAMEL,pre_ai,Improvement,0
288,2.0,27,4,CAMEL-9177,CAMEL,pre_ai,Bug,1
466,2.5,42,1,CAMEL-9144,CAMEL,pre_ai,Bug,1
311,1.2456140350877194,57,2,CAMEL-9187,CAMEL,pre_ai,New Feature,0
945,2.2549019607843137,102,4,CAMEL-8969,CAMEL,pre_ai,New Feature,0
147,1.7826086956521738,23,1,CAMEL-9184,CAMEL,pre_ai,Improvement,0
8,1.0,1,1,CAMEL-9191,CAMEL,pre_ai,Bug,1
201,1.6666666666666667,21,2,CAMEL-9162,CAMEL,pre_ai,New Feature,0
92,2.2857142857142856,7,1,CAMEL-9194,CAMEL,pre_ai,Improvement,0
1094,2.730769230769231,104,1,CAMEL-9193,CAMEL,pre_ai,Improvement,0
868,1.6,125,2,CAMEL-9199,CAMEL,pre_ai,Bug,1
557,1.7543859649122806,57,3,CAMEL-9195,CAMEL,pre_ai,Bug,1
318,12.75,8,1,CAMEL-9175,CAMEL,pre_ai,Improvement,0
443,1.7076923076923076,65,2,CAMEL-9171,CAMEL,pre_ai,Bug,1
41,1.125,8,1,CAMEL-9204,CAMEL,pre_ai,Improvement,0
221,3.8461538461538463,13,1,CAMEL-9208,CAMEL,pre_ai,Bug,1
4136,3.2259036144578315,332,4,CAMEL-9213,CAMEL,pre_ai,Improvement,0
157,2.066666666666667,15,1,CAMEL-8431,CAMEL,pre_ai,Bug,1
216,1.225,40,1,CAMEL-9215,CAMEL,pre_ai,Bug,1
52,2.3333333333333335,3,1,CAMEL-9178,CAMEL,pre_ai,Improvement,0
5900,2.5919117647058822,544,9,CAMEL-9006,CAMEL,pre_ai,New Feature,0
933,4.283333333333333,60,2,CAMEL-9223,CAMEL,pre_ai,Bug,1
260,7.75,8,2,CAMEL-9220,CAMEL,pre_ai,Bug,1
378,3.6956521739130435,23,1,CAMEL-9230,CAMEL,pre_ai,Bug,1
63,2.3333333333333335,3,1,CAMEL-9233,CAMEL,pre_ai,Bug,1
282,1.2391304347826086,46,5,CAMEL-9232,CAMEL,pre_ai,Improvement,0
390,3.4285714285714284,21,2,CAMEL-9228,CAMEL,pre_ai,Task,0
59,3.5,4,1,CAMEL-9235,CAMEL,pre_ai,Bug,1
78,2.25,8,1,CAMEL-9240,CAMEL,pre_ai,Improvement,0
488,3.0930232558139537,43,2,CAMEL-9248,CAMEL,pre_ai,Bug,1
162,15.0,3,1,CAMEL-9101,CAMEL,pre_ai,Bug,1
489,1.379746835443038,79,4,CAMEL-9158,CAMEL,pre_ai,Improvement,0
493,3.5,30,2,CAMEL-9247,CAMEL,pre_ai,Bug,1
1123,1.5977011494252873,174,3,CAMEL-9251,CAMEL,pre_ai,Improvement,0
819,6.4,35,1,CAMEL-9243,CAMEL,pre_ai,Bug,1
151,3.3636363636363638,11,1,CAMEL-9249,CAMEL,pre_ai,Improvement,0
179,1.2580645161290323,31,2,CAMEL-9245,CAMEL,pre_ai,Bug,1
193,1.9444444444444444,18,2,CAMEL-8959,CAMEL,pre_ai,Task,0
149,1.24,25,1,CAMEL-9256,CAMEL,pre_ai,Improvement,0
199,2.185185185185185,27,1,CAMEL-9255,CAMEL,pre_ai,Bug,1
270,1.641025641025641,39,1,CAMEL-9238,CAMEL,pre_ai,Bug,1
117,2.75,8,2,CAMEL-9225,CAMEL,pre_ai,Improvement,0
404,1.5245901639344261,61,1,CAMEL-9259,CAMEL,pre_ai,Bug,1
217,2.2222222222222223,18,2,CAMEL-9263,CAMEL,pre_ai,Improvement,0
795,1.7019230769230769,104,2,CAMEL-9257,CAMEL,pre_ai,Bug,1
999,1.5568862275449102,167,1,CAMEL-9269,CAMEL,pre_ai,Bug,1
139,1.5,22,1,CAMEL-9272,CAMEL,pre_ai,Bug,1
172,1.894736842105263,19,1,CAMEL-9290,CAMEL,pre_ai,Bug,1
1534,1.3832599118942732,227,1,CAMEL-9271,CAMEL,pre_ai,Improvement,0
334,2.4523809523809526,42,1,CAMEL-9286,CAMEL,pre_ai,Improvement,0
522,2.3181818181818183,44,2,CAMEL-9298,CAMEL,pre_ai,Improvement,0
630,2.1320754716981134,53,3,CAMEL-9276,CAMEL,pre_ai,Bug,1
362,1.78,50,3,CAMEL-9303,CAMEL,pre_ai,Improvement,0
176,5.25,4,1,CAMEL-9224,CAMEL,pre_ai,New Feature,0
65,4.0,3,1,CAMEL-9161,CAMEL,pre_ai,Bug,1
799,3.150943396226415,53,2,CAMEL-9306,CAMEL,pre_ai,Improvement,0
309,1.702127659574468,47,1,CAMEL-9305,CAMEL,pre_ai,Improvement,0
51,1.2,5,1,CAMEL-9314,CAMEL,pre_ai,Improvement,0
55,1.2,5,1,CAMEL-9315,CAMEL,pre_ai,Improvement,0
69,1.8333333333333333,6,2,CAMEL-9318,CAMEL,pre_ai,Bug,1
532,2.6578947368421053,38,3,CAMEL-9317,CAMEL,pre_ai,Improvement,0
529,4.681818181818182,22,1,CAMEL-9321,CAMEL,pre_ai,Bug,1
654,1.3693693693693694,111,1,CAMEL-8302,CAMEL,pre_ai,Bug,1
127,2.0,16,1,CAMEL-9326,CAMEL,pre_ai,Improvement,0
306,2.0,32,2,CAMEL-9311,CAMEL,pre_ai,Bug,1
62,1.5,6,1,CAMEL-9328,CAMEL,pre_ai,Improvement,0
687,7.434782608695652,23,1,CAMEL-9246,CAMEL,pre_ai,Bug,1
80,1.8571428571428572,7,1,CAMEL-9333,CAMEL,pre_ai,Improvement,0
286,1.368421052631579,38,4,CAMEL-9319,CAMEL,pre_ai,Bug,1
166,1.4814814814814814,27,1,CAMEL-9331,CAMEL,pre_ai,Bug,1
755,2.826923076923077,52,6,CAMEL-9278,CAMEL,pre_ai,Improvement,0
303,1.7714285714285714,35,1,CAMEL-9316,CAMEL,pre_ai,Bug,1
466,5.166666666666667,18,2,CAMEL-9335,CAMEL,pre_ai,Improvement,0
176,1.2413793103448276,29,1,CAMEL-9202,CAMEL,pre_ai,Bug,1
240,1.3888888888888888,36,2,CAMEL-9346,CAMEL,pre_ai,Improvement,0
701,7.6521739130434785,23,1,CAMEL-9282,CAMEL,pre_ai,Bug,1
91,1.6,10,1,CAMEL-9351,CAMEL,pre_ai,Improvement,0
350,4.05,20,2,CAMEL-9277,CAMEL,pre_ai,Bug,1
878,1.2975206611570247,121,4,CAMEL-9283,CAMEL,pre_ai,New Feature,0
95,1.5454545454545454,11,1,CAMEL-9357,CAMEL,pre_ai,Improvement,0
3113,1.5694980694980696,518,6,CAMEL-9352,CAMEL,pre_ai,Improvement,0
159,1.0666666666666667,30,1,CAMEL-9206,CAMEL,pre_ai,New Feature,0
127,2.4444444444444446,9,1,CAMEL-9358,CAMEL,pre_ai,Improvement,0
230,4.0625,16,1,CAMEL-9359,CAMEL,pre_ai,Improvement,0
187,3.727272727272727,11,1,CAMEL-9356,CAMEL,pre_ai,Improvement,0
82,1.5555555555555556,9,1,CAMEL-9342,CAMEL,pre_ai,Improvement,0
124,1.2857142857142858,21,1,CAMEL-9365,CAMEL,pre_ai,Improvement,0
83,1.9090909090909092,11,1,CAMEL-9366,CAMEL,pre_ai,Bug,1
226,3.25,16,1,CAMEL-9369,CAMEL,pre_ai,Improvement,0
202,1.736842105263158,19,4,CAMEL-9364,CAMEL,pre_ai,New Feature,0
211,1.72,25,1,CAMEL-9340,CAMEL,pre_ai,Bug,1
896,1.5384615384615385,104,12,CAMEL-9373,CAMEL,pre_ai,Improvement,0
501,1.3777777777777778,90,3,CAMEL-9374,CAMEL,pre_ai,Bug,1
276,3.0,19,3,CAMEL-9376,CAMEL,pre_ai,New Feature,0
3950,2.223650385604113,389,20,CAMEL-9349,CAMEL,pre_ai,Improvement,0
545,2.517857142857143,56,1,CAMEL-9371,CAMEL,pre_ai,Improvement,0
34,1.0,6,1,CAMEL-9381,CAMEL,pre_ai,Bug,1
50,1.4285714285714286,7,1,CAMEL-9388,CAMEL,pre_ai,Improvement,0
345,4.0,20,1,CAMEL-9386,CAMEL,pre_ai,Bug,1
107,1.2222222222222223,18,1,CAMEL-9389,CAMEL,pre_ai,New Feature,0
792,7.833333333333333,24,2,CAMEL-9384,CAMEL,pre_ai,Bug,1
376,4.4,20,2,CAMEL-9390,CAMEL,pre_ai,Improvement,0
99,1.5294117647058822,17,1,CAMEL-9380,CAMEL,pre_ai,Improvement,0
86,1.7777777777777777,9,1,CAMEL-9392,CAMEL,pre_ai,New Feature,0
68,1.5,8,1,CAMEL-9391,CAMEL,pre_ai,Bug,1
97,1.0,22,1,CAMEL-9400,CAMEL,pre_ai,Improvement,0
107,4.142857142857143,7,1,CAMEL-9398,CAMEL,pre_ai,Bug,1
280,2.0,29,4,CAMEL-9393,CAMEL,pre_ai,New Feature,0
123,3.142857142857143,7,1,CAMEL-9379,CAMEL,pre_ai,Improvement,0
1540,1.381578947368421,228,1,CAMEL-9409,CAMEL,pre_ai,Improvement,0
357,1.0263157894736843,76,2,CAMEL-9410,CAMEL,pre_ai,Improvement,0
539,4.233333333333333,30,2,CAMEL-9382,CAMEL,pre_ai,Improvement,0
328,4.428571428571429,14,2,CAMEL-8708,CAMEL,pre_ai,Bug,1
176,4.571428571428571,7,1,CAMEL-9417,CAMEL,pre_ai,Bug,1
207,1.1875,32,3,CAMEL-9244,CAMEL,pre_ai,Improvement,0
112,2.3076923076923075,13,1,CAMEL-9424,CAMEL,pre_ai,Bug,1
289,1.8157894736842106,38,1,CAMEL-9426,CAMEL,pre_ai,Bug,1
1623,1.2634920634920634,315,5,CAMEL-9212,CAMEL,pre_ai,New Feature,0
154,4.375,8,1,CAMEL-9368,CAMEL,pre_ai,Bug,1
217,1.3529411764705883,34,2,CAMEL-9418,CAMEL,pre_ai,New Feature,0
40,1.4,5,1,CAMEL-9420,CAMEL,pre_ai,Task,0
30,1.0,1,1,CAMEL-9345,CAMEL,pre_ai,Improvement,0
18,1.5,2,1,CAMEL-9252,CAMEL,pre_ai,New Feature,0
319,2.088235294117647,34,2,CAMEL-9405,CAMEL,pre_ai,Bug,1
230,2.1666666666666665,18,3,CAMEL-9375,CAMEL,pre_ai,Bug,1
685,1.3793103448275863,116,1,CAMEL-9399,CAMEL,pre_ai,Improvement,0
123,7.75,4,1,CAMEL-9441,CAMEL,pre_ai,Improvement,0
250,2.8275862068965516,29,1,CAMEL-9434,CAMEL,pre_ai,Improvement,0
320,1.4871794871794872,39,15,CAMEL-9385,CAMEL,pre_ai,New Feature,0
241,8.428571428571429,7,1,CAMEL-9446,CAMEL,pre_ai,Improvement,0
258,9.285714285714286,7,1,CAMEL-9447,CAMEL,pre_ai,Improvement,0
849,1.5039370078740157,127,2,CAMEL-9406,CAMEL,pre_ai,Bug,1
201,1.608695652173913,23,3,CAMEL-9325,CAMEL,pre_ai,Improvement,0
440,1.6571428571428573,70,2,CAMEL-9275,CAMEL,pre_ai,Improvement,0
554,4.75,24,1,CAMEL-5561,CAMEL,pre_ai,Improvement,0
1540,1.3036303630363035,303,2,CAMEL-9207,CAMEL,pre_ai,Improvement,0
129,8.25,4,1,CAMEL-9452,CAMEL,pre_ai,New Feature,0
62,7.0,2,1,CAMEL-9454,CAMEL,pre_ai,Improvement,0
68,1.5,10,1,CAMEL-9258,CAMEL,pre_ai,Improvement,0
426,4.428571428571429,21,3,CAMEL-9453,CAMEL,pre_ai,New Feature,0
155,1.0384615384615385,26,1,CAMEL-8561,CAMEL,pre_ai,Improvement,0
1165,7.439024390243903,41,2,CAMEL-9436,CAMEL,pre_ai,Improvement,0
229,1.3142857142857143,35,4,CAMEL-9455,CAMEL,pre_ai,Improvement,0
1555,2.3767123287671232,146,5,CAMEL-9456,CAMEL,pre_ai,Improvement,0
366,1.5555555555555556,54,2,CAMEL-9457,CAMEL,pre_ai,Improvement,0
278,1.5869565217391304,46,1,CAMEL-9470,CAMEL,pre_ai,Improvement,0
378,1.5593220338983051,59,2,CAMEL-9469,CAMEL,pre_ai,Improvement,0
199,5.111111111111111,9,1,CAMEL-9468,CAMEL,pre_ai,Bug,1
395,1.3333333333333333,66,2,CAMEL-9472,CAMEL,pre_ai,Improvement,0
577,1.3428571428571427,105,2,CAMEL-9473,CAMEL,pre_ai,Improvement,0
351,1.1304347826086956,69,1,CAMEL-9474,CAMEL,pre_ai,Improvement,0
2597,1.2673076923076922,520,7,CAMEL-9471,CAMEL,pre_ai,Improvement,0
127,1.6,15,1,CAMEL-9480,CAMEL,pre_ai,Bug,1
200,1.2258064516129032,31,4,CAMEL-9479,CAMEL,pre_ai,Improvement,0
1272,1.400921658986175,217,6,CAMEL-9486,CAMEL,pre_ai,Improvement,0
100,2.0,8,4,CAMEL-9488,CAMEL,pre_ai,Improvement,0
357,1.0263157894736843,76,2,CAMEL-9492,CAMEL,pre_ai,Improvement,0
318,3.45,20,1,CAMEL-9491,CAMEL,pre_ai,Bug,1
317,4.2105263157894735,19,1,CAMEL-9281,CAMEL,pre_ai,Bug,1
393,4.08,25,1,CAMEL-9106,CAMEL,pre_ai,Bug,1
1694,1.204946996466431,283,18,CAMEL-9482,CAMEL,pre_ai,Improvement,0
102,1.2222222222222223,18,2,CAMEL-9495,CAMEL,pre_ai,Improvement,0
254,2.8947368421052633,19,1,CAMEL-9503,CAMEL,pre_ai,Bug,1
251,1.3255813953488371,43,2,CAMEL-9496,CAMEL,pre_ai,Improvement,0
258,2.6666666666666665,21,1,CAMEL-9504,CAMEL,pre_ai,Improvement,0
253,2.8076923076923075,26,1,CAMEL-9500,CAMEL,pre_ai,Improvement,0
239,3.411764705882353,17,1,CAMEL-9505,CAMEL,pre_ai,Bug,1
177,1.0857142857142856,35,1,CAMEL-9509,CAMEL,pre_ai,Bug,1
837,6.416666666666667,36,1,CAMEL-9475,CAMEL,pre_ai,Improvement,0
194,7.8,5,1,CAMEL-9518,CAMEL,pre_ai,Improvement,0
350,1.5849056603773586,53,1,CAMEL-9330,CAMEL,pre_ai,Improvement,0
474,1.5844155844155845,77,2,CAMEL-9514,CAMEL,pre_ai,Task,0
309,1.2653061224489797,49,3,CAMEL-9520,CAMEL,pre_ai,Task,0
916,3.5,52,1,CAMEL-9526,CAMEL,pre_ai,Bug,1
526,2.014925373134328,67,3,CAMEL-9524,CAMEL,pre_ai,Improvement,0
204,2.3333333333333335,15,2,CAMEL-9515,CAMEL,pre_ai,Improvement,0
314,4.294117647058823,17,2,CAMEL-9527,CAMEL,pre_ai,Bug,1
832,3.1578947368421053,57,1,CAMEL-9531,CAMEL,pre_ai,Improvement,0
1274,1.7407407407407407,189,5,CAMEL-7054,CAMEL,pre_ai,Improvement,0
113,2.2,10,2,CAMEL-9201,CAMEL,pre_ai,Improvement,0
265,9.571428571428571,7,1,CAMEL-9532,CAMEL,pre_ai,Bug,1
157,6.5,6,1,CAMEL-7865,CAMEL,pre_ai,New Feature,0
207,1.2692307692307692,26,2,CAMEL-8413,CAMEL,pre_ai,New Feature,0
455,1.5285714285714285,70,2,CAMEL-9449,CAMEL,pre_ai,New Feature,0
148,1.24,25,1,CAMEL-9543,CAMEL,pre_ai,Bug,1
403,2.135135135135135,37,3,CAMEL-9545,CAMEL,pre_ai,Bug,1
1267,1.719298245614035,171,6,CAMEL-8742,CAMEL,pre_ai,Bug,1
173,3.066666666666667,15,1,CAMEL-9550,CAMEL,pre_ai,Improvement,0
859,1.3495934959349594,123,3,CAMEL-9544,CAMEL,pre_ai,New Feature,0
872,4.510204081632653,49,1,CAMEL-9551,CAMEL,pre_ai,Improvement,0
948,3.769230769230769,52,1,CAMEL-9483,CAMEL,pre_ai,Bug,1
301,4.5,22,3,CAMEL-9069,CAMEL,pre_ai,Improvement,0
377,1.5344827586206897,58,1,CAMEL-9556,CAMEL,pre_ai,Task,0
408,1.1898734177215189,79,3,CAMEL-9553,CAMEL,pre_ai,Bug,1
444,1.78,50,2,CAMEL-9559,CAMEL,pre_ai,Improvement,0
203,1.4166666666666667,36,1,CAMEL-9542,CAMEL,pre_ai,New Feature,0
85,2.3333333333333335,6,1,CAMEL-9557,CAMEL,pre_ai,Bug,1
351,4.130434782608695,23,1,CAMEL-9564,CAMEL,pre_ai,Improvement,0
161,2.727272727272727,11,1,CAMEL-9560,CAMEL,pre_ai,Bug,1
488,1.11,100,2,CAMEL-9511,CAMEL,pre_ai,Improvement,0
925,3.830508474576271,59,2,CAMEL-9558,CAMEL,pre_ai,Bug,1
262,1.35,40,2,CAMEL-9569,CAMEL,pre_ai,Bug,1
821,4.270833333333333,48,1,CAMEL-9555,CAMEL,pre_ai,Bug,1
313,1.2352941176470589,51,2,CAMEL-9507,CAMEL,pre_ai,New Feature,0
737,1.691358024691358,81,6,CAMEL-9577,CAMEL,pre_ai,Improvement,0
73,2.4,5,1,CAMEL-9576,CAMEL,pre_ai,Bug,1
98,1.4615384615384615,13,2,CAMEL-9580,CAMEL,pre_ai,Improvement,0
789,7.826086956521739,23,1,CAMEL-9582,CAMEL,pre_ai,Bug,1
1110,2.4466019417475726,103,12,CAMEL-4725,CAMEL,pre_ai,New Feature,0
94,5.8,5,2,CAMEL-9583,CAMEL,pre_ai,Improvement,0
338,2.586206896551724,29,2,CAMEL-9578,CAMEL,pre_ai,Improvement,0
61,1.0,9,3,CAMEL-9579,CAMEL,pre_ai,Improvement,0
32,1.0,1,1,CAMEL-9593,CAMEL,pre_ai,Bug,1
227,2.2083333333333335,24,3,CAMEL-7638,CAMEL,pre_ai,Improvement,0
300,1.4042553191489362,47,1,CAMEL-9591,CAMEL,pre_ai,New Feature,0
971,2.6818181818181817,88,1,CAMEL-9596,CAMEL,pre_ai,Improvement,0
206,4.8,10,1,CAMEL-9599,CAMEL,pre_ai,Bug,1
433,11.777777777777779,9,1,CAMEL-9601,CAMEL,pre_ai,Improvement,0
351,1.1304347826086956,69,1,CAMEL-9604,CAMEL,pre_ai,Improvement,0
233,1.793103448275862,29,1,CAMEL-9567,CAMEL,pre_ai,Bug,1
858,2.054054054054054,74,7,CAMEL-9595,CAMEL,pre_ai,Improvement,0
163,1.434782608695652,23,1,CAMEL-9572,CAMEL,pre_ai,Improvement,0
405,2.4210526315789473,38,1,CAMEL-9608,CAMEL,pre_ai,Bug,1
339,3.347826086956522,23,1,CAMEL-9607,CAMEL,pre_ai,Bug,1
1088,3.4328358208955225,67,6,CAMEL-9416,CAMEL,pre_ai,New Feature,0
475,1.445945945945946,74,2,CAMEL-9609,CAMEL,pre_ai,Improvement,0
521,1.5522388059701493,67,5,CAMEL-9274,CAMEL,pre_ai,Improvement,0
2159,1.7695473251028806,243,10,CAMEL-9584,CAMEL,pre_ai,Improvement,0
76,1.0,7,1,CAMEL-9616,CAMEL,pre_ai,Improvement,0
825,2.3,50,9,CAMEL-9085,CAMEL,pre_ai,New Feature,0
1193,1.8224852071005917,169,3,CAMEL-9618,CAMEL,pre_ai,Task,0
439,11.777777777777779,9,1,CAMEL-9611,CAMEL,pre_ai,Bug,1
467,11.5,10,1,CAMEL-9621,CAMEL,pre_ai,Improvement,0
1268,1.8922155688622755,167,2,CAMEL-9610,CAMEL,pre_ai,Improvement,0
393,2.8333333333333335,30,3,CAMEL-9620,CAMEL,pre_ai,Improvement,0
789,4.733333333333333,45,3,CAMEL-9461,CAMEL,pre_ai,Improvement,0
76,1.7142857142857142,7,1,CAMEL-9339,CAMEL,pre_ai,Improvement,0
469,11.6,10,1,CAMEL-9625,CAMEL,pre_ai,Improvement,0
455,4.142857142857143,28,2,CAMEL-7247,CAMEL,pre_ai,Improvement,0
165,1.6666666666666667,21,3,CAMEL-9153,CAMEL,pre_ai,Improvement,0
462,1.4634146341463414,82,1,CAMEL-9628,CAMEL,pre_ai,Improvement,0
45,1.25,4,2,CAMEL-9603,CAMEL,pre_ai,Improvement,0
474,1.4819277108433735,83,1,CAMEL-9629,CAMEL,pre_ai,Improvement,0
510,1.875,56,2,CAMEL-9239,CAMEL,pre_ai,Improvement,0
1778,2.56969696969697,165,3,CAMEL-9501,CAMEL,pre_ai,Improvement,0
394,2.892857142857143,28,4,CAMEL-9624,CAMEL,pre_ai,Improvement,0
378,2.5925925925925926,27,1,CAMEL-9639,CAMEL,pre_ai,Improvement,0
1003,2.150943396226415,106,4,CAMEL-9637,CAMEL,pre_ai,New Feature,0
533,1.6833333333333333,60,10,CAMEL-9586,CAMEL,pre_ai,New Feature,0
337,1.9444444444444444,36,3,CAMEL-9633,CAMEL,pre_ai,New Feature,0
331,13.25,8,1,CAMEL-9641,CAMEL,pre_ai,Bug,1
178,12.333333333333334,3,1,CAMEL-9635,CAMEL,pre_ai,Improvement,0
743,1.5229357798165137,109,3,CAMEL-8507,CAMEL,pre_ai,New Feature,0
169,4.857142857142857,7,1,CAMEL-9432,CAMEL,pre_ai,Bug,1
430,1.4415584415584415,77,1,CAMEL-8163,CAMEL,pre_ai,Bug,1
652,4.076923076923077,39,3,CAMEL-9640,CAMEL,pre_ai,Bug,1
771,2.35,80,4,CAMEL-9632,CAMEL,pre_ai,Improvement,0
231,2.125,24,2,CAMEL-9285,CAMEL,pre_ai,Improvement,0
314,1.6857142857142857,35,6,CAMEL-9180,CAMEL,pre_ai,New Feature,0
10,1.0,1,1,CAMEL-9652,CAMEL,pre_ai,New Feature,0
957,2.4691358024691357,81,11,CAMEL-9644,CAMEL,pre_ai,Improvement,0
1202,4.5285714285714285,70,4,CAMEL-9653,CAMEL,pre_ai,Improvement,0
232,2.9375,16,2,CAMEL-9654,CAMEL,pre_ai,Improvement,0
3255,2.5157232704402515,318,11,CAMEL-9655,CAMEL,pre_ai,Improvement,0
515,1.3833333333333333,60,15,CAMEL-8243,CAMEL,pre_ai,Improvement,0
386,2.169811320754717,53,1,CAMEL-9666,CAMEL,pre_ai,Bug,1
1345,1.4615384615384615,195,6,CAMEL-9661,CAMEL,pre_ai,New Feature,0
70,1.3333333333333333,3,1,CAMEL-9668,CAMEL,pre_ai,Bug,1
1406,1.5614035087719298,171,32,CAMEL-8258,CAMEL,pre_ai,Improvement,0
360,4.238095238095238,21,2,CAMEL-9660,CAMEL,pre_ai,Bug,1
471,1.2820512820512822,78,2,CAMEL-9280,CAMEL,pre_ai,New Feature,0
652,5.444444444444445,27,1,CAMEL-9670,CAMEL,pre_ai,Bug,1
1423,5.573770491803279,61,4,CAMEL-9658,CAMEL,pre_ai,Bug,1
469,11.6,10,1,CAMEL-9664,CAMEL,pre_ai,Bug,1
3122,2.7544483985765122,281,2,CAMEL-9657,CAMEL,pre_ai,Improvement,0
243,1.9259259259259258,27,2,CAMEL-9665,CAMEL,pre_ai,Bug,1
1813,1.6450511945392492,293,2,CAMEL-9645,CAMEL,pre_ai,New Feature,0
89,1.7777777777777777,9,1,CAMEL-9673,CAMEL,pre_ai,Bug,1
626,1.6881720430107527,93,2,CAMEL-9649,CAMEL,pre_ai,Improvement,0
105,1.0,24,1,CAMEL-9648,CAMEL,pre_ai,New Feature,0
282,2.1714285714285713,35,1,CAMEL-9534,CAMEL,pre_ai,Improvement,0
420,4.888888888888889,18,2,CAMEL-9672,CAMEL,pre_ai,Bug,1
3715,2.7664670658682633,334,2,CAMEL-9677,CAMEL,pre_ai,Improvement,0
146,1.3333333333333333,15,1,CAMEL-9506,CAMEL,pre_ai,Bug,1
27,2.5,2,1,CAMEL-9680,CAMEL,pre_ai,Bug,1
301,1.3333333333333333,51,2,CAMEL-9681,CAMEL,pre_ai,New Feature,0
27,2.6666666666666665,3,1,CAMEL-9686,CAMEL,pre_ai,Bug,1
224,6.571428571428571,7,2,CAMEL-9523,CAMEL,pre_ai,Improvement,0
1053,1.9758064516129032,124,2,CAMEL-9687,CAMEL,pre_ai,Bug,1
145,1.16,25,2,CAMEL-9691,CAMEL,pre_ai,Task,0
357,4.130434782608695,23,2,CAMEL-9696,CAMEL,pre_ai,Improvement,0
587,1.9701492537313432,67,6,CAMEL-9684,CAMEL,pre_ai,Improvement,0
700,5.181818181818182,33,5,CAMEL-8211,CAMEL,pre_ai,New Feature,0
164,3.3636363636363638,11,1,CAMEL-9700,CAMEL,pre_ai,Bug,1
269,1.6206896551724137,29,5,CAMEL-9685,CAMEL,pre_ai,New Feature,0
572,2.3174603174603177,63,1,CAMEL-9705,CAMEL,pre_ai,Improvement,0
164,1.24,25,1,CAMEL-9699,CAMEL,pre_ai,Improvement,0
85,1.2857142857142858,14,2,CAMEL-9707,CAMEL,pre_ai,New Feature,0
1059,4.1022727272727275,88,1,CAMEL-9706,CAMEL,pre_ai,Improvement,0
357,10.125,8,2,CAMEL-9689,CAMEL,pre_ai,Bug,1
1063,4.125,88,1,CAMEL-9708,CAMEL,pre_ai,Test,0
980,2.7386363636363638,88,1,CAMEL-9713,CAMEL,pre_ai,Bug,1
170,6.571428571428571,7,1,CAMEL-9710,CAMEL,pre_ai,Bug,1
68,1.0909090909090908,11,1,CAMEL-9714,CAMEL,pre_ai,Bug,1
304,1.5555555555555556,18,2,CAMEL-9715,CAMEL,pre_ai,Improvement,0
4651,2.580498866213152,441,17,CAMEL-9704,CAMEL,pre_ai,Improvement,0
11,1.0,1,1,CAMEL-9723,CAMEL,pre_ai,Task,0
223,1.4705882352941178,34,2,CAMEL-9566,CAMEL,pre_ai,Bug,1
220,3.2666666666666666,15,1,CAMEL-9711,CAMEL,pre_ai,Improvement,0
284,1.5588235294117647,34,7,CAMEL-9720,CAMEL,pre_ai,Improvement,0
478,7.266666666666667,15,3,CAMEL-9726,CAMEL,pre_ai,Improvement,0
824,5.9714285714285715,35,2,CAMEL-9728,CAMEL,pre_ai,Bug,1
37,1.25,4,1,CAMEL-9730,CAMEL,pre_ai,Bug,1
322,12.571428571428571,7,1,CAMEL-9732,CAMEL,pre_ai,Bug,1
851,6.405405405405405,37,1,CAMEL-9690,CAMEL,pre_ai,Improvement,0
357,3.8,20,1,CAMEL-9738,CAMEL,pre_ai,Bug,1
1925,4.879032258064516,124,3,CAMEL-9656,CAMEL,pre_ai,Bug,1
362,3.85,20,1,CAMEL-9739,CAMEL,pre_ai,Bug,1
121,2.875,8,1,CAMEL-9735,CAMEL,pre_ai,Improvement,0
93,1.875,8,1,CAMEL-9267,CAMEL,pre_ai,New Feature,0
1601,4.72972972972973,74,3,CAMEL-9747,CAMEL,pre_ai,Task,0
256,1.3,40,3,CAMEL-9737,CAMEL,pre_ai,New Feature,0
38,8.0,1,1,CAMEL-9752,CAMEL,pre_ai,Improvement,0
158,5.571428571428571,7,1,CAMEL-9736,CAMEL,pre_ai,Improvement,0
603,2.08974358974359,78,2,CAMEL-9755,CAMEL,pre_ai,Improvement,0
1041,1.5714285714285714,126,13,CAMEL-9740,CAMEL,pre_ai,Improvement,0
137,1.5789473684210527,19,3,CAMEL-9762,CAMEL,pre_ai,Improvement,0
106,2.4,10,1,CAMEL-9760,CAMEL,pre_ai,Task,0
142,2.0,15,1,CAMEL-9766,CAMEL,pre_ai,Bug,1
216,1.6785714285714286,28,3,CAMEL-9769,CAMEL,pre_ai,Improvement,0
616,6.904761904761905,21,5,CAMEL-9761,CAMEL,pre_ai,Improvement,0
109,3.857142857142857,7,1,CAMEL-9774,CAMEL,pre_ai,Bug,1
150,1.1538461538461537,26,2,CAMEL-9775,CAMEL,pre_ai,Improvement,0
59,1.6,5,1,CAMEL-9765,CAMEL,pre_ai,Improvement,0
159,1.36,25,1,CAMEL-9776,CAMEL,pre_ai,Improvement,0
96,1.8,5,5,CAMEL-9759,CAMEL,pre_ai,New Feature,0
233,1.108695652173913,46,2,CAMEL-9782,CAMEL,pre_ai,Improvement,0
365,7.076923076923077,13,1,CAMEL-9794,CAMEL,pre_ai,Bug,1
322,12.571428571428571,7,1,CAMEL-9796,CAMEL,pre_ai,Improvement,0
782,2.642857142857143,70,2,CAMEL-9793,CAMEL,pre_ai,Bug,1
160,1.103448275862069,29,2,CAMEL-9803,CAMEL,pre_ai,Improvement,0
106,1.3571428571428572,14,1,CAMEL-9549,CAMEL,pre_ai,Improvement,0
189,3.076923076923077,13,1,CAMEL-9798,CAMEL,pre_ai,Improvement,0
848,3.064516129032258,62,4,CAMEL-9758,CAMEL,pre_ai,Task,0
209,4.2727272727272725,11,1,CAMEL-9807,CAMEL,pre_ai,Bug,1
470,3.0,36,2,CAMEL-9811,CAMEL,pre_ai,Improvement,0
943,3.0,79,2,CAMEL-9808,CAMEL,pre_ai,Improvement,0
113,3.6666666666666665,6,1,CAMEL-9812,CAMEL,pre_ai,Bug,1
497,2.9347826086956523,46,1,CAMEL-9795,CAMEL,pre_ai,Improvement,0
441,1.8275862068965518,58,2,CAMEL-9816,CAMEL,pre_ai,Improvement,0
575,1.109375,128,2,CAMEL-9815,CAMEL,pre_ai,Improvement,0
226,2.391304347826087,23,2,CAMEL-5690,CAMEL,pre_ai,Improvement,0
138,1.736842105263158,19,1,CAMEL-9820,CAMEL,pre_ai,Bug,1
1225,2.1791044776119404,134,2,CAMEL-9821,CAMEL,pre_ai,Bug,1
119,4.0,7,1,CAMEL-9827,CAMEL,pre_ai,Test,0
202,1.9523809523809523,21,3,CAMEL-9830,CAMEL,pre_ai,Improvement,0
310,1.5208333333333333,48,3,CAMEL-9789,CAMEL,pre_ai,Improvement,0
381,6.928571428571429,14,1,CAMEL-9768,CAMEL,pre_ai,Bug,1
608,2.2794117647058822,68,1,CAMEL-9828,CAMEL,pre_ai,Bug,1
62,1.3636363636363635,11,2,CAMEL-9825,CAMEL,pre_ai,Task,0
669,1.0214285714285714,140,1,CAMEL-9835,CAMEL,pre_ai,Wish,0
519,4.05,40,3,CAMEL-9838,CAMEL,pre_ai,Improvement,0
794,1.9901960784313726,102,2,CAMEL-9587,CAMEL,pre_ai,Improvement,0
488,3.2564102564102564,39,1,CAMEL-9833,CAMEL,pre_ai,Improvement,0
1117,1.0178571428571428,280,2,CAMEL-9818,CAMEL,pre_ai,Improvement,0
98,1.3125,16,1,CAMEL-9840,CAMEL,pre_ai,Bug,1
245,4.636363636363637,11,1,CAMEL-9841,CAMEL,pre_ai,Bug,1
266,2.8333333333333335,18,2,CAMEL-9842,CAMEL,pre_ai,Improvement,0
324,3.6,20,1,CAMEL-9845,CAMEL,pre_ai,Improvement,0
387,1.2318840579710144,69,4,CAMEL-9843,CAMEL,pre_ai,Improvement,0
321,1.4285714285714286,56,1,CAMEL-9783,CAMEL,pre_ai,Improvement,0
208,1.0222222222222221,45,1,CAMEL-10242,CAMEL,pre_ai,Improvement,0
1227,5.388888888888889,54,5,CAMEL-6163,CAMEL,pre_ai,New Feature,0
116,2.75,8,1,CAMEL-10296,CAMEL,pre_ai,Bug,1
1706,1.364,250,3,CAMEL-10140,CAMEL,pre_ai,Improvement,0
55,1.1666666666666667,6,1,CAMEL-7831,CAMEL,pre_ai,New Feature,0
74,1.0,3,2,CAMEL-9018,CAMEL,pre_ai,New Feature,0
722,4.2682926829268295,41,2,CAMEL-10302,CAMEL,pre_ai,Improvement,0
581,4.791666666666667,24,1,CAMEL-10293,CAMEL,pre_ai,Bug,1
790,1.3687943262411348,141,1,CAMEL-10298,CAMEL,pre_ai,Improvement,0
771,4.857142857142857,35,1,CAMEL-10305,CAMEL,pre_ai,New Feature,0
66,1.0,8,1,CAMEL-7832,CAMEL,pre_ai,New Feature,0
101,2.5,4,1,CAMEL-10319,CAMEL,pre_ai,New Feature,0
33,1.0,2,1,CAMEL-9910,CAMEL,pre_ai,Improvement,0
3085,1.829736211031175,417,6,CAMEL-10263,CAMEL,pre_ai,Task,0
613,2.25,60,3,CAMEL-9541,CAMEL,pre_ai,New Feature,0
70,1.0,14,1,CAMEL-10325,CAMEL,pre_ai,Improvement,0
276,1.1320754716981132,53,2,CAMEL-10328,CAMEL,pre_ai,Improvement,0
1141,1.5272727272727273,165,5,CAMEL-10308,CAMEL,pre_ai,New Feature,0
669,1.7926829268292683,82,6,CAMEL-10307,CAMEL,pre_ai,Improvement,0
1093,6.282051282051282,39,1,CAMEL-10250,CAMEL,pre_ai,Task,0
568,2.358490566037736,53,1,CAMEL-10342,CAMEL,pre_ai,Bug,1
156,1.0285714285714285,35,1,CAMEL-9131,CAMEL,pre_ai,Improvement,0
2354,1.7378640776699028,309,9,CAMEL-8830,CAMEL,pre_ai,Improvement,0
184,5.833333333333333,6,1,CAMEL-10359,CAMEL,pre_ai,Bug,1
341,4.5,12,1,CAMEL-10238,CAMEL,pre_ai,Bug,1
359,2.7777777777777777,27,4,CAMEL-10347,CAMEL,pre_ai,Improvement,0
231,2.24,25,1,CAMEL-10340,CAMEL,pre_ai,Bug,1
57,1.0,9,1,CAMEL-10368,CAMEL,pre_ai,Bug,1
530,3.1,40,1,CAMEL-10366,CAMEL,pre_ai,Bug,1
221,4.818181818181818,11,1,CAMEL-10370,CAMEL,pre_ai,Bug,1
1382,3.8072289156626504,83,4,CAMEL-10197,CAMEL,pre_ai,Improvement,0
196,1.048780487804878,41,2,CAMEL-10372,CAMEL,pre_ai,Bug,1
225,1.4375,32,4,CAMEL-10356,CAMEL,pre_ai,Improvement,0
435,1.178082191780822,73,2,CAMEL-10323,CAMEL,pre_ai,Improvement,0
2011,1.4293193717277486,191,32,CAMEL-10357,CAMEL,pre_ai,Improvement,0
150,1.631578947368421,19,2,CAMEL-10381,CAMEL,pre_ai,Bug,1
2030,1.127027027027027,370,21,CAMEL-10379,CAMEL,pre_ai,Task,0
872,6.594594594594595,37,1,CAMEL-10376,CAMEL,pre_ai,Bug,1
31,4.0,2,1,CAMEL-10385,CAMEL,pre_ai,Bug,1
280,4.117647058823529,17,1,CAMEL-10386,CAMEL,pre_ai,Bug,1
223,3.473684210526316,19,1,CAMEL-10387,CAMEL,pre_ai,Improvement,0
1205,5.369230769230769,65,4,CAMEL-10383,CAMEL,pre_ai,Bug,1
944,1.6444444444444444,45,40,CAMEL-10124,CAMEL,pre_ai,Improvement,0
39,1.5,4,1,CAMEL-10380,CAMEL,pre_ai,Bug,1
101,6.5,4,1,CAMEL-10352,CAMEL,pre_ai,Improvement,0
93,1.1875,16,1,CAMEL-10327,CAMEL,pre_ai,New Feature,0
198,1.8846153846153846,26,1,CAMEL-10395,CAMEL,pre_ai,Improvement,0
174,3.3333333333333335,9,1,CAMEL-10397,CAMEL,pre_ai,Improvement,0
680,2.142857142857143,70,3,CAMEL-10398,CAMEL,pre_ai,Improvement,0
1248,1.6585365853658536,164,7,CAMEL-9606,CAMEL,pre_ai,Bug,1
1110,4.086956521739131,92,1,CAMEL-10390,CAMEL,pre_ai,Improvement,0
1830,2.4886363636363638,176,7,CAMEL-10393,CAMEL,pre_ai,Improvement,0
179,1.0810810810810811,37,1,CAMEL-10403,CAMEL,pre_ai,Improvement,0
67,1.5714285714285714,7,1,CAMEL-10407,CAMEL,pre_ai,Bug,1
47,1.0,12,1,CAMEL-10402,CAMEL,pre_ai,New Feature,0
169,1.95,20,1,CAMEL-10408,CAMEL,pre_ai,Improvement,0
165,2.0,17,1,CAMEL-10411,CAMEL,pre_ai,Bug,1
700,4.361111111111111,36,2,CAMEL-10401,CAMEL,pre_ai,New Feature,0
140,3.875,8,1,CAMEL-10341,CAMEL,pre_ai,Bug,1
765,2.4776119402985075,67,8,CAMEL-9678,CAMEL,pre_ai,Improvement,0
99,2.875,8,1,CAMEL-10399,CAMEL,pre_ai,Bug,1
70,1.1333333333333333,15,1,CAMEL-10049,CAMEL,pre_ai,Improvement,0
1323,3.6666666666666665,120,2,CAMEL-10389,CAMEL,pre_ai,Improvement,0
99,1.7857142857142858,14,1,CAMEL-10048,CAMEL,pre_ai,Bug,1
335,2.0294117647058822,34,1,CAMEL-10050,CAMEL,pre_ai,Improvement,0
409,2.962962962962963,27,1,CAMEL-10051,CAMEL,pre_ai,Bug,1
90,1.0,20,1,CAMEL-10055,CAMEL,pre_ai,Improvement,0
138,1.0,32,1,CAMEL-10056,CAMEL,pre_ai,Improvement,0
267,5.2727272727272725,11,1,CAMEL-10058,CAMEL,pre_ai,Improvement,0
523,1.008849557522124,113,5,CAMEL-10037,CAMEL,pre_ai,Task,0
337,2.0714285714285716,28,3,CAMEL-10068,CAMEL,pre_ai,Improvement,0
66,1.2727272727272727,11,1,CAMEL-10074,CAMEL,pre_ai,Improvement,0
664,1.7375,80,7,CAMEL-10072,CAMEL,pre_ai,Improvement,0
488,3.3823529411764706,34,3,CAMEL-10060,CAMEL,pre_ai,Bug,1
691,1.1708860759493671,158,5,CAMEL-10062,CAMEL,pre_ai,Improvement,0
1353,4.125,64,5,CAMEL-9878,CAMEL,pre_ai,Improvement,0
217,4.7272727272727275,11,1,CAMEL-10080,CAMEL,pre_ai,Improvement,0
160,5.428571428571429,7,2,CAMEL-10063,CAMEL,pre_ai,Bug,1
281,2.4347826086956523,23,1,CAMEL-10082,CAMEL,pre_ai,Bug,1
262,4.066666666666666,15,2,CAMEL-10065,CAMEL,pre_ai,Improvement,0
860,1.3016759776536313,179,3,CAMEL-10069,CAMEL,pre_ai,Bug,1
165,2.5,16,1,CAMEL-10083,CAMEL,pre_ai,New Feature,0
796,3.1636363636363636,55,3,CAMEL-10024,CAMEL,pre_ai,Bug,1
349,4.1,20,1,CAMEL-10091,CAMEL,pre_ai,Bug,1
1371,7.5,50,2,CAMEL-9729,CAMEL,pre_ai,New Feature,0
230,4.75,8,1,CAMEL-10094,CAMEL,pre_ai,Bug,1
542,2.2586206896551726,58,1,CAMEL-10096,CAMEL,pre_ai,Improvement,0
73,1.5555555555555556,9,1,CAMEL-10104,CAMEL,pre_ai,Bug,1
860,1.3016759776536313,179,3,CAMEL-10087,CAMEL,pre_ai,Bug,1
54,1.0,12,1,CAMEL-10040,CAMEL,pre_ai,Improvement,0
1458,3.8684210526315788,76,2,CAMEL-10095,CAMEL,pre_ai,Improvement,0
51,1.1111111111111112,9,1,CAMEL-10112,CAMEL,pre_ai,New Feature,0
350,4.421052631578948,19,2,CAMEL-10111,CAMEL,pre_ai,Bug,1
279,5.363636363636363,11,1,CAMEL-10113,CAMEL,pre_ai,Improvement,0
315,1.3076923076923077,52,3,CAMEL-10045,CAMEL,pre_ai,Improvement,0
530,1.7397260273972603,73,2,CAMEL-10114,CAMEL,pre_ai,Improvement,0
812,1.135135135135135,148,2,CAMEL-10115,CAMEL,pre_ai,Bug,1
133,4.125,8,1,CAMEL-10120,CAMEL,pre_ai,Bug,1
411,3.064516129032258,31,1,CAMEL-10121,CAMEL,pre_ai,Improvement,0
304,3.0833333333333335,24,2,CAMEL-10085,CAMEL,pre_ai,Improvement,0
980,2.7386363636363638,88,1,CAMEL-10125,CAMEL,pre_ai,Improvement,0
167,1.0731707317073171,41,1,CAMEL-10128,CAMEL,pre_ai,Bug,1
51,1.3333333333333333,6,1,CAMEL-10127,CAMEL,pre_ai,Improvement,0
95,2.3333333333333335,9,1,CAMEL-9631,CAMEL,pre_ai,Bug,1
744,1.05,180,3,CAMEL-10130,CAMEL,pre_ai,Task,0
894,2.6557377049180326,61,6,CAMEL-10122,CAMEL,pre_ai,Improvement,0
203,1.0,45,1,CAMEL-10132,CAMEL,pre_ai,Improvement,0
171,4.4,10,1,CAMEL-10134,CAMEL,pre_ai,Improvement,0
1817,2.175115207373272,217,5,CAMEL-10116,CAMEL,pre_ai,Bug,1
132,1.0,27,1,CAMEL-10143,CAMEL,pre_ai,Bug,1
1092,3.7884615384615383,52,4,CAMEL-10144,CAMEL,pre_ai,Bug,1
513,2.7906976744186047,43,2,CAMEL-10145,CAMEL,pre_ai,Bug,1
469,4.363636363636363,33,2,CAMEL-10147,CAMEL,pre_ai,Bug,1
25,1.5,2,1,CAMEL-10066,CAMEL,pre_ai,New Feature,0
764,5.105263157894737,38,1,CAMEL-10149,CAMEL,pre_ai,Bug,1
96,1.2307692307692308,13,2,CAMEL-10133,CAMEL,pre_ai,New Feature,0
199,1.96,25,1,CAMEL-10142,CAMEL,pre_ai,Bug,1
225,3.1875,16,1,CAMEL-10151,CAMEL,pre_ai,Bug,1
654,13.0,11,1,CAMEL-10150,CAMEL,pre_ai,Bug,1
13,1.0,1,1,CAMEL-10157,CAMEL,pre_ai,Bug,1
251,1.2264150943396226,53,1,CAMEL-10163,CAMEL,pre_ai,Task,0
242,1.8846153846153846,26,3,CAMEL-10158,CAMEL,pre_ai,Improvement,0
1196,3.182926829268293,82,7,CAMEL-10107,CAMEL,pre_ai,Sub-task,0
400,5.15,20,2,CAMEL-10106,CAMEL,pre_ai,Sub-task,0
38,1.0,7,1,CAMEL-10105,CAMEL,pre_ai,Sub-task,0
538,2.8461538461538463,26,12,CAMEL-10167,CAMEL,pre_ai,Improvement,0
89,4.0,4,2,CAMEL-10101,CAMEL,pre_ai,Sub-task,0
248,7.142857142857143,7,1,CAMEL-10161,CAMEL,pre_ai,Bug,1
808,2.746031746031746,63,6,CAMEL-10102,CAMEL,pre_ai,Sub-task,0
41,2.0,4,1,CAMEL-10172,CAMEL,pre_ai,Improvement,0
53,5.5,2,1,CAMEL-10176,CAMEL,pre_ai,Bug,1
833,3.1578947368421053,57,1,CAMEL-10177,CAMEL,pre_ai,Bug,1
526,2.0892857142857144,56,2,CAMEL-10174,CAMEL,pre_ai,Bug,1
550,1.3623188405797102,69,9,CAMEL-10170,CAMEL,pre_ai,Sub-task,0
485,1.9807692307692308,52,2,CAMEL-10181,CAMEL,pre_ai,Bug,1
752,2.0229885057471266,87,4,CAMEL-10180,CAMEL,pre_ai,Improvement,0
111,2.7777777777777777,9,1,CAMEL-10169,CAMEL,pre_ai,New Feature,0
492,1.8727272727272728,55,2,CAMEL-10183,CAMEL,pre_ai,Improvement,0
860,6.486486486486487,37,1,CAMEL-10156,CAMEL,pre_ai,Improvement,0
193,1.1136363636363635,44,1,CAMEL-10136,CAMEL,pre_ai,Bug,1
589,1.1145038167938932,131,2,CAMEL-10166,CAMEL,pre_ai,Improvement,0
139,1.5,22,1,CAMEL-9852,CAMEL,pre_ai,Bug,1
711,7.782608695652174,23,1,CAMEL-9853,CAMEL,pre_ai,Bug,1
481,1.5522388059701493,67,3,CAMEL-9791,CAMEL,pre_ai,Improvement,0
292,1.4901960784313726,51,1,CAMEL-9860,CAMEL,pre_ai,Improvement,0
1625,2.0,180,5,CAMEL-9772,CAMEL,pre_ai,Improvement,0
145,2.6666666666666665,12,1,CAMEL-9863,CAMEL,pre_ai,Bug,1
197,2.7142857142857144,14,1,CAMEL-9862,CAMEL,pre_ai,Bug,1
301,2.0,26,2,CAMEL-9859,CAMEL,pre_ai,Improvement,0
77,1.375,8,1,CAMEL-9866,CAMEL,pre_ai,Bug,1
72,2.0,7,2,CAMEL-9851,CAMEL,pre_ai,Bug,1
978,1.303225806451613,155,6,CAMEL-9844,CAMEL,pre_ai,Improvement,0
1345,5.394366197183099,71,4,CAMEL-9870,CAMEL,pre_ai,Improvement,0
121,4.8,5,1,CAMEL-9332,CAMEL,pre_ai,Improvement,0
365,1.1014492753623188,69,2,CAMEL-9871,CAMEL,pre_ai,Improvement,0
892,1.8981481481481481,108,4,CAMEL-9848,CAMEL,pre_ai,Improvement,0
20,1.0,3,1,CAMEL-9891,CAMEL,pre_ai,Bug,1
179,5.222222222222222,9,1,CAMEL-9898,CAMEL,pre_ai,Bug,1
167,1.2,25,3,CAMEL-9899,CAMEL,pre_ai,Improvement,0
472,4.3125,32,2,CAMEL-9904,CAMEL,pre_ai,Improvement,0
178,1.875,16,1,CAMEL-9905,CAMEL,pre_ai,Improvement,0
1063,1.9919354838709677,124,2,CAMEL-9903,CAMEL,pre_ai,Bug,1
238,1.5238095238095237,21,2,CAMEL-9879,CAMEL,pre_ai,New Feature,0
234,3.375,16,1,CAMEL-9906,CAMEL,pre_ai,Bug,1
862,4.408163265306122,49,1,CAMEL-9896,CAMEL,pre_ai,Bug,1
351,1.1818181818181819,66,2,CAMEL-7853,CAMEL,pre_ai,Improvement,0
132,1.0714285714285714,28,1,CAMEL-9907,CAMEL,pre_ai,New Feature,0
1284,1.7320261437908497,153,3,CAMEL-9872,CAMEL,pre_ai,Bug,1
306,1.7419354838709677,31,4,CAMEL-9877,CAMEL,pre_ai,Improvement,0
5398,1.3560864618885096,879,26,CAMEL-9873,CAMEL,pre_ai,Improvement,0
1118,2.7884615384615383,104,1,CAMEL-9887,CAMEL,pre_ai,Bug,1
73,1.3333333333333333,3,1,CAMEL-9915,CAMEL,pre_ai,Improvement,0
974,2.5865384615384617,104,3,CAMEL-9911,CAMEL,pre_ai,Bug,1
33,5.0,1,1,CAMEL-9909,CAMEL,pre_ai,Improvement,0
147,1.619047619047619,21,1,CAMEL-9602,CAMEL,pre_ai,New Feature,0
2880,1.3366141732283465,508,6,CAMEL-9900,CAMEL,pre_ai,Improvement,0
3151,2.7464788732394365,284,1,CAMEL-9917,CAMEL,pre_ai,Bug,1
370,2.3823529411764706,34,3,CAMEL-9886,CAMEL,pre_ai,New Feature,0
303,1.2549019607843137,51,2,CAMEL-9784,CAMEL,pre_ai,Bug,1
499,9.916666666666666,12,1,CAMEL-9920,CAMEL,pre_ai,Bug,1
93,4.333333333333333,3,1,CAMEL-9805,CAMEL,pre_ai,Bug,1
185,1.173913043478261,46,1,CAMEL-9854,CAMEL,pre_ai,Bug,1
94,1.4545454545454546,11,2,CAMEL-9874,CAMEL,pre_ai,Bug,1
156,2.0588235294117645,17,1,CAMEL-7443,CAMEL,pre_ai,Bug,1
171,4.555555555555555,9,1,CAMEL-6720,CAMEL,pre_ai,Bug,1
323,1.4107142857142858,56,1,CAMEL-6256,CAMEL,pre_ai,Bug,1
41,1.0,7,1,CAMEL-9882,CAMEL,pre_ai,New Feature,0
455,3.710526315789474,38,2,CAMEL-9927,CAMEL,pre_ai,Improvement,0
127,3.8333333333333335,6,1,CAMEL-9823,CAMEL,pre_ai,New Feature,0
193,3.5,10,1,CAMEL-9929,CAMEL,pre_ai,Bug,1
72,2.2857142857142856,7,1,CAMEL-9790,CAMEL,pre_ai,Improvement,0
1583,3.10752688172043,93,6,CAMEL-9925,CAMEL,pre_ai,Improvement,0
283,2.56,25,1,CAMEL-9849,CAMEL,pre_ai,New Feature,0
491,6.714285714285714,21,1,CAMEL-9932,CAMEL,pre_ai,Improvement,0
80,1.875,8,1,CAMEL-9933,CAMEL,pre_ai,Bug,1
678,1.4018691588785046,107,3,CAMEL-3142,CAMEL,pre_ai,New Feature,0
190,2.466666666666667,15,1,CAMEL-9934,CAMEL,pre_ai,Bug,1
997,2.7111111111111112,90,1,CAMEL-8854,CAMEL,pre_ai,Improvement,0
273,3.130434782608696,23,2,CAMEL-5252,CAMEL,pre_ai,Improvement,0
1349,7.872340425531915,47,2,CAMEL-9937,CAMEL,pre_ai,Improvement,0
258,1.0392156862745099,51,3,CAMEL-7884,CAMEL,pre_ai,Bug,1
415,7.916666666666667,12,1,CAMEL-9040,CAMEL,pre_ai,Bug,1
970,1.582191780821918,146,2,CAMEL-9940,CAMEL,pre_ai,Improvement,0
145,1.3125,16,1,CAMEL-9921,CAMEL,pre_ai,Bug,1
457,1.4375,80,1,CAMEL-9943,CAMEL,pre_ai,New Feature,0
419,3.611111111111111,18,5,CAMEL-9946,CAMEL,pre_ai,New Feature,0
434,1.4142857142857144,70,2,CAMEL-9930,CAMEL,pre_ai,Task,0
953,2.0701754385964914,114,3,CAMEL-7536,CAMEL,pre_ai,New Feature,0
564,2.358490566037736,53,1,CAMEL-9950,CAMEL,pre_ai,Bug,1
929,4.519230769230769,52,1,CAMEL-5585,CAMEL,pre_ai,Improvement,0
1200,1.7771084337349397,166,2,CAMEL-9067,CAMEL,pre_ai,Improvement,0
2153,1.5247813411078717,343,5,CAMEL-7660,CAMEL,pre_ai,Improvement,0
90,1.625,8,2,CAMEL-9953,CAMEL,pre_ai,Bug,1
609,1.6979166666666667,96,2,CAMEL-9250,CAMEL,pre_ai,Improvement,0
565,2.358490566037736,53,1,CAMEL-9951,CAMEL,pre_ai,Bug,1
294,2.5517241379310347,29,4,CAMEL-9744,CAMEL,pre_ai,New Feature,0
57,1.0,10,1,CAMEL-9958,CAMEL,pre_ai,Sub-task,0
867,1.3134328358208955,134,3,CAMEL-9944,CAMEL,pre_ai,Improvement,0
167,1.15625,32,1,CAMEL-9959,CAMEL,pre_ai,Sub-task,0
630,1.1017964071856288,167,2,CAMEL-9957,CAMEL,pre_ai,Improvement,0
706,7.6521739130434785,23,1,CAMEL-9960,CAMEL,pre_ai,Bug,1
137,2.1818181818181817,11,1,CAMEL-9962,CAMEL,pre_ai,Improvement,0
960,3.8461538461538463,52,1,CAMEL-9963,CAMEL,pre_ai,Improvement,0
170,1.64,25,1,CAMEL-9916,CAMEL,pre_ai,New Feature,0
744,2.903225806451613,62,3,CAMEL-9966,CAMEL,pre_ai,Improvement,0
4784,2.4658823529411764,425,8,CAMEL-9955,CAMEL,pre_ai,Improvement,0
410,2.1818181818181817,44,2,CAMEL-9972,CAMEL,pre_ai,Bug,1
13,1.0,1,1,CAMEL-9976,CAMEL,pre_ai,Task,0
2540,2.408,250,9,CAMEL-6707,CAMEL,pre_ai,Improvement,0
527,9.5,14,1,CAMEL-9968,CAMEL,pre_ai,Bug,1
330,4.181818181818182,22,1,CAMEL-9973,CAMEL,pre_ai,Bug,1
536,3.25,44,1,CAMEL-9979,CAMEL,pre_ai,Improvement,0
961,4.2592592592592595,54,4,CAMEL-9970,CAMEL,pre_ai,Bug,1
1180,1.5885714285714285,175,3,CAMEL-9974,CAMEL,pre_ai,New Feature,0
1895,1.6366666666666667,300,2,CAMEL-9980,CAMEL,pre_ai,New Feature,0
84,2.0,9,1,CAMEL-9964,CAMEL,pre_ai,New Feature,0
83,5.0,4,1,CAMEL-9938,CAMEL,pre_ai,Improvement,0
516,3.1176470588235294,34,3,CAMEL-9982,CAMEL,pre_ai,Bug,1
668,1.0214285714285714,140,1,CAMEL-9978,CAMEL,pre_ai,Bug,1
183,1.5238095238095237,21,2,CAMEL-9983,CAMEL,pre_ai,Task,0
183,3.769230769230769,13,1,CAMEL-9984,CAMEL,pre_ai,Bug,1
245,4.636363636363637,11,1,CAMEL-9986,CAMEL,pre_ai,Bug,1
230,1.5925925925925926,27,4,CAMEL-9969,CAMEL,pre_ai,New Feature,0
782,1.3173076923076923,104,11,CAMEL-9888,CAMEL,pre_ai,New Feature,0
336,1.2833333333333334,60,2,CAMEL-9273,CAMEL,pre_ai,Improvement,0
45,4.0,2,1,CAMEL-9993,CAMEL,pre_ai,Bug,1
688,1.5294117647058822,102,2,CAMEL-9897,CAMEL,pre_ai,Improvement,0
194,1.85,20,3,CAMEL-9733,CAMEL,pre_ai,Wish,0
2163,1.8545454545454545,275,12,CAMEL-9046,CAMEL,pre_ai,Improvement,0
96,2.625,8,1,CAMEL-6439,CAMEL,pre_ai,Improvement,0
127,3.625,8,1,CAMEL-9826,CAMEL,pre_ai,Improvement,0
101,1.2857142857142858,14,2,CAMEL-10001,CAMEL,pre_ai,Improvement,0
9962,1.803404255319149,1175,43,CAMEL-9683,CAMEL,pre_ai,Improvement,0
3035,2.737037037037037,270,8,CAMEL-9996,CAMEL,pre_ai,Improvement,0
172,1.2857142857142858,28,3,CAMEL-9941,CAMEL,pre_ai,Bug,1
1443,1.9058823529411764,170,7,CAMEL-10003,CAMEL,pre_ai,Improvement,0
185,2.0625,16,1,CAMEL-10007,CAMEL,pre_ai,Improvement,0
439,2.0,52,2,CAMEL-10004,CAMEL,pre_ai,Improvement,0
85,1.1428571428571428,14,1,CAMEL-10006,CAMEL,pre_ai,New Feature,0
30,1.5,2,1,CAMEL-10011,CAMEL,pre_ai,Bug,1
39,1.0,5,1,CAMEL-10009,CAMEL,pre_ai,Bug,1
92,1.3333333333333333,12,1,CAMEL-10017,CAMEL,pre_ai,Bug,1
70,1.5714285714285714,7,1,CAMEL-10015,CAMEL,pre_ai,Bug,1
171,4.3,10,1,CAMEL-10014,CAMEL,pre_ai,Bug,1
32,1.5,2,1,CAMEL-10021,CAMEL,pre_ai,Improvement,0
48,2.0,3,2,CAMEL-10022,CAMEL,pre_ai,New Feature,0
2074,1.3627450980392157,306,12,CAMEL-10025,CAMEL,pre_ai,New Feature,0
1747,1.7311320754716981,212,23,CAMEL-9999,CAMEL,pre_ai,Improvement,0
631,1.6619718309859155,71,9,CAMEL-9997,CAMEL,pre_ai,Sub-task,0
856,1.1375,160,7,CAMEL-9989,CAMEL,pre_ai,New Feature,0
2739,1.4858611825192802,389,16,CAMEL-9988,CAMEL,pre_ai,New Feature,0
96,2.3333333333333335,6,1,CAMEL-10030,CAMEL,pre_ai,Improvement,0
60,1.5555555555555556,9,1,CAMEL-9419,CAMEL,pre_ai,New Feature,0
794,2.111111111111111,90,3,CAMEL-8668,CAMEL,pre_ai,Improvement,0
338,1.6346153846153846,52,1,CAMEL-10029,CAMEL,pre_ai,Improvement,0
251,1.6904761904761905,42,1,CAMEL-10016,CAMEL,pre_ai,Bug,1
27,2.5,2,1,CAMEL-10034,CAMEL,pre_ai,Bug,1
232,1.7,30,2,CAMEL-10032,CAMEL,pre_ai,Bug,1
387,3.6666666666666665,15,2,CAMEL-10039,CAMEL,pre_ai,Bug,1
617,2.260869565217391,69,1,CAMEL-10036,CAMEL,pre_ai,Improvement,0
577,1.203125,128,4,CAMEL-10042,CAMEL,pre_ai,Improvement,0
419,1.7333333333333334,60,1,CAMEL-10043,CAMEL,pre_ai,Bug,1
7193,2.282225237449118,737,30,CAMEL-9880,CAMEL,pre_ai,Improvement,0
103,1.6428571428571428,14,1,CAMEL-10192,CAMEL,pre_ai,Bug,1
484,3.870967741935484,31,1,CAMEL-10200,CAMEL,pre_ai,Bug,1
194,5.0,9,1,CAMEL-10201,CAMEL,pre_ai,Improvement,0
29,1.0,1,1,CAMEL-10184,CAMEL,pre_ai,Bug,1
3021,1.1886477462437395,599,23,CAMEL-10203,CAMEL,pre_ai,Improvement,0
267,1.6206896551724137,29,5,CAMEL-10057,CAMEL,pre_ai,Improvement,0
712,1.25,120,6,CAMEL-10189,CAMEL,pre_ai,Improvement,0
1175,4.705882352941177,51,6,CAMEL-10209,CAMEL,pre_ai,New Feature,0
778,2.459016393442623,61,5,CAMEL-10212,CAMEL,pre_ai,Improvement,0
3509,1.074523396880416,577,86,CAMEL-10041,CAMEL,pre_ai,Improvement,0
656,1.5841584158415842,101,2,CAMEL-10211,CAMEL,pre_ai,Improvement,0
170,1.8181818181818181,22,1,CAMEL-10215,CAMEL,pre_ai,Bug,1
1256,1.0528052805280528,303,2,CAMEL-10213,CAMEL,pre_ai,Improvement,0
48,1.6666666666666667,3,2,CAMEL-10207,CAMEL,pre_ai,Test,0
302,1.263157894736842,57,2,CAMEL-10216,CAMEL,pre_ai,Improvement,0
121,2.4545454545454546,11,1,CAMEL-10221,CAMEL,pre_ai,Bug,1
290,1.868421052631579,38,2,CAMEL-10185,CAMEL,pre_ai,Bug,1
164,3.3636363636363638,11,1,CAMEL-10195,CAMEL,pre_ai,Bug,1
336,4.5,18,4,CAMEL-10168,CAMEL,pre_ai,Improvement,0
189,1.6363636363636365,22,3,CAMEL-10223,CAMEL,pre_ai,Improvement,0
513,2.311111111111111,45,4,CAMEL-10196,CAMEL,pre_ai,Improvement,0
688,1.42,100,3,CAMEL-6616,CAMEL,pre_ai,Improvement,0
496,1.2735849056603774,106,1,CAMEL-10226,CAMEL,pre_ai,Improvement,0
299,2.3658536585365852,41,1,CAMEL-10210,CAMEL,pre_ai,Improvement,0
963,1.4846625766871167,163,5,CAMEL-10219,CAMEL,pre_ai,Improvement,0
156,1.8823529411764706,17,1,CAMEL-10233,CAMEL,pre_ai,Improvement,0
54,2.5,4,1,CAMEL-10234,CAMEL,pre_ai,Improvement,0
610,1.1696428571428572,112,2,CAMEL-10235,CAMEL,pre_ai,Improvement,0
468,2.757575757575758,33,1,CAMEL-10244,CAMEL,pre_ai,Bug,1
144,1.3888888888888888,18,2,CAMEL-8287,CAMEL,pre_ai,Improvement,0
96,5.333333333333333,3,1,CAMEL-10245,CAMEL,pre_ai,Improvement,0
219,1.7142857142857142,28,2,CAMEL-10246,CAMEL,pre_ai,Improvement,0
202,3.857142857142857,14,1,CAMEL-10229,CAMEL,pre_ai,Bug,1
1514,7.357142857142857,56,3,CAMEL-10248,CAMEL,pre_ai,Improvement,0
393,3.217391304347826,23,2,CAMEL-10171,CAMEL,pre_ai,Bug,1
89,1.3333333333333333,15,1,CAMEL-10253,CAMEL,pre_ai,Bug,1
251,7.142857142857143,7,1,CAMEL-10228,CAMEL,pre_ai,Improvement,0
142,1.0571428571428572,35,1,CAMEL-10257,CAMEL,pre_ai,Test,0
409,4.28,25,1,CAMEL-10254,CAMEL,pre_ai,Bug,1
172,4.4,10,1,CAMEL-10262,CAMEL,pre_ai,Improvement,0
237,1.0,62,1,CAMEL-10270,CAMEL,pre_ai,Improvement,0
109,2.1818181818181817,11,2,CAMEL-10268,CAMEL,pre_ai,Improvement,0
94,1.5,14,1,CAMEL-10255,CAMEL,pre_ai,New Feature,0
1033,2.7096774193548385,93,1,CAMEL-10273,CAMEL,pre_ai,Bug,1
89,4.0,4,2,CAMEL-10276,CAMEL,pre_ai,Improvement,0
332,6.363636363636363,11,1,CAMEL-10279,CAMEL,pre_ai,Bug,1
2799,2.1545189504373177,343,4,CAMEL-10275,CAMEL,pre_ai,Improvement,0
123,1.588235294117647,17,2,CAMEL-10282,CAMEL,pre_ai,Bug,1
259,1.7241379310344827,29,2,CAMEL-6399,CAMEL,pre_ai,New Feature,0
358,1.4833333333333334,60,3,CAMEL-10283,CAMEL,pre_ai,Wish,0
481,1.3333333333333333,81,5,CAMEL-10285,CAMEL,pre_ai,Improvement,0
564,3.2127659574468086,47,1,CAMEL-10286,CAMEL,pre_ai,New Feature,0
120,2.0,11,1,CAMEL-10280,CAMEL,pre_ai,Improvement,0
216,1.7407407407407407,27,1,CAMEL-10288,CAMEL,pre_ai,Improvement,0
239,2.076923076923077,26,1,CAMEL-10289,CAMEL,pre_ai,Improvement,0
224,1.96,25,1,CAMEL-10290,CAMEL,pre_ai,Improvement,0
269,8.3,10,1,CAMEL-10164,CAMEL,pre_ai,New Feature,0
985,2.75,88,1,CAMEL-10064,CAMEL,pre_ai,Bug,1
386,4.045454545454546,22,1,CAMEL-10414,CAMEL,pre_ai,Bug,1
1134,2.6116504854368934,103,4,CAMEL-10240,CAMEL,pre_ai,Improvement,0
408,3.066666666666667,30,2,CAMEL-10292,CAMEL,pre_ai,Improvement,0
580,3.276595744680851,47,1,CAMEL-10424,CAMEL,pre_ai,Improvement,0
3224,2.7303754266211606,293,1,CAMEL-10418,CAMEL,pre_ai,Bug,1
24,1.0,1,1,CAMEL-10412,CAMEL,pre_ai,Improvement,0
452,1.1958762886597938,97,2,CAMEL-10421,CAMEL,pre_ai,Improvement,0
26,1.0,4,1,CAMEL-10406,CAMEL,pre_ai,Bug,1
56,1.1428571428571428,7,1,CAMEL-10384,CAMEL,pre_ai,Bug,1
67,5.0,3,1,CAMEL-10430,CAMEL,pre_ai,Bug,1
118,8.5,4,1,CAMEL-10427,CAMEL,pre_ai,Bug,1
44,3.5,4,1,CAMEL-10431,CAMEL,pre_ai,Bug,1
383,1.576271186440678,59,2,CAMEL-10423,CAMEL,pre_ai,Improvement,0
1068,2.4299065420560746,107,7,CAMEL-10425,CAMEL,pre_ai,Bug,1
1027,1.2236842105263157,228,2,CAMEL-10441,CAMEL,pre_ai,Bug,1
969,3.9038461538461537,52,1,CAMEL-10394,CAMEL,pre_ai,Bug,1
1610,1.3771186440677967,236,1,CAMEL-10442,CAMEL,pre_ai,Bug,1
1531,4.033333333333333,90,6,CAMEL-10429,CAMEL,pre_ai,Bug,1
1243,1.5706806282722514,191,4,CAMEL-10448,CAMEL,pre_ai,Improvement,0
413,3.0,27,1,CAMEL-10444,CAMEL,pre_ai,Improvement,0
407,2.925925925925926,27,1,CAMEL-10443,CAMEL,pre_ai,Bug,1
660,1.183673469387755,98,18,CAMEL-10350,CAMEL,pre_ai,New Feature,0
1474,6.82258064516129,62,1,CAMEL-10434,CAMEL,pre_ai,Improvement,0
737,7.666666666666667,24,1,CAMEL-10449,CAMEL,pre_ai,Bug,1
344,2.814814814814815,27,2,CAMEL-10446,CAMEL,pre_ai,Improvement,0
589,3.3191489361702127,47,1,CAMEL-10450,CAMEL,pre_ai,Improvement,0
1123,6.666666666666667,39,1,CAMEL-10186,CAMEL,pre_ai,Improvement,0
2528,1.1737451737451738,518,2,CAMEL-10457,CAMEL,pre_ai,Task,0
2382,1.3893333333333333,375,5,CAMEL-10438,CAMEL,pre_ai,Improvement,0
94,1.7333333333333334,15,1,CAMEL-9597,CAMEL,pre_ai,Improvement,0
664,3.5641025641025643,39,3,CAMEL-10451,CAMEL,pre_ai,Improvement,0
242,2.25,20,2,CAMEL-10426,CAMEL,pre_ai,Improvement,0
553,2.310344827586207,58,1,CAMEL-10460,CAMEL,pre_ai,Bug,1
68,1.0,1,1,CAMEL-10467,CAMEL,pre_ai,Bug,1
83,1.7777777777777777,9,1,CAMEL-10470,CAMEL,pre_ai,Improvement,0
58,1.8571428571428572,7,1,CAMEL-10468,CAMEL,pre_ai,Improvement,0
1821,1.369811320754717,265,2,CAMEL-10473,CAMEL,pre_ai,Improvement,0
3613,2.777089783281734,323,2,CAMEL-10462,CAMEL,pre_ai,Improvement,0
143,1.125,24,2,CAMEL-10178,CAMEL,pre_ai,New Feature,0
30,1.5,2,1,CAMEL-10480,CAMEL,pre_ai,Bug,1
86,1.0,1,1,CAMEL-10479,CAMEL,pre_ai,Improvement,0
208,1.4642857142857142,28,1,CAMEL-10454,CAMEL,pre_ai,Bug,1
152,4.0,5,1,CAMEL-10453,CAMEL,pre_ai,Bug,1
1958,1.2655601659751037,241,19,CAMEL-10482,CAMEL,pre_ai,Improvement,0
2072,1.2897959183673469,245,19,CAMEL-10488,CAMEL,pre_ai,Improvement,0
81,4.0,3,2,CAMEL-10491,CAMEL,pre_ai,Improvement,0
412,1.4655172413793103,58,3,CAMEL-10489,CAMEL,pre_ai,New Feature,0
227,3.1875,16,1,CAMEL-10499,CAMEL,pre_ai,Bug,1
413,4.454545454545454,22,1,CAMEL-10502,CAMEL,pre_ai,Task,0
283,3.2,20,3,CAMEL-10494,CAMEL,pre_ai,New Feature,0
594,2.7708333333333335,48,3,CAMEL-10503,CAMEL,pre_ai,Improvement,0
101,1.75,12,1,CAMEL-10505,CAMEL,pre_ai,Bug,1
903,1.7425742574257426,101,5,CAMEL-10507,CAMEL,pre_ai,Improvement,0
438,1.0,116,1,CAMEL-10472,CAMEL,pre_ai,New Feature,0
682,6.681818181818182,22,3,CAMEL-10510,CAMEL,pre_ai,Bug,1
94,2.0,9,3,CAMEL-10518,CAMEL,pre_ai,Task,0
7559,2.1561238223418573,743,25,CAMEL-10517,CAMEL,pre_ai,Task,0
45,3.0,3,1,CAMEL-10520,CAMEL,pre_ai,Bug,1
6467,1.217628705148206,1282,35,CAMEL-10516,CAMEL,pre_ai,Task,0
409,4.28,25,1,CAMEL-10527,CAMEL,pre_ai,Improvement,0
1665,2.707865168539326,89,12,CAMEL-10514,CAMEL,pre_ai,Bug,1
58,1.0,3,2,CAMEL-10436,CAMEL,pre_ai,Improvement,0
27,1.0,1,1,CAMEL-10524,CAMEL,pre_ai,Bug,1
939,3.4545454545454546,66,4,CAMEL-10175,CAMEL,pre_ai,Improvement,0
223,3.7857142857142856,14,1,CAMEL-10539,CAMEL,pre_ai,Bug,1
208,3.5384615384615383,13,1,CAMEL-10509,CAMEL,pre_ai,Improvement,0
381,1.8222222222222222,45,3,CAMEL-10492,CAMEL,pre_ai,Bug,1
413,2.272727272727273,44,1,CAMEL-10519,CAMEL,pre_ai,Improvement,0
206,1.84,25,1,CAMEL-10490,CAMEL,pre_ai,Bug,1
2214,5.352941176470588,119,4,CAMEL-10680,CAMEL,pre_ai,Improvement,0
335,3.7222222222222223,18,1,CAMEL-10677,CAMEL,pre_ai,Bug,1
1112,2.257425742574257,101,5,CAMEL-10678,CAMEL,pre_ai,Improvement,0
142,1.35,20,2,CAMEL-10688,CAMEL,pre_ai,Bug,1
1546,6.166666666666667,72,2,CAMEL-10684,CAMEL,pre_ai,Improvement,0
67,1.2222222222222223,9,1,CAMEL-10692,CAMEL,pre_ai,Bug,1
3221,2.7303754266211606,293,1,CAMEL-10689,CAMEL,pre_ai,Bug,1
206,1.3928571428571428,28,4,CAMEL-10690,CAMEL,pre_ai,New Feature,0
350,2.92,25,1,CAMEL-10695,CAMEL,pre_ai,Bug,1
217,1.4,30,1,CAMEL-10577,CAMEL,pre_ai,Improvement,0
1614,5.822784810126582,79,3,CAMEL-10699,CAMEL,pre_ai,Improvement,0
145,3.7142857142857144,7,1,CAMEL-10697,CAMEL,pre_ai,Improvement,0
247,1.8,25,3,CAMEL-10701,CAMEL,pre_ai,Bug,1
340,1.5833333333333333,48,5,CAMEL-10702,CAMEL,pre_ai,Improvement,0
14249,1.7950868783702816,1669,94,CAMEL-10638,CAMEL,pre_ai,Improvement,0
1827,6.108433734939759,83,4,CAMEL-10703,CAMEL,pre_ai,Improvement,0
1108,5.359375,64,4,CAMEL-10696,CAMEL,pre_ai,New Feature,0
282,2.1714285714285713,35,1,CAMEL-10704,CAMEL,pre_ai,Bug,1
781,1.0903225806451613,155,1,CAMEL-10705,CAMEL,pre_ai,Improvement,0
1714,6.888888888888889,72,1,CAMEL-10700,CAMEL,pre_ai,Improvement,0
123,1.3846153846153846,13,1,CAMEL-10459,CAMEL,pre_ai,Improvement,0
257,1.2941176470588236,34,8,CAMEL-10709,CAMEL,pre_ai,Bug,1
4119,1.4259259259259258,648,16,CAMEL-10698,CAMEL,pre_ai,Improvement,0
1843,1.4423791821561338,269,15,CAMEL-10710,CAMEL,pre_ai,Improvement,0
788,4.878048780487805,41,1,CAMEL-10712,CAMEL,pre_ai,Bug,1
1058,2.0,129,1,CAMEL-10708,CAMEL,pre_ai,Bug,1
272,4.0476190476190474,21,2,CAMEL-10707,CAMEL,pre_ai,Bug,1
197,1.4210526315789473,19,1,CAMEL-10716,CAMEL,pre_ai,Bug,1
176,2.0,17,2,CAMEL-10691,CAMEL,pre_ai,Improvement,0
354,1.9722222222222223,36,1,CAMEL-10713,CAMEL,pre_ai,Bug,1
131,3.0,9,2,CAMEL-10720,CAMEL,pre_ai,Improvement,0
869,1.4097222222222223,144,3,CAMEL-10722,CAMEL,pre_ai,Improvement,0
103,1.1578947368421053,19,1,CAMEL-10723,CAMEL,pre_ai,Task,0
92,1.2142857142857142,14,1,CAMEL-9945,CAMEL,pre_ai,Improvement,0
644,2.6166666666666667,60,4,CAMEL-10725,CAMEL,pre_ai,Improvement,0
1226,1.0,324,1,CAMEL-10726,CAMEL,pre_ai,Improvement,0
330,1.6585365853658536,41,3,CAMEL-10719,CAMEL,pre_ai,New Feature,0
797,4.951219512195122,41,1,CAMEL-10727,CAMEL,pre_ai,Bug,1
31,1.0,2,1,CAMEL-10731,CAMEL,pre_ai,Task,0
42,1.125,8,1,CAMEL-10732,CAMEL,pre_ai,Bug,1
1177,2.2336448598130842,107,14,CAMEL-9210,CAMEL,pre_ai,Improvement,0
224,1.3888888888888888,36,2,CAMEL-10734,CAMEL,pre_ai,Improvement,0
647,4.1521739130434785,46,2,CAMEL-10737,CAMEL,pre_ai,Improvement,0
489,2.789473684210526,38,3,CAMEL-10711,CAMEL,pre_ai,New Feature,0
56,1.0,9,2,CAMEL-10546,CAMEL,pre_ai,Improvement,0
63,1.4,10,1,CAMEL-10736,CAMEL,pre_ai,Bug,1
49,6.0,2,1,CAMEL-10738,CAMEL,pre_ai,Bug,1
248,2.7222222222222223,18,2,CAMEL-10730,CAMEL,pre_ai,New Feature,0
156,1.25,28,1,CAMEL-10741,CAMEL,pre_ai,Bug,1
134,2.1538461538461537,13,1,CAMEL-10747,CAMEL,pre_ai,Bug,1
568,1.0465116279069768,129,1,CAMEL-10759,CAMEL,pre_ai,Improvement,0
118,1.0,26,1,CAMEL-10764,CAMEL,pre_ai,Improvement,0
467,2.8048780487804876,41,3,CAMEL-10745,CAMEL,pre_ai,Improvement,0
2153,1.3244837758112094,339,28,CAMEL-10761,CAMEL,pre_ai,Improvement,0
141,8.75,4,1,CAMEL-10767,CAMEL,pre_ai,Bug,1
125,2.5714285714285716,7,1,CAMEL-10769,CAMEL,pre_ai,Improvement,0
1058,2.0,129,1,CAMEL-10771,CAMEL,pre_ai,Bug,1
9770,2.6562009419152277,637,58,CAMEL-10542,CAMEL,pre_ai,Bug,1
700,5.586206896551724,29,1,CAMEL-10775,CAMEL,pre_ai,New Feature,0
167,1.8421052631578947,19,1,CAMEL-10783,CAMEL,pre_ai,Bug,1
1210,12.758620689655173,29,1,CAMEL-10774,CAMEL,pre_ai,New Feature,0
235,1.5,30,1,CAMEL-10714,CAMEL,pre_ai,Improvement,0
178,1.0232558139534884,43,1,CAMEL-10729,CAMEL,pre_ai,Improvement,0
994,2.752808988764045,89,1,CAMEL-10788,CAMEL,pre_ai,Bug,1
3193,1.6838235294117647,408,5,CAMEL-10682,CAMEL,pre_ai,Improvement,0
3587,2.6088235294117648,340,2,CAMEL-10797,CAMEL,pre_ai,Improvement,0
1011,1.3818181818181818,165,5,CAMEL-10801,CAMEL,pre_ai,Improvement,0
410,3.857142857142857,21,2,CAMEL-10800,CAMEL,pre_ai,Improvement,0
418,2.823529411764706,34,1,CAMEL-10756,CAMEL,pre_ai,Bug,1
296,5.909090909090909,11,1,CAMEL-10607,CAMEL,pre_ai,Improvement,0
304,1.1470588235294117,34,19,CAMEL-6289,CAMEL,pre_ai,Improvement,0
233,2.0,22,2,CAMEL-10812,CAMEL,pre_ai,Improvement,0
1013,1.976923076923077,130,3,CAMEL-10344,CAMEL,pre_ai,New Feature,0
50,4.333333333333333,3,1,CAMEL-10548,CAMEL,pre_ai,Bug,1
523,1.8867924528301887,53,6,CAMEL-10486,CAMEL,pre_ai,Bug,1
567,2.358490566037736,53,1,CAMEL-10556,CAMEL,pre_ai,Bug,1
55,1.5,6,1,CAMEL-10513,CAMEL,pre_ai,Improvement,0
776,1.6699029126213591,103,1,CAMEL-10558,CAMEL,pre_ai,Improvement,0
445,12.333333333333334,9,1,CAMEL-10559,CAMEL,pre_ai,New Feature,0
12498,2.0326295585412666,521,170,CAMEL-10550,CAMEL,pre_ai,Improvement,0
5737,2.463709677419355,248,70,CAMEL-10551,CAMEL,pre_ai,Improvement,0
33588,1.2036768263183357,4134,454,CAMEL-10622,CAMEL,pre_ai,Task,0
67,1.1818181818181819,11,1,CAMEL-10562,CAMEL,pre_ai,Bug,1
144,1.8421052631578947,19,1,CAMEL-10568,CAMEL,pre_ai,Bug,1
719,7.913043478260869,23,1,CAMEL-10578,CAMEL,pre_ai,Bug,1
103,1.5,18,2,CAMEL-10575,CAMEL,pre_ai,Improvement,0
6343,2.778225806451613,248,70,CAMEL-10584,CAMEL,pre_ai,Improvement,0
328,4.428571428571429,14,2,CAMEL-10579,CAMEL,pre_ai,Bug,1
1266,2.992063492063492,126,9,CAMEL-10027,CAMEL,pre_ai,Improvement,0
1042,1.2955665024630543,203,4,CAMEL-10589,CAMEL,pre_ai,Improvement,0
910,1.1767676767676767,198,3,CAMEL-10588,CAMEL,pre_ai,New Feature,0
488,2.558139534883721,43,1,CAMEL-10573,CAMEL,pre_ai,Bug,1
291,2.8421052631578947,19,3,CAMEL-10563,CAMEL,pre_ai,Improvement,0
281,1.4375,48,1,CAMEL-10576,CAMEL,pre_ai,Improvement,0
333,2.375,32,2,CAMEL-10581,CAMEL,pre_ai,Bug,1
133,4.0,6,1,CAMEL-10594,CAMEL,pre_ai,Bug,1
48,1.25,4,1,CAMEL-10598,CAMEL,pre_ai,Task,0
426,13.11111111111111,9,1,CAMEL-10597,CAMEL,pre_ai,Bug,1
1577,1.4879227053140096,207,16,CAMEL-10571,CAMEL,pre_ai,Improvement,0
955,1.6989247311827957,93,14,CAMEL-10593,CAMEL,pre_ai,New Feature,0
541,1.611764705882353,85,2,CAMEL-10604,CAMEL,pre_ai,Improvement,0
488,1.2613636363636365,88,3,CAMEL-10271,CAMEL,pre_ai,Bug,1
127,1.6,15,1,CAMEL-10603,CAMEL,pre_ai,Bug,1
461,1.9444444444444444,54,1,CAMEL-10606,CAMEL,pre_ai,Improvement,0
382,13.333333333333334,9,1,CAMEL-10609,CAMEL,pre_ai,New Feature,0
8248,2.3333333333333335,300,100,CAMEL-10552,CAMEL,pre_ai,Improvement,0
2159,2.8010752688172045,186,27,CAMEL-10511,CAMEL,pre_ai,Bug,1
189,4.833333333333333,6,2,CAMEL-10608,CAMEL,pre_ai,New Feature,0
712,13.416666666666666,12,1,CAMEL-10592,CAMEL,pre_ai,Improvement,0
336,3.4,20,1,CAMEL-10615,CAMEL,pre_ai,Task,0
171,2.3846153846153846,13,2,CAMEL-10599,CAMEL,pre_ai,New Feature,0
700,1.5405405405405406,111,2,CAMEL-10619,CAMEL,pre_ai,Improvement,0
1094,1.6598639455782314,147,4,CAMEL-10617,CAMEL,pre_ai,Improvement,0
1032,2.0,126,1,CAMEL-10623,CAMEL,pre_ai,Task,0
1060,2.74468085106383,94,1,CAMEL-10628,CAMEL,pre_ai,Bug,1
610,1.4343434343434343,99,2,CAMEL-10625,CAMEL,pre_ai,Improvement,0
3267,1.1913183279742765,622,3,CAMEL-10629,CAMEL,pre_ai,Improvement,0
1199,2.0522388059701493,134,15,CAMEL-10574,CAMEL,pre_ai,New Feature,0
81,1.4166666666666667,12,1,CAMEL-10637,CAMEL,pre_ai,Task,0
4016,1.4321766561514195,634,5,CAMEL-10636,CAMEL,pre_ai,Improvement,0
148,1.5238095238095237,21,1,CAMEL-10640,CAMEL,pre_ai,Bug,1
423,1.8125,64,2,CAMEL-10644,CAMEL,pre_ai,Bug,1
1091,1.5119047619047619,168,5,CAMEL-10643,CAMEL,pre_ai,Improvement,0
249,1.2222222222222223,45,2,CAMEL-10635,CAMEL,pre_ai,Bug,1
730,1.7386363636363635,88,4,CAMEL-10648,CAMEL,pre_ai,Improvement,0
401,1.7258064516129032,62,2,CAMEL-10645,CAMEL,pre_ai,Bug,1
499,1.6818181818181819,66,1,CAMEL-10653,CAMEL,pre_ai,Bug,1
998,9.451612903225806,31,3,CAMEL-10649,CAMEL,pre_ai,Task,0
977,11.76,25,1,CAMEL-10655,CAMEL,pre_ai,Improvement,0
39,1.0,3,2,CAMEL-10464,CAMEL,pre_ai,Bug,1
141,1.5555555555555556,18,2,CAMEL-10658,CAMEL,pre_ai,Improvement,0
68,5.0,3,1,CAMEL-10661,CAMEL,pre_ai,Improvement,0
95,6.666666666666667,3,1,CAMEL-10662,CAMEL,pre_ai,Improvement,0
575,1.0377358490566038,106,1,CAMEL-10667,CAMEL,pre_ai,Improvement,0
3032,1.9642857142857142,364,10,CAMEL-10272,CAMEL,pre_ai,Bug,1
74,1.4545454545454546,11,3,CAMEL-10572,CAMEL,pre_ai,Improvement,0
790,3.037037037037037,54,3,CAMEL-10530,CAMEL,pre_ai,Sub-task,0
566,2.0,58,6,CAMEL-10790,CAMEL,pre_ai,Improvement,0
5192,1.231060606060606,1056,58,CAMEL-10633,CAMEL,pre_ai,Improvement,0
23,1.0,3,1,CAMEL-10804,CAMEL,pre_ai,New Feature,0
1370,1.4230769230769231,208,8,CAMEL-10335,CAMEL,pre_ai,Improvement,0
209,3.6153846153846154,13,1,CAMEL-10817,CAMEL,pre_ai,Bug,1
32,1.0,3,3,CAMEL-10808,CAMEL,pre_ai,Improvement,0
3168,1.0975609756097562,123,11,CAMEL-10811,CAMEL,pre_ai,Improvement,0
234,1.9130434782608696,23,4,CAMEL-10819,CAMEL,pre_ai,Improvement,0
64,2.1666666666666665,6,1,CAMEL-10822,CAMEL,pre_ai,Bug,1
2471,4.742647058823529,136,9,CAMEL-10746,CAMEL,pre_ai,Improvement,0
2329,2.4038461538461537,260,8,CAMEL-10532,CAMEL,pre_ai,Sub-task,0
88,1.4285714285714286,14,1,CAMEL-10824,CAMEL,pre_ai,Task,0
743,7.75,24,1,CAMEL-10830,CAMEL,pre_ai,Bug,1
51,1.8,5,1,CAMEL-10585,CAMEL,pre_ai,Improvement,0
608,2.5901639344262297,61,1,CAMEL-10813,CAMEL,pre_ai,Improvement,0
115,1.2,10,3,CAMEL-10832,CAMEL,pre_ai,Improvement,0
320,1.1764705882352942,68,2,CAMEL-10827,CAMEL,pre_ai,Improvement,0
210,3.0833333333333335,12,1,CAMEL-10826,CAMEL,pre_ai,Improvement,0
1116,1.2792792792792793,222,3,CAMEL-10836,CAMEL,pre_ai,Improvement,0
788,4.878048780487805,41,1,CAMEL-10841,CAMEL,pre_ai,Bug,1
200,1.3333333333333333,24,2,CAMEL-10838,CAMEL,pre_ai,Improvement,0
393,5.5625,16,1,CAMEL-10842,CAMEL,pre_ai,Improvement,0
364,1.8863636363636365,44,1,CAMEL-10855,CAMEL,pre_ai,Bug,1
377,5.166666666666667,12,1,CAMEL-10848,CAMEL,pre_ai,Improvement,0
954,3.7049180327868854,61,2,CAMEL-10850,CAMEL,pre_ai,Improvement,0
513,1.2568807339449541,109,2,CAMEL-10853,CAMEL,pre_ai,Improvement,0
1890,4.484615384615385,130,2,CAMEL-10396,CAMEL,pre_ai,Bug,1
222,1.6551724137931034,29,1,CAMEL-10860,CAMEL,pre_ai,Improvement,0
251,1.71875,32,1,CAMEL-10861,CAMEL,pre_ai,Improvement,0
313,2.625,32,1,CAMEL-10851,CAMEL,pre_ai,Improvement,0
5958,2.809917355371901,484,13,CAMEL-10844,CAMEL,pre_ai,Improvement,0
171,1.875,16,1,CAMEL-10856,CAMEL,pre_ai,Bug,1
296,2.03125,32,2,CAMEL-10862,CAMEL,pre_ai,Improvement,0
491,6.714285714285714,21,1,CAMEL-10870,CAMEL,pre_ai,Improvement,0
129,1.0,8,2,CAMEL-10865,CAMEL,pre_ai,New Feature,0
209,3.727272727272727,11,2,CAMEL-10871,CAMEL,pre_ai,Improvement,0
1069,2.7473684210526317,95,1,CAMEL-10874,CAMEL,pre_ai,Bug,1
196,1.0588235294117647,34,4,CAMEL-10686,CAMEL,pre_ai,Improvement,0
679,1.64,100,2,CAMEL-10538,CAMEL,pre_ai,Sub-task,0
369,1.3888888888888888,36,10,CAMEL-10868,CAMEL,pre_ai,New Feature,0
180,1.0833333333333333,36,1,CAMEL-10886,CAMEL,pre_ai,Improvement,0
271,2.1666666666666665,24,3,CAMEL-10882,CAMEL,pre_ai,Improvement,0
245,2.5,22,4,CAMEL-10828,CAMEL,pre_ai,New Feature,0
722,1.8461538461538463,91,3,CAMEL-10878,CAMEL,pre_ai,Improvement,0
271,1.4871794871794872,39,1,CAMEL-10802,CAMEL,pre_ai,Bug,1
41,1.2857142857142858,7,1,CAMEL-10893,CAMEL,pre_ai,Bug,1
652,5.444444444444445,27,1,CAMEL-10869,CAMEL,pre_ai,Improvement,0
1061,3.65,60,3,CAMEL-10611,CAMEL,pre_ai,Improvement,0
319,1.2553191489361701,47,2,CAMEL-5271,CAMEL,pre_ai,New Feature,0
162,1.894736842105263,19,2,CAMEL-10873,CAMEL,pre_ai,Bug,1
491,3.0384615384615383,26,2,CAMEL-10849,CAMEL,pre_ai,Bug,1
172,1.565217391304348,23,1,CAMEL-10894,CAMEL,pre_ai,Improvement,0
107,2.75,8,1,CAMEL-10888,CAMEL,pre_ai,Bug,1
104,4.25,4,1,CAMEL-10898,CAMEL,pre_ai,New Feature,0
988,1.2754491017964071,167,2,CAMEL-10901,CAMEL,pre_ai,New Feature,0
438,1.0909090909090908,77,5,CAMEL-10897,CAMEL,pre_ai,New Feature,0
314,2.0789473684210527,38,2,CAMEL-10782,CAMEL,pre_ai,Bug,1
415,1.7962962962962963,54,2,CAMEL-10749,CAMEL,pre_ai,Improvement,0
294,2.259259259259259,27,2,CAMEL-5716,CAMEL,pre_ai,Improvement,0
286,4.235294117647059,17,1,CAMEL-10789,CAMEL,pre_ai,Bug,1
23,1.3333333333333333,3,1,CAMEL-10915,CAMEL,pre_ai,New Feature,0
411,5.6875,16,2,CAMEL-10721,CAMEL,pre_ai,New Feature,0
89,3.125,8,1,CAMEL-10537,CAMEL,pre_ai,Bug,1
63,1.1,10,1,CAMEL-10907,CAMEL,pre_ai,Improvement,0
63,1.1,10,1,CAMEL-10906,CAMEL,pre_ai,Bug,1
44,1.6,5,1,CAMEL-10914,CAMEL,pre_ai,Bug,1
311,4.4375,16,1,CAMEL-10926,CAMEL,pre_ai,Improvement,0
3108,2.8653846153846154,260,7,CAMEL-10917,CAMEL,pre_ai,Improvement,0
1772,1.8703703703703705,216,5,CAMEL-10596,CAMEL,pre_ai,New Feature,0
630,2.6065573770491803,61,1,CAMEL-10928,CAMEL,pre_ai,Bug,1
857,4.195652173913044,46,3,CAMEL-10929,CAMEL,pre_ai,Bug,1
2621,1.4075949367088607,395,5,CAMEL-9372,CAMEL,pre_ai,Improvement,0
208,1.4642857142857142,28,1,CAMEL-10934,CAMEL,pre_ai,Improvement,0
246,1.8421052631578947,19,1,CAMEL-10927,CAMEL,pre_ai,New Feature,0
1707,2.7430555555555554,144,7,CAMEL-4641,CAMEL,pre_ai,Improvement,0
1057,1.2793296089385475,179,3,CAMEL-10586,CAMEL,pre_ai,Improvement,0
631,2.6065573770491803,61,1,CAMEL-10939,CAMEL,pre_ai,Bug,1
1019,3.076923076923077,78,2,CAMEL-10940,CAMEL,pre_ai,Improvement,0
8054,2.2531645569620253,395,108,CAMEL-10937,CAMEL,pre_ai,Improvement,0
809,1.0736196319018405,163,1,CAMEL-10944,CAMEL,pre_ai,Improvement,0
127,3.111111111111111,9,1,CAMEL-8351,CAMEL,pre_ai,Improvement,0
223,1.2291666666666667,48,2,CAMEL-10945,CAMEL,pre_ai,Test,0
449,3.409090909090909,22,1,CAMEL-10904,CAMEL,pre_ai,Sub-task,0
40,1.0,5,1,CAMEL-10948,CAMEL,pre_ai,Bug,1
890,1.781512605042017,119,6,CAMEL-10950,CAMEL,pre_ai,New Feature,0
918,1.5789473684210527,114,10,CAMEL-9047,CAMEL,pre_ai,Improvement,0
892,1.2321428571428572,168,4,CAMEL-10912,CAMEL,pre_ai,Bug,1
1386,3.3488372093023258,129,2,CAMEL-10820,CAMEL,pre_ai,Bug,1
234,2.0952380952380953,21,2,CAMEL-10953,CAMEL,pre_ai,Improvement,0
201,1.4210526315789473,19,1,CAMEL-10957,CAMEL,pre_ai,Improvement,0
3335,1.4107452339688042,577,7,CAMEL-10951,CAMEL,pre_ai,Bug,1
14,1.0,1,1,CAMEL-10881,CAMEL,pre_ai,Task,0
285,1.1590909090909092,44,5,CAMEL-10872,CAMEL,pre_ai,Task,0
36,1.0,4,1,CAMEL-10963,CAMEL,pre_ai,Bug,1
1631,1.9948979591836735,196,3,CAMEL-10974,CAMEL,pre_ai,Task,0
506,1.3673469387755102,49,5,CAMEL-10975,CAMEL,pre_ai,Improvement,0
1307,1.821656050955414,157,9,CAMEL-10973,CAMEL,pre_ai,Task,0
623,1.1403508771929824,57,5,CAMEL-10967,CAMEL,pre_ai,Improvement,0
601,5.038461538461538,26,2,CAMEL-7862,CAMEL,pre_ai,Improvement,0
4358,2.774025974025974,385,7,CAMEL-10970,CAMEL,pre_ai,Improvement,0
5424,2.075993091537133,579,45,CAMEL-10923,CAMEL,pre_ai,Sub-task,0
5424,2.075993091537133,579,45,CAMEL-10924,CAMEL,pre_ai,Sub-task,0
289,1.6956521739130435,46,1,CAMEL-10984,CAMEL,pre_ai,Improvement,0
622,2.2753623188405796,69,1,CAMEL-10931,CAMEL,pre_ai,Bug,1
62,2.0,7,1,CAMEL-10980,CAMEL,pre_ai,Bug,1
983,3.8867924528301887,53,1,CAMEL-10983,CAMEL,pre_ai,Improvement,0
408,3.066666666666667,30,2,CAMEL-10961,CAMEL,pre_ai,Bug,1
194,1.3928571428571428,28,1,CAMEL-10986,CAMEL,pre_ai,New Feature,0
236,3.235294117647059,17,1,CAMEL-10993,CAMEL,pre_ai,Improvement,0
300,2.6153846153846154,26,3,CAMEL-10998,CAMEL,pre_ai,Improvement,0
165,2.0,17,1,CAMEL-11002,CAMEL,pre_ai,Bug,1
171,1.1290322580645162,31,2,CAMEL-11003,CAMEL,pre_ai,Improvement,0
6356,3.3617424242424243,528,22,CAMEL-10795,CAMEL,pre_ai,New Feature,0
3519,1.7876712328767124,584,10,CAMEL-11007,CAMEL,pre_ai,Bug,1
171,1.565217391304348,23,1,CAMEL-11000,CAMEL,pre_ai,Bug,1
317,4.333333333333333,12,2,CAMEL-10978,CAMEL,pre_ai,Improvement,0
343,6.454545454545454,11,1,CAMEL-11008,CAMEL,pre_ai,Bug,1
768,2.7023809523809526,84,2,CAMEL-10913,CAMEL,pre_ai,Bug,1
399,5.411764705882353,17,1,CAMEL-11012,CAMEL,pre_ai,Bug,1
26,1.0,6,1,CAMEL-10791,CAMEL,pre_ai,Improvement,0
7471,1.0,1940,27,CAMEL-10995,CAMEL,pre_ai,Improvement,0
8348,1.920251836306401,953,16,CAMEL-10992,CAMEL,pre_ai,Sub-task,0
614,4.84,25,1,CAMEL-11015,CAMEL,pre_ai,Bug,1
2203,1.7142857142857142,280,6,CAMEL-11013,CAMEL,pre_ai,New Feature,0
183,2.0,16,1,CAMEL-10920,CAMEL,pre_ai,New Feature,0
157,1.2857142857142858,21,3,CAMEL-11018,CAMEL,pre_ai,Improvement,0
335,4.636363636363637,11,1,CAMEL-10799,CAMEL,pre_ai,Improvement,0
479,2.0,59,1,CAMEL-11022,CAMEL,pre_ai,Task,0
85,1.75,4,2,CAMEL-11023,CAMEL,pre_ai,Improvement,0
290,4.157894736842105,19,1,CAMEL-11025,CAMEL,pre_ai,Improvement,0
5225,1.663594470046083,651,17,CAMEL-10991,CAMEL,pre_ai,Sub-task,0
104,2.5714285714285716,7,1,CAMEL-11020,CAMEL,pre_ai,Bug,1
582,7.578947368421052,19,2,CAMEL-11026,CAMEL,pre_ai,Bug,1
909,2.1809523809523808,105,6,CAMEL-10976,CAMEL,pre_ai,Improvement,0
406,2.2941176470588234,34,6,CAMEL-11027,CAMEL,pre_ai,Improvement,0
413,4.291666666666667,24,1,CAMEL-11313,CAMEL,pre_ai,Improvement,0
267,1.6666666666666667,30,4,CAMEL-11266,CAMEL,pre_ai,Bug,1
23,1.0,1,1,CAMEL-11242,CAMEL,pre_ai,Sub-task,0
637,2.196969696969697,66,3,CAMEL-11254,CAMEL,pre_ai,Improvement,0
219,1.2727272727272727,33,3,CAMEL-11319,CAMEL,pre_ai,Improvement,0
705,3.4871794871794872,39,3,CAMEL-11310,CAMEL,pre_ai,Improvement,0
159,1.2592592592592593,27,2,CAMEL-11320,CAMEL,pre_ai,Task,0
964,1.271356783919598,199,3,CAMEL-11215,CAMEL,pre_ai,Bug,1
619,1.1711711711711712,111,6,CAMEL-11318,CAMEL,pre_ai,Improvement,0
25,1.0,2,2,CAMEL-11311,CAMEL,pre_ai,Task,0
399,2.1454545454545455,55,1,CAMEL-11330,CAMEL,pre_ai,Improvement,0
626,2.754385964912281,57,1,CAMEL-11339,CAMEL,pre_ai,Improvement,0
437,2.16,25,3,CAMEL-11337,CAMEL,pre_ai,New Feature,0
52,1.1428571428571428,7,2,CAMEL-11341,CAMEL,pre_ai,Improvement,0
453,2.06,50,1,CAMEL-11342,CAMEL,pre_ai,Improvement,0
728,3.1785714285714284,56,4,CAMEL-11347,CAMEL,pre_ai,Improvement,0
32,1.1428571428571428,7,1,CAMEL-11346,CAMEL,pre_ai,Improvement,0
739,9.148148148148149,27,1,CAMEL-11349,CAMEL,pre_ai,Improvement,0
41,1.1428571428571428,7,1,CAMEL-11350,CAMEL,pre_ai,Improvement,0
576,2.9130434782608696,46,2,CAMEL-11351,CAMEL,pre_ai,Improvement,0
170,2.3846153846153846,13,2,CAMEL-11343,CAMEL,pre_ai,Improvement,0
274,1.5,36,2,CAMEL-11353,CAMEL,pre_ai,Improvement,0
1378,1.644578313253012,166,15,CAMEL-11340,CAMEL,pre_ai,Improvement,0
154,3.3636363636363638,11,1,CAMEL-11355,CAMEL,pre_ai,Improvement,0
243,1.9285714285714286,28,1,CAMEL-11359,CAMEL,pre_ai,Improvement,0
61,2.0,5,1,CAMEL-11352,CAMEL,pre_ai,Bug,1
401,1.0,112,1,CAMEL-11365,CAMEL,pre_ai,Improvement,0
176,3.125,8,1,CAMEL-11356,CAMEL,pre_ai,Task,0
5026,2.1353135313531353,303,76,CAMEL-11243,CAMEL,pre_ai,Sub-task,0
3426,2.5714285714285716,329,1,CAMEL-10988,CAMEL,pre_ai,Improvement,0
320,2.875,24,2,CAMEL-11364,CAMEL,pre_ai,Improvement,0
561,5.483870967741935,31,2,CAMEL-11363,CAMEL,pre_ai,Improvement,0
58,1.125,8,1,CAMEL-11335,CAMEL,pre_ai,New Feature,0
4958,2.3043478260869565,529,6,CAMEL-11368,CAMEL,pre_ai,Improvement,0
259,5.230769230769231,13,1,CAMEL-11377,CAMEL,pre_ai,Improvement,0
553,2.413793103448276,58,4,CAMEL-11375,CAMEL,pre_ai,Improvement,0
892,1.0,220,12,CAMEL-11369,CAMEL,pre_ai,Bug,1
1448,1.5357142857142858,196,20,CAMEL-11315,CAMEL,pre_ai,Sub-task,0
597,3.3617021276595747,47,1,CAMEL-11188,CAMEL,pre_ai,Improvement,0
170,8.285714285714286,7,1,CAMEL-11348,CAMEL,pre_ai,Improvement,0
94,1.4,10,1,CAMEL-11373,CAMEL,pre_ai,New Feature,0
68,2.0,8,1,CAMEL-11382,CAMEL,pre_ai,Bug,1
9253,2.0217391304347827,1058,16,CAMEL-11380,CAMEL,pre_ai,Improvement,0
186,2.142857142857143,14,1,CAMEL-11386,CAMEL,pre_ai,Bug,1
778,1.4806201550387597,129,2,CAMEL-11384,CAMEL,pre_ai,Improvement,0
453,12.444444444444445,9,1,CAMEL-11390,CAMEL,pre_ai,Bug,1
3671,2.531791907514451,346,4,CAMEL-11338,CAMEL,pre_ai,Improvement,0
494,2.813953488372093,43,4,CAMEL-11393,CAMEL,pre_ai,Improvement,0
157,1.7407407407407407,27,1,CAMEL-11402,CAMEL,pre_ai,Bug,1
2239,1.4292929292929293,198,48,CAMEL-10798,CAMEL,pre_ai,Improvement,0
994,2.12396694214876,121,5,CAMEL-11400,CAMEL,pre_ai,Improvement,0
1259,1.5828220858895705,163,2,CAMEL-11410,CAMEL,pre_ai,Improvement,0
154,3.7,10,3,CAMEL-11398,CAMEL,pre_ai,Improvement,0
889,4.511627906976744,43,3,CAMEL-11413,CAMEL,pre_ai,Bug,1
884,6.921052631578948,38,1,CAMEL-11416,CAMEL,pre_ai,Improvement,0
134,1.391304347826087,23,1,CAMEL-11421,CAMEL,pre_ai,Improvement,0
242,1.25,28,4,CAMEL-11362,CAMEL,pre_ai,New Feature,0
150,1.2962962962962963,27,1,CAMEL-11427,CAMEL,pre_ai,Bug,1
182,1.2058823529411764,34,1,CAMEL-11429,CAMEL,pre_ai,Bug,1
3799,1.3486682808716708,413,58,CAMEL-10054,CAMEL,pre_ai,New Feature,0
225,2.066666666666667,15,3,CAMEL-11037,CAMEL,pre_ai,Task,0
464,1.4691358024691359,81,1,CAMEL-11047,CAMEL,pre_ai,Bug,1
205,1.7857142857142858,14,5,CAMEL-10876,CAMEL,pre_ai,Sub-task,0
1520,1.9113924050632911,158,18,CAMEL-11244,CAMEL,pre_ai,Improvement,0
178,2.0,17,1,CAMEL-11034,CAMEL,pre_ai,Improvement,0
184,2.0,17,1,CAMEL-11053,CAMEL,pre_ai,Task,0
39,1.1666666666666667,6,1,CAMEL-11016,CAMEL,pre_ai,Sub-task,0
427,2.0952380952380953,42,3,CAMEL-11048,CAMEL,pre_ai,Bug,1
264,3.3076923076923075,13,1,CAMEL-10936,CAMEL,pre_ai,Bug,1
123,3.0,5,1,CAMEL-11057,CAMEL,pre_ai,Bug,1
143,1.0,9,4,CAMEL-10877,CAMEL,pre_ai,Sub-task,0
1463,2.0,158,7,CAMEL-11055,CAMEL,pre_ai,Task,0
298,1.263157894736842,38,8,CAMEL-10337,CAMEL,pre_ai,Improvement,0
2200,2.039285714285714,280,5,CAMEL-11043,CAMEL,pre_ai,Improvement,0
145,2.1333333333333333,15,1,CAMEL-11058,CAMEL,pre_ai,Task,0
510,1.9285714285714286,56,1,CAMEL-11063,CAMEL,pre_ai,Bug,1
1638,1.4541984732824427,262,6,CAMEL-10938,CAMEL,pre_ai,Improvement,0
1882,10.233333333333333,60,2,CAMEL-11024,CAMEL,pre_ai,Improvement,0
1568,1.1875,240,10,CAMEL-11061,CAMEL,pre_ai,Improvement,0
486,1.4583333333333333,72,2,CAMEL-11070,CAMEL,pre_ai,Improvement,0
197,5.428571428571429,7,2,CAMEL-11028,CAMEL,pre_ai,Bug,1
100,3.2857142857142856,7,1,CAMEL-11062,CAMEL,pre_ai,New Feature,0
174,1.7142857142857142,21,1,CAMEL-7809,CAMEL,pre_ai,Improvement,0
28,2.0,2,1,CAMEL-11074,CAMEL,pre_ai,Bug,1
2191,2.6881720430107525,186,8,CAMEL-11067,CAMEL,pre_ai,Improvement,0
91,1.375,16,1,CAMEL-10885,CAMEL,pre_ai,New Feature,0
576,1.4385964912280702,114,1,CAMEL-11080,CAMEL,pre_ai,Bug,1
3103,1.5645569620253164,395,12,CAMEL-10846,CAMEL,pre_ai,Improvement,0
2043,3.006993006993007,143,8,CAMEL-11083,CAMEL,pre_ai,Improvement,0
2628,2.09811320754717,265,13,CAMEL-11082,CAMEL,pre_ai,Improvement,0
1699,4.160919540229885,87,4,CAMEL-11085,CAMEL,pre_ai,Improvement,0
1587,5.807017543859649,57,4,CAMEL-11084,CAMEL,pre_ai,Improvement,0
1817,4.041666666666667,96,3,CAMEL-11073,CAMEL,pre_ai,Improvement,0
368,2.566666666666667,30,1,CAMEL-11091,CAMEL,pre_ai,Bug,1
110,1.5833333333333333,12,1,CAMEL-11095,CAMEL,pre_ai,Task,0
340,4.5,14,2,CAMEL-11052,CAMEL,pre_ai,Bug,1
262,3.272727272727273,22,1,CAMEL-11044,CAMEL,pre_ai,Improvement,0
138,1.9230769230769231,13,1,CAMEL-11098,CAMEL,pre_ai,Bug,1
518,2.547169811320755,53,2,CAMEL-11093,CAMEL,pre_ai,Bug,1
510,4.85,20,2,CAMEL-11019,CAMEL,pre_ai,Wish,0
356,4.785714285714286,14,2,CAMEL-11099,CAMEL,pre_ai,Bug,1
1492,1.3021276595744682,235,6,CAMEL-11100,CAMEL,pre_ai,Improvement,0
918,2.239130434782609,92,7,CAMEL-10949,CAMEL,pre_ai,Bug,1
142,3.5,10,1,CAMEL-11110,CAMEL,pre_ai,Bug,1
2009,7.666666666666667,84,5,CAMEL-11112,CAMEL,pre_ai,Task,0
227,3.3125,16,1,CAMEL-11106,CAMEL,pre_ai,Bug,1
47,1.0,9,1,CAMEL-11105,CAMEL,pre_ai,Improvement,0
1653,1.2307692307692308,221,26,CAMEL-11081,CAMEL,pre_ai,Improvement,0
204,5.222222222222222,9,1,CAMEL-11117,CAMEL,pre_ai,Bug,1
1870,10.1,60,3,CAMEL-11113,CAMEL,pre_ai,Bug,1
148,3.5,10,1,CAMEL-11116,CAMEL,pre_ai,Improvement,0
1596,2.2,165,2,CAMEL-11021,CAMEL,pre_ai,Task,0
4439,2.2533333333333334,450,8,CAMEL-11054,CAMEL,pre_ai,Improvement,0
333,1.3488372093023255,43,1,CAMEL-11123,CAMEL,pre_ai,Improvement,0
731,1.7352941176470589,102,4,CAMEL-10287,CAMEL,pre_ai,New Feature,0
206,2.176470588235294,17,1,CAMEL-11111,CAMEL,pre_ai,Bug,1
370,1.794871794871795,39,5,CAMEL-11124,CAMEL,pre_ai,Improvement,0
225,2.260869565217391,23,3,CAMEL-11131,CAMEL,pre_ai,Bug,1
162,1.3636363636363635,22,2,CAMEL-11133,CAMEL,pre_ai,Improvement,0
363,1.3636363636363635,66,1,CAMEL-10724,CAMEL,pre_ai,Improvement,0
1534,2.7058823529411766,119,7,CAMEL-11126,CAMEL,pre_ai,New Feature,0
63,1.3,10,1,CAMEL-11135,CAMEL,pre_ai,New Feature,0
1341,2.176,125,12,CAMEL-11118,CAMEL,pre_ai,New Feature,0
83,4.666666666666667,3,1,CAMEL-11060,CAMEL,pre_ai,Improvement,0
303,4.1,20,1,CAMEL-11092,CAMEL,pre_ai,Improvement,0
426,13.11111111111111,9,1,CAMEL-11088,CAMEL,pre_ai,Bug,1
800,2.8,70,2,CAMEL-11049,CAMEL,pre_ai,Improvement,0
895,1.3458646616541354,133,10,CAMEL-11108,CAMEL,pre_ai,Improvement,0
602,2.466666666666667,60,2,CAMEL-11139,CAMEL,pre_ai,Bug,1
247,1.4210526315789473,38,1,CAMEL-11046,CAMEL,pre_ai,Improvement,0
317,1.6363636363636365,33,3,CAMEL-11136,CAMEL,pre_ai,New Feature,0
398,3.823529411764706,17,2,CAMEL-11141,CAMEL,pre_ai,Improvement,0
117,4.666666666666667,3,2,CAMEL-11143,CAMEL,pre_ai,Sub-task,0
795,2.3088235294117645,68,2,CAMEL-11145,CAMEL,pre_ai,Task,0
1662,1.051490514905149,369,9,CAMEL-10735,CAMEL,pre_ai,Task,0
36,1.6666666666666667,3,1,CAMEL-11148,CAMEL,pre_ai,Improvement,0
549,2.577777777777778,45,9,CAMEL-10685,CAMEL,pre_ai,New Feature,0
205,2.1481481481481484,27,1,CAMEL-11154,CAMEL,pre_ai,Test,0
192,2.9,10,4,CAMEL-11152,CAMEL,pre_ai,Improvement,0
852,1.0755813953488371,172,1,CAMEL-11542,CAMEL,pre_ai,Improvement,0
266,1.2608695652173914,23,4,CAMEL-11165,CAMEL,pre_ai,Improvement,0
746,7.833333333333333,24,1,CAMEL-5356,CAMEL,pre_ai,Bug,1
703,3.864864864864865,37,1,CAMEL-11605,CAMEL,pre_ai,Bug,1
1807,6.678571428571429,56,3,CAMEL-11594,CAMEL,pre_ai,Improvement,0
277,2.1785714285714284,28,1,CAMEL-11607,CAMEL,pre_ai,Bug,1
356,6.636363636363637,11,1,CAMEL-11610,CAMEL,pre_ai,Bug,1
888,1.9224137931034482,116,1,CAMEL-11604,CAMEL,pre_ai,Improvement,0
364,6.166666666666667,12,1,CAMEL-11613,CAMEL,pre_ai,Improvement,0
1525,1.4504132231404958,242,7,CAMEL-11601,CAMEL,pre_ai,Improvement,0
1249,1.5463414634146342,205,6,CAMEL-11614,CAMEL,pre_ai,Improvement,0
145,1.0,34,1,CAMEL-11597,CAMEL,pre_ai,Improvement,0
55,2.5,4,1,CAMEL-11609,CAMEL,pre_ai,Bug,1
39,1.0,3,2,CAMEL-11618,CAMEL,pre_ai,Task,0
425,1.2641509433962264,53,2,CAMEL-11596,CAMEL,pre_ai,Improvement,0
178,1.2380952380952381,21,3,CAMEL-11620,CAMEL,pre_ai,Bug,1
42,1.1428571428571428,7,1,CAMEL-11626,CAMEL,pre_ai,Bug,1
279,2.9166666666666665,12,2,CAMEL-11627,CAMEL,pre_ai,Bug,1
268,3.3846153846153846,13,1,CAMEL-10743,CAMEL,pre_ai,New Feature,0
652,5.08,25,1,CAMEL-10744,CAMEL,pre_ai,New Feature,0
150,1.2962962962962963,27,1,CAMEL-11623,CAMEL,pre_ai,Bug,1
172,1.2,30,1,CAMEL-11631,CAMEL,pre_ai,Bug,1
1288,1.205128205128205,234,8,CAMEL-11560,CAMEL,pre_ai,Improvement,0
5453,2.108527131782946,516,47,CAMEL-11550,CAMEL,pre_ai,New Feature,0
1249,1.52,75,16,CAMEL-11556,CAMEL,pre_ai,Improvement,0
1487,1.5931372549019607,204,10,CAMEL-11554,CAMEL,pre_ai,New Feature,0
186,1.9545454545454546,22,1,CAMEL-11639,CAMEL,pre_ai,Improvement,0
443,1.290909090909091,55,2,CAMEL-11585,CAMEL,pre_ai,Improvement,0
642,2.347826086956522,69,1,CAMEL-11636,CAMEL,pre_ai,Bug,1
193,1.2352941176470589,34,1,CAMEL-11642,CAMEL,pre_ai,Improvement,0
255,1.8125,32,1,CAMEL-11643,CAMEL,pre_ai,Bug,1
5751,3.0628019323671496,414,47,CAMEL-11555,CAMEL,pre_ai,New Feature,0
120,4.333333333333333,6,1,CAMEL-11648,CAMEL,pre_ai,Bug,1
4362,2.343963553530752,439,8,CAMEL-11640,CAMEL,pre_ai,Improvement,0
1764,3.4722222222222223,108,11,CAMEL-11580,CAMEL,pre_ai,New Feature,0
604,1.6133333333333333,75,3,CAMEL-11587,CAMEL,pre_ai,Improvement,0
448,1.86,50,1,CAMEL-11582,CAMEL,pre_ai,Improvement,0
247,1.0217391304347827,46,3,CAMEL-11641,CAMEL,pre_ai,Improvement,0
68,1.0,16,1,CAMEL-11584,CAMEL,pre_ai,Improvement,0
120,1.0555555555555556,18,2,CAMEL-11581,CAMEL,pre_ai,New Feature,0
309,1.2586206896551724,58,4,CAMEL-11578,CAMEL,pre_ai,Task,0
440,1.8235294117647058,51,1,CAMEL-11588,CAMEL,pre_ai,Bug,1
265,5.416666666666667,12,1,CAMEL-11649,CAMEL,pre_ai,Bug,1
4114,2.453865336658354,401,5,CAMEL-11583,CAMEL,pre_ai,Improvement,0
145,1.9411764705882353,17,3,CAMEL-11579,CAMEL,pre_ai,Task,0
573,2.1454545454545455,55,6,CAMEL-11652,CAMEL,pre_ai,Bug,1
237,1.7826086956521738,23,1,CAMEL-11630,CAMEL,pre_ai,Bug,1
210,1.4736842105263157,19,1,CAMEL-11668,CAMEL,pre_ai,Bug,1
806,4.975609756097561,41,1,CAMEL-11638,CAMEL,pre_ai,Task,0
1863,1.3604651162790697,344,2,CAMEL-11621,CAMEL,pre_ai,Improvement,0
118,2.0,10,1,CAMEL-11671,CAMEL,pre_ai,Bug,1
232,4.090909090909091,11,2,CAMEL-11674,CAMEL,pre_ai,Bug,1
712,2.5441176470588234,68,2,CAMEL-11316,CAMEL,pre_ai,Improvement,0
1255,1.391566265060241,166,18,CAMEL-11659,CAMEL,pre_ai,New Feature,0
48,2.75,4,1,CAMEL-11688,CAMEL,pre_ai,Bug,1
196,1.2571428571428571,35,2,CAMEL-11655,CAMEL,pre_ai,Task,0
649,1.0,178,1,CAMEL-11682,CAMEL,pre_ai,Improvement,0
63,1.5,8,1,CAMEL-11692,CAMEL,pre_ai,Improvement,0
1144,2.811320754716981,106,1,CAMEL-8010,CAMEL,pre_ai,Bug,1
389,1.2950819672131149,61,2,CAMEL-11697,CAMEL,pre_ai,Bug,1
214,1.9444444444444444,18,1,CAMEL-11701,CAMEL,pre_ai,Task,0
112,1.625,16,1,CAMEL-11703,CAMEL,pre_ai,Task,0
305,2.4583333333333335,24,3,CAMEL-11645,CAMEL,pre_ai,New Feature,0
73,1.625,8,1,CAMEL-11709,CAMEL,pre_ai,Bug,1
136,1.5714285714285714,14,2,CAMEL-11705,CAMEL,pre_ai,Bug,1
82,2.5,6,1,CAMEL-11719,CAMEL,pre_ai,Improvement,0
65,3.6666666666666665,3,1,CAMEL-11716,CAMEL,pre_ai,Bug,1
537,1.1018518518518519,108,5,CAMEL-11712,CAMEL,pre_ai,Improvement,0
1511,1.0369318181818181,352,2,CAMEL-11721,CAMEL,pre_ai,Improvement,0
493,1.591549295774648,71,2,CAMEL-11724,CAMEL,pre_ai,Bug,1
419,1.3692307692307693,65,2,CAMEL-11713,CAMEL,pre_ai,Improvement,0
419,4.375,24,1,CAMEL-11710,CAMEL,pre_ai,Improvement,0
56,1.0,13,1,CAMEL-11706,CAMEL,pre_ai,Improvement,0
122,1.8461538461538463,13,2,CAMEL-11720,CAMEL,pre_ai,Improvement,0
109,1.6153846153846154,13,1,CAMEL-11725,CAMEL,pre_ai,Bug,1
338,4.2,15,1,CAMEL-11728,CAMEL,pre_ai,Improvement,0
263,2.6666666666666665,21,1,CAMEL-11736,CAMEL,pre_ai,Task,0
475,1.8,55,2,CAMEL-11738,CAMEL,pre_ai,Improvement,0
3358,1.1875,640,3,CAMEL-11739,CAMEL,pre_ai,Improvement,0
109,1.5,12,1,CAMEL-11163,CAMEL,pre_ai,Improvement,0
28,2.5,2,1,CAMEL-11167,CAMEL,pre_ai,Improvement,0
43,1.6666666666666667,6,1,CAMEL-11171,CAMEL,pre_ai,Bug,1
450,5.722222222222222,18,2,CAMEL-7519,CAMEL,pre_ai,Improvement,0
114,3.857142857142857,7,1,CAMEL-11177,CAMEL,pre_ai,Bug,1
2720,8.20754716981132,106,5,CAMEL-11183,CAMEL,pre_ai,Task,0
449,3.409090909090909,22,1,CAMEL-11185,CAMEL,pre_ai,Task,0
2194,1.4161073825503356,298,21,CAMEL-11170,CAMEL,pre_ai,Improvement,0
60,1.0,10,2,CAMEL-11191,CAMEL,pre_ai,Improvement,0
1272,1.4606060606060607,165,9,CAMEL-11190,CAMEL,pre_ai,Improvement,0
141,1.6,20,4,CAMEL-11192,CAMEL,pre_ai,Task,0
136,3.0,5,1,CAMEL-11202,CAMEL,pre_ai,Bug,1
115,3.857142857142857,7,1,CAMEL-10985,CAMEL,pre_ai,Bug,1
277,2.2083333333333335,24,2,CAMEL-11211,CAMEL,pre_ai,Improvement,0
102,2.3333333333333335,6,1,CAMEL-11213,CAMEL,pre_ai,Bug,1
184,2.0714285714285716,14,1,CAMEL-11212,CAMEL,pre_ai,Bug,1
254,1.8636363636363635,22,3,CAMEL-11203,CAMEL,pre_ai,Improvement,0
56,1.3636363636363635,11,1,CAMEL-11210,CAMEL,pre_ai,Bug,1
54,1.0,3,1,CAMEL-11232,CAMEL,pre_ai,Bug,1
111,2.857142857142857,7,3,CAMEL-11201,CAMEL,pre_ai,Bug,1
674,1.4270833333333333,96,4,CAMEL-10896,CAMEL,pre_ai,Improvement,0
963,1.5080645161290323,124,7,CAMEL-11155,CAMEL,pre_ai,Improvement,0
515,1.6206896551724137,58,3,CAMEL-10807,CAMEL,pre_ai,New Feature,0
116,4.8,5,1,CAMEL-11221,CAMEL,pre_ai,Bug,1
677,2.6296296296296298,54,7,CAMEL-11239,CAMEL,pre_ai,Task,0
1067,3.2162162162162162,74,3,CAMEL-10512,CAMEL,pre_ai,Improvement,0
232,2.4705882352941178,17,1,CAMEL-11258,CAMEL,pre_ai,Improvement,0
248,1.4482758620689655,29,2,CAMEL-7672,CAMEL,pre_ai,New Feature,0
292,3.2857142857142856,7,2,CAMEL-11229,CAMEL,pre_ai,Bug,1
496,1.2735849056603774,106,1,CAMEL-11263,CAMEL,pre_ai,Improvement,0
347,2.2083333333333335,24,1,CAMEL-11268,CAMEL,pre_ai,Improvement,0
331,5.055555555555555,18,1,CAMEL-11269,CAMEL,pre_ai,Bug,1
113,1.0,22,1,CAMEL-11206,CAMEL,pre_ai,Improvement,0
654,2.6557377049180326,61,1,CAMEL-11277,CAMEL,pre_ai,Improvement,0
553,9.266666666666667,15,1,CAMEL-11276,CAMEL,pre_ai,Improvement,0
282,5.230769230769231,13,1,CAMEL-11264,CAMEL,pre_ai,Bug,1
76,3.4,5,1,CAMEL-11267,CAMEL,pre_ai,Improvement,0
574,1.3707865168539326,89,10,CAMEL-11280,CAMEL,pre_ai,Bug,1
120,2.1,10,3,CAMEL-11220,CAMEL,pre_ai,Improvement,0
794,1.5054945054945055,91,5,CAMEL-11140,CAMEL,pre_ai,Improvement,0
2568,2.207627118644068,236,24,CAMEL-11196,CAMEL,pre_ai,New Feature,0
3232,2.737201365187713,293,1,CAMEL-11234,CAMEL,pre_ai,Bug,1
709,1.2713178294573644,129,3,CAMEL-11283,CAMEL,pre_ai,Bug,1
748,1.2347826086956522,115,8,CAMEL-11284,CAMEL,pre_ai,Improvement,0
159,2.3846153846153846,13,1,CAMEL-11272,CAMEL,pre_ai,Bug,1
159,2.3846153846153846,13,1,CAMEL-11273,CAMEL,pre_ai,Bug,1
39,1.75,4,1,CAMEL-11208,CAMEL,pre_ai,Improvement,0
28,3.0,1,1,CAMEL-11285,CAMEL,pre_ai,Task,0
145,1.4166666666666667,12,3,CAMEL-11289,CAMEL,pre_ai,Improvement,0
230,1.95,20,5,CAMEL-11288,CAMEL,pre_ai,Bug,1
480,2.9310344827586206,29,3,CAMEL-11259,CAMEL,pre_ai,Improvement,0
173,1.6666666666666667,12,2,CAMEL-11290,CAMEL,pre_ai,Bug,1
862,8.478260869565217,23,1,CAMEL-11271,CAMEL,pre_ai,Improvement,0
41249,1.1605193827625142,5314,505,CAMEL-11222,CAMEL,pre_ai,Improvement,0
164,2.0,9,3,CAMEL-11297,CAMEL,pre_ai,Improvement,0
963,9.52,25,3,CAMEL-11296,CAMEL,pre_ai,New Feature,0
3409,2.579754601226994,326,1,CAMEL-11305,CAMEL,pre_ai,Bug,1
187,3.888888888888889,9,2,CAMEL-11301,CAMEL,pre_ai,Task,0
941,5.621621621621622,37,5,CAMEL-11299,CAMEL,pre_ai,Bug,1
377,3.7083333333333335,24,1,CAMEL-11298,CAMEL,pre_ai,Bug,1
582,4.2,35,3,CAMEL-11293,CAMEL,pre_ai,Bug,1
264,2.823529411764706,17,1,CAMEL-11198,CAMEL,pre_ai,Bug,1
929,4.2592592592592595,54,2,CAMEL-9935,CAMEL,pre_ai,Bug,1
136,1.2857142857142858,14,4,CAMEL-11302,CAMEL,pre_ai,New Feature,0
374,1.9722222222222223,36,1,CAMEL-11253,CAMEL,pre_ai,Improvement,0
165,2.2,15,1,CAMEL-11274,CAMEL,pre_ai,Improvement,0
566,2.6923076923076925,39,3,CAMEL-10728,CAMEL,pre_ai,Bug,1
365,2.5517241379310347,29,2,CAMEL-11312,CAMEL,pre_ai,Improvement,0
380,1.1176470588235294,17,24,CAMEL-11434,CAMEL,pre_ai,Improvement,0
453,12.444444444444445,9,1,CAMEL-11422,CAMEL,pre_ai,Improvement,0
371,1.0113636363636365,88,3,CAMEL-11435,CAMEL,pre_ai,New Feature,0
493,2.1372549019607843,51,2,CAMEL-11388,CAMEL,pre_ai,Bug,1
150,1.1785714285714286,28,1,CAMEL-11439,CAMEL,pre_ai,New Feature,0
894,2.1549295774647885,71,13,CAMEL-11333,CAMEL,pre_ai,Sub-task,0
94,1.5,14,1,CAMEL-11441,CAMEL,pre_ai,Bug,1
774,1.9222222222222223,90,7,CAMEL-11447,CAMEL,pre_ai,Improvement,0
100,2.0,10,1,CAMEL-11437,CAMEL,pre_ai,Bug,1
435,2.5283018867924527,53,1,CAMEL-11448,CAMEL,pre_ai,Improvement,0
185,2.526315789473684,19,1,CAMEL-11450,CAMEL,pre_ai,Improvement,0
273,1.4594594594594594,37,1,CAMEL-11214,CAMEL,pre_ai,Improvement,0
140,2.6666666666666665,12,1,CAMEL-11460,CAMEL,pre_ai,Bug,1
243,2.473684210526316,19,1,CAMEL-11462,CAMEL,pre_ai,Bug,1
479,2.619047619047619,42,1,CAMEL-11470,CAMEL,pre_ai,Bug,1
1988,1.2011331444759208,353,9,CAMEL-10715,CAMEL,pre_ai,New Feature,0
151,1.85,20,1,CAMEL-11461,CAMEL,pre_ai,Improvement,0
250,1.9545454545454546,22,3,CAMEL-11466,CAMEL,pre_ai,Improvement,0
223,1.8181818181818181,22,3,CAMEL-11454,CAMEL,pre_ai,Bug,1
44,1.6,5,1,CAMEL-11469,CAMEL,pre_ai,Bug,1
297,1.3333333333333333,45,2,CAMEL-11465,CAMEL,pre_ai,Bug,1
521,3.121212121212121,33,3,CAMEL-8419,CAMEL,pre_ai,Bug,1
196,4.625,8,1,CAMEL-11476,CAMEL,pre_ai,Bug,1
1366,3.694736842105263,95,4,CAMEL-11483,CAMEL,pre_ai,Improvement,0
1206,5.455882352941177,68,5,CAMEL-11484,CAMEL,pre_ai,Improvement,0
299,6.0,11,1,CAMEL-11486,CAMEL,pre_ai,Bug,1
30,3.0,3,1,CAMEL-11489,CAMEL,pre_ai,Bug,1
651,1.3225806451612903,124,2,CAMEL-11490,CAMEL,pre_ai,Improvement,0
171,2.888888888888889,18,6,CAMEL-11491,CAMEL,pre_ai,Sub-task,0
285,2.375,24,2,CAMEL-11507,CAMEL,pre_ai,Improvement,0
208,3.6153846153846154,13,1,CAMEL-11487,CAMEL,pre_ai,Improvement,0
154,2.2857142857142856,14,2,CAMEL-11506,CAMEL,pre_ai,Improvement,0
135,1.2222222222222223,18,5,CAMEL-11510,CAMEL,pre_ai,Bug,1
400,1.5272727272727273,55,2,CAMEL-11514,CAMEL,pre_ai,Improvement,0
2071,1.9333333333333333,270,4,CAMEL-11515,CAMEL,pre_ai,Improvement,0
135,1.2857142857142858,14,3,CAMEL-11518,CAMEL,pre_ai,Bug,1
104,1.6,10,1,CAMEL-11520,CAMEL,pre_ai,Bug,1
95,2.5714285714285716,7,1,CAMEL-10659,CAMEL,pre_ai,Improvement,0
796,4.833333333333333,36,1,CAMEL-11424,CAMEL,pre_ai,Bug,1
389,1.2297297297297298,74,2,CAMEL-11529,CAMEL,pre_ai,Bug,1
248,1.1538461538461537,39,2,CAMEL-11374,CAMEL,pre_ai,Improvement,0
240,1.2444444444444445,45,1,CAMEL-11528,CAMEL,pre_ai,Improvement,0
809,4.972222222222222,36,1,CAMEL-11423,CAMEL,pre_ai,Bug,1
333,1.5714285714285714,42,3,CAMEL-11539,CAMEL,pre_ai,Improvement,0
87,3.8333333333333335,6,1,CAMEL-11537,CAMEL,pre_ai,Bug,1
144,1.2916666666666667,24,1,CAMEL-11540,CAMEL,pre_ai,Bug,1
862,4.666666666666667,60,5,CAMEL-11533,CAMEL,pre_ai,Bug,1
417,7.857142857142857,14,1,CAMEL-11509,CAMEL,pre_ai,Bug,1
792,1.3687943262411348,141,1,CAMEL-11524,CAMEL,pre_ai,Bug,1
248,1.4210526315789473,38,1,CAMEL-11548,CAMEL,pre_ai,Bug,1
63,1.0,10,5,CAMEL-11551,CAMEL,pre_ai,Improvement,0
414,2.4375,32,1,CAMEL-11559,CAMEL,pre_ai,Bug,1
1374,1.255639097744361,266,8,CAMEL-11558,CAMEL,pre_ai,Improvement,0
204,1.5,28,1,CAMEL-11564,CAMEL,pre_ai,Bug,1
113,3.375,8,1,CAMEL-11545,CAMEL,pre_ai,Task,0
1067,3.2333333333333334,60,8,CAMEL-11425,CAMEL,pre_ai,Improvement,0
184,2.4705882352941178,17,2,CAMEL-11059,CAMEL,pre_ai,Task,0
8713,2.6513761467889907,763,25,CAMEL-11443,CAMEL,pre_ai,New Feature,0
45,1.0,7,1,CAMEL-11572,CAMEL,pre_ai,Bug,1
1880,10.166666666666666,60,2,CAMEL-11576,CAMEL,pre_ai,Bug,1
384,1.702127659574468,47,3,CAMEL-11575,CAMEL,pre_ai,Bug,1
53373,1.436954941860465,5504,626,CAMEL-11291,CAMEL,pre_ai,Improvement,0
71,2.090909090909091,11,1,CAMEL-11577,CAMEL,pre_ai,Improvement,0
29,1.0,3,2,CAMEL-11563,CAMEL,pre_ai,New Feature,0
171,1.069767441860465,43,1,CAMEL-11573,CAMEL,pre_ai,New Feature,0
935,3.210526315789474,57,3,CAMEL-11455,CAMEL,pre_ai,Bug,1
1067,3.2333333333333334,60,8,CAMEL-11569,CAMEL,pre_ai,Improvement,0
139,3.0,7,1,CAMEL-11611,CAMEL,pre_ai,Improvement,0
4582,2.649164677804296,419,6,CAMEL-11593,CAMEL,pre_ai,Bug,1
1690,1.8722466960352422,227,5,CAMEL-10086,CAMEL,pre_ai,Improvement,0
209,1.9090909090909092,22,2,CAMEL-11743,CAMEL,pre_ai,Improvement,0
186,3.1333333333333333,15,1,CAMEL-11742,CAMEL,pre_ai,Bug,1
133,4.285714285714286,7,1,CAMEL-11733,CAMEL,pre_ai,Bug,1
131,1.0,27,1,CAMEL-11744,CAMEL,pre_ai,Improvement,0
43,5.0,2,1,CAMEL-11718,CAMEL,pre_ai,Improvement,0
231,2.1666666666666665,24,1,CAMEL-11523,CAMEL,pre_ai,Bug,1
227,5.75,8,1,CAMEL-11715,CAMEL,pre_ai,Bug,1
175,1.625,24,1,CAMEL-11755,CAMEL,pre_ai,Improvement,0
746,1.1560283687943262,141,1,CAMEL-11752,CAMEL,pre_ai,Improvement,0
248,1.4210526315789473,38,1,CAMEL-11748,CAMEL,pre_ai,Bug,1
375,2.076923076923077,39,2,CAMEL-11690,CAMEL,pre_ai,Bug,1
1247,2.527027027027027,74,10,CAMEL-11729,CAMEL,pre_ai,Improvement,0
1284,2.1366906474820144,139,3,CAMEL-11723,CAMEL,pre_ai,Bug,1
570,1.1140350877192982,114,5,CAMEL-11761,CAMEL,pre_ai,Improvement,0
629,1.5333333333333334,75,8,CAMEL-11695,CAMEL,pre_ai,Sub-task,0
168,1.09375,32,4,CAMEL-11236,CAMEL,pre_ai,New Feature,0
282,5.153846153846154,13,1,CAMEL-11765,CAMEL,pre_ai,Bug,1
310,4.15,20,1,CAMEL-11624,CAMEL,pre_ai,Bug,1
66,1.3333333333333333,9,1,CAMEL-11691,CAMEL,pre_ai,Improvement,0
272,4.230769230769231,13,1,CAMEL-11680,CAMEL,pre_ai,Improvement,0
51,1.25,8,1,CAMEL-11762,CAMEL,pre_ai,Sub-task,0
101,1.4615384615384615,13,1,CAMEL-11750,CAMEL,pre_ai,Bug,1
32,1.0,4,1,CAMEL-11653,CAMEL,pre_ai,Task,0
340,1.78125,32,2,CAMEL-11698,CAMEL,pre_ai,Bug,1
151,2.0,7,3,CAMEL-11766,CAMEL,pre_ai,Task,0
115,3.7142857142857144,7,1,CAMEL-11681,CAMEL,pre_ai,Bug,1
307,2.7096774193548385,31,1,CAMEL-11672,CAMEL,pre_ai,Bug,1
217,2.1818181818181817,22,1,CAMEL-11632,CAMEL,pre_ai,Bug,1
392,2.163265306122449,49,2,CAMEL-11772,CAMEL,pre_ai,Bug,1
1166,1.251063829787234,235,3,CAMEL-11603,CAMEL,pre_ai,Improvement,0
488,5.3,20,1,CAMEL-11764,CAMEL,pre_ai,Improvement,0
600,1.0,156,1,CAMEL-11147,CAMEL,pre_ai,New Feature,0
109,5.0,5,1,CAMEL-11777,CAMEL,pre_ai,Improvement,0
186,3.4166666666666665,12,1,CAMEL-11781,CAMEL,pre_ai,Improvement,0
215,1.5789473684210527,19,1,CAMEL-11785,CAMEL,pre_ai,Bug,1
195,1.75,24,1,CAMEL-11788,CAMEL,pre_ai,Improvement,0
444,4.7727272727272725,22,1,CAMEL-11793,CAMEL,pre_ai,Bug,1
35,1.0,2,1,CAMEL-11711,CAMEL,pre_ai,Bug,1
453,1.1521739130434783,92,4,CAMEL-11479,CAMEL,pre_ai,Improvement,0
1377,1.2619926199261993,271,6,CAMEL-11796,CAMEL,pre_ai,Improvement,0
366,2.53125,32,1,CAMEL-11798,CAMEL,pre_ai,Bug,1
324,4.85,20,1,CAMEL-11797,CAMEL,pre_ai,Bug,1
1190,1.925,160,5,CAMEL-10225,CAMEL,pre_ai,Bug,1
333,1.3488372093023255,43,1,CAMEL-11122,CAMEL,pre_ai,New Feature,0
77,7.0,4,1,CAMEL-11754,CAMEL,pre_ai,Improvement,0
4240,1.4690402476780187,646,47,CAMEL-11146,CAMEL,pre_ai,Task,0
1799,3.5045045045045047,111,8,CAMEL-11806,CAMEL,pre_ai,New Feature,0
62,1.0,3,1,CAMEL-11817,CAMEL,pre_ai,Task,0
1058,1.6727272727272726,110,9,CAMEL-11800,CAMEL,pre_ai,Improvement,0
54,1.0,5,2,CAMEL-11815,CAMEL,pre_ai,Improvement,0
54,1.0,5,2,CAMEL-11816,CAMEL,pre_ai,Improvement,0
414,1.8780487804878048,41,4,CAMEL-11801,CAMEL,pre_ai,Improvement,0
88,1.1875,16,1,CAMEL-11838,CAMEL,pre_ai,Bug,1
265,1.1923076923076923,52,3,CAMEL-11837,CAMEL,pre_ai,Improvement,0
31,1.0,2,1,CAMEL-11827,CAMEL,pre_ai,Sub-task,0
14766,2.2143349414197107,1451,93,CAMEL-10026,CAMEL,pre_ai,New Feature,0
568,1.0465116279069768,129,1,CAMEL-11791,CAMEL,pre_ai,Bug,1
1190,2.89,100,2,CAMEL-11482,CAMEL,pre_ai,Bug,1
292,1.4210526315789473,38,4,CAMEL-11841,CAMEL,pre_ai,Improvement,0
437,2.764705882352941,34,2,CAMEL-11814,CAMEL,pre_ai,Bug,1
410,2.78125,32,1,CAMEL-11844,CAMEL,pre_ai,Bug,1
123,2.3846153846153846,13,2,CAMEL-11843,CAMEL,pre_ai,Bug,1
374,2.0,47,2,CAMEL-11821,CAMEL,pre_ai,Task,0
95,1.5454545454545454,11,1,CAMEL-11851,CAMEL,pre_ai,Task,0
2305,2.98,150,5,CAMEL-11790,CAMEL,pre_ai,Task,0
141,3.3,10,1,CAMEL-11848,CAMEL,pre_ai,Bug,1
46,1.25,4,2,CAMEL-10320,CAMEL,pre_ai,New Feature,0
38,1.0,4,1,CAMEL-11829,CAMEL,pre_ai,Sub-task,0
3039,2.1254355400696863,287,22,CAMEL-11847,CAMEL,pre_ai,Improvement,0
292,3.75,16,1,CAMEL-11247,CAMEL,pre_ai,Improvement,0
315,1.0,82,1,CAMEL-11872,CAMEL,pre_ai,Improvement,0
965,3.6530612244897958,49,4,CAMEL-11819,CAMEL,pre_ai,Improvement,0
67,1.1818181818181819,11,1,CAMEL-11871,CAMEL,pre_ai,Bug,1
162,3.1818181818181817,11,1,CAMEL-11880,CAMEL,pre_ai,Improvement,0
659,5.481481481481482,27,1,CAMEL-11811,CAMEL,pre_ai,Bug,1
494,2.0869565217391304,46,5,CAMEL-11696,CAMEL,pre_ai,Sub-task,0
564,1.5507246376811594,69,1,CAMEL-11884,CAMEL,pre_ai,Bug,1
185,1.9333333333333333,15,1,CAMEL-11882,CAMEL,pre_ai,Bug,1
668,10.411764705882353,17,1,CAMEL-10665,CAMEL,pre_ai,Task,0
131,1.9375,16,2,CAMEL-11881,CAMEL,pre_ai,Bug,1
242,1.8181818181818181,22,5,CAMEL-11820,CAMEL,pre_ai,Improvement,0
128,5.2,5,2,CAMEL-11308,CAMEL,pre_ai,Improvement,0
134,1.6111111111111112,18,1,CAMEL-9799,CAMEL,pre_ai,New Feature,0
194,1.3333333333333333,21,4,CAMEL-11835,CAMEL,pre_ai,Improvement,0
89,1.0,19,1,CAMEL-11678,CAMEL,pre_ai,Improvement,0
184,1.5454545454545454,22,1,CAMEL-11895,CAMEL,pre_ai,Improvement,0
701,3.864864864864865,37,1,CAMEL-11860,CAMEL,pre_ai,Improvement,0
507,2.2708333333333335,48,2,CAMEL-11890,CAMEL,pre_ai,Improvement,0
81,1.1818181818181819,11,1,CAMEL-11900,CAMEL,pre_ai,Bug,1
142,2.909090909090909,11,1,CAMEL-11892,CAMEL,pre_ai,Bug,1
72,2.8333333333333335,6,1,CAMEL-11898,CAMEL,pre_ai,Bug,1
130,2.272727272727273,11,1,CAMEL-11902,CAMEL,pre_ai,Bug,1
1069,1.9065420560747663,107,8,CAMEL-11901,CAMEL,pre_ai,Improvement,0
619,2.05,60,4,CAMEL-11899,CAMEL,pre_ai,Improvement,0
838,9.10344827586207,29,2,CAMEL-11910,CAMEL,pre_ai,Bug,1
123,2.5,10,1,CAMEL-11909,CAMEL,pre_ai,Bug,1
779,1.484375,128,2,CAMEL-11896,CAMEL,pre_ai,Bug,1
22,1.0,1,1,CAMEL-11889,CAMEL,pre_ai,Bug,1
26,1.0,6,1,CAMEL-11916,CAMEL,pre_ai,Bug,1
65,1.0,9,2,CAMEL-11917,CAMEL,pre_ai,Bug,1
27,3.0,1,1,CAMEL-11920,CAMEL,pre_ai,Bug,1
531,2.235294117647059,51,3,CAMEL-11915,CAMEL,pre_ai,Bug,1
47,1.0,5,2,CAMEL-11868,CAMEL,pre_ai,Improvement,0
192,1.4166666666666667,24,2,CAMEL-11906,CAMEL,pre_ai,Bug,1
195,2.176470588235294,17,1,CAMEL-11926,CAMEL,pre_ai,Bug,1
76,1.0,15,2,CAMEL-11923,CAMEL,pre_ai,New Feature,0
109,1.4444444444444444,18,1,CAMEL-11929,CAMEL,pre_ai,Improvement,0
67,2.090909090909091,11,1,CAMEL-11912,CAMEL,pre_ai,Bug,1
67,2.3333333333333335,6,1,CAMEL-11922,CAMEL,pre_ai,Bug,1
57,1.0,8,2,CAMEL-11937,CAMEL,pre_ai,Bug,1
284,1.8717948717948718,39,1,CAMEL-11891,CAMEL,pre_ai,Improvement,0
122,1.1904761904761905,21,2,CAMEL-11925,CAMEL,pre_ai,Bug,1
216,1.0,29,6,CAMEL-11936,CAMEL,pre_ai,Bug,1
259,4.7272727272727275,11,2,CAMEL-11945,CAMEL,pre_ai,Bug,1
65,1.3333333333333333,9,1,CAMEL-11944,CAMEL,pre_ai,Improvement,0
1927,1.1713554987212276,391,6,CAMEL-11933,CAMEL,pre_ai,Improvement,0
1868,1.1846965699208443,379,3,CAMEL-11943,CAMEL,pre_ai,Improvement,0
512,4.769230769230769,13,1,CAMEL-11953,CAMEL,pre_ai,Bug,1
242,1.1090909090909091,55,1,CAMEL-11224,CAMEL,pre_ai,Improvement,0
210,2.5416666666666665,24,1,CAMEL-11948,CAMEL,pre_ai,Improvement,0
125,1.3157894736842106,19,1,CAMEL-11952,CAMEL,pre_ai,Bug,1
872,1.1764705882352942,187,3,CAMEL-11958,CAMEL,pre_ai,Improvement,0
1184,1.4846938775510203,196,5,CAMEL-11957,CAMEL,pre_ai,Improvement,0
798,4.951219512195122,41,1,CAMEL-11387,CAMEL,pre_ai,Bug,1
464,14.88888888888889,9,1,CAMEL-11960,CAMEL,pre_ai,Improvement,0
444,1.8103448275862069,58,2,CAMEL-11962,CAMEL,pre_ai,Bug,1
453,3.5925925925925926,27,3,CAMEL-11961,CAMEL,pre_ai,Bug,1
87,1.0,6,3,CAMEL-11963,CAMEL,pre_ai,Bug,1
305,1.75,36,3,CAMEL-11964,CAMEL,pre_ai,Improvement,0
41,4.5,2,1,CAMEL-11951,CAMEL,pre_ai,Bug,1
235,2.6666666666666665,24,1,CAMEL-11967,CAMEL,pre_ai,Bug,1
357,4.25,16,2,CAMEL-11969,CAMEL,pre_ai,New Feature,0
57,1.1,10,1,CAMEL-11971,CAMEL,pre_ai,Improvement,0
156,1.0,29,1,CAMEL-11286,CAMEL,pre_ai,Bug,1
262,2.7142857142857144,21,1,CAMEL-11045,CAMEL,pre_ai,Bug,1
470,15.11111111111111,9,1,CAMEL-11978,CAMEL,pre_ai,Improvement,0
264,2.7142857142857144,21,1,CAMEL-11979,CAMEL,pre_ai,Improvement,0
497,1.9245283018867925,53,4,CAMEL-11975,CAMEL,pre_ai,Improvement,0
118,1.0,22,1,CAMEL-11976,CAMEL,pre_ai,Bug,1
375,1.7142857142857142,56,1,CAMEL-11970,CAMEL,pre_ai,Improvement,0
392,4.428571428571429,14,1,CAMEL-11980,CAMEL,pre_ai,Bug,1
2707,2.604,250,7,CAMEL-11984,CAMEL,pre_ai,Improvement,0
2707,2.604,250,7,CAMEL-11983,CAMEL,pre_ai,Bug,1
377,1.9722222222222223,36,1,CAMEL-11986,CAMEL,pre_ai,Bug,1
3586,2.603550295857988,338,3,CAMEL-11985,CAMEL,pre_ai,Improvement,0
91,5.333333333333333,3,1,CAMEL-11988,CAMEL,pre_ai,Bug,1
941,2.6956521739130435,92,4,CAMEL-11908,CAMEL,pre_ai,Improvement,0
492,15.88888888888889,9,1,CAMEL-11991,CAMEL,pre_ai,Improvement,0
44,1.0,4,2,CAMEL-11989,CAMEL,pre_ai,Improvement,0
353,2.96,25,1,CAMEL-11628,CAMEL,pre_ai,Bug,1
654,5.08,25,1,CAMEL-11987,CAMEL,pre_ai,Bug,1
85,1.0,9,1,CAMEL-11997,CAMEL,pre_ai,Improvement,0
421,4.375,24,1,CAMEL-11932,CAMEL,pre_ai,Improvement,0
166,1.6521739130434783,23,3,CAMEL-11999,CAMEL,pre_ai,Bug,1
552,1.0,144,4,CAMEL-11982,CAMEL,pre_ai,Improvement,0
1627,2.4893617021276597,94,17,CAMEL-11992,CAMEL,pre_ai,Bug,1
385,1.1384615384615384,65,1,CAMEL-12008,CAMEL,pre_ai,Improvement,0
102,1.4,15,1,CAMEL-12010,CAMEL,pre_ai,Improvement,0
129,2.3636363636363638,11,1,CAMEL-12007,CAMEL,pre_ai,Improvement,0
157,2.4,15,1,CAMEL-12009,CAMEL,pre_ai,Bug,1
7854,1.9987389659520807,793,64,CAMEL-11954,CAMEL,pre_ai,Improvement,0
863,2.2142857142857144,98,4,CAMEL-12011,CAMEL,pre_ai,Improvement,0
490,2.5675675675675675,37,1,CAMEL-12016,CAMEL,pre_ai,Bug,1
233,4.428571428571429,14,1,CAMEL-12014,CAMEL,pre_ai,Improvement,0
315,2.36,25,3,CAMEL-11981,CAMEL,pre_ai,New Feature,0
1527,1.0365168539325842,356,2,CAMEL-12019,CAMEL,pre_ai,Improvement,0
156,1.2,25,3,CAMEL-12012,CAMEL,pre_ai,New Feature,0
89,1.6363636363636365,11,1,CAMEL-12021,CAMEL,pre_ai,Bug,1
38,6.0,1,1,CAMEL-12024,CAMEL,pre_ai,Task,0
66,2.1666666666666665,6,1,CAMEL-12028,CAMEL,pre_ai,Bug,1
1360,1.9127906976744187,172,4,CAMEL-11656,CAMEL,pre_ai,Improvement,0
115,5.4,5,1,CAMEL-12029,CAMEL,pre_ai,Improvement,0
81,4.333333333333333,3,2,CAMEL-12030,CAMEL,pre_ai,Improvement,0
386,4.043478260869565,23,2,CAMEL-12004,CAMEL,pre_ai,Improvement,0
233,1.8461538461538463,26,1,CAMEL-12037,CAMEL,pre_ai,Bug,1
247,2.5,18,1,CAMEL-11919,CAMEL,pre_ai,Improvement,0
702,3.864864864864865,37,1,CAMEL-12036,CAMEL,pre_ai,Improvement,0
190,3.0714285714285716,14,2,CAMEL-12020,CAMEL,pre_ai,Improvement,0
2101,1.2425876010781671,371,2,CAMEL-11532,CAMEL,pre_ai,Improvement,0
298,5.545454545454546,11,2,CAMEL-12049,CAMEL,pre_ai,New Feature,0
1575,1.0353260869565217,368,2,CAMEL-11972,CAMEL,pre_ai,Task,0
30,1.5,2,1,CAMEL-12064,CAMEL,pre_ai,Task,0
673,10.529411764705882,17,1,CAMEL-10613,CAMEL,pre_ai,Task,0
568,1.3846153846153846,91,4,CAMEL-12055,CAMEL,pre_ai,New Feature,0
478,1.921875,64,1,CAMEL-12062,CAMEL,pre_ai,Bug,1
234,1.4736842105263157,38,3,CAMEL-12068,CAMEL,pre_ai,Improvement,0
754,3.58974358974359,39,5,CAMEL-12043,CAMEL,pre_ai,Improvement,0
1010,1.5654761904761905,168,1,CAMEL-12056,CAMEL,pre_ai,Improvement,0
514,1.1081081081081081,111,3,CAMEL-12065,CAMEL,pre_ai,Bug,1
856,3.1475409836065573,61,1,CAMEL-12075,CAMEL,pre_ai,Bug,1
1512,2.2686567164179103,134,12,CAMEL-12005,CAMEL,pre_ai,New Feature,0
64,2.75,4,1,CAMEL-12082,CAMEL,pre_ai,Bug,1
522,4.344827586206897,29,2,CAMEL-12090,CAMEL,pre_ai,Improvement,0
252,4.714285714285714,14,1,CAMEL-11792,CAMEL,pre_ai,Bug,1
266,5.333333333333333,12,1,CAMEL-12031,CAMEL,pre_ai,Bug,1
2048,1.415929203539823,339,9,CAMEL-12074,CAMEL,pre_ai,New Feature,0
113,1.5384615384615385,13,1,CAMEL-12027,CAMEL,pre_ai,Improvement,0
781,1.871559633027523,109,3,CAMEL-12096,CAMEL,pre_ai,Bug,1
11,1.0,1,1,CAMEL-12089,CAMEL,pre_ai,Improvement,0
235,2.4705882352941178,17,1,CAMEL-12098,CAMEL,pre_ai,Bug,1
202,2.4705882352941178,17,2,CAMEL-12086,CAMEL,pre_ai,Bug,1
269,4.6,15,1,CAMEL-12094,CAMEL,pre_ai,Bug,1
554,1.8545454545454545,55,5,CAMEL-12103,CAMEL,pre_ai,Bug,1
190,1.6842105263157894,19,2,CAMEL-11474,CAMEL,pre_ai,Improvement,0
285,4.857142857142857,14,1,CAMEL-12110,CAMEL,pre_ai,Improvement,0
120,1.0,9,3,CAMEL-12113,CAMEL,pre_ai,Improvement,0
876,4.947368421052632,38,1,CAMEL-12057,CAMEL,pre_ai,Bug,1
257,4.166666666666667,12,1,CAMEL-12097,CAMEL,pre_ai,Bug,1
85,1.1666666666666667,6,2,CAMEL-12118,CAMEL,pre_ai,New Feature,0
195,1.0212765957446808,47,1,CAMEL-12122,CAMEL,pre_ai,New Feature,0
748,1.5263157894736843,76,4,CAMEL-12120,CAMEL,pre_ai,Bug,1
855,2.392857142857143,84,5,CAMEL-12124,CAMEL,pre_ai,Improvement,0
21219,2.844212835984641,1823,59,CAMEL-12059,CAMEL,pre_ai,Improvement,0
151,2.2941176470588234,17,1,CAMEL-12111,CAMEL,pre_ai,Bug,1
151,2.2941176470588234,17,1,CAMEL-12129,CAMEL,pre_ai,Test,0
977,3.492063492063492,63,2,CAMEL-12126,CAMEL,pre_ai,New Feature,0
275,1.9375,32,1,CAMEL-12125,CAMEL,pre_ai,Improvement,0
1321,2.836734693877551,98,4,CAMEL-12127,CAMEL,pre_ai,New Feature,0
749,1.1549295774647887,142,1,CAMEL-12134,CAMEL,pre_ai,Bug,1
38,7.0,1,1,CAMEL-12085,CAMEL,pre_ai,Bug,1
606,2.305084745762712,59,2,CAMEL-12131,CAMEL,pre_ai,Bug,1
131,2.0,12,1,CAMEL-10165,CAMEL,pre_ai,Bug,1
303,2.8636363636363638,22,4,CAMEL-12050,CAMEL,pre_ai,Improvement,0
833,2.12,100,1,CAMEL-12136,CAMEL,pre_ai,Bug,1
495,1.0956521739130434,115,3,CAMEL-12135,CAMEL,pre_ai,Improvement,0
570,1.0307692307692307,130,3,CAMEL-12145,CAMEL,pre_ai,Improvement,0
26,1.0,2,2,CAMEL-12137,CAMEL,pre_ai,New Feature,0
213,1.4615384615384615,26,6,CAMEL-12032,CAMEL,pre_ai,Improvement,0
256,2.238095238095238,21,2,CAMEL-12099,CAMEL,pre_ai,Improvement,0
251,4.923076923076923,13,1,CAMEL-11885,CAMEL,pre_ai,Improvement,0
275,1.1206896551724137,58,3,CAMEL-12146,CAMEL,pre_ai,Improvement,0
246,1.14,50,3,CAMEL-12147,CAMEL,pre_ai,Improvement,0
353,2.53125,32,1,CAMEL-12148,CAMEL,pre_ai,Improvement,0
236,1.9230769230769231,26,1,CAMEL-12058,CAMEL,pre_ai,Bug,1
262,1.1296296296296295,54,3,CAMEL-12150,CAMEL,pre_ai,Improvement,0
322,1.1285714285714286,70,3,CAMEL-12151,CAMEL,pre_ai,Improvement,0
2182,3.876923076923077,130,6,CAMEL-12061,CAMEL,pre_ai,Bug,1
264,2.5714285714285716,21,1,CAMEL-12153,CAMEL,pre_ai,Task,0
683,3.5853658536585367,41,1,CAMEL-12149,CAMEL,pre_ai,Bug,1
44,5.0,1,2,CAMEL-12156,CAMEL,pre_ai,Improvement,0
328,1.125,72,3,CAMEL-12143,CAMEL,pre_ai,Improvement,0
365,1.6756756756756757,37,5,CAMEL-12158,CAMEL,pre_ai,Improvement,0
319,1.1428571428571428,70,3,CAMEL-12144,CAMEL,pre_ai,Improvement,0
351,1.1153846153846154,78,3,CAMEL-12152,CAMEL,pre_ai,Improvement,0
317,1.5,38,5,CAMEL-12159,CAMEL,pre_ai,Improvement,0
204,2.3333333333333335,15,2,CAMEL-12161,CAMEL,pre_ai,Improvement,0
380,1.375,48,7,CAMEL-12160,CAMEL,pre_ai,Improvement,0
368,1.3013698630136987,73,2,CAMEL-12165,CAMEL,pre_ai,Improvement,0
230,1.3055555555555556,36,3,CAMEL-12164,CAMEL,pre_ai,Improvement,0
303,1.096774193548387,62,3,CAMEL-12171,CAMEL,pre_ai,Improvement,0
537,1.7826086956521738,69,1,CAMEL-12154,CAMEL,pre_ai,Improvement,0
321,1.0571428571428572,70,3,CAMEL-12172,CAMEL,pre_ai,Improvement,0
243,1.793103448275862,29,2,CAMEL-12177,CAMEL,pre_ai,New Feature,0
1111,2.865979381443299,97,1,CAMEL-10621,CAMEL,pre_ai,Bug,1
243,1.14,50,3,CAMEL-12173,CAMEL,pre_ai,Improvement,0
367,5.866666666666666,15,1,CAMEL-12182,CAMEL,pre_ai,Improvement,0
862,1.503875968992248,129,3,CAMEL-12186,CAMEL,pre_ai,New Feature,0
48,1.5,4,1,CAMEL-12188,CAMEL,pre_ai,New Feature,0
1188,2.125,136,5,CAMEL-12106,CAMEL,pre_ai,Improvement,0
122,1.6666666666666667,15,2,CAMEL-12187,CAMEL,pre_ai,New Feature,0
50,1.5,4,1,CAMEL-12189,CAMEL,pre_ai,New Feature,0
92,1.4666666666666666,15,1,CAMEL-12193,CAMEL,pre_ai,Bug,1
151,2.5,10,2,CAMEL-12194,CAMEL,pre_ai,Improvement,0
705,1.208955223880597,134,3,CAMEL-12190,CAMEL,pre_ai,Improvement,0
773,1.7868852459016393,122,2,CAMEL-12185,CAMEL,pre_ai,New Feature,0
1365,8.108108108108109,37,2,CAMEL-12197,CAMEL,pre_ai,Improvement,0
220,1.127659574468085,47,1,CAMEL-12196,CAMEL,pre_ai,Bug,1
486,3.25,28,1,CAMEL-12206,CAMEL,pre_ai,Improvement,0
137,2.142857142857143,7,1,CAMEL-12204,CAMEL,pre_ai,Task,0
782,1.1866666666666668,150,3,CAMEL-12205,CAMEL,pre_ai,Improvement,0
591,2.6507936507936507,63,2,CAMEL-12200,CAMEL,pre_ai,Bug,1
1396,3.9680851063829787,94,5,CAMEL-12210,CAMEL,pre_ai,Bug,1
162,1.4090909090909092,22,1,CAMEL-12198,CAMEL,pre_ai,Improvement,0
193,2.727272727272727,11,3,CAMEL-12208,CAMEL,pre_ai,Improvement,0
390,3.823529411764706,34,1,CAMEL-12209,CAMEL,pre_ai,Test,0
1151,1.5856353591160222,181,5,CAMEL-12215,CAMEL,pre_ai,Improvement,0
683,4.96875,32,2,CAMEL-12192,CAMEL,pre_ai,Improvement,0
862,2.617021276595745,94,1,CAMEL-12181,CAMEL,pre_ai,Bug,1
110,2.6666666666666665,9,1,CAMEL-11876,CAMEL,pre_ai,Bug,1
1809,1.986784140969163,227,7,CAMEL-12218,CAMEL,pre_ai,Improvement,0
621,2.135593220338983,59,2,CAMEL-12178,CAMEL,pre_ai,Improvement,0
18,1.0,2,1,CAMEL-12223,CAMEL,pre_ai,Task,0
221,4.285714285714286,14,1,CAMEL-11996,CAMEL,pre_ai,Bug,1
284,3.6,15,2,CAMEL-12176,CAMEL,pre_ai,Bug,1
559,2.0142857142857142,70,3,CAMEL-12228,CAMEL,pre_ai,Bug,1
726,1.3082706766917294,133,3,CAMEL-12234,CAMEL,pre_ai,Task,0
118,1.6875,16,1,CAMEL-12236,CAMEL,pre_ai,Bug,1
847,2.0804597701149423,87,6,CAMEL-12227,CAMEL,pre_ai,Task,0
3460,1.9187817258883249,394,12,CAMEL-8958,CAMEL,pre_ai,New Feature,0
50,4.5,2,1,CAMEL-12251,CAMEL,pre_ai,Improvement,0
170,4.333333333333333,9,1,CAMEL-12253,CAMEL,pre_ai,Improvement,0
500,16.22222222222222,9,1,CAMEL-12255,CAMEL,pre_ai,Bug,1
888,1.542857142857143,140,2,CAMEL-12233,CAMEL,pre_ai,Improvement,0
142,3.4,10,1,CAMEL-11977,CAMEL,pre_ai,Bug,1
194,1.9375,16,1,CAMEL-12256,CAMEL,pre_ai,Bug,1
119,3.0,8,1,CAMEL-12240,CAMEL,pre_ai,Sub-task,0
667,3.014925373134328,67,2,CAMEL-12258,CAMEL,pre_ai,Bug,1
182,4.7,10,1,CAMEL-12222,CAMEL,pre_ai,Bug,1
153,2.5,10,3,CAMEL-12261,CAMEL,pre_ai,Task,0
486,2.0434782608695654,46,2,CAMEL-12254,CAMEL,pre_ai,Improvement,0
201,1.375,32,3,CAMEL-12244,CAMEL,pre_ai,Bug,1
2957,1.2361111111111112,576,3,CAMEL-12249,CAMEL,pre_ai,Bug,1
86,2.0,9,1,CAMEL-12268,CAMEL,pre_ai,Improvement,0
1615,1.3411764705882352,255,3,CAMEL-12267,CAMEL,pre_ai,Improvement,0
184,1.5,24,2,CAMEL-12272,CAMEL,pre_ai,Improvement,0
452,3.4545454545454546,22,1,CAMEL-11874,CAMEL,pre_ai,Task,0
891,3.76,50,12,CAMEL-12269,CAMEL,pre_ai,New Feature,0
362,2.2916666666666665,24,5,CAMEL-12275,CAMEL,pre_ai,New Feature,0
224,7.0,7,1,CAMEL-12278,CAMEL,pre_ai,Bug,1
95,1.8181818181818181,11,1,CAMEL-12279,CAMEL,pre_ai,Bug,1
3002,2.4751552795031055,322,10,CAMEL-12265,CAMEL,pre_ai,Improvement,0
196,1.5,18,2,CAMEL-12280,CAMEL,pre_ai,New Feature,0
642,2.347826086956522,69,1,CAMEL-12282,CAMEL,pre_ai,Bug,1
181,1.2424242424242424,33,1,CAMEL-12284,CAMEL,pre_ai,Bug,1
793,1.5130434782608695,115,3,CAMEL-12286,CAMEL,pre_ai,Bug,1
81,1.8888888888888888,9,1,CAMEL-12289,CAMEL,pre_ai,Bug,1
832,1.5206611570247934,121,3,CAMEL-12287,CAMEL,pre_ai,Bug,1
517,1.975609756097561,41,10,CAMEL-12283,CAMEL,pre_ai,Improvement,0
966,9.217391304347826,23,2,CAMEL-12047,CAMEL,pre_ai,Improvement,0
227,1.6111111111111112,18,2,CAMEL-11598,CAMEL,pre_ai,Improvement,0
84,1.2666666666666666,15,1,CAMEL-12293,CAMEL,pre_ai,Improvement,0
1153,2.830188679245283,106,1,CAMEL-10474,CAMEL,pre_ai,Improvement,0
601,1.5616438356164384,73,1,CAMEL-12123,CAMEL,pre_ai,Bug,1
107,2.0,10,1,CAMEL-12299,CAMEL,pre_ai,Task,0
173,2.8181818181818183,11,1,CAMEL-12303,CAMEL,pre_ai,Task,0
2118,1.934782608695652,276,4,CAMEL-12296,CAMEL,pre_ai,Improvement,0
538,3.861111111111111,36,1,CAMEL-12305,CAMEL,pre_ai,Improvement,0
699,1.638095238095238,105,1,CAMEL-12314,CAMEL,pre_ai,Improvement,0
178,2.0,16,2,CAMEL-12292,CAMEL,pre_ai,Bug,1
882,4.32,50,6,CAMEL-12315,CAMEL,pre_ai,Bug,1
258,2.9,20,2,CAMEL-12079,CAMEL,pre_ai,Improvement,0
107,1.3076923076923077,13,2,CAMEL-12309,CAMEL,pre_ai,Improvement,0
5705,1.2772093023255815,1075,6,CAMEL-12295,CAMEL,pre_ai,New Feature,0
856,1.4193548387096775,124,3,CAMEL-12270,CAMEL,pre_ai,Improvement,0
240,3.0833333333333335,12,2,CAMEL-12034,CAMEL,pre_ai,Improvement,0
1028,1.1304347826086956,184,6,CAMEL-12321,CAMEL,pre_ai,Improvement,0
1065,2.007751937984496,129,1,CAMEL-12326,CAMEL,pre_ai,Improvement,0
124,2.625,8,1,CAMEL-12328,CAMEL,pre_ai,Bug,1
207,1.0,56,1,CAMEL-12332,CAMEL,pre_ai,New Feature,0
100,1.375,16,1,CAMEL-12327,CAMEL,pre_ai,Improvement,0
777,3.0454545454545454,66,2,CAMEL-12333,CAMEL,pre_ai,Bug,1
1701,1.476595744680851,235,10,CAMEL-12115,CAMEL,pre_ai,Task,0
223,1.0925925925925926,54,1,CAMEL-12339,CAMEL,pre_ai,Improvement,0
814,2.3378378378378377,74,7,CAMEL-12335,CAMEL,pre_ai,Bug,1
263,1.7142857142857142,21,2,CAMEL-12341,CAMEL,pre_ai,Improvement,0
37,2.0,2,1,CAMEL-12342,CAMEL,pre_ai,Bug,1
1442,1.0523076923076924,325,3,CAMEL-12330,CAMEL,pre_ai,Improvement,0
1720,1.2948328267477203,329,1,CAMEL-12352,CAMEL,pre_ai,Improvement,0
258,2.888888888888889,9,3,CAMEL-12354,CAMEL,pre_ai,Improvement,0
53,1.0,10,1,CAMEL-12356,CAMEL,pre_ai,Bug,1
404,13.2,10,1,CAMEL-12355,CAMEL,pre_ai,Bug,1
118,4.8,5,1,CAMEL-12358,CAMEL,pre_ai,Improvement,0
818,1.5070422535211268,142,3,CAMEL-12357,CAMEL,pre_ai,Improvement,0
4022,2.59846547314578,391,2,CAMEL-12348,CAMEL,pre_ai,Bug,1
54,1.125,8,1,CAMEL-12252,CAMEL,pre_ai,Bug,1
752,7.875,24,1,CAMEL-12364,CAMEL,pre_ai,Bug,1
490,4.4,25,2,CAMEL-12368,CAMEL,pre_ai,Improvement,0
505,4.346153846153846,26,2,CAMEL-12369,CAMEL,pre_ai,Improvement,0
120,1.75,16,1,CAMEL-12379,CAMEL,pre_ai,Bug,1
424,3.625,24,2,CAMEL-12104,CAMEL,pre_ai,Bug,1
158,2.0526315789473686,19,1,CAMEL-12370,CAMEL,pre_ai,Bug,1
97,2.5714285714285716,7,1,CAMEL-12384,CAMEL,pre_ai,Bug,1
44,1.5,4,1,CAMEL-12392,CAMEL,pre_ai,New Feature,0
490,4.074074074074074,27,2,CAMEL-12337,CAMEL,pre_ai,Improvement,0
137,2.0833333333333335,12,1,CAMEL-12345,CAMEL,pre_ai,Bug,1
87,1.5,8,2,CAMEL-12397,CAMEL,pre_ai,New Feature,0
1944,6.2407407407407405,54,4,CAMEL-12380,CAMEL,pre_ai,Sub-task,0
484,6.444444444444445,18,2,CAMEL-12394,CAMEL,pre_ai,Improvement,0
527,4.333333333333333,27,2,CAMEL-12400,CAMEL,pre_ai,New Feature,0
126,4.285714285714286,7,1,CAMEL-12401,CAMEL,pre_ai,Improvement,0
390,6.2,15,1,CAMEL-12325,CAMEL,pre_ai,Bug,1
117,2.1,10,1,CAMEL-12412,CAMEL,pre_ai,Bug,1
51,1.0,12,1,CAMEL-12285,CAMEL,pre_ai,New Feature,0
209,1.6129032258064515,31,1,CAMEL-12382,CAMEL,pre_ai,Improvement,0
582,15.636363636363637,11,1,CAMEL-12420,CAMEL,pre_ai,Bug,1
397,4.611111111111111,18,2,CAMEL-12421,CAMEL,pre_ai,Improvement,0
916,1.8968253968253967,126,3,CAMEL-12415,CAMEL,pre_ai,Bug,1
89,1.0,11,3,CAMEL-12427,CAMEL,pre_ai,Improvement,0
631,9.9375,16,1,CAMEL-12429,CAMEL,pre_ai,Improvement,0
57,1.3,10,1,CAMEL-12435,CAMEL,pre_ai,Bug,1
490,6.190476190476191,21,1,CAMEL-12274,CAMEL,pre_ai,Wish,0
417,4.764705882352941,17,1,CAMEL-12437,CAMEL,pre_ai,Improvement,0
307,4.4375,16,1,CAMEL-12436,CAMEL,pre_ai,Bug,1
32,1.4,5,1,CAMEL-12439,CAMEL,pre_ai,Improvement,0
327,4.421052631578948,19,1,CAMEL-12424,CAMEL,pre_ai,Bug,1
1695,1.4042553191489362,282,4,CAMEL-12438,CAMEL,pre_ai,Improvement,0
764,7.148148148148148,27,2,CAMEL-12395,CAMEL,pre_ai,Bug,1
475,1.7846153846153847,65,2,CAMEL-12444,CAMEL,pre_ai,Improvement,0
106,1.3043478260869565,23,2,CAMEL-12446,CAMEL,pre_ai,Improvement,0
118,1.6666666666666667,12,1,CAMEL-12418,CAMEL,pre_ai,Bug,1
223,1.0851063829787233,47,2,CAMEL-12434,CAMEL,pre_ai,Bug,1
285,2.8,30,1,CAMEL-12457,CAMEL,pre_ai,Bug,1
491,2.021276595744681,47,2,CAMEL-11669,CAMEL,pre_ai,Improvement,0
244,1.2352941176470589,51,1,CAMEL-12458,CAMEL,pre_ai,Improvement,0
77,2.0,4,1,CAMEL-12448,CAMEL,pre_ai,Bug,1
755,7.958333333333333,24,1,CAMEL-12465,CAMEL,pre_ai,Bug,1
449,4.076923076923077,26,3,CAMEL-12451,CAMEL,pre_ai,Bug,1
314,1.3269230769230769,52,4,CAMEL-12466,CAMEL,pre_ai,Improvement,0
412,1.4363636363636363,55,3,CAMEL-12460,CAMEL,pre_ai,Sub-task,0
387,1.1384615384615384,65,1,CAMEL-12475,CAMEL,pre_ai,Bug,1
1947,2.7621951219512195,164,5,CAMEL-12442,CAMEL,pre_ai,Improvement,0
444,6.5,14,1,CAMEL-12482,CAMEL,pre_ai,Improvement,0
405,9.571428571428571,14,1,CAMEL-12483,CAMEL,pre_ai,Bug,1
3594,1.6288659793814433,485,16,CAMEL-12462,CAMEL,pre_ai,Improvement,0
388,1.4528301886792452,53,2,CAMEL-12459,CAMEL,pre_ai,Improvement,0
191,1.2571428571428571,35,4,CAMEL-12480,CAMEL,pre_ai,Bug,1
336,4.2,15,1,CAMEL-12487,CAMEL,pre_ai,Bug,1
84,1.75,8,1,CAMEL-10806,CAMEL,pre_ai,New Feature,0
27,1.0,5,1,CAMEL-12495,CAMEL,pre_ai,New Feature,0
272,2.761904761904762,21,1,CAMEL-12500,CAMEL,pre_ai,Bug,1
116,3.125,8,1,CAMEL-12506,CAMEL,pre_ai,Bug,1
116,1.5,14,2,CAMEL-12501,CAMEL,pre_ai,New Feature,0
111,2.875,8,1,CAMEL-12507,CAMEL,pre_ai,Improvement,0
30,2.0,2,1,CAMEL-12476,CAMEL,pre_ai,Improvement,0
2210,1.6275167785234899,298,6,CAMEL-12463,CAMEL,pre_ai,New Feature,0
12294,1.005983545250561,2674,8,CAMEL-12493,CAMEL,pre_ai,Improvement,0
57,1.4285714285714286,7,1,CAMEL-12512,CAMEL,pre_ai,Wish,0
265,2.590909090909091,22,1,CAMEL-12514,CAMEL,pre_ai,Improvement,0
2288,1.30622009569378,418,5,CAMEL-12503,CAMEL,pre_ai,New Feature,0
118,1.6666666666666667,12,1,CAMEL-12511,CAMEL,pre_ai,Bug,1
38,1.2,5,1,CAMEL-12517,CAMEL,pre_ai,Task,0
140,1.2,20,3,CAMEL-12521,CAMEL,pre_ai,Wish,0
1323,1.2428571428571429,210,9,CAMEL-12509,CAMEL,pre_ai,Task,0
1364,1.2407407407407407,216,9,CAMEL-12524,CAMEL,pre_ai,Task,0
1222,1.8106508875739644,169,3,CAMEL-12532,CAMEL,pre_ai,Bug,1
113,1.9090909090909092,11,1,CAMEL-12535,CAMEL,pre_ai,Bug,1
236,4.5,14,1,CAMEL-12455,CAMEL,pre_ai,Improvement,0
658,1.3893805309734513,113,3,CAMEL-12540,CAMEL,pre_ai,Bug,1
127,1.8461538461538463,13,1,CAMEL-12502,CAMEL,pre_ai,Sub-task,0
2024,1.2664756446991403,349,16,CAMEL-12485,CAMEL,pre_ai,Sub-task,0
21,1.0,2,1,CAMEL-12531,CAMEL,pre_ai,Sub-task,0
144,1.6428571428571428,14,1,CAMEL-12505,CAMEL,pre_ai,Test,0
1768,1.3227091633466135,251,21,CAMEL-12518,CAMEL,pre_ai,Sub-task,0
63,1.2222222222222223,9,1,CAMEL-12541,CAMEL,pre_ai,Bug,1
2467,1.8171428571428572,350,5,CAMEL-12360,CAMEL,pre_ai,New Feature,0
383,14.1,10,1,CAMEL-12552,CAMEL,pre_ai,Task,0
1720,1.8382978723404255,235,3,CAMEL-12553,CAMEL,pre_ai,Improvement,0
156,2.3333333333333335,15,1,CAMEL-12548,CAMEL,pre_ai,Bug,1
452,3.5,22,1,CAMEL-12534,CAMEL,pre_ai,New Feature,0
121,2.272727272727273,11,1,CAMEL-12547,CAMEL,pre_ai,Improvement,0
600,2.125,64,3,CAMEL-12551,CAMEL,pre_ai,Bug,1
364,1.456140350877193,57,2,CAMEL-12542,CAMEL,pre_ai,Improvement,0
412,4.055555555555555,18,2,CAMEL-12556,CAMEL,pre_ai,Improvement,0
1255,2.8105263157894735,95,3,CAMEL-12558,CAMEL,pre_ai,Bug,1
422,1.9714285714285715,35,6,CAMEL-12555,CAMEL,pre_ai,Bug,1
758,1.4563106796116505,103,2,CAMEL-12561,CAMEL,pre_ai,Bug,1
662,2.191780821917808,73,3,CAMEL-12567,CAMEL,pre_ai,New Feature,0
655,2.183098591549296,71,4,CAMEL-12566,CAMEL,pre_ai,New Feature,0
354,1.4363636363636363,55,2,CAMEL-11595,CAMEL,pre_ai,Bug,1
38,1.0,4,2,CAMEL-12564,CAMEL,pre_ai,Task,0
53,2.75,4,1,CAMEL-12573,CAMEL,pre_ai,Bug,1
188,1.3225806451612903,31,2,CAMEL-11879,CAMEL,pre_ai,Improvement,0
443,3.423076923076923,26,2,CAMEL-12409,CAMEL,pre_ai,Task,0
424,3.625,24,2,CAMEL-12577,CAMEL,pre_ai,Bug,1
1080,1.1813953488372093,215,9,CAMEL-12569,CAMEL,pre_ai,Improvement,0
727,7.8076923076923075,26,3,CAMEL-9751,CAMEL,pre_ai,New Feature,0
315,1.2222222222222223,54,6,CAMEL-12581,CAMEL,pre_ai,Bug,1
207,2.217391304347826,23,1,CAMEL-12580,CAMEL,pre_ai,Improvement,0
456,1.3170731707317074,82,3,CAMEL-12537,CAMEL,pre_ai,Task,0
461,4.2,20,1,CAMEL-12578,CAMEL,pre_ai,Improvement,0
80,2.0,4,1,CAMEL-12461,CAMEL,pre_ai,New Feature,0
629,1.1063829787234043,141,3,CAMEL-12530,CAMEL,pre_ai,New Feature,0
879,1.5826771653543308,127,6,CAMEL-12584,CAMEL,pre_ai,Improvement,0
88,3.6,5,1,CAMEL-12601,CAMEL,pre_ai,Bug,1
540,2.4838709677419355,31,4,CAMEL-11257,CAMEL,pre_ai,New Feature,0
1153,2.839622641509434,106,1,CAMEL-12588,CAMEL,pre_ai,Improvement,0
498,2.5454545454545454,44,1,CAMEL-12606,CAMEL,pre_ai,Bug,1
129,1.3571428571428572,14,3,CAMEL-12602,CAMEL,pre_ai,Bug,1
362,1.0,98,1,CAMEL-12612,CAMEL,pre_ai,Task,0
184,5.625,8,1,CAMEL-12613,CAMEL,pre_ai,Bug,1
217,2.9375,16,1,CAMEL-12621,CAMEL,pre_ai,Bug,1
298,1.6944444444444444,36,1,CAMEL-12603,CAMEL,pre_ai,Bug,1
397,4.5,14,1,CAMEL-11327,CAMEL,pre_ai,Improvement,0
126,4.0,7,1,CAMEL-12607,CAMEL,pre_ai,Bug,1
337,2.4186046511627906,43,1,CAMEL-12609,CAMEL,pre_ai,Improvement,0
1175,2.8333333333333335,108,1,CAMEL-12589,CAMEL,pre_ai,Bug,1
199,3.3,10,1,CAMEL-11803,CAMEL,pre_ai,New Feature,0
429,1.7678571428571428,56,2,CAMEL-12571,CAMEL,pre_ai,Bug,1
310,4.15,20,1,CAMEL-12594,CAMEL,pre_ai,Bug,1
288,2.92,25,1,CAMEL-12626,CAMEL,pre_ai,Bug,1
560,3.6486486486486487,37,2,CAMEL-12630,CAMEL,pre_ai,Bug,1
18,1.0,1,1,CAMEL-12554,CAMEL,pre_ai,Improvement,0
266,3.4375,16,1,CAMEL-12632,CAMEL,pre_ai,Task,0
781,1.6893203883495145,103,1,CAMEL-12637,CAMEL,pre_ai,Bug,1
405,1.4328358208955223,67,2,CAMEL-12636,CAMEL,pre_ai,Improvement,0
227,2.6470588235294117,17,2,CAMEL-12641,CAMEL,pre_ai,Improvement,0
578,1.5662650602409638,83,3,CAMEL-12633,CAMEL,pre_ai,Improvement,0
226,4.266666666666667,15,1,CAMEL-12643,CAMEL,pre_ai,Improvement,0
309,1.5869565217391304,46,3,CAMEL-12645,CAMEL,pre_ai,Improvement,0
114,1.2941176470588236,17,2,CAMEL-12624,CAMEL,pre_ai,Bug,1
933,7.05,40,3,CAMEL-12639,CAMEL,pre_ai,Improvement,0
2488,3.064327485380117,171,12,CAMEL-12650,CAMEL,pre_ai,Improvement,0
2345,1.3035294117647058,425,8,CAMEL-12651,CAMEL,pre_ai,New Feature,0
1017,2.4752475247524752,101,6,CAMEL-12640,CAMEL,pre_ai,Improvement,0
480,1.893939393939394,66,1,CAMEL-12653,CAMEL,pre_ai,Improvement,0
609,8.625,16,1,CAMEL-12659,CAMEL,pre_ai,Bug,1
171,2.1818181818181817,22,2,CAMEL-12647,CAMEL,pre_ai,Bug,1
147,3.909090909090909,11,1,CAMEL-12663,CAMEL,pre_ai,Sub-task,0
5973,1.2604735883424407,1098,17,CAMEL-12661,CAMEL,pre_ai,Improvement,0
567,4.379310344827586,29,2,CAMEL-12666,CAMEL,pre_ai,New Feature,0
7875,1.1829419035846724,1618,18,CAMEL-12667,CAMEL,pre_ai,Improvement,0
226,1.1818181818181819,44,1,CAMEL-12669,CAMEL,pre_ai,Improvement,0
227,1.1818181818181819,44,1,CAMEL-12670,CAMEL,pre_ai,Improvement,0
112,1.9166666666666667,12,1,CAMEL-12642,CAMEL,pre_ai,New Feature,0
1395,1.0751879699248121,266,6,CAMEL-12673,CAMEL,pre_ai,Improvement,0
100,1.1764705882352942,17,1,CAMEL-12680,CAMEL,pre_ai,Bug,1
20,1.0,4,2,CAMEL-12681,CAMEL,pre_ai,Bug,1
695,13.23076923076923,13,2,CAMEL-12690,CAMEL,pre_ai,Bug,1
3903,2.6094674556213016,338,2,CAMEL-12689,CAMEL,pre_ai,Bug,1
252,7.4,5,1,CAMEL-12688,CAMEL,pre_ai,Improvement,0
453,2.275,40,5,CAMEL-12693,CAMEL,pre_ai,Improvement,0
206,1.0204081632653061,49,1,CAMEL-12687,CAMEL,pre_ai,Improvement,0
462,4.45,20,1,CAMEL-12701,CAMEL,pre_ai,Bug,1
199,3.5384615384615383,13,1,CAMEL-12575,CAMEL,pre_ai,Bug,1
525,2.66,50,1,CAMEL-12656,CAMEL,pre_ai,Bug,1
802,1.6635514018691588,107,1,CAMEL-12691,CAMEL,pre_ai,Improvement,0
270,6.25,12,1,CAMEL-12702,CAMEL,pre_ai,Improvement,0
1763,1.3574144486692015,263,1,CAMEL-12699,CAMEL,pre_ai,Improvement,0
316,3.45,20,2,CAMEL-12590,CAMEL,pre_ai,Bug,1
214,2.235294117647059,17,1,CAMEL-12709,CAMEL,pre_ai,Bug,1
275,1.4324324324324325,37,1,CAMEL-12638,CAMEL,pre_ai,Bug,1
67,2.0,5,1,CAMEL-12717,CAMEL,pre_ai,Improvement,0
1830,7.208333333333333,48,1,CAMEL-12716,CAMEL,pre_ai,Task,0
814,4.904761904761905,42,1,CAMEL-12724,CAMEL,pre_ai,Bug,1
82,1.0,20,1,CAMEL-12660,CAMEL,pre_ai,Improvement,0
180,1.0,43,1,CAMEL-12711,CAMEL,pre_ai,Improvement,0
11592,1.0,2820,114,CAMEL-12646,CAMEL,pre_ai,Improvement,0
710,2.7142857142857144,56,4,CAMEL-12726,CAMEL,pre_ai,Bug,1
81,3.2,5,1,CAMEL-12720,CAMEL,pre_ai,Bug,1
208,2.107142857142857,28,1,CAMEL-12410,CAMEL,pre_ai,Bug,1
63,2.1666666666666665,6,1,CAMEL-12731,CAMEL,pre_ai,Task,0
106,1.0,4,2,CAMEL-12729,CAMEL,pre_ai,Improvement,0
383,3.1666666666666665,30,1,CAMEL-12730,CAMEL,pre_ai,Task,0
312,1.4594594594594594,37,2,CAMEL-12520,CAMEL,pre_ai,Improvement,0
351,4.2631578947368425,19,1,CAMEL-12732,CAMEL,pre_ai,Bug,1
127,2.6,10,1,CAMEL-12735,CAMEL,pre_ai,Improvement,0
166,3.3,10,1,CAMEL-12114,CAMEL,pre_ai,Improvement,0
867,1.6228070175438596,114,6,CAMEL-12734,CAMEL,pre_ai,New Feature,0
578,1.1367521367521367,117,4,CAMEL-12706,CAMEL,pre_ai,Task,0
1060,2.3714285714285714,105,6,CAMEL-12597,CAMEL,pre_ai,Improvement,0
279,2.1538461538461537,26,2,CAMEL-12740,CAMEL,pre_ai,Bug,1
44,3.6666666666666665,3,1,CAMEL-12745,CAMEL,pre_ai,Bug,1
87,1.3333333333333333,3,3,CAMEL-12736,CAMEL,pre_ai,Task,0
130,2.4285714285714284,7,1,CAMEL-12747,CAMEL,pre_ai,New Feature,0
292,11.666666666666666,9,1,CAMEL-12743,CAMEL,pre_ai,Task,0
377,2.4444444444444446,36,1,CAMEL-12728,CAMEL,pre_ai,Bug,1
390,3.28125,32,2,CAMEL-12229,CAMEL,pre_ai,Bug,1
845,2.2395833333333335,96,6,CAMEL-12741,CAMEL,pre_ai,Bug,1
423,2.135593220338983,59,1,CAMEL-12727,CAMEL,pre_ai,Bug,1
105,1.125,16,3,CAMEL-12610,CAMEL,pre_ai,Bug,1
291,2.392857142857143,28,2,CAMEL-12486,CAMEL,pre_ai,Wish,0
458,3.4444444444444446,27,3,CAMEL-12753,CAMEL,pre_ai,Bug,1
283,1.9444444444444444,36,1,CAMEL-12762,CAMEL,pre_ai,Bug,1
594,3.066666666666667,30,3,CAMEL-12757,CAMEL,pre_ai,Task,0
565,2.76,50,1,CAMEL-12721,CAMEL,pre_ai,New Feature,0
336,1.5357142857142858,56,3,CAMEL-12761,CAMEL,pre_ai,Improvement,0
153,1.6666666666666667,21,1,CAMEL-12770,CAMEL,pre_ai,Improvement,0
224,1.375,32,3,CAMEL-12763,CAMEL,pre_ai,Improvement,0
135,4.375,8,1,CAMEL-12758,CAMEL,pre_ai,Bug,1
1210,1.4628571428571429,175,2,CAMEL-12769,CAMEL,pre_ai,Bug,1
35,1.3333333333333333,3,1,CAMEL-12756,CAMEL,pre_ai,Improvement,0
43,3.6666666666666665,3,1,CAMEL-12778,CAMEL,pre_ai,Bug,1
64,1.375,8,2,CAMEL-12775,CAMEL,pre_ai,Bug,1
75,1.875,8,1,CAMEL-12779,CAMEL,pre_ai,Bug,1
59,1.5714285714285714,7,1,CAMEL-12320,CAMEL,pre_ai,Improvement,0
645,17.09090909090909,11,1,CAMEL-12782,CAMEL,pre_ai,Bug,1
199,3.6153846153846154,13,1,CAMEL-12787,CAMEL,pre_ai,Bug,1
83,1.25,8,2,CAMEL-12802,CAMEL,pre_ai,Task,0
226,3.0,17,1,CAMEL-12785,CAMEL,pre_ai,Bug,1
807,4.857142857142857,42,1,CAMEL-12733,CAMEL,pre_ai,Bug,1
119,2.6666666666666665,6,1,CAMEL-12806,CAMEL,pre_ai,Improvement,0
115,1.04,25,1,CAMEL-12784,CAMEL,pre_ai,New Feature,0
203,1.25,36,1,CAMEL-12807,CAMEL,pre_ai,Bug,1
490,1.7384615384615385,65,2,CAMEL-12809,CAMEL,pre_ai,Bug,1
272,2.761904761904762,21,1,CAMEL-12820,CAMEL,pre_ai,Bug,1
335,1.52,50,1,CAMEL-12822,CAMEL,pre_ai,New Feature,0
849,2.7916666666666665,72,3,CAMEL-12816,CAMEL,pre_ai,Task,0
227,1.7142857142857142,14,7,CAMEL-12813,CAMEL,pre_ai,Improvement,0
1065,2.007751937984496,129,1,CAMEL-12829,CAMEL,pre_ai,Bug,1
88,3.0,6,1,CAMEL-12805,CAMEL,pre_ai,Bug,1
527,2.66,50,1,CAMEL-12831,CAMEL,pre_ai,Bug,1
784,3.731707317073171,41,3,CAMEL-12832,CAMEL,pre_ai,Improvement,0
1135,3.130434782608696,69,5,CAMEL-12833,CAMEL,pre_ai,Improvement,0
133,5.5,2,1,CAMEL-12828,CAMEL,pre_ai,New Feature,0
20,1.0,4,1,CAMEL-12842,CAMEL,pre_ai,Bug,1
126,4.0,7,1,CAMEL-12844,CAMEL,pre_ai,Bug,1
439,3.864864864864865,37,1,CAMEL-12847,CAMEL,pre_ai,New Feature,0
613,2.1066666666666665,75,4,CAMEL-5558,CAMEL,pre_ai,New Feature,0
746,5.21875,32,1,CAMEL-12830,CAMEL,pre_ai,Bug,1
10018,2.459490740740741,864,54,CAMEL-12771,CAMEL,pre_ai,Improvement,0
209,2.8333333333333335,12,2,CAMEL-12849,CAMEL,pre_ai,Task,0
856,4.695652173913044,46,1,CAMEL-12848,CAMEL,pre_ai,Bug,1
198,15.0,2,2,CAMEL-12841,CAMEL,pre_ai,New Feature,0
301,2.3125,32,2,CAMEL-12850,CAMEL,pre_ai,Bug,1
221,2.9285714285714284,14,1,CAMEL-12860,CAMEL,pre_ai,Bug,1
248,10.0,6,2,CAMEL-12786,CAMEL,pre_ai,Bug,1
298,9.0,7,1,CAMEL-12855,CAMEL,pre_ai,New Feature,0
224,5.0,9,1,CAMEL-12698,CAMEL,pre_ai,Improvement,0
583,4.241379310344827,29,1,CAMEL-12843,CAMEL,pre_ai,Bug,1
120,1.15,20,1,CAMEL-12867,CAMEL,pre_ai,Bug,1
324,3.0,21,2,CAMEL-12870,CAMEL,pre_ai,Bug,1
299,2.242424242424242,33,3,CAMEL-12087,CAMEL,pre_ai,Bug,1
100,2.25,8,1,CAMEL-12874,CAMEL,pre_ai,Bug,1
246,3.0,17,3,CAMEL-12873,CAMEL,pre_ai,Bug,1
45,1.0,5,1,CAMEL-12880,CAMEL,pre_ai,Bug,1
553,7.5,22,1,CAMEL-12882,CAMEL,pre_ai,Bug,1
235,2.5238095238095237,21,2,CAMEL-12878,CAMEL,pre_ai,Improvement,0
391,5.642857142857143,14,2,CAMEL-12884,CAMEL,pre_ai,New Feature,0
156,2.0588235294117645,17,1,CAMEL-12890,CAMEL,pre_ai,Bug,1
129,2.75,8,1,CAMEL-12891,CAMEL,pre_ai,Bug,1
205,1.8421052631578947,19,4,CAMEL-12893,CAMEL,pre_ai,Bug,1
449,3.3666666666666667,30,1,CAMEL-12897,CAMEL,pre_ai,Bug,1
102,1.3076923076923077,13,2,CAMEL-12900,CAMEL,pre_ai,Bug,1
1447,1.1941176470588235,340,12,CAMEL-12888,CAMEL,pre_ai,Bug,1
157,2.111111111111111,18,1,CAMEL-12835,CAMEL,pre_ai,Bug,1
456,2.7777777777777777,36,2,CAMEL-12905,CAMEL,pre_ai,Bug,1
104,3.0,8,1,CAMEL-12911,CAMEL,pre_ai,Bug,1
284,1.2916666666666667,48,1,CAMEL-12916,CAMEL,pre_ai,Bug,1
258,1.1206896551724137,58,1,CAMEL-12921,CAMEL,pre_ai,Improvement,0
231,6.0,9,1,CAMEL-12924,CAMEL,pre_ai,Improvement,0
334,1.7941176470588236,34,3,CAMEL-12925,CAMEL,pre_ai,New Feature,0
47,1.4444444444444444,9,1,CAMEL-12933,CAMEL,pre_ai,Bug,1
299,9.142857142857142,7,1,CAMEL-12926,CAMEL,pre_ai,Bug,1
149,1.5238095238095237,21,1,CAMEL-12932,CAMEL,pre_ai,Bug,1
854,1.3660130718954249,153,1,CAMEL-12940,CAMEL,pre_ai,Bug,1
583,2.5384615384615383,39,5,CAMEL-12865,CAMEL,pre_ai,Improvement,0
1725,1.5528455284552845,246,13,CAMEL-12931,CAMEL,pre_ai,Improvement,0
271,4.416666666666667,12,1,CAMEL-12942,CAMEL,pre_ai,Bug,1
701,1.4947368421052631,95,3,CAMEL-12869,CAMEL,pre_ai,Improvement,0
855,4.717391304347826,46,1,CAMEL-12631,CAMEL,pre_ai,Improvement,0
175,3.4444444444444446,9,1,CAMEL-12774,CAMEL,pre_ai,Bug,1
1152,3.0485436893203883,103,2,CAMEL-12943,CAMEL,pre_ai,Bug,1
1694,2.5337837837837838,148,5,CAMEL-12886,CAMEL,pre_ai,Task,0
667,2.2837837837837838,74,1,CAMEL-12908,CAMEL,pre_ai,Bug,1
32,1.0,1,1,CAMEL-11888,CAMEL,pre_ai,New Feature,0
153,1.5,22,1,CAMEL-12952,CAMEL,pre_ai,Bug,1
158,1.5454545454545454,22,1,CAMEL-12951,CAMEL,pre_ai,Bug,1
163,2.0526315789473686,19,1,CAMEL-12958,CAMEL,pre_ai,Bug,1
434,1.675,40,7,CAMEL-12930,CAMEL,pre_ai,New Feature,0
493,1.7608695652173914,46,7,CAMEL-12964,CAMEL,pre_ai,New Feature,0
102,2.2222222222222223,9,1,CAMEL-12973,CAMEL,pre_ai,Bug,1
564,1.46,100,1,CAMEL-12979,CAMEL,pre_ai,Improvement,0
50,1.3333333333333333,3,1,CAMEL-12987,CAMEL,pre_ai,Bug,1
871,2.610526315789474,95,1,CAMEL-13009,CAMEL,pre_ai,Bug,1
848,3.3653846153846154,52,2,CAMEL-13005,CAMEL,pre_ai,Bug,1
802,1.0203045685279188,197,3,CAMEL-13010,CAMEL,pre_ai,Task,0
545,1.8115942028985508,69,1,CAMEL-12994,CAMEL,pre_ai,Bug,1
4105,2.166240409207161,391,12,CAMEL-12937,CAMEL,pre_ai,Task,0
860,4.760869565217392,46,1,CAMEL-13017,CAMEL,pre_ai,Bug,1
2015,1.7765151515151516,264,6,CAMEL-13016,CAMEL,pre_ai,Bug,1
719,1.3093525179856116,139,2,CAMEL-13015,CAMEL,pre_ai,New Feature,0
630,10.0,16,1,CAMEL-13022,CAMEL,pre_ai,Bug,1
51,13.0,1,1,CAMEL-13029,CAMEL,pre_ai,Improvement,0
37,1.8333333333333333,6,1,CAMEL-13028,CAMEL,pre_ai,Bug,1
702,3.864864864864865,37,1,CAMEL-13008,CAMEL,pre_ai,Bug,1
88,3.8333333333333335,6,1,CAMEL-12974,CAMEL,pre_ai,Bug,1
140,2.5384615384615383,13,1,CAMEL-12969,CAMEL,pre_ai,Bug,1
438,9.5,10,2,CAMEL-13018,CAMEL,pre_ai,Improvement,0
379,7.384615384615385,13,1,CAMEL-13001,CAMEL,pre_ai,Improvement,0
50,1.3333333333333333,3,3,CAMEL-6747,CAMEL,pre_ai,New Feature,0
96,1.2666666666666666,15,2,CAMEL-13035,CAMEL,pre_ai,Improvement,0
678,2.9444444444444446,54,2,CAMEL-13034,CAMEL,pre_ai,Improvement,0
74,2.8,5,1,CAMEL-13012,CAMEL,pre_ai,Bug,1
229,3.1818181818181817,11,2,CAMEL-13044,CAMEL,pre_ai,Bug,1
115,2.375,8,1,CAMEL-13049,CAMEL,pre_ai,Bug,1
141,8.0,3,1,CAMEL-13051,CAMEL,pre_ai,Task,0
598,2.4827586206896552,58,1,CAMEL-13064,CAMEL,pre_ai,Task,0
1382,3.372093023255814,86,4,CAMEL-12980,CAMEL,pre_ai,Bug,1
136,8.333333333333334,3,1,CAMEL-13067,CAMEL,pre_ai,Task,0
98,6.333333333333333,3,1,CAMEL-13066,CAMEL,pre_ai,Improvement,0
306,2.65625,32,1,CAMEL-13072,CAMEL,pre_ai,Improvement,0
149,2.2,15,1,CAMEL-13054,CAMEL,pre_ai,Bug,1
150,2.2,15,1,CAMEL-13063,CAMEL,pre_ai,Bug,1
550,1.8548387096774193,62,5,CAMEL-13071,CAMEL,pre_ai,New Feature,0
73,3.0,5,1,CAMEL-13058,CAMEL,pre_ai,Bug,1
1025,4.150943396226415,53,2,CAMEL-13062,CAMEL,pre_ai,Bug,1
876,4.947368421052632,38,1,CAMEL-13059,CAMEL,pre_ai,Bug,1
599,3.8947368421052633,57,1,CAMEL-13076,CAMEL,pre_ai,Bug,1
140,2.6,10,1,CAMEL-13079,CAMEL,pre_ai,Bug,1
62,3.0,3,1,CAMEL-13055,CAMEL,pre_ai,Task,0
142,2.5,6,1,CAMEL-13080,CAMEL,pre_ai,Bug,1
1964,2.9880239520958085,167,12,CAMEL-12982,CAMEL,pre_ai,New Feature,0
581,4.241379310344827,29,1,CAMEL-13093,CAMEL,pre_ai,Bug,1
884,1.956140350877193,114,1,CAMEL-13096,CAMEL,pre_ai,Bug,1
118,4.2,5,1,CAMEL-13088,CAMEL,pre_ai,Task,0
322,1.6774193548387097,31,5,CAMEL-13107,CAMEL,pre_ai,Task,0
8592,1.7411561691113029,1159,20,CAMEL-13075,CAMEL,pre_ai,Task,0
37,1.0,2,1,CAMEL-13112,CAMEL,pre_ai,Task,0
265,5.416666666666667,12,1,CAMEL-13114,CAMEL,pre_ai,Improvement,0
1286,13.724137931034482,29,1,CAMEL-13115,CAMEL,pre_ai,Task,0
377,3.2857142857142856,21,3,CAMEL-12213,CAMEL,pre_ai,Improvement,0
285,1.9473684210526316,19,8,CAMEL-13106,CAMEL,pre_ai,Task,0
1100,2.887323943661972,71,2,CAMEL-13110,CAMEL,pre_ai,Task,0
59,3.0,2,1,CAMEL-13077,CAMEL,pre_ai,Bug,1
203,1.3823529411764706,34,2,CAMEL-13124,CAMEL,pre_ai,Task,0
410,2.78125,32,1,CAMEL-13132,CAMEL,pre_ai,Bug,1
988,2.8255813953488373,86,3,CAMEL-13133,CAMEL,pre_ai,Task,0
647,3.816666666666667,60,2,CAMEL-13128,CAMEL,pre_ai,Bug,1
760,1.9222222222222223,90,5,CAMEL-13130,CAMEL,pre_ai,Task,0
1372,1.7613636363636365,176,12,CAMEL-13082,CAMEL,pre_ai,New Feature,0
436,1.5285714285714285,70,2,CAMEL-13026,CAMEL,pre_ai,Improvement,0
746,2.5396825396825395,63,2,CAMEL-13147,CAMEL,pre_ai,Task,0
503,2.5681818181818183,44,1,CAMEL-13129,CAMEL,pre_ai,Task,0
3765,4.880829015544041,193,15,CAMEL-13135,CAMEL,pre_ai,Task,0
541,1.2254901960784315,102,2,CAMEL-10535,CAMEL,pre_ai,Task,0
2092,1.053191489361702,376,8,CAMEL-12811,CAMEL,pre_ai,Task,0
347,3.3157894736842106,19,1,CAMEL-13148,CAMEL,pre_ai,Task,0
10636,1.8894858019953953,1303,36,CAMEL-10911,CAMEL,pre_ai,Improvement,0
8384,2.842962962962963,675,12,CAMEL-12819,CAMEL,pre_ai,Task,0
4801,2.0127041742286753,551,17,CAMEL-4428,CAMEL,pre_ai,Improvement,0
1717,1.32,325,1,CAMEL-13150,CAMEL,pre_ai,Improvement,0
59,2.0,5,1,CAMEL-13156,CAMEL,pre_ai,Task,0
482,11.333333333333334,15,1,CAMEL-13040,CAMEL,pre_ai,Task,0
32,1.0,5,2,CAMEL-13157,CAMEL,pre_ai,Task,0
114,1.0,24,2,CAMEL-13160,CAMEL,pre_ai,Improvement,0
948,3.911764705882353,68,2,CAMEL-13153,CAMEL,pre_ai,Task,0
190,2.909090909090909,11,2,CAMEL-13002,CAMEL,pre_ai,Task,0
442,1.7457627118644068,59,3,CAMEL-13164,CAMEL,pre_ai,Improvement,0
66,1.5,6,1,CAMEL-13146,CAMEL,pre_ai,Improvement,0
215,1.9230769230769231,26,1,CAMEL-13152,CAMEL,pre_ai,Bug,1
27,1.1666666666666667,6,1,CAMEL-13166,CAMEL,pre_ai,Bug,1
59,1.8,5,1,CAMEL-13168,CAMEL,pre_ai,Bug,1
145,1.0,12,2,CAMEL-13155,CAMEL,pre_ai,Improvement,0
502,5.470588235294118,17,3,CAMEL-13172,CAMEL,pre_ai,New Feature,0
126,2.0,20,1,CAMEL-13116,CAMEL,pre_ai,Improvement,0
258,5.875,8,1,CAMEL-13179,CAMEL,pre_ai,Bug,1
398,1.8095238095238095,63,1,CAMEL-13125,CAMEL,pre_ai,Bug,1
218,4.636363636363637,11,1,CAMEL-13037,CAMEL,pre_ai,Bug,1
449,2.6,35,1,CAMEL-13192,CAMEL,pre_ai,Bug,1
598,1.5616438356164384,73,1,CAMEL-13196,CAMEL,pre_ai,Bug,1
4805,2.010169491525424,590,3,CAMEL-12513,CAMEL,pre_ai,Improvement,0
459,2.019230769230769,52,5,CAMEL-13199,CAMEL,pre_ai,Improvement,0
125,1.4,15,2,CAMEL-13173,CAMEL,pre_ai,Task,0
356,4.85,20,1,CAMEL-13191,CAMEL,pre_ai,Bug,1
71,1.0,10,1,CAMEL-13204,CAMEL,pre_ai,Task,0
207,1.2142857142857142,42,1,CAMEL-13171,CAMEL,pre_ai,Bug,1
181,1.7391304347826086,23,2,CAMEL-13119,CAMEL,pre_ai,New Feature,0
729,1.2397260273972603,146,2,CAMEL-13126,CAMEL,pre_ai,Improvement,0
270,5.2727272727272725,11,1,CAMEL-13210,CAMEL,pre_ai,Improvement,0
374,1.08,75,1,CAMEL-13211,CAMEL,pre_ai,Bug,1
896,1.9396551724137931,116,1,CAMEL-13236,CAMEL,pre_ai,Bug,1
133,2.533333333333333,15,1,CAMEL-13232,CAMEL,pre_ai,Task,0
318,4.15,20,2,CAMEL-13246,CAMEL,pre_ai,Improvement,0
836,1.0,214,4,CAMEL-12955,CAMEL,pre_ai,New Feature,0
50,1.0,4,1,CAMEL-10792,CAMEL,pre_ai,Improvement,0
94,4.5,6,1,CAMEL-13272,CAMEL,pre_ai,Bug,1
170,2.272727272727273,11,3,CAMEL-13252,CAMEL,pre_ai,Task,0
379,3.0357142857142856,28,4,CAMEL-13185,CAMEL,pre_ai,Improvement,0
753,1.7837837837837838,111,3,CAMEL-13007,CAMEL,pre_ai,Improvement,0
414,1.736842105263158,57,2,CAMEL-13280,CAMEL,pre_ai,New Feature,0
197,3.875,8,1,CAMEL-13284,CAMEL,pre_ai,Bug,1
4290,2.5349397590361447,415,3,CAMEL-13243,CAMEL,pre_ai,Improvement,0
319,1.0,84,1,CAMEL-13214,CAMEL,pre_ai,Improvement,0
485,2.787878787878788,33,3,CAMEL-13293,CAMEL,pre_ai,Improvement,0
811,1.5185185185185186,108,3,CAMEL-13295,CAMEL,pre_ai,Improvement,0
44,2.3333333333333335,3,1,CAMEL-12450,CAMEL,pre_ai,New Feature,0
241,1.6,30,1,CAMEL-13296,CAMEL,pre_ai,Bug,1
3646,2.761467889908257,327,1,CAMEL-13303,CAMEL,pre_ai,Bug,1
447,1.296875,64,2,CAMEL-13065,CAMEL,pre_ai,Improvement,0
81,1.5,6,1,CAMEL-12605,CAMEL,pre_ai,Improvement,0
1882,4.377049180327869,122,4,CAMEL-13298,CAMEL,pre_ai,Improvement,0
278,3.526315789473684,19,1,CAMEL-13305,CAMEL,pre_ai,Bug,1
347,2.5625,32,2,CAMEL-13308,CAMEL,pre_ai,Improvement,0
1795,3.544642857142857,112,10,CAMEL-13309,CAMEL,pre_ai,Improvement,0
230,5.111111111111111,9,1,CAMEL-13304,CAMEL,pre_ai,Bug,1
1201,4.34375,64,2,CAMEL-13312,CAMEL,pre_ai,Improvement,0
34,1.75,4,1,CAMEL-13286,CAMEL,pre_ai,Improvement,0
56,1.3333333333333333,6,1,CAMEL-13319,CAMEL,pre_ai,Bug,1
96,1.1,20,1,CAMEL-13321,CAMEL,pre_ai,Bug,1
964,3.276923076923077,65,1,CAMEL-6589,CAMEL,pre_ai,Improvement,0
154,1.8421052631578947,19,1,CAMEL-13262,CAMEL,pre_ai,Improvement,0
143,1.4705882352941178,17,2,CAMEL-13263,CAMEL,pre_ai,Task,0
37,3.5,2,1,CAMEL-13120,CAMEL,pre_ai,Improvement,0
486,1.9242424242424243,66,1,CAMEL-13282,CAMEL,pre_ai,Bug,1
102,2.2,10,1,CAMEL-13261,CAMEL,pre_ai,Sub-task,0
264,4.4,15,1,CAMEL-13313,CAMEL,pre_ai,New Feature,0
348,4.2105263157894735,19,1,CAMEL-13140,CAMEL,pre_ai,Bug,1
469,5.333333333333333,27,1,CAMEL-13162,CAMEL,pre_ai,Bug,1
31,3.5,2,1,CAMEL-13344,CAMEL,pre_ai,Improvement,0
763,1.9052631578947368,95,2,CAMEL-13346,CAMEL,pre_ai,Improvement,0
304,1.7804878048780488,41,1,CAMEL-13349,CAMEL,pre_ai,Improvement,0
177,1.8275862068965518,29,1,CAMEL-13341,CAMEL,pre_ai,Improvement,0
183,3.6666666666666665,9,1,CAMEL-13348,CAMEL,pre_ai,Task,0
140,1.0,34,1,CAMEL-13352,CAMEL,pre_ai,Improvement,0
301,9.428571428571429,7,1,CAMEL-13340,CAMEL,pre_ai,Bug,1
1007,1.1282051282051282,234,6,CAMEL-5836,CAMEL,pre_ai,Improvement,0
413,7.833333333333333,12,1,CAMEL-13351,CAMEL,pre_ai,Bug,1
547,2.2452830188679247,53,1,CAMEL-6076,CAMEL,pre_ai,Improvement,0
356,4.2105263157894735,19,1,CAMEL-13339,CAMEL,pre_ai,Bug,1
348,4.2105263157894735,19,1,CAMEL-13338,CAMEL,pre_ai,Bug,1
476,1.7534246575342465,73,1,CAMEL-13355,CAMEL,pre_ai,Bug,1
202,4.0,8,1,CAMEL-13365,CAMEL,pre_ai,Improvement,0
1384,2.041958041958042,143,12,CAMEL-13364,CAMEL,pre_ai,Improvement,0
1384,2.041958041958042,143,12,CAMEL-13363,CAMEL,pre_ai,Improvement,0
1378,2.17687074829932,147,3,CAMEL-13370,CAMEL,pre_ai,Improvement,0
188,1.1956521739130435,46,1,CAMEL-13357,CAMEL,pre_ai,Bug,1
863,6.7894736842105265,38,1,CAMEL-13377,CAMEL,pre_ai,Improvement,0
3909,1.8013245033112584,453,24,CAMEL-13372,CAMEL,pre_ai,Improvement,0
446,1.9811320754716981,53,4,CAMEL-12323,CAMEL,pre_ai,Improvement,0
56,3.5,4,1,CAMEL-13387,CAMEL,pre_ai,Bug,1
879,4.723404255319149,47,1,CAMEL-13389,CAMEL,pre_ai,Improvement,0
613,4.75,28,1,CAMEL-12002,CAMEL,pre_ai,Improvement,0
207,4.125,8,1,CAMEL-13300,CAMEL,pre_ai,Improvement,0
82,1.1111111111111112,9,1,CAMEL-13388,CAMEL,pre_ai,Bug,1
833,1.5777777777777777,90,14,CAMEL-13380,CAMEL,pre_ai,Task,0
155,1.2962962962962963,27,1,CAMEL-13396,CAMEL,pre_ai,Bug,1
700,1.1360544217687074,147,4,CAMEL-12936,CAMEL,pre_ai,Improvement,0
1140,2.962025316455696,79,6,CAMEL-13395,CAMEL,pre_ai,Improvement,0
61,1.1111111111111112,9,1,CAMEL-13406,CAMEL,pre_ai,Bug,1
71,1.375,8,1,CAMEL-13397,CAMEL,pre_ai,Bug,1
56,1.8571428571428572,7,1,CAMEL-13409,CAMEL,pre_ai,Bug,1
491,6.277777777777778,18,1,CAMEL-13345,CAMEL,pre_ai,New Feature,0
303,2.21875,32,3,CAMEL-13414,CAMEL,pre_ai,Improvement,0
38,3.5,2,1,CAMEL-13385,CAMEL,pre_ai,Improvement,0
147,1.1153846153846154,26,2,CAMEL-13401,CAMEL,pre_ai,New Feature,0
103,2.5,8,1,CAMEL-13427,CAMEL,pre_ai,New Feature,0
13481,1.6764091858037578,1916,47,CAMEL-13417,CAMEL,pre_ai,Improvement,0
213,1.9230769230769231,26,1,CAMEL-12978,CAMEL,pre_ai,Improvement,0
83,1.0,15,2,CAMEL-13418,CAMEL,pre_ai,Improvement,0
153,2.6666666666666665,9,2,CAMEL-13438,CAMEL,pre_ai,Bug,1
92,1.4666666666666666,15,1,CAMEL-13437,CAMEL,pre_ai,Bug,1
392,1.48,50,7,CAMEL-13260,CAMEL,pre_ai,Sub-task,0
413,1.7241379310344827,58,1,CAMEL-13425,CAMEL,pre_ai,Improvement,0
95,3.25,8,1,CAMEL-13439,CAMEL,pre_ai,Improvement,0
694,1.53125,96,2,CAMEL-13442,CAMEL,pre_ai,Improvement,0
213,2.1724137931034484,29,1,CAMEL-13446,CAMEL,pre_ai,Task,0
706,3.918918918918919,37,1,CAMEL-13458,CAMEL,pre_ai,Bug,1
4520,2.5283446712018143,441,8,CAMEL-13447,CAMEL,pre_ai,Improvement,0
3636,2.366233766233766,385,4,CAMEL-13448,CAMEL,pre_ai,Improvement,0
335,2.2,35,1,CAMEL-13449,CAMEL,pre_ai,Improvement,0
27801,1.4350944298350465,4183,200,CAMEL-13460,CAMEL,pre_ai,Improvement,0
546,4.45,40,3,CAMEL-13430,CAMEL,pre_ai,Improvement,0
1300,1.4333333333333333,240,4,CAMEL-13468,CAMEL,pre_ai,Bug,1
8496,1.7607361963190185,1141,92,CAMEL-13450,CAMEL,pre_ai,Improvement,0
52,1.0,5,3,CAMEL-9589,CAMEL,pre_ai,New Feature,0
162,3.1818181818181817,11,1,CAMEL-13465,CAMEL,pre_ai,Bug,1
680,4.222222222222222,36,3,CAMEL-13467,CAMEL,pre_ai,Improvement,0
39464,2.0808222377949077,4281,301,CAMEL-13469,CAMEL,pre_ai,Improvement,0
772,1.55,60,16,CAMEL-13473,CAMEL,pre_ai,Task,0
218,2.263157894736842,19,2,CAMEL-13464,CAMEL,pre_ai,Bug,1
476,2.6944444444444446,36,1,CAMEL-13490,CAMEL,pre_ai,New Feature,0
151,2.7,10,1,CAMEL-13489,CAMEL,pre_ai,Bug,1
46,3.0,2,1,CAMEL-13492,CAMEL,pre_ai,Task,0
56,2.4,5,1,CAMEL-13494,CAMEL,pre_ai,Task,0
1516,1.084375,320,22,CAMEL-13495,CAMEL,pre_ai,Task,0
157,1.6470588235294117,17,1,CAMEL-13497,CAMEL,pre_ai,Bug,1
53,1.25,4,3,CAMEL-13499,CAMEL,pre_ai,Improvement,0
790,1.9895833333333333,96,1,CAMEL-13502,CAMEL,pre_ai,Improvement,0
8496,1.7607361963190185,1141,92,CAMEL-13451,CAMEL,pre_ai,Improvement,0
364,1.565217391304348,46,1,CAMEL-13506,CAMEL,pre_ai,Improvement,0
1558,1.5495867768595042,242,2,CAMEL-13503,CAMEL,pre_ai,Improvement,0
4260,2.4282296650717705,418,9,CAMEL-13512,CAMEL,pre_ai,Improvement,0
247,1.9393939393939394,33,1,CAMEL-13511,CAMEL,pre_ai,Improvement,0
761,1.9263157894736842,95,1,CAMEL-13500,CAMEL,pre_ai,Task,0
257,1.0,66,1,CAMEL-12966,CAMEL,pre_ai,Improvement,0
70,1.0909090909090908,11,1,CAMEL-13513,CAMEL,pre_ai,Bug,1
707,1.8641975308641976,81,8,CAMEL-13522,CAMEL,pre_ai,Improvement,0
39,1.5,2,2,CAMEL-13444,CAMEL,pre_ai,Improvement,0
47,2.6,5,2,CAMEL-13527,CAMEL,pre_ai,Improvement,0
710,4.193548387096774,31,2,CAMEL-13528,CAMEL,pre_ai,Task,0
411,14.88888888888889,9,1,CAMEL-13531,CAMEL,pre_ai,Improvement,0
218,2.28,25,1,CAMEL-13536,CAMEL,pre_ai,Bug,1
396,1.7027027027027026,37,6,CAMEL-13507,CAMEL,pre_ai,Task,0
430,2.18,50,1,CAMEL-13537,CAMEL,pre_ai,Improvement,0
65,1.0,3,3,CAMEL-13390,CAMEL,pre_ai,New Feature,0
67,2.0,4,1,CAMEL-13550,CAMEL,pre_ai,Bug,1
93275,1.8658169587537616,11298,947,CAMEL-10469,CAMEL,pre_ai,Task,0
104,7.333333333333333,3,1,CAMEL-13541,CAMEL,pre_ai,Bug,1
1774,6.576271186440678,59,1,CAMEL-13546,CAMEL,pre_ai,Bug,1
1038,2.3333333333333335,72,9,CAMEL-13551,CAMEL,pre_ai,Improvement,0
136,1.5,20,2,CAMEL-13552,CAMEL,pre_ai,Improvement,0
478,5.444444444444445,27,1,CAMEL-13554,CAMEL,pre_ai,Bug,1
225,2.2083333333333335,24,1,CAMEL-13476,CAMEL,pre_ai,Improvement,0
4026,2.4390243902439024,410,3,CAMEL-13556,CAMEL,pre_ai,Bug,1
325,3.65,20,1,CAMEL-13529,CAMEL,pre_ai,Improvement,0
469,9.25,12,1,CAMEL-13572,CAMEL,pre_ai,Bug,1
845,2.5681818181818183,88,2,CAMEL-13569,CAMEL,pre_ai,Improvement,0
111,1.9,10,1,CAMEL-13566,CAMEL,pre_ai,Improvement,0
295,1.0,78,1,CAMEL-13570,CAMEL,pre_ai,New Feature,0
754,7.958333333333333,24,1,CAMEL-13576,CAMEL,pre_ai,Bug,1
20612,2.4694197595399894,1913,75,CAMEL-13456,CAMEL,pre_ai,Improvement,0
70,1.3076923076923077,13,1,CAMEL-13582,CAMEL,pre_ai,Improvement,0
232,1.3428571428571427,35,1,CAMEL-13581,CAMEL,pre_ai,Task,0
123,3.857142857142857,7,1,CAMEL-13376,CAMEL,pre_ai,Bug,1
1168,1.6310160427807487,187,2,CAMEL-13483,CAMEL,pre_ai,New Feature,0
207,1.875,24,2,CAMEL-13587,CAMEL,pre_ai,Bug,1
60,1.0,14,1,CAMEL-10324,CAMEL,pre_ai,New Feature,0
253,1.4615384615384615,39,2,CAMEL-13599,CAMEL,pre_ai,Improvement,0
3141,2.5912698412698414,252,25,CAMEL-13583,CAMEL,pre_ai,Improvement,0
1091,1.1290322580645162,248,4,CAMEL-13597,CAMEL,pre_ai,Improvement,0
1778,3.1818181818181817,154,6,CAMEL-13557,CAMEL,pre_ai,New Feature,0
151,2.7,10,1,CAMEL-13428,CAMEL,pre_ai,Bug,1
272,1.962962962962963,27,4,CAMEL-13601,CAMEL,pre_ai,Improvement,0
572,3.128205128205128,39,2,CAMEL-12963,CAMEL,pre_ai,Bug,1
106,4.166666666666667,6,1,CAMEL-13407,CAMEL,pre_ai,Bug,1
114,2.5,10,1,CAMEL-13580,CAMEL,pre_ai,Improvement,0
352,2.5416666666666665,24,2,CAMEL-13559,CAMEL,pre_ai,Bug,1
52,3.75,4,1,CAMEL-13608,CAMEL,pre_ai,New Feature,0
366,1.7173913043478262,46,4,CAMEL-13605,CAMEL,pre_ai,Improvement,0
101,1.1875,16,1,CAMEL-13612,CAMEL,pre_ai,Improvement,0
23,1.0,5,1,CAMEL-13614,CAMEL,pre_ai,Bug,1
795,1.9574468085106382,94,9,CAMEL-12481,CAMEL,pre_ai,New Feature,0
1012,2.287128712871287,101,1,CAMEL-13618,CAMEL,pre_ai,Improvement,0
847,1.2847682119205297,151,3,CAMEL-12868,CAMEL,pre_ai,Improvement,0
1790,1.160883280757098,317,2,CAMEL-13525,CAMEL,pre_ai,Improvement,0
344,2.2222222222222223,36,1,CAMEL-13625,CAMEL,pre_ai,Bug,1
351,4.153846153846154,26,1,CAMEL-13631,CAMEL,pre_ai,New Feature,0
378,2.3225806451612905,31,3,CAMEL-13632,CAMEL,pre_ai,Improvement,0
603,1.2282608695652173,92,9,CAMEL-13617,CAMEL,pre_ai,Improvement,0
1118,2.2523364485981308,107,3,CAMEL-13627,CAMEL,pre_ai,Improvement,0
86,1.6,10,2,CAMEL-13369,CAMEL,pre_ai,New Feature,0
1749,7.066666666666666,45,1,CAMEL-12464,CAMEL,pre_ai,Improvement,0
1194,1.492537313432836,201,3,CAMEL-13354,CAMEL,pre_ai,Improvement,0
265,3.5625,16,1,CAMEL-13644,CAMEL,pre_ai,Improvement,0
884,1.523489932885906,149,1,CAMEL-13645,CAMEL,pre_ai,Test,0
1277,2.3286713286713288,143,3,CAMEL-13634,CAMEL,pre_ai,Improvement,0
475,1.5714285714285714,63,2,CAMEL-13637,CAMEL,pre_ai,Improvement,0
304,1.7179487179487178,39,2,CAMEL-13650,CAMEL,pre_ai,Improvement,0
193,2.5384615384615383,13,2,CAMEL-13118,CAMEL,pre_ai,Task,0
265,5.818181818181818,11,1,CAMEL-13563,CAMEL,pre_ai,Improvement,0
2548,1.221938775510204,392,9,CAMEL-8362,CAMEL,pre_ai,New Feature,0
187,3.125,8,1,CAMEL-13652,CAMEL,pre_ai,Improvement,0
307,3.0,26,1,CAMEL-12975,CAMEL,pre_ai,Bug,1
2018,1.0759162303664922,382,3,CAMEL-13647,CAMEL,pre_ai,New Feature,0
411,3.6666666666666665,21,1,CAMEL-13655,CAMEL,pre_ai,Improvement,0
146,1.3461538461538463,26,1,CAMEL-13659,CAMEL,pre_ai,Improvement,0
49,2.3333333333333335,3,1,CAMEL-13373,CAMEL,pre_ai,Bug,1
89,2.0833333333333335,12,1,CAMEL-13658,CAMEL,pre_ai,Improvement,0
925,1.2754491017964071,167,2,CAMEL-13662,CAMEL,pre_ai,Improvement,0
736,4.315789473684211,38,3,CAMEL-13663,CAMEL,pre_ai,New Feature,0
1546,1.7966101694915255,236,2,CAMEL-13674,CAMEL,pre_ai,New Feature,0
76,3.142857142857143,7,1,CAMEL-13666,CAMEL,pre_ai,Bug,1
906,4.0,47,5,CAMEL-13672,CAMEL,pre_ai,Improvement,0
335,7.555555555555555,9,1,CAMEL-13675,CAMEL,pre_ai,Improvement,0
533,2.6444444444444444,45,1,CAMEL-13664,CAMEL,pre_ai,Test,0
134,1.0909090909090908,22,2,CAMEL-13673,CAMEL,pre_ai,Test,0
1156,1.6129032258064515,186,2,CAMEL-13680,CAMEL,pre_ai,Bug,1
635,4.743589743589744,39,1,CAMEL-13681,CAMEL,pre_ai,New Feature,0
85,2.6666666666666665,6,1,CAMEL-13689,CAMEL,pre_ai,Improvement,0
1617,3.140740740740741,135,2,CAMEL-13688,CAMEL,pre_ai,Improvement,0
404,3.903225806451613,31,1,CAMEL-13683,CAMEL,pre_ai,Improvement,0
1155,2.3015873015873014,126,2,CAMEL-13686,CAMEL,pre_ai,Improvement,0
314,3.5652173913043477,23,1,CAMEL-13697,CAMEL,pre_ai,Improvement,0
573,3.1176470588235294,51,5,CAMEL-13695,CAMEL,pre_ai,Improvement,0
155,3.4545454545454546,11,1,CAMEL-13698,CAMEL,pre_ai,Bug,1
114,1.0,8,4,CAMEL-13669,CAMEL,pre_ai,Improvement,0
32,1.0,4,1,CAMEL-13649,CAMEL,pre_ai,Improvement,0
466,8.357142857142858,14,1,CAMEL-13702,CAMEL,pre_ai,Improvement,0
470,1.8524590163934427,61,1,CAMEL-13709,CAMEL,pre_ai,Improvement,0
1040,1.5549132947976878,173,1,CAMEL-13687,CAMEL,pre_ai,Bug,1
712,1.7303370786516854,89,2,CAMEL-13714,CAMEL,pre_ai,Task,0
3681,2.5054945054945055,364,1,CAMEL-13466,CAMEL,pre_ai,Bug,1
1714,1.0883977900552486,362,3,CAMEL-13715,CAMEL,pre_ai,Improvement,0
30,1.5,2,2,CAMEL-13710,CAMEL,pre_ai,Task,0
412,1.0,63,7,CAMEL-13723,CAMEL,pre_ai,Task,0
659,1.140625,128,1,CAMEL-13708,CAMEL,pre_ai,Improvement,0
659,1.140625,128,1,CAMEL-13721,CAMEL,pre_ai,Improvement,0
659,1.140625,128,1,CAMEL-13694,CAMEL,pre_ai,Improvement,0
659,1.140625,128,1,CAMEL-13720,CAMEL,pre_ai,Improvement,0
3163,3.1737089201877935,213,80,CAMEL-13656,CAMEL,pre_ai,Improvement,0
77,1.7142857142857142,7,1,CAMEL-14031,CAMEL,pre_ai,Improvement,0
1535,2.717391304347826,138,3,CAMEL-14034,CAMEL,pre_ai,Improvement,0
255,4.5,16,1,CAMEL-13270,CAMEL,pre_ai,Bug,1
381,3.1153846153846154,26,3,CAMEL-14035,CAMEL,pre_ai,Bug,1
130,3.076923076923077,13,1,CAMEL-14040,CAMEL,pre_ai,Improvement,0
416,3.9130434782608696,23,1,CAMEL-13955,CAMEL,pre_ai,Improvement,0
31402,1.0090272373540856,6425,52,CAMEL-14041,CAMEL,pre_ai,Improvement,0
1016,2.1650485436893203,103,9,CAMEL-13392,CAMEL,pre_ai,Improvement,0
357,2.5,28,2,CAMEL-14048,CAMEL,pre_ai,Improvement,0
125,1.6470588235294117,17,1,CAMEL-14049,CAMEL,pre_ai,Improvement,0
508,8.4,15,1,CAMEL-14027,CAMEL,pre_ai,Bug,1
1871,3.3771929824561404,114,16,CAMEL-14017,CAMEL,pre_ai,Improvement,0
492,4.0588235294117645,34,1,CAMEL-14054,CAMEL,pre_ai,Bug,1
152,4.428571428571429,7,1,CAMEL-14055,CAMEL,pre_ai,Improvement,0
1505,1.070967741935484,310,6,CAMEL-14052,CAMEL,pre_ai,Improvement,0
592,2.5945945945945947,37,7,CAMEL-13875,CAMEL,pre_ai,Improvement,0
140,1.0,32,1,CAMEL-14047,CAMEL,pre_ai,Improvement,0
3118,2.436893203883495,309,1,CAMEL-14057,CAMEL,pre_ai,Improvement,0
87,5.666666666666667,3,1,CAMEL-14058,CAMEL,pre_ai,Bug,1
1095,4.841269841269841,63,2,CAMEL-14044,CAMEL,pre_ai,Improvement,0
836,1.7619047619047619,84,3,CAMEL-14023,CAMEL,pre_ai,Bug,1
7366,1.0801068090787718,1498,9,CAMEL-14051,CAMEL,pre_ai,Improvement,0
1342,14.344827586206897,29,1,CAMEL-14064,CAMEL,pre_ai,Bug,1
224,1.9230769230769231,26,1,CAMEL-14072,CAMEL,pre_ai,Bug,1
206,1.0,56,1,CAMEL-14060,CAMEL,pre_ai,Improvement,0
1419,1.6646341463414633,164,14,CAMEL-14073,CAMEL,pre_ai,Improvement,0
28,2.0,2,1,CAMEL-14071,CAMEL,pre_ai,Bug,1
523,8.5,16,1,CAMEL-14025,CAMEL,pre_ai,New Feature,0
1034,2.6,105,3,CAMEL-14078,CAMEL,pre_ai,Bug,1
4345,1.0419501133786848,882,3,CAMEL-14083,CAMEL,pre_ai,Improvement,0
210,1.6818181818181819,22,1,CAMEL-14087,CAMEL,pre_ai,Bug,1
86,1.0,18,1,CAMEL-14077,CAMEL,pre_ai,Task,0
283,1.2222222222222223,45,3,CAMEL-12854,CAMEL,pre_ai,New Feature,0
1541,2.4496644295302015,149,3,CAMEL-14105,CAMEL,pre_ai,Bug,1
245,3.9285714285714284,14,4,CAMEL-14069,CAMEL,pre_ai,Improvement,0
414,7.833333333333333,12,1,CAMEL-14098,CAMEL,pre_ai,Bug,1
710,2.709090909090909,55,5,CAMEL-14075,CAMEL,pre_ai,Task,0
694,1.9642857142857142,84,7,CAMEL-14107,CAMEL,pre_ai,Improvement,0
241,2.7,20,1,CAMEL-14108,CAMEL,pre_ai,Bug,1
3907,2.089622641509434,424,9,CAMEL-10955,CAMEL,pre_ai,Improvement,0
143,4.666666666666667,6,1,CAMEL-14070,CAMEL,pre_ai,Improvement,0
449,1.3209876543209877,81,2,CAMEL-14076,CAMEL,pre_ai,Improvement,0
416,1.7096774193548387,62,1,CAMEL-14101,CAMEL,pre_ai,Improvement,0
37,1.25,4,1,CAMEL-14097,CAMEL,pre_ai,Bug,1
285,2.4,30,2,CAMEL-13914,CAMEL,pre_ai,Task,0
179,6.285714285714286,7,1,CAMEL-13233,CAMEL,pre_ai,Task,0
576,1.064,125,4,CAMEL-14091,CAMEL,pre_ai,Sub-task,0
420,5.105263157894737,19,2,CAMEL-14113,CAMEL,pre_ai,Bug,1
819,2.763888888888889,72,4,CAMEL-14118,CAMEL,pre_ai,Improvement,0
1436,1.1192660550458715,327,5,CAMEL-14116,CAMEL,pre_ai,Task,0
103429,1.0051178061027424,20712,298,CAMEL-13725,CAMEL,pre_ai,Improvement,0
449,1.0898876404494382,89,4,CAMEL-14092,CAMEL,pre_ai,Sub-task,0
91,2.0,10,1,CAMEL-14117,CAMEL,pre_ai,Bug,1
352,1.0,69,3,CAMEL-14110,CAMEL,pre_ai,New Feature,0
325,3.652173913043478,23,1,CAMEL-14127,CAMEL,pre_ai,Bug,1
34,2.0,3,1,CAMEL-13773,CAMEL,pre_ai,Task,0
1125,2.1264367816091956,87,12,CAMEL-14132,CAMEL,pre_ai,Bug,1
952,1.0727272727272728,220,3,CAMEL-14130,CAMEL,pre_ai,Task,0
1438,1.0061162079510704,327,3,CAMEL-14043,CAMEL,pre_ai,Improvement,0
18394,1.0,3637,133,CAMEL-14119,CAMEL,pre_ai,Bug,1
975,1.2513661202185793,183,6,CAMEL-13726,CAMEL,pre_ai,Improvement,0
210,1.3714285714285714,35,1,CAMEL-13700,CAMEL,pre_ai,Bug,1
481,5.481481481481482,27,1,CAMEL-13724,CAMEL,pre_ai,Bug,1
1041,1.5549132947976878,173,1,CAMEL-13730,CAMEL,pre_ai,Task,0
115,1.3333333333333333,21,2,CAMEL-13731,CAMEL,pre_ai,Improvement,0
472,2.2580645161290325,31,1,CAMEL-13711,CAMEL,pre_ai,Bug,1
453,2.689655172413793,29,3,CAMEL-13734,CAMEL,pre_ai,New Feature,0
2129,1.2203389830508475,354,15,CAMEL-10013,CAMEL,pre_ai,Task,0
408,1.8888888888888888,36,1,CAMEL-13746,CAMEL,pre_ai,Bug,1
481,1.4242424242424243,66,4,CAMEL-13628,CAMEL,pre_ai,New Feature,0
394,2.0697674418604652,43,2,CAMEL-13747,CAMEL,pre_ai,Improvement,0
983,4.617021276595745,47,7,CAMEL-12983,CAMEL,pre_ai,New Feature,0
71,1.3333333333333333,9,1,CAMEL-13749,CAMEL,pre_ai,Improvement,0
13808,2.0463659147869673,1596,55,CAMEL-13678,CAMEL,pre_ai,Improvement,0
172,3.6,10,1,CAMEL-13756,CAMEL,pre_ai,Task,0
406,4.153846153846154,26,2,CAMEL-13736,CAMEL,pre_ai,Improvement,0
81,1.1875,16,1,CAMEL-13762,CAMEL,pre_ai,Task,0
4465,2.346638655462185,476,5,CAMEL-13759,CAMEL,pre_ai,Improvement,0
713,1.8313253012048192,83,5,CAMEL-13767,CAMEL,pre_ai,Task,0
33,1.0,6,1,CAMEL-13764,CAMEL,pre_ai,Improvement,0
160,1.7894736842105263,19,1,CAMEL-13399,CAMEL,pre_ai,Improvement,0
548,7.454545454545454,22,1,CAMEL-13750,CAMEL,pre_ai,Bug,1
140,3.2,10,1,CAMEL-13776,CAMEL,pre_ai,Bug,1
4062,1.4991869918699188,615,13,CAMEL-13770,CAMEL,pre_ai,Bug,1
839,1.8235294117647058,85,2,CAMEL-13244,CAMEL,pre_ai,New Feature,0
418,1.6136363636363635,44,3,CAMEL-11321,CAMEL,pre_ai,Improvement,0
848,1.962962962962963,108,2,CAMEL-11282,CAMEL,pre_ai,Improvement,0
1845,5.455882352941177,68,5,CAMEL-13588,CAMEL,pre_ai,Sub-task,0
612,2.4,50,3,CAMEL-13175,CAMEL,pre_ai,Improvement,0
109,2.3333333333333335,9,1,CAMEL-13779,CAMEL,pre_ai,Improvement,0
597,1.6266666666666667,75,7,CAMEL-13742,CAMEL,pre_ai,Improvement,0
5104,1.8743633276740237,589,31,CAMEL-4464,CAMEL,pre_ai,Improvement,0
729,7.136363636363637,22,1,CAMEL-13798,CAMEL,pre_ai,Sub-task,0
3413,1.6885245901639345,305,23,CAMEL-13797,CAMEL,pre_ai,Improvement,0
1904,1.400662251655629,302,4,CAMEL-7677,CAMEL,pre_ai,Improvement,0
127,1.0,25,2,CAMEL-6901,CAMEL,pre_ai,Improvement,0
1005,1.925233644859813,107,8,CAMEL-4763,CAMEL,pre_ai,Task,0
580,1.4476190476190476,105,1,CAMEL-8305,CAMEL,pre_ai,Improvement,0
521,1.075,120,1,CAMEL-10126,CAMEL,pre_ai,Improvement,0
2251,4.291666666666667,120,4,CAMEL-12618,CAMEL,pre_ai,Sub-task,0
384,3.72,25,2,CAMEL-13036,CAMEL,pre_ai,Improvement,0
2956,2.498360655737705,305,1,CAMEL-13810,CAMEL,pre_ai,Improvement,0
241,2.5,24,1,CAMEL-13094,CAMEL,pre_ai,Bug,1
289,1.5945945945945945,37,1,CAMEL-12968,CAMEL,pre_ai,Bug,1
162,1.1578947368421053,19,3,CAMEL-13783,CAMEL,pre_ai,Bug,1
978,1.1730769230769231,208,1,CAMEL-5832,CAMEL,pre_ai,Improvement,0
539,1.0731707317073171,123,1,CAMEL-6325,CAMEL,pre_ai,Wish,0
648,1.0076335877862594,131,1,CAMEL-7444,CAMEL,pre_ai,Improvement,0
1261,1.2098214285714286,224,3,CAMEL-7550,CAMEL,pre_ai,Improvement,0
216,1.962962962962963,27,2,CAMEL-7934,CAMEL,pre_ai,Sub-task,0
451,1.8837209302325582,43,3,CAMEL-7954,CAMEL,pre_ai,Sub-task,0
247,3.1052631578947367,19,1,CAMEL-7956,CAMEL,pre_ai,Sub-task,0
3207,2.466876971608833,317,2,CAMEL-7970,CAMEL,pre_ai,Improvement,0
98272,1.0057756197291081,19565,298,CAMEL-13727,CAMEL,pre_ai,Improvement,0
2235,1.1098130841121496,428,5,CAMEL-9971,CAMEL,pre_ai,Improvement,0
1617,2.2621951219512195,164,4,CAMEL-10533,CAMEL,pre_ai,Improvement,0
1477,3.128205128205128,117,6,CAMEL-10456,CAMEL,pre_ai,Improvement,0
784,5.825,40,2,CAMEL-13828,CAMEL,pre_ai,Improvement,0
508,2.575,40,2,CAMEL-12864,CAMEL,pre_ai,Improvement,0
1689,1.010840108401084,369,2,CAMEL-13267,CAMEL,pre_ai,Bug,1
108,6.666666666666667,3,1,CAMEL-13561,CAMEL,pre_ai,Bug,1
790,2.1724137931034484,87,4,CAMEL-13287,CAMEL,pre_ai,New Feature,0
4254,1.0831435079726652,878,15,CAMEL-10845,CAMEL,pre_ai,Improvement,0
1686,1.1019830028328612,353,3,CAMEL-13712,CAMEL,pre_ai,Improvement,0
355,1.22,50,2,CAMEL-13774,CAMEL,pre_ai,Improvement,0
1291,1.1699604743083003,253,2,CAMEL-13796,CAMEL,pre_ai,Bug,1
405,2.372093023255814,43,1,CAMEL-13833,CAMEL,pre_ai,New Feature,0
647,2.011904761904762,84,3,CAMEL-13832,CAMEL,pre_ai,Improvement,0
520,1.5584415584415585,77,3,CAMEL-13836,CAMEL,pre_ai,Task,0
1454,2.119047619047619,168,5,CAMEL-5842,CAMEL,pre_ai,New Feature,0
1668,2.7841726618705036,139,5,CAMEL-13792,CAMEL,pre_ai,Improvement,0
2444,1.0484261501210654,413,10,CAMEL-13787,CAMEL,pre_ai,Improvement,0
1045,1.5103448275862068,145,9,CAMEL-13845,CAMEL,pre_ai,Improvement,0
1045,1.5103448275862068,145,9,CAMEL-13847,CAMEL,pre_ai,Bug,1
488,3.9411764705882355,34,2,CAMEL-13846,CAMEL,pre_ai,Improvement,0
879,1.2847682119205297,151,3,CAMEL-13848,CAMEL,pre_ai,Improvement,0
392,2.2790697674418605,43,1,CAMEL-13860,CAMEL,pre_ai,Improvement,0
7557,2.1938382541720154,779,27,CAMEL-13837,CAMEL,pre_ai,Improvement,0
345,2.075,40,1,CAMEL-13855,CAMEL,pre_ai,Improvement,0
356,2.0476190476190474,42,1,CAMEL-13858,CAMEL,pre_ai,Improvement,0
341,2.05,40,1,CAMEL-13854,CAMEL,pre_ai,Bug,1
551,2.1,60,5,CAMEL-13859,CAMEL,pre_ai,Improvement,0
41,1.5,6,1,CAMEL-13857,CAMEL,pre_ai,Improvement,0
461,1.6470588235294117,68,2,CAMEL-13856,CAMEL,pre_ai,Improvement,0
211,3.8,10,2,CAMEL-13861,CAMEL,pre_ai,Bug,1
1023,1.1590909090909092,220,1,CAMEL-13864,CAMEL,pre_ai,Improvement,0
169,7.75,4,1,CAMEL-13850,CAMEL,pre_ai,Improvement,0
145,1.0,34,2,CAMEL-13863,CAMEL,pre_ai,Improvement,0
381,1.2131147540983607,61,4,CAMEL-13838,CAMEL,pre_ai,New Feature,0
492,1.0602409638554218,83,11,CAMEL-13841,CAMEL,pre_ai,Improvement,0
150,1.1304347826086956,23,4,CAMEL-13893,CAMEL,pre_ai,Task,0
1727,4.3,80,2,CAMEL-13598,CAMEL,pre_ai,New Feature,0
1049,6.170731707317073,41,2,CAMEL-13898,CAMEL,pre_ai,New Feature,0
753,4.088888888888889,45,1,CAMEL-13904,CAMEL,pre_ai,Bug,1
971,1.2792207792207793,154,4,CAMEL-13876,CAMEL,pre_ai,New Feature,0
178,1.9523809523809523,21,1,CAMEL-13907,CAMEL,pre_ai,Task,0
998,2.7083333333333335,96,2,CAMEL-13429,CAMEL,pre_ai,Improvement,0
187,3.25,12,1,CAMEL-13915,CAMEL,pre_ai,Task,0
720,6.0,25,1,CAMEL-13911,CAMEL,pre_ai,Improvement,0
57,2.4,5,1,CAMEL-13924,CAMEL,pre_ai,Bug,1
149,1.6470588235294117,17,1,CAMEL-13929,CAMEL,pre_ai,Improvement,0
135,1.0769230769230769,26,1,CAMEL-13917,CAMEL,pre_ai,Task,0
218,3.235294117647059,17,1,CAMEL-13925,CAMEL,pre_ai,Improvement,0
775,3.731707317073171,41,1,CAMEL-13475,CAMEL,pre_ai,Bug,1
1493,4.617283950617284,81,6,CAMEL-13913,CAMEL,pre_ai,Task,0
298,6.090909090909091,11,1,CAMEL-13941,CAMEL,pre_ai,Bug,1
124,3.75,8,2,CAMEL-13895,CAMEL,pre_ai,Improvement,0
485,9.916666666666666,12,1,CAMEL-13880,CAMEL,pre_ai,Bug,1
370,4.368421052631579,19,1,CAMEL-13842,CAMEL,pre_ai,Improvement,0
645,3.6511627906976742,43,3,CAMEL-12471,CAMEL,pre_ai,Bug,1
325,3.608695652173913,23,1,CAMEL-13931,CAMEL,pre_ai,Bug,1
137,2.5,6,1,CAMEL-13900,CAMEL,pre_ai,Improvement,0
154,2.5454545454545454,11,1,CAMEL-13942,CAMEL,pre_ai,Bug,1
731,7.181818181818182,22,1,CAMEL-13919,CAMEL,pre_ai,Bug,1
261,1.0,55,2,CAMEL-13851,CAMEL,pre_ai,New Feature,0
185,3.111111111111111,9,1,CAMEL-13869,CAMEL,pre_ai,Improvement,0
41,4.0,3,1,CAMEL-13935,CAMEL,pre_ai,Bug,1
162,1.3846153846153846,13,7,CAMEL-13944,CAMEL,pre_ai,Task,0
289,1.0,57,1,CAMEL-13887,CAMEL,pre_ai,Improvement,0
419,1.6296296296296295,54,2,CAMEL-13951,CAMEL,pre_ai,Improvement,0
485,9.916666666666666,12,1,CAMEL-13960,CAMEL,pre_ai,Bug,1
485,10.083333333333334,12,1,CAMEL-13963,CAMEL,pre_ai,Improvement,0
98,1.1764705882352942,17,1,CAMEL-13921,CAMEL,pre_ai,Bug,1
21,1.0,2,1,CAMEL-13967,CAMEL,pre_ai,Improvement,0
36,1.0,2,1,CAMEL-13972,CAMEL,pre_ai,Improvement,0
711,7.5,22,3,CAMEL-13966,CAMEL,pre_ai,Bug,1
139,9.5,2,1,CAMEL-13976,CAMEL,pre_ai,Bug,1
161,6.7,10,1,CAMEL-13962,CAMEL,pre_ai,Bug,1
97,2.4285714285714284,7,1,CAMEL-13978,CAMEL,pre_ai,Improvement,0
35,1.6666666666666667,3,1,CAMEL-13982,CAMEL,pre_ai,Improvement,0
279,1.2156862745098038,51,3,CAMEL-13973,CAMEL,pre_ai,Improvement,0
66,7.0,1,1,CAMEL-13981,CAMEL,pre_ai,Bug,1
57,1.4444444444444444,9,1,CAMEL-13956,CAMEL,pre_ai,Bug,1
502,4.833333333333333,24,2,CAMEL-13984,CAMEL,pre_ai,Test,0
113,1.5,6,2,CAMEL-13964,CAMEL,pre_ai,Task,0
193,2.375,8,2,CAMEL-13986,CAMEL,pre_ai,Improvement,0
231,2.2857142857142856,7,3,CAMEL-13983,CAMEL,pre_ai,Improvement,0
138,1.1818181818181819,33,1,CAMEL-13969,CAMEL,pre_ai,Bug,1
2657,2.390151515151515,264,5,CAMEL-13918,CAMEL,pre_ai,Task,0
636,1.2066666666666668,150,5,CAMEL-13980,CAMEL,pre_ai,Task,0
1074,2.69,100,1,CAMEL-13991,CAMEL,pre_ai,Bug,1
165,3.0,8,1,CAMEL-13994,CAMEL,pre_ai,Bug,1
881,5.666666666666667,30,1,CAMEL-13968,CAMEL,pre_ai,Bug,1
488,1.2045454545454546,88,2,CAMEL-13961,CAMEL,pre_ai,Bug,1
756,15.461538461538462,13,1,CAMEL-13990,CAMEL,pre_ai,Improvement,0
622,1.0526315789473684,114,3,CAMEL-14001,CAMEL,pre_ai,Improvement,0
478,4.913043478260869,23,1,CAMEL-14007,CAMEL,pre_ai,New Feature,0
396,1.3108108108108107,74,1,CAMEL-13998,CAMEL,pre_ai,New Feature,0
110,2.3,10,2,CAMEL-13121,CAMEL,pre_ai,Bug,1
741,1.5,60,18,CAMEL-13977,CAMEL,pre_ai,Improvement,0
1092,1.0,244,2,CAMEL-14002,CAMEL,pre_ai,Bug,1
225,1.7692307692307692,26,2,CAMEL-13988,CAMEL,pre_ai,New Feature,0
20,1.0,4,1,CAMEL-13820,CAMEL,pre_ai,Improvement,0
857,2.0970873786407767,103,1,CAMEL-13958,CAMEL,pre_ai,Bug,1
83,1.6363636363636365,11,1,CAMEL-14000,CAMEL,pre_ai,Improvement,0
159,2.5,12,1,CAMEL-14021,CAMEL,pre_ai,Improvement,0
2213,1.1438202247191012,445,3,CAMEL-13878,CAMEL,pre_ai,Bug,1
105,2.1,10,1,CAMEL-14030,CAMEL,pre_ai,Bug,1
139,4.0,10,1,CAMEL-14224,CAMEL,pre_ai,Bug,1
1235,1.1628787878787878,264,5,CAMEL-14247,CAMEL,pre_ai,Improvement,0
1746,1.7087912087912087,182,17,CAMEL-14011,CAMEL,pre_ai,Improvement,0
68,1.1,10,1,CAMEL-14259,CAMEL,pre_ai,Task,0
524,1.1287128712871286,101,1,CAMEL-14242,CAMEL,pre_ai,Bug,1
80,1.625,8,1,CAMEL-14265,CAMEL,pre_ai,Bug,1
22,1.0,3,1,CAMEL-14263,CAMEL,pre_ai,Improvement,0
3328,2.4249201277955272,313,2,CAMEL-14266,CAMEL,pre_ai,Improvement,0
695,1.0215827338129497,139,3,CAMEL-14275,CAMEL,pre_ai,Improvement,0
470,1.7121212121212122,66,2,CAMEL-14270,CAMEL,pre_ai,Improvement,0
238,1.173913043478261,46,1,CAMEL-14277,CAMEL,pre_ai,Bug,1
137,3.6,10,1,CAMEL-14267,CAMEL,pre_ai,Bug,1
1406,3.9583333333333335,96,2,CAMEL-14268,CAMEL,pre_ai,Bug,1
708,1.9014084507042253,71,6,CAMEL-14019,CAMEL,pre_ai,Task,0
35,12.0,1,1,CAMEL-14288,CAMEL,pre_ai,Improvement,0
635,1.1217391304347826,115,6,CAMEL-14282,CAMEL,pre_ai,New Feature,0
3145,2.4294871794871793,312,1,CAMEL-14287,CAMEL,pre_ai,Improvement,0
18,1.0,2,1,CAMEL-14284,CAMEL,pre_ai,Improvement,0
1010,5.0,60,3,CAMEL-14302,CAMEL,pre_ai,Bug,1
549,1.9433962264150944,53,5,CAMEL-14292,CAMEL,pre_ai,Improvement,0
270,1.4848484848484849,33,2,CAMEL-14301,CAMEL,pre_ai,New Feature,0
773,2.7285714285714286,70,2,CAMEL-14074,CAMEL,pre_ai,Improvement,0
189,3.1666666666666665,12,3,CAMEL-14306,CAMEL,pre_ai,Bug,1
2624,1.0837887067395264,549,6,CAMEL-14300,CAMEL,pre_ai,Bug,1
76,2.0,8,1,CAMEL-14154,CAMEL,pre_ai,Improvement,0
97,2.0,14,1,CAMEL-14307,CAMEL,pre_ai,Improvement,0
2603,8.359550561797754,89,3,CAMEL-14309,CAMEL,pre_ai,Improvement,0
6,1.0,1,1,CAMEL-14321,CAMEL,pre_ai,Improvement,0
211,1.4838709677419355,31,2,CAMEL-14314,CAMEL,pre_ai,Task,0
183,2.6153846153846154,13,1,CAMEL-14323,CAMEL,pre_ai,Bug,1
1076,15.0,25,1,CAMEL-14311,CAMEL,pre_ai,Improvement,0
596,4.7368421052631575,38,1,CAMEL-14329,CAMEL,pre_ai,Improvement,0
745,2.6440677966101696,59,4,CAMEL-14328,CAMEL,pre_ai,Improvement,0
205,1.0256410256410255,39,2,CAMEL-14330,CAMEL,pre_ai,Improvement,0
496,2.16,50,3,CAMEL-14338,CAMEL,pre_ai,Improvement,0
3149,2.412140575079872,313,1,CAMEL-14339,CAMEL,pre_ai,Improvement,0
666,1.288888888888889,90,5,CAMEL-13226,CAMEL,pre_ai,Sub-task,0
105,1.105263157894737,19,1,CAMEL-14289,CAMEL,pre_ai,Improvement,0
95,1.8888888888888888,9,2,CAMEL-14327,CAMEL,pre_ai,Bug,1
251,1.8620689655172413,29,1,CAMEL-14347,CAMEL,pre_ai,Improvement,0
50,1.6,5,1,CAMEL-14295,CAMEL,pre_ai,Task,0
3148,2.437299035369775,311,1,CAMEL-14349,CAMEL,pre_ai,Improvement,0
397,2.5,38,1,CAMEL-14351,CAMEL,pre_ai,Improvement,0
214,6.375,8,1,CAMEL-14350,CAMEL,pre_ai,Bug,1
221,2.611111111111111,18,1,CAMEL-14332,CAMEL,pre_ai,Bug,1
7,1.0,1,1,CAMEL-14365,CAMEL,pre_ai,Task,0
672,1.3012048192771084,83,7,CAMEL-13228,CAMEL,pre_ai,Sub-task,0
168,5.0,9,1,CAMEL-14363,CAMEL,pre_ai,Bug,1
1357,1.1809954751131222,221,17,CAMEL-13223,CAMEL,pre_ai,Sub-task,0
13156,1.7475893363584798,1763,41,CAMEL-14376,CAMEL,pre_ai,Improvement,0
4147,2.243119266055046,436,7,CAMEL-14379,CAMEL,pre_ai,Improvement,0
314,3.5652173913043477,23,1,CAMEL-14375,CAMEL,pre_ai,Improvement,0
155,2.5454545454545454,11,1,CAMEL-14368,CAMEL,pre_ai,Bug,1
671,1.6741573033707866,89,2,CAMEL-14352,CAMEL,pre_ai,Improvement,0
57,3.0,4,1,CAMEL-14361,CAMEL,pre_ai,Improvement,0
1572,1.3296703296703296,273,6,CAMEL-14374,CAMEL,pre_ai,Improvement,0
2214,2.55,200,7,CAMEL-14303,CAMEL,pre_ai,Bug,1
760,1.0985915492957747,142,3,CAMEL-14377,CAMEL,pre_ai,Improvement,0
393,3.76,25,1,CAMEL-14360,CAMEL,pre_ai,New Feature,0
1362,1.832512315270936,203,2,CAMEL-14380,CAMEL,pre_ai,Improvement,0
352,4.681818181818182,22,1,CAMEL-14383,CAMEL,pre_ai,Improvement,0
113,2.142857142857143,7,1,CAMEL-14355,CAMEL,pre_ai,Improvement,0
46,3.0,3,1,CAMEL-14384,CAMEL,pre_ai,Improvement,0
2675,1.0,626,6,CAMEL-14133,CAMEL,pre_ai,Task,0
632,3.489795918367347,49,2,CAMEL-14136,CAMEL,pre_ai,Bug,1
436,1.4545454545454546,44,9,CAMEL-14096,CAMEL,pre_ai,New Feature,0
183,1.0,50,1,CAMEL-14143,CAMEL,pre_ai,Bug,1
75,7.0,3,1,CAMEL-14129,CAMEL,pre_ai,Bug,1
120,1.5,16,2,CAMEL-14145,CAMEL,pre_ai,Bug,1
42,1.0,5,1,CAMEL-14142,CAMEL,pre_ai,Bug,1
1777,1.5185185185185186,243,5,CAMEL-14151,CAMEL,pre_ai,Improvement,0
166,2.8333333333333335,12,1,CAMEL-14148,CAMEL,pre_ai,Bug,1
109,1.0,23,1,CAMEL-14150,CAMEL,pre_ai,Improvement,0
650,1.1258278145695364,151,2,CAMEL-14157,CAMEL,pre_ai,Improvement,0
197,1.0476190476190477,42,2,CAMEL-14161,CAMEL,pre_ai,Improvement,0
190,3.2857142857142856,14,1,CAMEL-14162,CAMEL,pre_ai,Bug,1
387,1.3181818181818181,66,3,CAMEL-14160,CAMEL,pre_ai,Improvement,0
313,4.2,20,1,CAMEL-14163,CAMEL,pre_ai,Improvement,0
553,7.590909090909091,22,1,CAMEL-14156,CAMEL,pre_ai,Bug,1
925,1.6076923076923078,130,6,CAMEL-14167,CAMEL,pre_ai,Improvement,0
142,2.125,16,1,CAMEL-14169,CAMEL,pre_ai,New Feature,0
395,3.7037037037037037,27,1,CAMEL-14170,CAMEL,pre_ai,Task,0
448,1.8717948717948718,39,5,CAMEL-14147,CAMEL,pre_ai,Task,0
1061,2.007751937984496,129,1,CAMEL-14172,CAMEL,pre_ai,Bug,1
868,2.1262135922330097,103,1,CAMEL-14155,CAMEL,pre_ai,Bug,1
1018,1.0564102564102564,195,2,CAMEL-14174,CAMEL,pre_ai,Bug,1
134,1.0,28,2,CAMEL-14177,CAMEL,pre_ai,Improvement,0
103,2.6,5,2,CAMEL-14184,CAMEL,pre_ai,Improvement,0
105451,1.0,21230,307,CAMEL-14364,CAMEL,pre_ai,Improvement,0
179,1.0625,32,2,CAMEL-14185,CAMEL,pre_ai,Improvement,0
319,3.875,16,1,CAMEL-13643,CAMEL,pre_ai,Task,0
94,1.5,14,1,CAMEL-14149,CAMEL,pre_ai,Improvement,0
2891,2.63671875,256,14,CAMEL-13371,CAMEL,pre_ai,Improvement,0
401,3.740740740740741,27,2,CAMEL-14181,CAMEL,pre_ai,Improvement,0
101,2.857142857142857,7,1,CAMEL-14194,CAMEL,pre_ai,Bug,1
1668,1.0,336,1,CAMEL-14178,CAMEL,pre_ai,New Feature,0
604,4.7631578947368425,38,1,CAMEL-14196,CAMEL,pre_ai,Bug,1
68,1.4444444444444444,9,1,CAMEL-14173,CAMEL,pre_ai,Bug,1
799,1.2831858407079646,113,1,CAMEL-14190,CAMEL,pre_ai,Bug,1
617,2.0161290322580645,62,7,CAMEL-14200,CAMEL,pre_ai,Improvement,0
935,1.1571428571428573,210,3,CAMEL-14202,CAMEL,pre_ai,Improvement,0
950,1.1408450704225352,213,5,CAMEL-14204,CAMEL,pre_ai,Improvement,0
2378,2.524663677130045,223,2,CAMEL-14203,CAMEL,pre_ai,Task,0
261,1.0444444444444445,45,3,CAMEL-14201,CAMEL,pre_ai,New Feature,0
1415,1.1538461538461537,260,4,CAMEL-14199,CAMEL,pre_ai,Improvement,0
224,2.263157894736842,19,2,CAMEL-14207,CAMEL,pre_ai,Bug,1
2172,1.096698113207547,424,4,CAMEL-14195,CAMEL,pre_ai,New Feature,0
1426,1.11660777385159,283,2,CAMEL-14213,CAMEL,pre_ai,Bug,1
893,1.3565217391304347,115,4,CAMEL-14219,CAMEL,pre_ai,Bug,1
1074,5.785714285714286,28,2,CAMEL-14223,CAMEL,pre_ai,Bug,1
2507,1.1150278293135436,539,5,CAMEL-14228,CAMEL,pre_ai,Improvement,0
253,1.4516129032258065,31,2,CAMEL-14221,CAMEL,pre_ai,New Feature,0
617,1.6229508196721312,61,1,CAMEL-14230,CAMEL,pre_ai,Improvement,0
19416,1.618925831202046,2737,114,CAMEL-13575,CAMEL,pre_ai,Improvement,0
704,1.1300813008130082,123,5,CAMEL-14229,CAMEL,pre_ai,Improvement,0
1769,1.0,387,2,CAMEL-14232,CAMEL,pre_ai,Task,0
396,1.5490196078431373,51,1,CAMEL-14246,CAMEL,pre_ai,Improvement,0
512,2.65,40,1,CAMEL-13213,CAMEL,pre_ai,Improvement,0
2225,1.3636363636363635,330,2,CAMEL-14220,CAMEL,pre_ai,Bug,1
812,3.406779661016949,59,1,CAMEL-14245,CAMEL,pre_ai,Improvement,0
947,1.6071428571428572,112,35,CAMEL-14244,CAMEL,pre_ai,Task,0
993,1.1413612565445026,191,3,CAMEL-14252,CAMEL,pre_ai,New Feature,0
17,1.0,3,1,CAMEL-14253,CAMEL,pre_ai,Improvement,0
130,2.6666666666666665,9,2,CAMEL-14251,CAMEL,pre_ai,Improvement,0
374,1.5,56,1,CAMEL-14501,CAMEL,pre_ai,Improvement,0
1347,7.666666666666667,48,13,CAMEL-14507,CAMEL,pre_ai,Task,0
1643,2.098265895953757,173,9,CAMEL-14344,CAMEL,pre_ai,Improvement,0
207,6.166666666666667,6,1,CAMEL-14515,CAMEL,pre_ai,Improvement,0
32,2.5,2,1,CAMEL-14385,CAMEL,pre_ai,New Feature,0
1593,1.1809290953545233,409,10,CAMEL-14508,CAMEL,pre_ai,Sub-task,0
696,2.1186440677966103,59,7,CAMEL-14518,CAMEL,pre_ai,Sub-task,0
3240,2.414860681114551,323,1,CAMEL-14516,CAMEL,pre_ai,Task,0
73,1.7,10,1,CAMEL-14523,CAMEL,pre_ai,Improvement,0
2399,1.5954415954415955,351,8,CAMEL-14522,CAMEL,pre_ai,Improvement,0
1461,3.8529411764705883,102,2,CAMEL-14525,CAMEL,pre_ai,New Feature,0
238,1.2045454545454546,44,1,CAMEL-14506,CAMEL,pre_ai,Bug,1
826,6.137931034482759,29,1,CAMEL-14530,CAMEL,pre_ai,Task,0
30,1.5,2,1,CAMEL-14399,CAMEL,pre_ai,Improvement,0
4664,2.299349240780911,461,7,CAMEL-14462,CAMEL,pre_ai,Bug,1
34,12.0,1,1,CAMEL-14504,CAMEL,pre_ai,Task,0
999,4.9818181818181815,55,1,CAMEL-14354,CAMEL,pre_ai,Improvement,0
1026,1.0,340,1,CAMEL-14492,CAMEL,pre_ai,Bug,1
1116,8.195121951219512,41,1,CAMEL-14238,CAMEL,pre_ai,Improvement,0
104,4.333333333333333,3,1,CAMEL-14560,CAMEL,pre_ai,Improvement,0
151,4.0,8,1,CAMEL-14548,CAMEL,pre_ai,Bug,1
548,2.2,60,3,CAMEL-14563,CAMEL,pre_ai,Improvement,0
437,2.1777777777777776,45,2,CAMEL-14564,CAMEL,pre_ai,Improvement,0
669,2.6382978723404253,47,3,CAMEL-14566,CAMEL,pre_ai,Test,0
707,3.5272727272727273,55,1,CAMEL-14572,CAMEL,pre_ai,Improvement,0
453,1.9615384615384615,52,1,CAMEL-14577,CAMEL,pre_ai,Bug,1
4336,2.491094147582697,393,8,CAMEL-14580,CAMEL,pre_ai,Improvement,0
902,6.666666666666667,42,1,CAMEL-14582,CAMEL,pre_ai,Improvement,0
1482,1.9523809523809523,168,6,CAMEL-14586,CAMEL,pre_ai,Bug,1
312,1.2258064516129032,62,2,CAMEL-14532,CAMEL,pre_ai,Task,0
1518,1.8620689655172413,174,7,CAMEL-14591,CAMEL,pre_ai,Bug,1
3303,2.4242424242424243,330,1,CAMEL-14593,CAMEL,pre_ai,Bug,1
28,3.0,2,1,CAMEL-14590,CAMEL,pre_ai,Improvement,0
930,2.106194690265487,113,2,CAMEL-14588,CAMEL,pre_ai,New Feature,0
357,2.689655172413793,29,2,CAMEL-14594,CAMEL,pre_ai,Bug,1
144,1.8636363636363635,22,1,CAMEL-6950,CAMEL,pre_ai,Improvement,0
559,1.4489795918367347,98,1,CAMEL-14589,CAMEL,pre_ai,Improvement,0
115,1.0,26,1,CAMEL-14604,CAMEL,pre_ai,Task,0
3342,2.4384384384384385,333,1,CAMEL-14609,CAMEL,pre_ai,Improvement,0
294,2.16,50,3,CAMEL-14607,CAMEL,pre_ai,Improvement,0
325,2.185185185185185,54,3,CAMEL-14608,CAMEL,pre_ai,Improvement,0
257,1.8421052631578947,38,4,CAMEL-14568,CAMEL,pre_ai,Improvement,0
306,2.2195121951219514,41,1,CAMEL-14632,CAMEL,pre_ai,Bug,1
100,1.2352941176470589,17,1,CAMEL-14624,CAMEL,pre_ai,Bug,1
3026,2.8754448398576513,281,8,CAMEL-14633,CAMEL,pre_ai,Bug,1
558,1.0310077519379846,129,1,CAMEL-14407,CAMEL,pre_ai,Improvement,0
210,1.3513513513513513,37,2,CAMEL-14630,CAMEL,pre_ai,New Feature,0
128,2.6,10,1,CAMEL-14644,CAMEL,pre_ai,Improvement,0
108,2.090909090909091,11,1,CAMEL-14639,CAMEL,pre_ai,Improvement,0
390,4.0625,32,1,CAMEL-14372,CAMEL,pre_ai,Bug,1
61,1.6666666666666667,6,1,CAMEL-14390,CAMEL,pre_ai,Bug,1
473,1.2121212121212122,66,6,CAMEL-14396,CAMEL,pre_ai,Bug,1
409,2.6052631578947367,38,1,CAMEL-14397,CAMEL,pre_ai,Improvement,0
1098,1.3284313725490196,204,2,CAMEL-14336,CAMEL,pre_ai,Improvement,0
811,1.1506849315068493,146,1,CAMEL-14398,CAMEL,pre_ai,Improvement,0
2875,1.2069464544138928,691,3,CAMEL-14389,CAMEL,pre_ai,Improvement,0
8039,2.64576802507837,638,40,CAMEL-14409,CAMEL,pre_ai,Improvement,0
31,1.0,8,1,CAMEL-13224,CAMEL,pre_ai,Sub-task,0
196,2.260869565217391,23,1,CAMEL-14404,CAMEL,pre_ai,Task,0
250,1.8620689655172413,29,1,CAMEL-14419,CAMEL,pre_ai,Bug,1
473,1.4054054054054055,74,3,CAMEL-14418,CAMEL,pre_ai,Improvement,0
95,1.625,8,1,CAMEL-11947,CAMEL,pre_ai,Bug,1
3679,2.456090651558074,353,3,CAMEL-14422,CAMEL,pre_ai,Improvement,0
605,1.5443037974683544,79,1,CAMEL-14424,CAMEL,pre_ai,Bug,1
692,1.0070921985815602,141,1,CAMEL-14426,CAMEL,pre_ai,Improvement,0
1282,2.6065573770491803,122,1,CAMEL-14414,CAMEL,pre_ai,Improvement,0
272,2.142857142857143,28,2,CAMEL-14427,CAMEL,pre_ai,Improvement,0
418,2.5789473684210527,38,1,CAMEL-14432,CAMEL,pre_ai,Bug,1
227,2.391304347826087,23,2,CAMEL-14433,CAMEL,pre_ai,Improvement,0
8165,2.50472334682861,741,20,CAMEL-14435,CAMEL,pre_ai,Improvement,0
441,4.185185185185185,27,1,CAMEL-14425,CAMEL,pre_ai,Improvement,0
110,1.55,20,1,CAMEL-14439,CAMEL,pre_ai,Bug,1
205,1.894736842105263,19,1,CAMEL-14441,CAMEL,pre_ai,Bug,1
379,1.98,50,1,CAMEL-14442,CAMEL,pre_ai,Bug,1
810,3.4655172413793105,58,1,CAMEL-14449,CAMEL,pre_ai,Bug,1
103,2.5,6,2,CAMEL-14444,CAMEL,pre_ai,Task,0
1113,7.695652173913044,46,2,CAMEL-14437,CAMEL,pre_ai,Task,0
70,1.5555555555555556,9,1,CAMEL-14456,CAMEL,pre_ai,Bug,1
5129,1.00181323662738,1103,5,CAMEL-14451,CAMEL,pre_ai,Task,0
768,1.0,24,3,CAMEL-14458,CAMEL,pre_ai,Sub-task,0
986,1.4871794871794872,39,8,CAMEL-14400,CAMEL,pre_ai,New Feature,0
234,1.0,45,2,CAMEL-14452,CAMEL,pre_ai,Bug,1
21,1.0,2,1,CAMEL-14411,CAMEL,pre_ai,Improvement,0
1232,4.2727272727272725,66,3,CAMEL-12619,CAMEL,pre_ai,New Feature,0
1274,4.304347826086956,69,3,CAMEL-14447,CAMEL,pre_ai,Bug,1
536,1.76,75,1,CAMEL-14466,CAMEL,pre_ai,Improvement,0
85,1.4166666666666667,12,2,CAMEL-14463,CAMEL,pre_ai,Sub-task,0
4820,2.2690677966101696,472,11,CAMEL-14475,CAMEL,pre_ai,New Feature,0
415,1.6875,48,6,CAMEL-14464,CAMEL,pre_ai,Sub-task,0
110063,2.0129753914988813,11175,977,CAMEL-14180,CAMEL,pre_ai,Improvement,0
1133,1.1859504132231404,242,3,CAMEL-14477,CAMEL,pre_ai,Improvement,0
217,2.7857142857142856,14,1,CAMEL-14469,CAMEL,pre_ai,Task,0
267,1.0,53,1,CAMEL-14476,CAMEL,pre_ai,Sub-task,0
236,1.72,25,6,CAMEL-14403,CAMEL,pre_ai,Improvement,0
496,1.7592592592592593,54,7,CAMEL-14478,CAMEL,pre_ai,Sub-task,0
642,2.0163934426229506,61,5,CAMEL-14491,CAMEL,pre_ai,Sub-task,0
154,1.0,17,2,CAMEL-14500,CAMEL,pre_ai,Improvement,0
72,1.3333333333333333,9,2,CAMEL-14505,CAMEL,pre_ai,Task,0
94,1.1764705882352942,17,1,CAMEL-14498,CAMEL,pre_ai,Improvement,0
53,1.6666666666666667,6,1,CAMEL-14459,CAMEL,pre_ai,Task,0
1224,8.133333333333333,45,1,CAMEL-14503,CAMEL,pre_ai,Bug,1
479,4.866666666666666,15,7,CAMEL-14315,CAMEL,pre_ai,New Feature,0
1003,1.0743801652892562,121,5,CAMEL-14159,CAMEL,pre_ai,New Feature,0
679,3.4693877551020407,49,2,CAMEL-14510,CAMEL,pre_ai,Bug,1
134,3.3,10,1,CAMEL-14648,CAMEL,pre_ai,Improvement,0
953,1.0729166666666667,192,1,CAMEL-14649,CAMEL,pre_ai,Bug,1
69,5.0,3,1,CAMEL-14651,CAMEL,pre_ai,Bug,1
1002,4.857142857142857,56,1,CAMEL-14659,CAMEL,pre_ai,Bug,1
109,1.1428571428571428,14,1,CAMEL-14645,CAMEL,pre_ai,Bug,1
374,1.4833333333333334,60,2,CAMEL-14662,CAMEL,pre_ai,Task,0
24364,1.598623166716552,3341,340,CAMEL-13807,CAMEL,pre_ai,New Feature,0
1707,1.933609958506224,241,13,CAMEL-14646,CAMEL,pre_ai,Improvement,0
197,7.142857142857143,7,1,CAMEL-14691,CAMEL,pre_ai,Bug,1
1065,1.219895287958115,191,6,CAMEL-14625,CAMEL,pre_ai,Improvement,0
202,7.285714285714286,7,1,CAMEL-14697,CAMEL,pre_ai,Improvement,0
152,2.2,20,2,CAMEL-14699,CAMEL,pre_ai,Improvement,0
2820,1.7047872340425532,376,22,CAMEL-14685,CAMEL,pre_ai,Improvement,0
3840,4.094850948509485,369,9,CAMEL-14702,CAMEL,pre_ai,Task,0
2899,1.5238970588235294,544,7,CAMEL-14455,CAMEL,pre_ai,New Feature,0
1877,1.8214285714285714,196,25,CAMEL-14544,CAMEL,pre_ai,Improvement,0
1208,2.0054945054945055,182,9,CAMEL-14692,CAMEL,pre_ai,Improvement,0
1334,1.0233333333333334,300,1,CAMEL-14712,CAMEL,pre_ai,Task,0
393,3.4482758620689653,29,1,CAMEL-14670,CAMEL,pre_ai,New Feature,0
354,3.652173913043478,23,1,CAMEL-14716,CAMEL,pre_ai,Improvement,0
924,3.4242424242424243,66,1,CAMEL-14598,CAMEL,pre_ai,New Feature,0
139,1.1111111111111112,27,1,CAMEL-14575,CAMEL,pre_ai,Improvement,0
3710,2.304123711340206,388,2,CAMEL-14719,CAMEL,pre_ai,Improvement,0
1253,4.7625,80,2,CAMEL-14717,CAMEL,pre_ai,Improvement,0
411,1.8064516129032258,31,1,CAMEL-14722,CAMEL,pre_ai,Bug,1
235,1.6111111111111112,36,1,CAMEL-14642,CAMEL,pre_ai,Improvement,0
955,8.576923076923077,26,1,CAMEL-14723,CAMEL,pre_ai,Improvement,0
1776,15.441176470588236,34,2,CAMEL-14724,CAMEL,pre_ai,Bug,1
1058,2.1818181818181817,99,4,CAMEL-14726,CAMEL,pre_ai,Improvement,0
56,2.0,6,1,CAMEL-14690,CAMEL,pre_ai,Improvement,0
4650,1.22334455667789,891,5,CAMEL-14395,CAMEL,pre_ai,Improvement,0
244,5.2,10,2,CAMEL-14734,CAMEL,pre_ai,Improvement,0
343,1.625,40,2,CAMEL-14741,CAMEL,pre_ai,Task,0
1141,1.5549132947976878,173,4,CAMEL-14711,CAMEL,pre_ai,Improvement,0
2265,5.947368421052632,95,5,CAMEL-14657,CAMEL,pre_ai,Task,0
466,3.8,30,2,CAMEL-14599,CAMEL,pre_ai,Improvement,0
496,2.6,40,1,CAMEL-14746,CAMEL,pre_ai,Bug,1
2087,2.1674008810572687,227,19,CAMEL-14592,CAMEL,pre_ai,Task,0
2360,1.5552407932011332,353,13,CAMEL-14208,CAMEL,pre_ai,Improvement,0
253,1.9130434782608696,23,1,CAMEL-14761,CAMEL,pre_ai,Bug,1
1596,8.675,80,8,CAMEL-14760,CAMEL,pre_ai,Improvement,0
103,3.0,6,1,CAMEL-14762,CAMEL,pre_ai,Improvement,0
1608,2.4817518248175183,137,14,CAMEL-14749,CAMEL,pre_ai,Bug,1
217,4.375,8,1,CAMEL-12863,CAMEL,pre_ai,New Feature,0
121,3.25,4,2,CAMEL-14774,CAMEL,pre_ai,Task,0
242,2.103448275862069,29,1,CAMEL-14739,CAMEL,pre_ai,Bug,1
113,1.5294117647058822,17,1,CAMEL-14786,CAMEL,pre_ai,Task,0
825,1.1572327044025157,159,2,CAMEL-14495,CAMEL,pre_ai,Improvement,0
1178,2.989795918367347,98,1,CAMEL-14788,CAMEL,pre_ai,Bug,1
1300,1.4333333333333333,240,4,CAMEL-14792,CAMEL,pre_ai,Bug,1
104,1.9,10,1,CAMEL-14789,CAMEL,pre_ai,Bug,1
2650,1.7552631578947369,380,11,CAMEL-14780,CAMEL,pre_ai,Bug,1
1157,1.0226628895184136,353,3,CAMEL-14743,CAMEL,pre_ai,Task,0
130,2.4545454545454546,11,1,CAMEL-14794,CAMEL,pre_ai,Improvement,0
4276,2.2125984251968505,635,15,CAMEL-14795,CAMEL,pre_ai,Improvement,0
643,2.8958333333333335,48,3,CAMEL-13462,CAMEL,pre_ai,Improvement,0
2229,1.2857142857142858,497,22,CAMEL-14798,CAMEL,pre_ai,Improvement,0
7099,1.7328629032258065,992,9,CAMEL-14819,CAMEL,pre_ai,Improvement,0
1038,1.0,344,1,CAMEL-14821,CAMEL,pre_ai,Improvement,0
304,3.857142857142857,21,1,CAMEL-14830,CAMEL,pre_ai,Improvement,0
38,1.5,4,2,CAMEL-14828,CAMEL,pre_ai,Task,0
218,2.25,12,1,CAMEL-14834,CAMEL,pre_ai,Improvement,0
205,1.5555555555555556,27,2,CAMEL-14829,CAMEL,pre_ai,Improvement,0
160,2.3,10,2,CAMEL-14833,CAMEL,pre_ai,Improvement,0
654,5.12,25,1,CAMEL-14838,CAMEL,pre_ai,Bug,1
4917,4.21689497716895,438,9,CAMEL-14820,CAMEL,pre_ai,Improvement,0
2449,2.364341085271318,258,8,CAMEL-14763,CAMEL,pre_ai,Improvement,0
165,7.0,6,1,CAMEL-14179,CAMEL,pre_ai,New Feature,0
909,1.9489795918367347,98,4,CAMEL-14658,CAMEL,pre_ai,Improvement,0
145,8.0,3,1,CAMEL-14846,CAMEL,pre_ai,Task,0
537,2.7804878048780486,41,2,CAMEL-14626,CAMEL,pre_ai,Improvement,0
85,2.375,8,1,CAMEL-14859,CAMEL,pre_ai,Bug,1
150,8.333333333333334,3,1,CAMEL-14839,CAMEL,pre_ai,Task,0
52,1.75,4,1,CAMEL-14850,CAMEL,pre_ai,Improvement,0
284,2.2,20,4,CAMEL-14808,CAMEL,pre_ai,New Feature,0
542,27.727272727272727,11,2,CAMEL-14864,CAMEL,pre_ai,Task,0
3487,2.346368715083799,358,1,CAMEL-14870,CAMEL,pre_ai,Bug,1
153,2.4285714285714284,14,2,CAMEL-14822,CAMEL,pre_ai,Improvement,0
156,1.9375,16,1,CAMEL-14883,CAMEL,pre_ai,Improvement,0
594,18.352941176470587,17,4,CAMEL-14860,CAMEL,pre_ai,Improvement,0
237,4.0,9,1,CAMEL-15025,CAMEL,pre_ai,Bug,1
142,2.1666666666666665,12,2,CAMEL-15024,CAMEL,pre_ai,Improvement,0
582,5.576923076923077,26,1,CAMEL-15030,CAMEL,pre_ai,Task,0
14,1.0,2,1,CAMEL-15027,CAMEL,pre_ai,Bug,1
792,1.4757281553398058,103,2,CAMEL-13535,CAMEL,pre_ai,Improvement,0
62,1.4444444444444444,9,1,CAMEL-15031,CAMEL,pre_ai,Bug,1
2868,2.3936651583710407,221,10,CAMEL-15047,CAMEL,pre_ai,Improvement,0
61,2.1666666666666665,6,1,CAMEL-15050,CAMEL,pre_ai,Improvement,0
460,1.0,92,2,CAMEL-15052,CAMEL,pre_ai,Improvement,0
567,4.466666666666667,30,1,CAMEL-15051,CAMEL,pre_ai,Bug,1
3033,2.3852459016393444,244,17,CAMEL-15035,CAMEL,pre_ai,Improvement,0
376,4.1,20,1,CAMEL-15055,CAMEL,pre_ai,Improvement,0
88,1.3636363636363635,11,1,CAMEL-15057,CAMEL,pre_ai,Bug,1
2103,4.264705882352941,170,10,CAMEL-15056,CAMEL,pre_ai,New Feature,0
124,2.1,10,1,CAMEL-15061,CAMEL,pre_ai,Improvement,0
798,1.9375,80,4,CAMEL-15048,CAMEL,pre_ai,Improvement,0
113,2.5555555555555554,9,3,CAMEL-15059,CAMEL,pre_ai,New Feature,0
3858,2.3418367346938775,392,3,CAMEL-15066,CAMEL,pre_ai,Bug,1
536,1.1262135922330097,103,1,CAMEL-15062,CAMEL,pre_ai,Bug,1
52479,1.0165740653545532,10619,90,CAMEL-15065,CAMEL,pre_ai,Improvement,0
615,1.5308641975308641,81,1,CAMEL-15063,CAMEL,pre_ai,Bug,1
19,3.0,2,1,CAMEL-15072,CAMEL,pre_ai,Improvement,0
1550,2.881516587677725,211,3,CAMEL-15045,CAMEL,pre_ai,Improvement,0
138,3.857142857142857,7,1,CAMEL-15064,CAMEL,pre_ai,Bug,1
145,2.933333333333333,15,2,CAMEL-15078,CAMEL,pre_ai,Improvement,0
821,2.1382978723404253,94,7,CAMEL-15082,CAMEL,pre_ai,Bug,1
733,5.512195121951219,41,1,CAMEL-15079,CAMEL,pre_ai,Improvement,0
133,1.1538461538461537,26,1,CAMEL-15085,CAMEL,pre_ai,Improvement,0
480,1.6724137931034482,58,2,CAMEL-7810,CAMEL,pre_ai,Improvement,0
524,8.75,16,1,CAMEL-15101,CAMEL,pre_ai,Bug,1
152,5.333333333333333,6,1,CAMEL-15100,CAMEL,pre_ai,Improvement,0
346,3.9523809523809526,21,1,CAMEL-15099,CAMEL,pre_ai,Improvement,0
471,1.118811881188119,101,1,CAMEL-15097,CAMEL,pre_ai,Improvement,0
439,2.7837837837837838,37,2,CAMEL-15087,CAMEL,pre_ai,Bug,1
3256,2.330357142857143,336,1,CAMEL-15084,CAMEL,pre_ai,Improvement,0
30067,1.2807465618860512,5090,181,CAMEL-14801,CAMEL,pre_ai,Task,0
1108,3.1666666666666665,78,2,CAMEL-15109,CAMEL,pre_ai,New Feature,0
197,3.230769230769231,13,1,CAMEL-15110,CAMEL,pre_ai,Improvement,0
594,1.064516129032258,124,3,CAMEL-15112,CAMEL,pre_ai,Task,0
116784,1.0067393543956045,23296,336,CAMEL-15049,CAMEL,pre_ai,Improvement,0
179,1.6842105263157894,19,2,CAMEL-15122,CAMEL,pre_ai,Improvement,0
460,4.9411764705882355,17,1,CAMEL-15117,CAMEL,pre_ai,Bug,1
895,1.7107438016528926,121,6,CAMEL-15124,CAMEL,pre_ai,Improvement,0
1447,7.568181818181818,44,3,CAMEL-15131,CAMEL,pre_ai,Improvement,0
8083,3.0550807217473883,1053,22,CAMEL-15136,CAMEL,pre_ai,Bug,1
162,2.3846153846153846,13,1,CAMEL-15120,CAMEL,pre_ai,Improvement,0
1308,4.014285714285714,70,4,CAMEL-15128,CAMEL,pre_ai,Improvement,0
3373,3.068862275449102,334,10,CAMEL-15081,CAMEL,pre_ai,New Feature,0
59,2.8,5,1,CAMEL-15139,CAMEL,pre_ai,Improvement,0
5530,1.2779397473275025,1029,15,CAMEL-15138,CAMEL,pre_ai,Bug,1
528,4.2,30,2,CAMEL-15151,CAMEL,pre_ai,Bug,1
207,2.0555555555555554,18,1,CAMEL-15129,CAMEL,pre_ai,Bug,1
338,1.9166666666666667,48,4,CAMEL-15146,CAMEL,pre_ai,Improvement,0
565,5.576923076923077,26,1,CAMEL-14913,CAMEL,pre_ai,Task,0
21118,3.771340114993366,2261,82,CAMEL-14878,CAMEL,pre_ai,Improvement,0
115,2.3333333333333335,9,1,CAMEL-14892,CAMEL,pre_ai,Improvement,0
1206,4.3076923076923075,65,3,CAMEL-14911,CAMEL,pre_ai,Improvement,0
1047,3.7761194029850746,67,1,CAMEL-14882,CAMEL,pre_ai,Improvement,0
3514,4.587859424920127,313,4,CAMEL-14891,CAMEL,pre_ai,Bug,1
378,2.289473684210526,38,1,CAMEL-14921,CAMEL,pre_ai,Bug,1
13,1.0,1,1,CAMEL-14851,CAMEL,pre_ai,Task,0
493,1.7272727272727273,55,3,CAMEL-14925,CAMEL,pre_ai,Improvement,0
3509,2.2614840989399294,283,13,CAMEL-14744,CAMEL,pre_ai,Bug,1
3940,3.9648241206030153,398,8,CAMEL-14914,CAMEL,pre_ai,Bug,1
290,4.4,15,2,CAMEL-14933,CAMEL,pre_ai,Improvement,0
1938,2.3897637795275593,254,11,CAMEL-14912,CAMEL,pre_ai,Improvement,0
3043,3.108108108108108,222,11,CAMEL-14936,CAMEL,pre_ai,Task,0
234,1.53125,32,1,CAMEL-14951,CAMEL,pre_ai,Improvement,0
1488,1.1532846715328466,274,2,CAMEL-14943,CAMEL,pre_ai,Task,0
249,2.7777777777777777,18,1,CAMEL-14954,CAMEL,pre_ai,Improvement,0
1110,1.1973094170403586,223,1,CAMEL-14937,CAMEL,pre_ai,Bug,1
192,3.6,10,1,CAMEL-14961,CAMEL,pre_ai,Improvement,0
423,3.5625,32,1,CAMEL-14955,CAMEL,pre_ai,Improvement,0
70,2.0,7,2,CAMEL-14938,CAMEL,pre_ai,Improvement,0
1366,1.176954732510288,243,1,CAMEL-14923,CAMEL,pre_ai,Task,0
315,2.2580645161290325,31,1,CAMEL-14972,CAMEL,pre_ai,Bug,1
1862,1.0,408,2,CAMEL-14947,CAMEL,pre_ai,Improvement,0
1524,1.1305418719211822,406,9,CAMEL-14932,CAMEL,pre_ai,New Feature,0
678,3.511111111111111,45,3,CAMEL-14915,CAMEL,pre_ai,Bug,1
1046,3.7761194029850746,67,1,CAMEL-14885,CAMEL,pre_ai,Improvement,0
3230,1.2846975088967971,562,21,CAMEL-14655,CAMEL,pre_ai,New Feature,0
351,5.6,10,2,CAMEL-14965,CAMEL,pre_ai,Bug,1
62,2.75,4,1,CAMEL-14969,CAMEL,pre_ai,Bug,1
254,2.888888888888889,18,1,CAMEL-14987,CAMEL,pre_ai,Bug,1
76,2.25,4,1,CAMEL-14986,CAMEL,pre_ai,Bug,1
4267,1.3619186046511629,688,28,CAMEL-14654,CAMEL,pre_ai,New Feature,0
417,1.4761904761904763,63,2,CAMEL-14982,CAMEL,pre_ai,Bug,1
94,1.3636363636363635,11,1,CAMEL-14984,CAMEL,pre_ai,Bug,1
200,3.1818181818181817,11,2,CAMEL-14948,CAMEL,pre_ai,Improvement,0
18,2.5,2,1,CAMEL-14998,CAMEL,pre_ai,Improvement,0
52,3.4,5,1,CAMEL-15002,CAMEL,pre_ai,Improvement,0
150,2.727272727272727,11,2,CAMEL-15008,CAMEL,pre_ai,Improvement,0
48,2.0,1,1,CAMEL-14812,CAMEL,pre_ai,Improvement,0
917,1.950354609929078,141,3,CAMEL-15009,CAMEL,pre_ai,Bug,1
665,5.256410256410256,39,1,CAMEL-15003,CAMEL,pre_ai,Bug,1
1096,3.757142857142857,70,2,CAMEL-15006,CAMEL,pre_ai,Improvement,0
172,2.625,8,1,CAMEL-15004,CAMEL,pre_ai,Improvement,0
132,1.9090909090909092,11,1,CAMEL-14922,CAMEL,pre_ai,Bug,1
69,1.4,10,1,CAMEL-14928,CAMEL,pre_ai,Bug,1
727,1.565217391304348,92,2,CAMEL-14927,CAMEL,pre_ai,Bug,1
23,1.25,4,1,CAMEL-14703,CAMEL,pre_ai,Bug,1
37,1.0,7,1,CAMEL-15013,CAMEL,pre_ai,Improvement,0
4533,2.7,590,7,CAMEL-14968,CAMEL,pre_ai,Improvement,0
1679,1.1413427561837455,283,38,CAMEL-14934,CAMEL,pre_ai,New Feature,0
825,1.5405405405405406,111,5,CAMEL-15019,CAMEL,pre_ai,Improvement,0
237,4.0,9,1,CAMEL-15023,CAMEL,pre_ai,Improvement,0
1017,1.192,250,2,CAMEL-14643,CAMEL,pre_ai,Bug,1
379,2.289473684210526,38,1,CAMEL-15015,CAMEL,pre_ai,Improvement,0
57,4.0,3,1,CAMEL-15159,CAMEL,pre_ai,Improvement,0
414,1.8043478260869565,46,5,CAMEL-15126,CAMEL,pre_ai,Improvement,0
275,2.4375,16,5,CAMEL-15144,CAMEL,pre_ai,Improvement,0
128,1.0714285714285714,28,1,CAMEL-15147,CAMEL,pre_ai,Task,0
986,2.5604395604395602,91,1,CAMEL-15096,CAMEL,pre_ai,Task,0
68,1.3333333333333333,9,1,CAMEL-15174,CAMEL,pre_ai,Bug,1
597,6.7,20,5,CAMEL-15172,CAMEL,pre_ai,Improvement,0
78,3.125,8,1,CAMEL-15175,CAMEL,pre_ai,Wish,0
662,1.7466666666666666,75,4,CAMEL-15132,CAMEL,pre_ai,Improvement,0
1168,9.204545454545455,44,1,CAMEL-15181,CAMEL,pre_ai,Bug,1
1103,4.777777777777778,54,1,CAMEL-15183,CAMEL,pre_ai,Improvement,0
171,1.6363636363636365,22,1,CAMEL-15188,CAMEL,pre_ai,Improvement,0
92,3.25,4,1,CAMEL-15190,CAMEL,pre_ai,Improvement,0
1139,4.872727272727273,55,1,CAMEL-15148,CAMEL,pre_ai,Bug,1
2923,1.5318627450980393,408,15,CAMEL-14805,CAMEL,pre_ai,Improvement,0
391,1.8444444444444446,45,7,CAMEL-14622,CAMEL,pre_ai,Improvement,0
1506,1.0219512195121951,410,8,CAMEL-15186,CAMEL,pre_ai,New Feature,0
223,7.142857142857143,7,1,CAMEL-15187,CAMEL,pre_ai,Bug,1
680,3.2954545454545454,44,2,CAMEL-15195,CAMEL,pre_ai,Bug,1
1322,5.033707865168539,89,3,CAMEL-15214,CAMEL,pre_ai,Bug,1
1479,1.1415929203539823,339,6,CAMEL-15213,CAMEL,pre_ai,Improvement,0
1681,2.1492537313432836,201,7,CAMEL-15199,CAMEL,pre_ai,Bug,1
123,12.0,3,1,CAMEL-15217,CAMEL,pre_ai,Improvement,0
757,1.0748299319727892,147,2,CAMEL-15170,CAMEL,pre_ai,New Feature,0
126,2.1666666666666665,12,2,CAMEL-15219,CAMEL,pre_ai,Bug,1
575,2.0327868852459017,61,4,CAMEL-14854,CAMEL,pre_ai,Bug,1
341,2.392857142857143,28,2,CAMEL-15224,CAMEL,pre_ai,Improvement,0
58,6.5,2,1,CAMEL-15229,CAMEL,pre_ai,Bug,1
169,1.875,16,1,CAMEL-15240,CAMEL,pre_ai,Task,0
1388,2.700534759358289,187,6,CAMEL-15231,CAMEL,pre_ai,New Feature,0
1403,2.0523560209424083,191,8,CAMEL-14319,CAMEL,pre_ai,Task,0
673,1.5051546391752577,97,2,CAMEL-15205,CAMEL,pre_ai,Task,0
169,39.0,3,1,CAMEL-15247,CAMEL,pre_ai,Improvement,0
26,2.0,2,2,CAMEL-15251,CAMEL,pre_ai,Bug,1
133,1.0,24,1,CAMEL-15192,CAMEL,pre_ai,Task,0
6498,2.153295128939828,698,11,CAMEL-15197,CAMEL,pre_ai,New Feature,0
135,1.0,24,1,CAMEL-15264,CAMEL,pre_ai,New Feature,0
53,1.4,5,1,CAMEL-14777,CAMEL,pre_ai,Task,0
412,4.142857142857143,21,2,CAMEL-15228,CAMEL,pre_ai,New Feature,0
129,2.0,12,1,CAMEL-14956,CAMEL,pre_ai,New Feature,0
160,1.2941176470588236,17,2,CAMEL-15267,CAMEL,pre_ai,New Feature,0
81,2.375,8,1,CAMEL-14918,CAMEL,pre_ai,Task,0
8479,3.083708370837084,1111,21,CAMEL-15261,CAMEL,pre_ai,Improvement,0
44,1.6666666666666667,3,1,CAMEL-15262,CAMEL,pre_ai,Bug,1
59,1.0,8,2,CAMEL-15149,CAMEL,pre_ai,Bug,1
92,12.0,2,1,CAMEL-15277,CAMEL,pre_ai,Improvement,0
317,1.3611111111111112,36,5,CAMEL-15255,CAMEL,pre_ai,Improvement,0
901,6.804878048780488,41,1,CAMEL-15278,CAMEL,pre_ai,Improvement,0
3134,1.5459272097053727,577,6,CAMEL-15113,CAMEL,pre_ai,Improvement,0
547,2.107142857142857,56,3,CAMEL-15280,CAMEL,pre_ai,New Feature,0
463,2.021276595744681,47,4,CAMEL-14565,CAMEL,pre_ai,Task,0
225,3.210526315789474,19,6,CAMEL-15257,CAMEL,pre_ai,New Feature,0
1563,1.8903508771929824,228,11,CAMEL-15276,CAMEL,pre_ai,Bug,1
22162,2.3796183516037352,2463,48,CAMEL-14963,CAMEL,pre_ai,New Feature,0
1260,4.461538461538462,65,3,CAMEL-15270,CAMEL,pre_ai,New Feature,0
1052,8.666666666666666,42,1,CAMEL-15282,CAMEL,pre_ai,Bug,1
895,2.6491228070175437,57,3,CAMEL-15233,CAMEL,pre_ai,Bug,1
1071,1.1886792452830188,212,2,CAMEL-15292,CAMEL,pre_ai,New Feature,0
21,1.0,6,1,CAMEL-15244,CAMEL,pre_ai,Improvement,0
2319,1.127962085308057,422,12,CAMEL-15248,CAMEL,pre_ai,Improvement,0
362,4.142857142857143,21,1,CAMEL-15309,CAMEL,pre_ai,Task,0
432,2.5945945945945947,37,3,CAMEL-15260,CAMEL,pre_ai,Bug,1
621,2.6140350877192984,57,2,CAMEL-15316,CAMEL,pre_ai,Bug,1
183,1.6363636363636365,22,1,CAMEL-15311,CAMEL,pre_ai,Bug,1
47,2.5,4,1,CAMEL-15327,CAMEL,pre_ai,Bug,1
689,3.6341463414634148,41,1,CAMEL-15328,CAMEL,pre_ai,Improvement,0
2466,1.1114922813036021,583,9,CAMEL-15318,CAMEL,pre_ai,Task,0
51,2.0,5,1,CAMEL-15315,CAMEL,pre_ai,Bug,1
1804,1.6821428571428572,280,13,CAMEL-15293,CAMEL,pre_ai,Improvement,0
192,2.75,16,1,CAMEL-15298,CAMEL,pre_ai,Bug,1
885,6.266666666666667,30,1,CAMEL-15314,CAMEL,pre_ai,Task,0
456,4.823529411764706,17,1,CAMEL-15338,CAMEL,pre_ai,Bug,1
2050,2.075268817204301,279,11,CAMEL-15198,CAMEL,pre_ai,Improvement,0
123,3.3333333333333335,6,1,CAMEL-15326,CAMEL,pre_ai,Bug,1
430,1.75,64,1,CAMEL-15303,CAMEL,pre_ai,Improvement,0
545,1.84375,64,5,CAMEL-15343,CAMEL,pre_ai,Bug,1
1153,2.6774193548387095,155,6,CAMEL-15310,CAMEL,pre_ai,Improvement,0
207,2.0952380952380953,21,1,CAMEL-15215,CAMEL,pre_ai,Task,0
193,1.0256410256410255,39,2,CAMEL-15345,CAMEL,pre_ai,Improvement,0
193,2.3636363636363638,22,1,CAMEL-15346,CAMEL,pre_ai,Improvement,0
191,2.4444444444444446,18,1,CAMEL-15344,CAMEL,pre_ai,Bug,1
300,2.72,25,1,CAMEL-15324,CAMEL,pre_ai,Bug,1
5999,2.0729166666666665,672,5,CAMEL-15308,CAMEL,pre_ai,New Feature,0
842,2.480392156862745,102,10,CAMEL-15342,CAMEL,pre_ai,Improvement,0
311,1.0133333333333334,75,1,CAMEL-15347,CAMEL,pre_ai,Bug,1
320,1.0,42,3,CAMEL-15351,CAMEL,pre_ai,Improvement,0
2026,1.5617529880478087,251,65,CAMEL-15339,CAMEL,pre_ai,New Feature,0
100,1.0,2,1,CAMEL-15353,CAMEL,pre_ai,Improvement,0
137,2.0,15,2,CAMEL-15355,CAMEL,pre_ai,Bug,1
48,1.5,6,1,CAMEL-15312,CAMEL,pre_ai,Improvement,0
131,2.6666666666666665,9,1,CAMEL-15358,CAMEL,pre_ai,Bug,1
234,2.04,25,3,CAMEL-15354,CAMEL,pre_ai,Task,0
159,1.75,24,1,CAMEL-14533,CAMEL,pre_ai,Bug,1
407,1.8,45,2,CAMEL-15362,CAMEL,pre_ai,Improvement,0
516,1.0388349514563107,103,2,CAMEL-15350,CAMEL,pre_ai,Bug,1
262,1.3125,48,2,CAMEL-15373,CAMEL,pre_ai,Task,0
133,2.6666666666666665,9,1,CAMEL-15369,CAMEL,pre_ai,Bug,1
1662,2.0346153846153845,260,8,CAMEL-15365,CAMEL,pre_ai,Improvement,0
178,1.25,28,1,CAMEL-15378,CAMEL,pre_ai,Bug,1
377,1.1428571428571428,63,2,CAMEL-15297,CAMEL,pre_ai,Bug,1
8457,1.2434837889383343,1573,7,CAMEL-15377,CAMEL,pre_ai,Improvement,0
1877,2.8689655172413793,145,4,CAMEL-15184,CAMEL,pre_ai,Improvement,0
135,1.3529411764705883,17,2,CAMEL-15381,CAMEL,pre_ai,Improvement,0
445,2.0952380952380953,42,1,CAMEL-15012,CAMEL,pre_ai,Bug,1
695,3.5714285714285716,42,1,CAMEL-15370,CAMEL,pre_ai,Bug,1
1074,1.7261146496815287,157,2,CAMEL-15387,CAMEL,pre_ai,Bug,1
317,3.1739130434782608,23,1,CAMEL-15391,CAMEL,pre_ai,Bug,1
698,2.163265306122449,98,4,CAMEL-15384,CAMEL,pre_ai,New Feature,0
1517,5.411764705882353,85,3,CAMEL-15397,CAMEL,pre_ai,Improvement,0
1517,5.411764705882353,85,3,CAMEL-15396,CAMEL,pre_ai,Improvement,0
366,1.3928571428571428,56,2,CAMEL-15400,CAMEL,pre_ai,Bug,1
829,6.2682926829268295,41,1,CAMEL-15398,CAMEL,pre_ai,Improvement,0
776,1.888,125,4,CAMEL-15253,CAMEL,pre_ai,New Feature,0
3813,1.8394004282655245,467,14,CAMEL-15390,CAMEL,pre_ai,Task,0
3265,1.4160714285714286,560,16,CAMEL-15356,CAMEL,pre_ai,New Feature,0
161,1.7407407407407407,27,1,CAMEL-15425,CAMEL,pre_ai,Bug,1
118,3.125,8,1,CAMEL-15424,CAMEL,pre_ai,Bug,1
482,1.8888888888888888,45,2,CAMEL-15436,CAMEL,pre_ai,Bug,1
418,1.7894736842105263,38,2,CAMEL-15417,CAMEL,pre_ai,Improvement,0
147,2.090909090909091,11,1,CAMEL-15447,CAMEL,pre_ai,Improvement,0
309,5.333333333333333,12,1,CAMEL-15426,CAMEL,pre_ai,Bug,1
471,1.5161290322580645,62,5,CAMEL-15448,CAMEL,pre_ai,New Feature,0
398,3.1904761904761907,21,2,CAMEL-15444,CAMEL,pre_ai,Task,0
3242,2.3363363363363363,333,1,CAMEL-15445,CAMEL,pre_ai,Bug,1
1930,1.2521739130434784,460,9,CAMEL-15409,CAMEL,pre_ai,New Feature,0
3028,2.6965811965811968,234,11,CAMEL-15431,CAMEL,pre_ai,Improvement,0
60994,2.7920719844357977,8224,176,CAMEL-15422,CAMEL,pre_ai,Improvement,0
60994,2.7920719844357977,8224,176,CAMEL-15160,CAMEL,pre_ai,Improvement,0
1363,7.0181818181818185,55,1,CAMEL-15452,CAMEL,pre_ai,New Feature,0
114,4.857142857142857,7,1,CAMEL-15420,CAMEL,pre_ai,Bug,1
319,2.2,30,2,CAMEL-15450,CAMEL,pre_ai,Bug,1
1353,7.018518518518518,54,1,CAMEL-15394,CAMEL,pre_ai,Bug,1
293,2.357142857142857,28,1,CAMEL-15454,CAMEL,pre_ai,Bug,1
1371,6.910714285714286,56,1,CAMEL-15438,CAMEL,pre_ai,Improvement,0
25,6.0,1,1,CAMEL-15418,CAMEL,pre_ai,Improvement,0
84,1.6666666666666667,12,1,CAMEL-15457,CAMEL,pre_ai,Bug,1
776,4.970588235294118,34,1,CAMEL-15460,CAMEL,pre_ai,Bug,1
529,3.5,40,2,CAMEL-15455,CAMEL,pre_ai,Bug,1
311,1.564102564102564,39,1,CAMEL-15468,CAMEL,pre_ai,New Feature,0
317,3.6315789473684212,19,1,CAMEL-15453,CAMEL,pre_ai,Task,0
283,2.2,20,4,CAMEL-15476,CAMEL,pre_ai,Improvement,0
2715,1.1492776886035314,623,6,CAMEL-13934,CAMEL,pre_ai,New Feature,0
686,1.978021978021978,91,5,CAMEL-15319,CAMEL,pre_ai,Improvement,0
549,1.2876712328767124,73,6,CAMEL-15470,CAMEL,pre_ai,Test,0
305,2.4285714285714284,28,1,CAMEL-15481,CAMEL,pre_ai,Improvement,0
643,1.8548387096774193,62,2,CAMEL-15449,CAMEL,pre_ai,Bug,1
441,1.5740740740740742,54,1,CAMEL-15489,CAMEL,pre_ai,Bug,1
136,1.0,28,3,CAMEL-15498,CAMEL,pre_ai,Task,0
522,1.03,100,2,CAMEL-15500,CAMEL,pre_ai,Bug,1
368,2.909090909090909,22,1,CAMEL-15493,CAMEL,pre_ai,Bug,1
412,1.0253164556962024,79,2,CAMEL-15499,CAMEL,pre_ai,Bug,1
1617,6.4186046511627906,86,3,CAMEL-15502,CAMEL,pre_ai,Task,0
44,3.0,2,1,CAMEL-15506,CAMEL,pre_ai,Bug,1
177,5.428571428571429,7,1,CAMEL-15495,CAMEL,pre_ai,Bug,1
371,3.4545454545454546,22,3,CAMEL-15507,CAMEL,pre_ai,Improvement,0
753,1.2397260273972603,146,2,CAMEL-15512,CAMEL,pre_ai,Improvement,0
274,2.7037037037037037,27,3,CAMEL-15501,CAMEL,pre_ai,Improvement,0
5704,1.0,1174,126,CAMEL-15474,CAMEL,pre_ai,Improvement,0
680,1.7941176470588236,102,4,CAMEL-15508,CAMEL,pre_ai,Task,0
104,1.9,10,1,CAMEL-15517,CAMEL,pre_ai,New Feature,0
641,3.6666666666666665,39,1,CAMEL-15514,CAMEL,pre_ai,Improvement,0
973,1.8016528925619835,121,4,CAMEL-15497,CAMEL,pre_ai,Improvement,0
1584,2.6752577319587627,194,13,CAMEL-15524,CAMEL,pre_ai,Improvement,0
101,2.5555555555555554,9,1,CAMEL-15504,CAMEL,pre_ai,Improvement,0
46,1.0,5,1,CAMEL-15528,CAMEL,pre_ai,Bug,1
229,1.9615384615384615,26,1,CAMEL-15532,CAMEL,pre_ai,Bug,1
150,4.5,4,1,CAMEL-15433,CAMEL,pre_ai,Improvement,0
3617,2.310810810810811,370,2,CAMEL-15446,CAMEL,pre_ai,Improvement,0
234,1.1016949152542372,59,2,CAMEL-13923,CAMEL,pre_ai,Task,0
56,3.3333333333333335,3,1,CAMEL-15534,CAMEL,pre_ai,Bug,1
46,1.0909090909090908,11,1,CAMEL-15548,CAMEL,pre_ai,Improvement,0
3858,2.7402234636871508,358,2,CAMEL-11547,CAMEL,pre_ai,New Feature,0
158,2.5,12,1,CAMEL-15531,CAMEL,pre_ai,New Feature,0
126,2.3333333333333335,12,1,CAMEL-15547,CAMEL,pre_ai,Bug,1
679,1.8082191780821917,73,8,CAMEL-15554,CAMEL,pre_ai,Improvement,0
231,2.0384615384615383,26,1,CAMEL-15557,CAMEL,pre_ai,Bug,1
313,1.2,55,2,CAMEL-15549,CAMEL,pre_ai,Improvement,0
1133,8.954545454545455,44,1,CAMEL-15559,CAMEL,pre_ai,Bug,1
170,1.2,25,1,CAMEL-15535,CAMEL,pre_ai,Improvement,0
757,32.375,16,4,CAMEL-15553,CAMEL,pre_ai,Improvement,0
1251,4.964285714285714,56,1,CAMEL-15565,CAMEL,pre_ai,Improvement,0
1104,4.777777777777778,54,1,CAMEL-15563,CAMEL,pre_ai,Bug,1
262,1.1333333333333333,60,1,CAMEL-15573,CAMEL,pre_ai,Improvement,0
74,1.875,8,1,CAMEL-15571,CAMEL,pre_ai,Task,0
176,1.75,16,1,CAMEL-15526,CAMEL,pre_ai,Bug,1
69,3.0,4,1,CAMEL-15567,CAMEL,pre_ai,Improvement,0
598,1.8620689655172413,58,6,CAMEL-15575,CAMEL,pre_ai,Task,0
37952,1.8048825256975036,5448,359,CAMEL-15515,CAMEL,pre_ai,Improvement,0
127,8.0,3,1,CAMEL-15581,CAMEL,pre_ai,Bug,1
242,2.9523809523809526,21,2,CAMEL-14542,CAMEL,pre_ai,Task,0
317,2.3225806451612905,31,3,CAMEL-15585,CAMEL,pre_ai,Improvement,0
2380,1.176991150442478,452,5,CAMEL-15590,CAMEL,pre_ai,Improvement,0
114,1.4166666666666667,12,2,CAMEL-15577,CAMEL,pre_ai,Bug,1
472,4.823529411764706,17,3,CAMEL-15561,CAMEL,pre_ai,Improvement,0
127,1.6,15,1,CAMEL-15598,CAMEL,pre_ai,Improvement,0
786,5.902439024390244,41,1,CAMEL-15602,CAMEL,pre_ai,Bug,1
419,3.869565217391304,23,1,CAMEL-15580,CAMEL,pre_ai,Bug,1
3826,2.88339222614841,283,14,CAMEL-15430,CAMEL,pre_ai,Task,0
202,1.7241379310344827,29,2,CAMEL-15610,CAMEL,pre_ai,Bug,1
76,4.0,3,1,CAMEL-15488,CAMEL,pre_ai,Task,0
894,3.0,68,4,CAMEL-15608,CAMEL,pre_ai,Improvement,0
3080,1.5227272727272727,484,22,CAMEL-15605,CAMEL,pre_ai,Improvement,0
51,1.0,9,1,CAMEL-15591,CAMEL,pre_ai,Improvement,0
3286,2.3313432835820898,335,1,CAMEL-15607,CAMEL,pre_ai,Improvement,0
398,10.916666666666666,12,1,CAMEL-15621,CAMEL,pre_ai,Improvement,0
1120,1.1955555555555555,225,1,CAMEL-15606,CAMEL,pre_ai,Improvement,0
522,3.1724137931034484,29,1,CAMEL-15604,CAMEL,pre_ai,Improvement,0
35,1.6666666666666667,3,2,CAMEL-15630,CAMEL,pre_ai,Improvement,0
2234,10.337662337662337,77,1,CAMEL-15626,CAMEL,pre_ai,Task,0
1166,1.917808219178082,146,3,CAMEL-15636,CAMEL,pre_ai,Improvement,0
253,2.272727272727273,22,3,CAMEL-15619,CAMEL,pre_ai,Improvement,0
9802,3.063555913113435,1243,24,CAMEL-15631,CAMEL,pre_ai,Task,0
4797,1.5843793584379358,717,18,CAMEL-15641,CAMEL,pre_ai,Improvement,0
4302,3.891509433962264,424,5,CAMEL-15643,CAMEL,pre_ai,Improvement,0
626,1.5365853658536586,82,1,CAMEL-15644,CAMEL,pre_ai,Bug,1
237,1.6818181818181819,22,3,CAMEL-15617,CAMEL,pre_ai,Bug,1
11,1.0,2,1,CAMEL-15496,CAMEL,pre_ai,Improvement,0
558,3.0,46,1,CAMEL-15634,CAMEL,pre_ai,Improvement,0
523,6.166666666666667,30,1,CAMEL-15587,CAMEL,pre_ai,Task,0
31070,12.289679098005204,1153,336,CAMEL-15579,CAMEL,pre_ai,Improvement,0
44,1.0,4,2,CAMEL-15627,CAMEL,pre_ai,Improvement,0
248,2.925925925925926,27,3,CAMEL-15624,CAMEL,pre_ai,Bug,1
11,1.0,2,1,CAMEL-15637,CAMEL,pre_ai,Task,0
62,2.3333333333333335,6,1,CAMEL-15648,CAMEL,pre_ai,Improvement,0
345,1.5272727272727273,55,4,CAMEL-15632,CAMEL,pre_ai,Improvement,0
401,2.2580645161290325,31,7,CAMEL-15651,CAMEL,pre_ai,Improvement,0
984,1.1126126126126126,222,4,CAMEL-15652,CAMEL,pre_ai,Improvement,0
1741,1.4883720930232558,301,8,CAMEL-15659,CAMEL,pre_ai,Improvement,0
3112,1.3853564547206165,519,16,CAMEL-15654,CAMEL,pre_ai,Improvement,0
71,3.4,5,1,CAMEL-15576,CAMEL,pre_ai,Bug,1
2616,1.6873563218390804,435,5,CAMEL-15639,CAMEL,pre_ai,New Feature,0
1102,1.8874172185430464,151,5,CAMEL-15539,CAMEL,pre_ai,Improvement,0
596,10.0,19,4,CAMEL-15666,CAMEL,pre_ai,Bug,1
1462,1.1452145214521452,303,3,CAMEL-14929,CAMEL,pre_ai,Improvement,0
693,2.041095890410959,73,2,CAMEL-15665,CAMEL,pre_ai,Bug,1
151,1.5714285714285714,14,1,CAMEL-15669,CAMEL,pre_ai,Bug,1
380,2.289473684210526,38,1,CAMEL-15622,CAMEL,pre_ai,Bug,1
230,3.588235294117647,17,1,CAMEL-15673,CAMEL,pre_ai,Improvement,0
255,1.103448275862069,58,1,CAMEL-15603,CAMEL,pre_ai,Improvement,0
114,1.9166666666666667,12,1,CAMEL-15675,CAMEL,pre_ai,Bug,1
693,1.0,66,9,CAMEL-15660,CAMEL,pre_ai,Task,0
2156,1.2188365650969528,361,11,CAMEL-15656,CAMEL,pre_ai,Improvement,0
1302,2.588709677419355,124,1,CAMEL-15682,CAMEL,pre_ai,Bug,1
208,7.285714285714286,7,1,CAMEL-15676,CAMEL,pre_ai,Bug,1
481,4.809523809523809,21,1,CAMEL-15678,CAMEL,pre_ai,Bug,1
530,3.2758620689655173,29,1,CAMEL-15646,CAMEL,pre_ai,Bug,1
1795,1.0,359,3,CAMEL-15684,CAMEL,pre_ai,Task,0
464,6.125,16,1,CAMEL-15691,CAMEL,pre_ai,Task,0
1826,3.1543624161073827,149,6,CAMEL-15694,CAMEL,pre_ai,Improvement,0
2592,1.2546296296296295,432,12,CAMEL-15689,CAMEL,pre_ai,New Feature,0
117,1.8888888888888888,9,1,CAMEL-15680,CAMEL,pre_ai,Improvement,0
267,1.4848484848484849,33,4,CAMEL-15690,CAMEL,pre_ai,Improvement,0
150,1.9,10,1,CAMEL-15697,CAMEL,pre_ai,New Feature,0
726,6.576923076923077,26,1,CAMEL-15706,CAMEL,pre_ai,Bug,1
213,1.7777777777777777,18,2,CAMEL-15713,CAMEL,pre_ai,Improvement,0
1675,1.7056451612903225,248,5,CAMEL-15726,CAMEL,pre_ai,Improvement,0
141,1.65,20,1,CAMEL-15721,CAMEL,pre_ai,Improvement,0
23919,1.0118694362017804,1685,337,CAMEL-15664,CAMEL,pre_ai,Improvement,0
343,12.0,7,1,CAMEL-15730,CAMEL,pre_ai,Improvement,0
14,1.0,2,1,CAMEL-15728,CAMEL,pre_ai,Task,0
54,3.0,3,1,CAMEL-15733,CAMEL,pre_ai,Improvement,0
155,3.875,8,2,CAMEL-15739,CAMEL,pre_ai,Improvement,0
383,2.577777777777778,45,3,CAMEL-15742,CAMEL,pre_ai,Bug,1
632,1.7325581395348837,86,5,CAMEL-15716,CAMEL,pre_ai,Improvement,0
54,3.0,4,1,CAMEL-15732,CAMEL,pre_ai,Improvement,0
12,1.0,1,1,CAMEL-15740,CAMEL,pre_ai,Improvement,0
195,1.3157894736842106,19,5,CAMEL-15754,CAMEL,pre_ai,Improvement,0
6852,2.1739130434782608,713,27,CAMEL-15753,CAMEL,pre_ai,Improvement,0
1233,1.7630057803468209,173,7,CAMEL-15751,CAMEL,pre_ai,New Feature,0
230,3.6470588235294117,17,1,CAMEL-15749,CAMEL,pre_ai,Bug,1
1069,4.914893617021277,47,1,CAMEL-15768,CAMEL,pre_ai,Bug,1
23902,1.0118694362017804,1685,337,CAMEL-15722,CAMEL,pre_ai,Improvement,0
31,3.5,2,1,CAMEL-15776,CAMEL,pre_ai,Improvement,0
728,6.576923076923077,26,1,CAMEL-15774,CAMEL,pre_ai,Bug,1
9708,2.771726535341831,863,35,CAMEL-15765,CAMEL,pre_ai,Improvement,0
69,5.5,2,1,CAMEL-15779,CAMEL,pre_ai,Improvement,0
57,1.0,2,2,CAMEL-15094,CAMEL,pre_ai,Task,0
3389,2.3304347826086955,345,1,CAMEL-15778,CAMEL,pre_ai,Improvement,0
1430,4.462365591397849,93,2,CAMEL-15783,CAMEL,pre_ai,Improvement,0
8612,2.033528918692372,1193,8,CAMEL-15763,CAMEL,pre_ai,Improvement,0
170,1.7222222222222223,18,2,CAMEL-15748,CAMEL,pre_ai,Bug,1
241,3.75,12,3,CAMEL-15788,CAMEL,pre_ai,Bug,1
38,5.0,2,1,CAMEL-15781,CAMEL,pre_ai,Improvement,0
1532,2.6598984771573604,197,7,CAMEL-15772,CAMEL,pre_ai,New Feature,0
929,6.545454545454546,33,2,CAMEL-15731,CAMEL,pre_ai,Improvement,0
905,6.829268292682927,41,1,CAMEL-15793,CAMEL,pre_ai,Bug,1
676,2.289473684210526,76,1,CAMEL-15745,CAMEL,pre_ai,Improvement,0
250,2.588235294117647,17,1,CAMEL-15797,CAMEL,pre_ai,Bug,1
590,1.4455445544554455,101,2,CAMEL-15794,CAMEL,pre_ai,Bug,1
69,3.4,5,1,CAMEL-15801,CAMEL,pre_ai,Bug,1
500,6.277777777777778,18,1,CAMEL-15805,CAMEL,pre_ai,Improvement,0
515,6.0344827586206895,29,1,CAMEL-15807,CAMEL,pre_ai,Bug,1
33,1.6666666666666667,3,1,CAMEL-15813,CAMEL,pre_ai,Improvement,0
381,1.821917808219178,73,1,CAMEL-15809,CAMEL,pre_ai,Bug,1
331,2.0833333333333335,48,2,CAMEL-15814,CAMEL,pre_ai,Improvement,0
1584,4.8,85,8,CAMEL-15796,CAMEL,pre_ai,Improvement,0
933,6.878048780487805,41,1,CAMEL-15810,CAMEL,pre_ai,Bug,1
693,2.4415584415584415,77,2,CAMEL-15817,CAMEL,pre_ai,Improvement,0
6294,4.040747028862479,589,24,CAMEL-15826,CAMEL,pre_ai,Improvement,0
104,1.0714285714285714,14,2,CAMEL-15829,CAMEL,pre_ai,Sub-task,0
42,1.2,5,1,CAMEL-15830,CAMEL,pre_ai,Sub-task,0
85,1.4,5,2,CAMEL-15831,CAMEL,pre_ai,Sub-task,0
137,3.4444444444444446,9,1,CAMEL-15834,CAMEL,pre_ai,Bug,1
808,2.5267857142857144,112,4,CAMEL-15825,CAMEL,pre_ai,Improvement,0
1189,4.432835820895522,67,4,CAMEL-15823,CAMEL,pre_ai,Improvement,0
1173,1.825,200,4,CAMEL-15837,CAMEL,pre_ai,New Feature,0
315,2.9565217391304346,23,1,CAMEL-15833,CAMEL,pre_ai,Bug,1
449,5.0,19,5,CAMEL-15822,CAMEL,pre_ai,Bug,1
270,2.590909090909091,22,2,CAMEL-15840,CAMEL,pre_ai,Bug,1
9359,2.469150174621653,859,59,CAMEL-15802,CAMEL,pre_ai,Improvement,0
9359,2.469150174621653,859,59,CAMEL-15839,CAMEL,pre_ai,Improvement,0
940,2.5416666666666665,120,8,CAMEL-15845,CAMEL,pre_ai,New Feature,0
107,1.375,16,2,CAMEL-15836,CAMEL,pre_ai,Improvement,0
1347,6.35,60,1,CAMEL-15852,CAMEL,pre_ai,Bug,1
1419,2.373056994818653,193,6,CAMEL-15792,CAMEL,pre_ai,Test,0
452,2.8,35,1,CAMEL-15859,CAMEL,pre_ai,Improvement,0
448,2.7142857142857144,35,1,CAMEL-15855,CAMEL,pre_ai,Bug,1
445,2.764705882352941,34,1,CAMEL-14480,CAMEL,pre_ai,Bug,1
3611,2.337950138504155,361,5,CAMEL-15784,CAMEL,pre_ai,Improvement,0
40,1.5,6,2,CAMEL-15795,CAMEL,pre_ai,Improvement,0
403,3.72,25,1,CAMEL-15770,CAMEL,pre_ai,Improvement,0
1203,9.431818181818182,44,1,CAMEL-15790,CAMEL,pre_ai,Improvement,0
665,1.8651685393258426,89,7,CAMEL-15861,CAMEL,pre_ai,Improvement,0
537,4.818181818181818,22,1,CAMEL-15867,CAMEL,pre_ai,New Feature,0
398,4.823529411764706,17,4,CAMEL-15866,CAMEL,pre_ai,Improvement,0
100,1.6363636363636365,11,1,CAMEL-15871,CAMEL,pre_ai,Bug,1
530,4.7272727272727275,22,1,CAMEL-15862,CAMEL,pre_ai,New Feature,0
183,1.0,50,1,CAMEL-15876,CAMEL,pre_ai,Improvement,0
102,1.375,16,1,CAMEL-15878,CAMEL,pre_ai,Task,0
326,4.25,12,1,CAMEL-15858,CAMEL,pre_ai,New Feature,0
166,1.3461538461538463,26,1,CAMEL-15872,CAMEL,pre_ai,Wish,0
12,1.5,2,1,CAMEL-15785,CAMEL,pre_ai,Task,0
396,4.421052631578948,19,3,CAMEL-15882,CAMEL,pre_ai,Bug,1
449,2.8529411764705883,34,1,CAMEL-15884,CAMEL,pre_ai,Bug,1
754,1.5977011494252873,87,2,CAMEL-15877,CAMEL,pre_ai,Improvement,0
444,3.607142857142857,28,3,CAMEL-15888,CAMEL,pre_ai,Improvement,0
1378,6.426229508196721,61,1,CAMEL-15887,CAMEL,pre_ai,Improvement,0
2317,5.359649122807017,114,4,CAMEL-15886,CAMEL,pre_ai,Improvement,0
1626,4.349397590361446,166,3,CAMEL-15863,CAMEL,pre_ai,Improvement,0
317,1.1956521739130435,46,3,CAMEL-15890,CAMEL,pre_ai,Bug,1
85,1.6363636363636365,11,1,CAMEL-15873,CAMEL,pre_ai,Improvement,0
208,2.9,20,1,CAMEL-15893,CAMEL,pre_ai,Improvement,0
1940,1.2426666666666666,375,3,CAMEL-15904,CAMEL,pre_ai,Improvement,0
458,2.8823529411764706,34,1,CAMEL-15856,CAMEL,pre_ai,Bug,1
230,1.375,24,3,CAMEL-15908,CAMEL,pre_ai,Improvement,0
165,1.0555555555555556,18,6,CAMEL-15899,CAMEL,pre_ai,Bug,1
1882,13.6,40,3,CAMEL-15919,CAMEL,pre_ai,Bug,1
205,1.8333333333333333,18,1,CAMEL-15880,CAMEL,pre_ai,Task,0
395,2.59375,32,3,CAMEL-15914,CAMEL,pre_ai,Improvement,0
228,2.8125,16,2,CAMEL-15860,CAMEL,pre_ai,Improvement,0
145,1.0,18,2,CAMEL-15832,CAMEL,pre_ai,Sub-task,0
1415,1.174089068825911,247,1,CAMEL-15815,CAMEL,pre_ai,Bug,1
313,3.5625,16,2,CAMEL-15917,CAMEL,pre_ai,Improvement,0
172,1.8823529411764706,17,1,CAMEL-15764,CAMEL,pre_ai,Improvement,0
94,6.75,4,1,CAMEL-15786,CAMEL,pre_ai,Bug,1
492,3.161290322580645,31,2,CAMEL-15653,CAMEL,pre_ai,Improvement,0
233,5.222222222222222,9,1,CAMEL-15920,CAMEL,pre_ai,Bug,1
4518,3.2567567567567566,518,11,CAMEL-15738,CAMEL,pre_ai,Task,0
840,6.172413793103448,29,1,CAMEL-15510,CAMEL,pre_ai,New Feature,0
992,2.6639344262295084,122,9,CAMEL-15865,CAMEL,pre_ai,Task,0
260,1.6428571428571428,28,2,CAMEL-15533,CAMEL,pre_ai,Improvement,0
327,2.24,25,7,CAMEL-15718,CAMEL,pre_ai,Bug,1
1230,4.1940298507462686,67,4,CAMEL-15926,CAMEL,pre_ai,Improvement,0
438,6.945945945945946,37,3,CAMEL-15931,CAMEL,pre_ai,Bug,1
1447,1.2678571428571428,280,2,CAMEL-15757,CAMEL,pre_ai,New Feature,0
160,2.8333333333333335,12,2,CAMEL-15915,CAMEL,pre_ai,Task,0
179,5.222222222222222,9,1,CAMEL-15937,CAMEL,pre_ai,Bug,1
157,1.4,20,1,CAMEL-15930,CAMEL,pre_ai,Bug,1
3882,2.303703703703704,405,2,CAMEL-15942,CAMEL,pre_ai,Bug,1
161,3.6363636363636362,11,1,CAMEL-15947,CAMEL,pre_ai,Bug,1
105,1.6153846153846154,13,1,CAMEL-15949,CAMEL,pre_ai,Bug,1
1845,2.0950570342205324,263,10,CAMEL-15959,CAMEL,pre_ai,New Feature,0
908,2.1785714285714284,84,4,CAMEL-15938,CAMEL,pre_ai,Improvement,0
256,3.5833333333333335,12,1,CAMEL-15945,CAMEL,pre_ai,Bug,1
4630,2.5130168453292496,653,13,CAMEL-13024,CAMEL,pre_ai,Bug,1
215,3.1333333333333333,15,1,CAMEL-15290,CAMEL,pre_ai,Bug,1
312,1.0833333333333333,24,2,CAMEL-15962,CAMEL,pre_ai,Bug,1
503,4.55,20,1,CAMEL-12871,CAMEL,pre_ai,Bug,1
902,3.8518518518518516,54,3,CAMEL-15971,CAMEL,pre_ai,Bug,1
6573,3.571619812583668,747,11,CAMEL-15979,CAMEL,pre_ai,New Feature,0
391,3.6666666666666665,27,2,CAMEL-12260,CAMEL,pre_ai,Bug,1
3318,4.8075601374570445,291,4,CAMEL-15578,CAMEL,pre_ai,Improvement,0
399,1.66,50,1,CAMEL-15928,CAMEL,pre_ai,Bug,1
1409,2.762237762237762,143,6,CAMEL-15986,CAMEL,pre_ai,Improvement,0
3654,1.2942176870748299,588,17,CAMEL-15987,CAMEL,pre_ai,Improvement,0
219,1.5185185185185186,27,2,CAMEL-15989,CAMEL,pre_ai,New Feature,0
83,1.4166666666666667,12,1,CAMEL-15992,CAMEL,pre_ai,New Feature,0
83,1.4166666666666667,12,1,CAMEL-15991,CAMEL,pre_ai,New Feature,0
7754,1.5661820964039785,1307,28,CAMEL-15990,CAMEL,pre_ai,New Feature,0
37,2.0,4,1,CAMEL-15995,CAMEL,pre_ai,New Feature,0
889,15.545454545454545,22,2,CAMEL-16000,CAMEL,pre_ai,Bug,1
10730,3.9613302397525136,1293,24,CAMEL-16007,CAMEL,pre_ai,Task,0
5612,4.958435207823961,409,9,CAMEL-16005,CAMEL,pre_ai,Bug,1
543,1.7076923076923076,65,3,CAMEL-13553,CAMEL,pre_ai,Bug,1
82,1.1428571428571428,7,1,CAMEL-16009,CAMEL,pre_ai,Bug,1
3203,2.5211267605633805,284,20,CAMEL-16003,CAMEL,pre_ai,Improvement,0
2969,2.702127659574468,188,25,CAMEL-16013,CAMEL,pre_ai,Task,0
137,3.857142857142857,7,1,CAMEL-15961,CAMEL,pre_ai,Improvement,0
872,2.980769230769231,104,5,CAMEL-16020,CAMEL,pre_ai,Improvement,0
41,1.6,5,1,CAMEL-16037,CAMEL,pre_ai,Bug,1
57,3.5,2,1,CAMEL-15998,CAMEL,pre_ai,Improvement,0
63,1.3333333333333333,9,1,CAMEL-16043,CAMEL,pre_ai,Bug,1
16,1.0,1,1,CAMEL-16040,CAMEL,pre_ai,Bug,1
3497,2.353107344632768,354,1,CAMEL-16029,CAMEL,pre_ai,New Feature,0
569,2.6491228070175437,57,6,CAMEL-16022,CAMEL,pre_ai,Improvement,0
335,8.6,5,2,CAMEL-16045,CAMEL,pre_ai,Bug,1
33,3.0,2,1,CAMEL-16032,CAMEL,pre_ai,Bug,1
4037,1.6093979441997064,681,18,CAMEL-16019,CAMEL,pre_ai,New Feature,0
1259,1.6604938271604939,162,6,CAMEL-16050,CAMEL,pre_ai,New Feature,0
563,1.547945205479452,73,2,CAMEL-16048,CAMEL,pre_ai,New Feature,0
1942,2.1419753086419755,162,6,CAMEL-16051,CAMEL,pre_ai,Improvement,0
4720,2.6470588235294117,442,5,CAMEL-16056,CAMEL,pre_ai,New Feature,0
308,1.0,40,1,CAMEL-16057,CAMEL,pre_ai,Improvement,0
72,2.8,5,1,CAMEL-16035,CAMEL,pre_ai,Bug,1
775,1.927927927927928,111,2,CAMEL-16008,CAMEL,pre_ai,New Feature,0
87,1.4166666666666667,12,1,CAMEL-15106,CAMEL,pre_ai,Improvement,0
248,2.588235294117647,17,1,CAMEL-16068,CAMEL,pre_ai,Bug,1
4293,2.675044883303411,557,25,CAMEL-13455,CAMEL,pre_ai,New Feature,0
990,1.9217391304347826,115,12,CAMEL-15759,CAMEL,pre_ai,Improvement,0
682,2.039473684210526,76,8,CAMEL-16018,CAMEL,pre_ai,Bug,1
974,2.6666666666666665,84,6,CAMEL-15844,CAMEL,pre_ai,Improvement,0
262,2.888888888888889,18,1,CAMEL-16077,CAMEL,pre_ai,Bug,1
403,2.511627906976744,43,4,CAMEL-16061,CAMEL,pre_ai,Improvement,0
1380,1.33203125,256,8,CAMEL-16082,CAMEL,pre_ai,Bug,1
3233,1.3012704174228675,551,26,CAMEL-15933,CAMEL,pre_ai,New Feature,0
2854,1.3060796645702306,477,15,CAMEL-16080,CAMEL,pre_ai,Task,0
440,2.018867924528302,53,5,CAMEL-16098,CAMEL,pre_ai,New Feature,0
3353,2.9419354838709677,465,9,CAMEL-14871,CAMEL,pre_ai,New Feature,0
773,1.7849462365591398,93,2,CAMEL-16076,CAMEL,pre_ai,Improvement,0
577,1.5925925925925926,81,2,CAMEL-16106,CAMEL,pre_ai,Improvement,0
216,3.2,15,1,CAMEL-16110,CAMEL,pre_ai,Bug,1
319,3.6363636363636362,22,1,CAMEL-16112,CAMEL,pre_ai,Bug,1
1424,2.0110497237569063,181,2,CAMEL-16114,CAMEL,pre_ai,Bug,1
371,2.2777777777777777,36,2,CAMEL-16091,CAMEL,pre_ai,Bug,1
752,2.5,70,1,CAMEL-16103,CAMEL,pre_ai,Bug,1
300,3.5,14,2,CAMEL-16095,CAMEL,pre_ai,Improvement,0
3767,2.4931129476584024,363,1,CAMEL-16070,CAMEL,pre_ai,Improvement,0
7426,1.9013632718524458,1247,15,CAMEL-16117,CAMEL,pre_ai,Task,0
348,1.64,50,1,CAMEL-16126,CAMEL,pre_ai,Improvement,0
183,4.0,9,1,CAMEL-15958,CAMEL,pre_ai,Task,0
560,132.5,4,1,CAMEL-16129,CAMEL,pre_ai,Improvement,0
552,4.409090909090909,22,6,CAMEL-16127,CAMEL,pre_ai,Improvement,0
907,2.244186046511628,86,2,CAMEL-16034,CAMEL,pre_ai,Bug,1
8083,1.4777777777777779,1260,11,CAMEL-15560,CAMEL,pre_ai,New Feature,0
282,11.0,6,1,CAMEL-16135,CAMEL,pre_ai,Bug,1
1537,2.3255813953488373,129,5,CAMEL-16136,CAMEL,pre_ai,Improvement,0
478,2.730769230769231,26,2,CAMEL-16083,CAMEL,pre_ai,Bug,1
178,7.0,13,2,CAMEL-16142,CAMEL,pre_ai,Improvement,0
501,6.277777777777778,18,1,CAMEL-16145,CAMEL,pre_ai,Bug,1
4880,3.1943793911007026,427,54,CAMEL-16102,CAMEL,pre_ai,Improvement,0
216,5.0,11,1,CAMEL-16160,CAMEL,pre_ai,Improvement,0
482,1.8235294117647058,34,3,CAMEL-16086,CAMEL,pre_ai,Bug,1
385,2.9655172413793105,29,2,CAMEL-16152,CAMEL,pre_ai,Bug,1
32,1.0,2,1,CAMEL-16151,CAMEL,pre_ai,Task,0
132,1.1,20,1,CAMEL-16161,CAMEL,pre_ai,Bug,1
202,6.0,4,2,CAMEL-16146,CAMEL,pre_ai,Improvement,0
3446,3.068337129840547,439,7,CAMEL-12808,CAMEL,pre_ai,Improvement,0
263,1.5238095238095237,21,7,CAMEL-16163,CAMEL,pre_ai,Improvement,0
709,3.2771084337349397,83,7,CAMEL-16094,CAMEL,pre_ai,Improvement,0
130,1.6,15,1,CAMEL-16138,CAMEL,pre_ai,Improvement,0
528,6.2631578947368425,19,1,CAMEL-16153,CAMEL,pre_ai,New Feature,0
407,1.5510204081632653,49,6,CAMEL-16155,CAMEL,pre_ai,Improvement,0
217,1.1956521739130435,46,1,CAMEL-16079,CAMEL,pre_ai,Bug,1
226,2.0,26,2,CAMEL-16172,CAMEL,pre_ai,Improvement,0
535,2.027027027027027,74,3,CAMEL-16179,CAMEL,pre_ai,Bug,1
44,1.75,4,1,CAMEL-16177,CAMEL,pre_ai,Bug,1
4420,2.1019283746556474,363,33,CAMEL-16319,CAMEL,pre_ai,Improvement,0
877,6.689655172413793,29,1,CAMEL-16322,CAMEL,pre_ai,Improvement,0
17,1.5,2,1,CAMEL-16328,CAMEL,pre_ai,Improvement,0
2447,9.167664670658683,167,12,CAMEL-15924,CAMEL,pre_ai,Improvement,0
145,2.5555555555555554,9,2,CAMEL-16336,CAMEL,pre_ai,Improvement,0
1980,3.561264822134387,253,5,CAMEL-16337,CAMEL,pre_ai,Improvement,0
419,4.190476190476191,21,1,CAMEL-16343,CAMEL,pre_ai,Bug,1
134,2.7,10,1,CAMEL-16342,CAMEL,pre_ai,Improvement,0
840,2.3846153846153846,91,2,CAMEL-16331,CAMEL,pre_ai,Improvement,0
210,2.1363636363636362,22,2,CAMEL-16344,CAMEL,pre_ai,Bug,1
886,6.827586206896552,29,1,CAMEL-16332,CAMEL,pre_ai,Task,0
846,4.55,20,2,CAMEL-16345,CAMEL,pre_ai,Bug,1
3225,2.88671875,256,7,CAMEL-16348,CAMEL,pre_ai,Improvement,0
1417,5.114754098360656,61,3,CAMEL-16349,CAMEL,pre_ai,Improvement,0
1853,1.2492753623188406,345,5,CAMEL-16355,CAMEL,pre_ai,Improvement,0
2148,2.5755395683453237,278,8,CAMEL-16358,CAMEL,pre_ai,Improvement,0
716,4.27027027027027,74,5,CAMEL-16357,CAMEL,pre_ai,Improvement,0
994,1.045267489711934,243,3,CAMEL-16201,CAMEL,pre_ai,Improvement,0
4058,2.474666666666667,375,2,CAMEL-16169,CAMEL,pre_ai,Improvement,0
237,1.7,20,2,CAMEL-15741,CAMEL,pre_ai,Improvement,0
723,1.8271604938271604,81,3,CAMEL-16173,CAMEL,pre_ai,Bug,1
569,88.5,6,2,CAMEL-15963,CAMEL,pre_ai,New Feature,0
1900,1.6014760147601477,271,2,CAMEL-16162,CAMEL,pre_ai,Improvement,0
434,3.3666666666666667,30,3,CAMEL-16339,CAMEL,pre_ai,Improvement,0
79,5.333333333333333,3,1,CAMEL-16359,CAMEL,pre_ai,Improvement,0
4825,3.3006644518272426,602,11,CAMEL-14980,CAMEL,pre_ai,Bug,1
105,2.0833333333333335,12,2,CAMEL-16382,CAMEL,pre_ai,Bug,1
1083,2.6344086021505375,93,3,CAMEL-16378,CAMEL,pre_ai,Bug,1
154,1.7777777777777777,18,1,CAMEL-16384,CAMEL,pre_ai,Improvement,0
167,3.0,10,2,CAMEL-16025,CAMEL,pre_ai,Bug,1
1291,4.305555555555555,72,2,CAMEL-16015,CAMEL,pre_ai,Bug,1
540,3.12,50,1,CAMEL-13374,CAMEL,pre_ai,Bug,1
115,1.0952380952380953,21,1,CAMEL-16230,CAMEL,pre_ai,Improvement,0
271,4.666666666666667,12,1,CAMEL-12078,CAMEL,pre_ai,Bug,1
118,5.5,6,1,CAMEL-12764,CAMEL,pre_ai,Bug,1
352,4.1,30,1,CAMEL-13047,CAMEL,pre_ai,Bug,1
602,3.234042553191489,47,1,CAMEL-13092,CAMEL,pre_ai,Bug,1
99,2.7142857142857144,7,1,CAMEL-16398,CAMEL,pre_ai,Task,0
224,7.0,7,1,CAMEL-16397,CAMEL,pre_ai,Improvement,0
5114,2.8532423208191124,586,20,CAMEL-16368,CAMEL,pre_ai,New Feature,0
481,4.033333333333333,30,1,CAMEL-16180,CAMEL,pre_ai,Bug,1
250,4.1875,16,1,CAMEL-16242,CAMEL,pre_ai,Bug,1
1052,5.5813953488372094,43,1,CAMEL-16395,CAMEL,pre_ai,Improvement,0
84,1.7272727272727273,11,1,CAMEL-16396,CAMEL,pre_ai,Bug,1
524,2.142857142857143,42,4,CAMEL-16406,CAMEL,pre_ai,Task,0
1199,1.0054054054054054,370,3,CAMEL-16409,CAMEL,pre_ai,Task,0
382,3.48,25,1,CAMEL-16060,CAMEL,pre_ai,Improvement,0
46,6.0,2,1,CAMEL-16412,CAMEL,pre_ai,Bug,1
124,6.666666666666667,3,1,CAMEL-16418,CAMEL,pre_ai,Bug,1
271,2.95,20,2,CAMEL-16410,CAMEL,pre_ai,Bug,1
206,1.8333333333333333,18,1,CAMEL-16423,CAMEL,pre_ai,Bug,1
93,1.5,12,3,CAMEL-16391,CAMEL,pre_ai,Improvement,0
1557,4.086206896551724,58,5,CAMEL-16424,CAMEL,pre_ai,Task,0
83,1.8888888888888888,9,3,CAMEL-16430,CAMEL,pre_ai,Task,0
924,4.482142857142857,56,3,CAMEL-15410,CAMEL,pre_ai,Bug,1
1410,6.018518518518518,54,3,CAMEL-16197,CAMEL,pre_ai,Bug,1
539,4.769230769230769,26,1,CAMEL-16413,CAMEL,pre_ai,Bug,1
201,2.6875,16,2,CAMEL-16353,CAMEL,pre_ai,Improvement,0
120,1.4444444444444444,9,2,CAMEL-16433,CAMEL,pre_ai,Improvement,0
239,3.6666666666666665,12,1,CAMEL-16185,CAMEL,pre_ai,Improvement,0
214,9.333333333333334,6,1,CAMEL-16440,CAMEL,pre_ai,Improvement,0
647,1.6282051282051282,78,4,CAMEL-16439,CAMEL,pre_ai,Bug,1
148,2.6153846153846154,13,1,CAMEL-16441,CAMEL,pre_ai,Improvement,0
309,2.32,25,2,CAMEL-16365,CAMEL,pre_ai,Improvement,0
414,1.9,50,5,CAMEL-16444,CAMEL,pre_ai,Improvement,0
303,1.4634146341463414,41,1,CAMEL-16450,CAMEL,pre_ai,Improvement,0
663,2.706896551724138,58,2,CAMEL-16453,CAMEL,pre_ai,Bug,1
141,4.0,6,2,CAMEL-16405,CAMEL,pre_ai,New Feature,0
993,2.225806451612903,93,3,CAMEL-16454,CAMEL,pre_ai,Improvement,0
376,2.3703703703703702,27,2,CAMEL-16462,CAMEL,pre_ai,Improvement,0
252,3.7857142857142856,14,1,CAMEL-16460,CAMEL,pre_ai,Improvement,0
224,7.0,7,1,CAMEL-16459,CAMEL,pre_ai,Bug,1
944,1.644859813084112,107,2,CAMEL-16455,CAMEL,pre_ai,Improvement,0
3636,2.4011627906976742,516,14,CAMEL-16474,CAMEL,pre_ai,Improvement,0
1215,2.485981308411215,107,3,CAMEL-16451,CAMEL,pre_ai,New Feature,0
842,4.222222222222222,81,6,CAMEL-16478,CAMEL,pre_ai,New Feature,0
422,3.5384615384615383,26,2,CAMEL-16414,CAMEL,pre_ai,Improvement,0
1432,2.74025974025974,77,7,CAMEL-16471,CAMEL,pre_ai,Improvement,0
328,2.142857142857143,35,1,CAMEL-16458,CAMEL,pre_ai,Improvement,0
1749,12.306122448979592,49,5,CAMEL-16489,CAMEL,pre_ai,Bug,1
1749,12.306122448979592,49,5,CAMEL-16490,CAMEL,pre_ai,Bug,1
213,1.5,28,3,CAMEL-16481,CAMEL,pre_ai,Improvement,0
55,3.4,5,1,CAMEL-16470,CAMEL,pre_ai,Improvement,0
273,3.8461538461538463,13,1,CAMEL-16495,CAMEL,pre_ai,Task,0
127,1.4615384615384615,13,1,CAMEL-16498,CAMEL,pre_ai,Bug,1
894,2.8679245283018866,53,7,CAMEL-16502,CAMEL,pre_ai,New Feature,0
26,1.3333333333333333,3,2,CAMEL-16497,CAMEL,pre_ai,Improvement,0
232,5.111111111111111,9,1,CAMEL-16507,CAMEL,pre_ai,Bug,1
690,1.5294117647058822,85,1,CAMEL-16407,CAMEL,pre_ai,Bug,1
56,1.5,4,2,CAMEL-16480,CAMEL,pre_ai,Bug,1
582,30.133333333333333,15,4,CAMEL-16510,CAMEL,pre_ai,Improvement,0
1523,2.6436781609195403,87,8,CAMEL-16504,CAMEL,pre_ai,Improvement,0
104,1.7142857142857142,7,2,CAMEL-16476,CAMEL,pre_ai,Bug,1
140963,12.557110609480812,6645,995,CAMEL-15824,CAMEL,pre_ai,Improvement,0
419,3.8181818181818183,22,2,CAMEL-16366,CAMEL,pre_ai,Improvement,0
105,1.6,15,1,CAMEL-16500,CAMEL,pre_ai,Bug,1
84,2.2,5,1,CAMEL-16515,CAMEL,pre_ai,Bug,1
1382,1.0098039215686274,408,3,CAMEL-16518,CAMEL,pre_ai,Task,0
651,1.2040816326530612,98,4,CAMEL-16523,CAMEL,pre_ai,Improvement,0
124,1.037037037037037,27,1,CAMEL-16513,CAMEL,pre_ai,Improvement,0
61,2.0,8,1,CAMEL-16512,CAMEL,pre_ai,Improvement,0
1738,1.0,348,3,CAMEL-16524,CAMEL,pre_ai,Task,0
75,2.25,4,1,CAMEL-16526,CAMEL,pre_ai,Bug,1
596,1.8333333333333333,60,3,CAMEL-16028,CAMEL,pre_ai,Improvement,0
499,1.8653846153846154,52,2,CAMEL-16525,CAMEL,pre_ai,Bug,1
1341,3.107843137254902,102,2,CAMEL-16528,CAMEL,pre_ai,Task,0
111,2.5,10,1,CAMEL-16527,CAMEL,pre_ai,Bug,1
896,6.862068965517241,29,1,CAMEL-16341,CAMEL,pre_ai,Task,0
55,3.5,2,1,CAMEL-16530,CAMEL,pre_ai,Bug,1
334,2.75,24,3,CAMEL-16533,CAMEL,pre_ai,Improvement,0
150,1.5263157894736843,19,1,CAMEL-16534,CAMEL,pre_ai,Bug,1
212,4.090909090909091,11,1,CAMEL-16491,CAMEL,pre_ai,Improvement,0
646,1.5352112676056338,71,11,CAMEL-16449,CAMEL,pre_ai,Improvement,0
685,2.7721518987341773,79,1,CAMEL-16535,CAMEL,pre_ai,New Feature,0
219,5.333333333333333,9,1,CAMEL-16544,CAMEL,pre_ai,New Feature,0
132,11.0,2,1,CAMEL-16545,CAMEL,pre_ai,Improvement,0
226,5.555555555555555,9,1,CAMEL-16546,CAMEL,pre_ai,New Feature,0
2434,2.7766990291262137,206,3,CAMEL-16550,CAMEL,pre_ai,Bug,1
1173,2.7045454545454546,88,11,CAMEL-16536,CAMEL,pre_ai,Bug,1
148,9.333333333333334,3,1,CAMEL-16548,CAMEL,pre_ai,Improvement,0
167,2.3333333333333335,12,1,CAMEL-16554,CAMEL,pre_ai,Improvement,0
19,1.0,3,1,CAMEL-16551,CAMEL,pre_ai,Bug,1
398,2.1875,48,5,CAMEL-16540,CAMEL,pre_ai,New Feature,0
282,3.5714285714285716,21,2,CAMEL-16685,CAMEL,pre_ai,Improvement,0
161,1.9166666666666667,12,1,CAMEL-16632,CAMEL,pre_ai,Bug,1
697,1.0,1,2,CAMEL-16687,CAMEL,pre_ai,Improvement,0
696,3.016949152542373,59,7,CAMEL-16556,CAMEL,pre_ai,Bug,1
523,1.435483870967742,62,1,CAMEL-16468,CAMEL,pre_ai,Improvement,0
72,1.4545454545454546,11,1,CAMEL-16689,CAMEL,pre_ai,Improvement,0
455,2.3142857142857145,35,5,CAMEL-16694,CAMEL,pre_ai,Dependency upgrade,0
959,1.7016129032258065,124,6,CAMEL-16542,CAMEL,pre_ai,Improvement,0
442,2.176470588235294,51,1,CAMEL-16695,CAMEL,pre_ai,Improvement,0
863,22.6,15,2,CAMEL-16625,CAMEL,pre_ai,Improvement,0
398,1.8048780487804879,41,3,CAMEL-16636,CAMEL,pre_ai,Improvement,0
469,2.7,30,2,CAMEL-16627,CAMEL,pre_ai,New Feature,0
81,1.3076923076923077,13,1,CAMEL-16701,CAMEL,pre_ai,Bug,1
1747,1.0,350,3,CAMEL-16519,CAMEL,pre_ai,Task,0
346,2.8297872340425534,47,4,CAMEL-16708,CAMEL,pre_ai,Improvement,0
3054,3.87375415282392,301,4,CAMEL-16700,CAMEL,pre_ai,Improvement,0
601,2.8363636363636364,55,1,CAMEL-16713,CAMEL,pre_ai,Improvement,0
116,1.9230769230769231,13,1,CAMEL-16705,CAMEL,pre_ai,Bug,1
253,1.4411764705882353,34,1,CAMEL-16709,CAMEL,pre_ai,Improvement,0
985,6.590909090909091,44,4,CAMEL-16711,CAMEL,pre_ai,Improvement,0
204,1.1136363636363635,44,1,CAMEL-16722,CAMEL,pre_ai,Bug,1
4124,2.3381410256410255,624,9,CAMEL-16707,CAMEL,pre_ai,Bug,1
2575,1.2937219730941705,446,14,CAMEL-16717,CAMEL,pre_ai,New Feature,0
4798,3.387858347386172,593,7,CAMEL-16719,CAMEL,pre_ai,Improvement,0
93,1.3333333333333333,9,1,CAMEL-16693,CAMEL,pre_ai,Improvement,0
782,3.186046511627907,43,6,CAMEL-16730,CAMEL,pre_ai,Improvement,0
2788,3.087431693989071,366,7,CAMEL-16727,CAMEL,pre_ai,Improvement,0
430,2.6774193548387095,31,4,CAMEL-16726,CAMEL,pre_ai,New Feature,0
1239,2.053763440860215,186,4,CAMEL-16537,CAMEL,pre_ai,Improvement,0
1452,6.435897435897436,117,9,CAMEL-16732,CAMEL,pre_ai,Improvement,0
2434,2.7766990291262137,206,3,CAMEL-16734,CAMEL,pre_ai,Bug,1
1024,1.1228070175438596,228,4,CAMEL-16733,CAMEL,pre_ai,Improvement,0
2492,1.8083832335329342,334,18,CAMEL-16724,CAMEL,pre_ai,Improvement,0
3276,5.236363636363636,275,3,CAMEL-16744,CAMEL,pre_ai,Improvement,0
1529,5.8,80,3,CAMEL-16748,CAMEL,pre_ai,Improvement,0
595,1.5731707317073171,82,3,CAMEL-16750,CAMEL,pre_ai,Improvement,0
1370,2.9005524861878453,181,6,CAMEL-16747,CAMEL,pre_ai,Improvement,0
139,2.066666666666667,15,1,CAMEL-16692,CAMEL,pre_ai,Bug,1
328,7.0,10,2,CAMEL-16753,CAMEL,pre_ai,Improvement,0
193,6.714285714285714,7,1,CAMEL-16756,CAMEL,pre_ai,Improvement,0
650,2.4754098360655736,61,3,CAMEL-16581,CAMEL,pre_ai,Bug,1
2051,4.879310344827586,116,2,CAMEL-16759,CAMEL,pre_ai,Improvement,0
165,2.5,12,2,CAMEL-16725,CAMEL,pre_ai,Bug,1
141,2.0833333333333335,12,1,CAMEL-16704,CAMEL,pre_ai,Bug,1
449,2.0952380952380953,42,5,CAMEL-16555,CAMEL,pre_ai,Bug,1
68,2.6666666666666665,6,1,CAMEL-16762,CAMEL,pre_ai,Bug,1
660,2.767857142857143,56,2,CAMEL-16605,CAMEL,pre_ai,Improvement,0
232,1.5789473684210527,38,1,CAMEL-16764,CAMEL,pre_ai,Bug,1
175,1.4375,32,2,CAMEL-16755,CAMEL,pre_ai,Bug,1
759,3.0714285714285716,56,3,CAMEL-16763,CAMEL,pre_ai,Bug,1
513,1.5625,64,5,CAMEL-16758,CAMEL,pre_ai,New Feature,0
4212,3.821002386634845,419,6,CAMEL-16760,CAMEL,pre_ai,Improvement,0
40,2.5,4,1,CAMEL-16772,CAMEL,pre_ai,Bug,1
751,2.7560975609756095,82,3,CAMEL-16773,CAMEL,pre_ai,New Feature,0
531,6.037037037037037,27,1,CAMEL-16775,CAMEL,pre_ai,Bug,1
274,1.8709677419354838,31,1,CAMEL-16782,CAMEL,pre_ai,Bug,1
171,1.8421052631578947,19,1,CAMEL-16767,CAMEL,pre_ai,Bug,1
1185,1.0952380952380953,273,4,CAMEL-16777,CAMEL,pre_ai,Improvement,0
102,1.3333333333333333,15,1,CAMEL-16770,CAMEL,pre_ai,New Feature,0
4121,2.46,400,3,CAMEL-16776,CAMEL,pre_ai,Bug,1
192,1.024390243902439,41,1,CAMEL-16589,CAMEL,pre_ai,New Feature,0
367,1.6808510638297873,47,5,CAMEL-12879,CAMEL,pre_ai,New Feature,0
174,1.7894736842105263,19,1,CAMEL-16794,CAMEL,pre_ai,Bug,1
129,1.0303030303030303,33,3,CAMEL-16792,CAMEL,pre_ai,Improvement,0
107,2.1818181818181817,11,1,CAMEL-16795,CAMEL,pre_ai,Bug,1
885,2.393617021276596,94,2,CAMEL-17060,CAMEL,pre_ai,Bug,1
192,1.95,20,1,CAMEL-17067,CAMEL,pre_ai,Bug,1
315,2.4482758620689653,29,1,CAMEL-17065,CAMEL,pre_ai,Bug,1
132,2.3333333333333335,12,1,CAMEL-17068,CAMEL,pre_ai,Bug,1
184,1.8571428571428572,21,2,CAMEL-17046,CAMEL,pre_ai,Bug,1
9223,3.969615728328865,1119,18,CAMEL-16774,CAMEL,pre_ai,Dependency upgrade,0
159,4.142857142857143,7,1,CAMEL-17071,CAMEL,pre_ai,Dependency upgrade,0
4046,3.603921568627451,255,11,CAMEL-17059,CAMEL,pre_ai,Improvement,0
512,1.7586206896551724,29,13,CAMEL-17018,CAMEL,pre_ai,Bug,1
7107,2.4029850746268657,670,8,CAMEL-17074,CAMEL,pre_ai,Bug,1
505,3.3947368421052633,38,3,CAMEL-17073,CAMEL,pre_ai,Bug,1
585,1.0,35,3,CAMEL-17077,CAMEL,pre_ai,Improvement,0
753,1.4242424242424243,66,23,CAMEL-16612,CAMEL,pre_ai,New Feature,0
1081,2.4166666666666665,108,6,CAMEL-17078,CAMEL,pre_ai,Improvement,0
314,2.2903225806451615,31,1,CAMEL-17090,CAMEL,pre_ai,Bug,1
546,1.6825396825396826,63,1,CAMEL-17095,CAMEL,pre_ai,Bug,1
240,4.133333333333334,15,1,CAMEL-17105,CAMEL,pre_ai,Bug,1
740,1.9861111111111112,72,10,CAMEL-17096,CAMEL,pre_ai,New Feature,0
10312,1.372816593886463,1832,23,CAMEL-17070,CAMEL,pre_ai,Improvement,0
28,2.0,3,1,CAMEL-17112,CAMEL,pre_ai,Improvement,0
2668,11.34920634920635,63,6,CAMEL-16934,CAMEL,pre_ai,Bug,1
2346,2.4829268292682927,205,12,CAMEL-17104,CAMEL,pre_ai,New Feature,0
984,4.285714285714286,14,4,CAMEL-17103,CAMEL,pre_ai,New Feature,0
1136,1.8527131782945736,129,6,CAMEL-17116,CAMEL,pre_ai,Improvement,0
191,2.176470588235294,17,1,CAMEL-17114,CAMEL,pre_ai,Bug,1
4121,3.0454545454545454,418,16,CAMEL-17122,CAMEL,pre_ai,Improvement,0
68,1.8,5,2,CAMEL-17125,CAMEL,pre_ai,Improvement,0
109,20.0,1,1,CAMEL-17126,CAMEL,pre_ai,Improvement,0
36,4.5,2,1,CAMEL-17124,CAMEL,pre_ai,Bug,1
631,3.593220338983051,59,3,CAMEL-17133,CAMEL,pre_ai,New Feature,0
72,2.4,5,1,CAMEL-17138,CAMEL,pre_ai,Improvement,0
666,1.9545454545454546,88,9,CAMEL-17108,CAMEL,pre_ai,Improvement,0
4066,2.9431818181818183,528,9,CAMEL-17127,CAMEL,pre_ai,Improvement,0
1926,2.9507042253521125,142,8,CAMEL-17143,CAMEL,pre_ai,Improvement,0
413,1.4722222222222223,36,4,CAMEL-17145,CAMEL,pre_ai,Improvement,0
1389,6.32258064516129,62,2,CAMEL-17149,CAMEL,pre_ai,New Feature,0
189,4.222222222222222,9,2,CAMEL-17150,CAMEL,pre_ai,New Feature,0
1131,2.165137614678899,109,3,CAMEL-17009,CAMEL,pre_ai,Bug,1
302,2.357142857142857,28,1,CAMEL-17156,CAMEL,pre_ai,Improvement,0
2147,9.45,60,6,CAMEL-17151,CAMEL,pre_ai,Bug,1
1131,2.165137614678899,109,3,CAMEL-17153,CAMEL,pre_ai,Bug,1
405,13.7,10,1,CAMEL-17159,CAMEL,pre_ai,Bug,1
1354,2.5725806451612905,124,1,CAMEL-17170,CAMEL,pre_ai,Improvement,0
190,5.0,7,1,CAMEL-16467,CAMEL,pre_ai,Task,0
45,5.333333333333333,3,1,CAMEL-17128,CAMEL,pre_ai,Bug,1
1398,4.2375,80,3,CAMEL-17166,CAMEL,pre_ai,Improvement,0
905,1.7462686567164178,134,2,CAMEL-17178,CAMEL,pre_ai,Task,0
1748,3.074074074074074,135,19,CAMEL-17175,CAMEL,pre_ai,Improvement,0
718,2.0285714285714285,70,8,CAMEL-17121,CAMEL,pre_ai,Task,0
895,2.1121495327102804,107,1,CAMEL-17181,CAMEL,pre_ai,Bug,1
85,2.0,7,2,CAMEL-17187,CAMEL,pre_ai,Improvement,0
221,2.411764705882353,17,2,CAMEL-17188,CAMEL,pre_ai,Test,0
402,2.925,40,3,CAMEL-17185,CAMEL,pre_ai,Improvement,0
513,2.65,60,4,CAMEL-17190,CAMEL,pre_ai,Improvement,0
136,1.1666666666666667,18,3,CAMEL-16978,CAMEL,pre_ai,Bug,1
723,1.4945054945054945,91,1,CAMEL-17189,CAMEL,pre_ai,Bug,1
1145,2.0,142,1,CAMEL-16905,CAMEL,pre_ai,Improvement,0
2283,1.2399103139013452,446,3,CAMEL-17165,CAMEL,pre_ai,Improvement,0
55,2.2,5,1,CAMEL-16921,CAMEL,pre_ai,Bug,1
132,2.5,10,1,CAMEL-16930,CAMEL,pre_ai,Improvement,0
19,1.0,3,1,CAMEL-16914,CAMEL,pre_ai,Task,0
328,1.4864864864864864,37,1,CAMEL-16928,CAMEL,pre_ai,Task,0
508,5.388888888888889,18,1,CAMEL-16936,CAMEL,pre_ai,Bug,1
1867,2.464028776978417,278,7,CAMEL-16937,CAMEL,pre_ai,Improvement,0
116,1.9166666666666667,12,1,CAMEL-16961,CAMEL,pre_ai,Sub-task,0
4622,3.371212121212121,528,8,CAMEL-16947,CAMEL,pre_ai,Improvement,0
1658,5.569230769230769,130,4,CAMEL-16877,CAMEL,pre_ai,Bug,1
241,2.08,25,1,CAMEL-16983,CAMEL,pre_ai,New Feature,0
529,2.3,50,2,CAMEL-16949,CAMEL,pre_ai,Task,0
39,3.0,2,1,CAMEL-16988,CAMEL,pre_ai,Improvement,0
555,2.08974358974359,78,4,CAMEL-16987,CAMEL,pre_ai,Improvement,0
668,1.8666666666666667,75,2,CAMEL-16876,CAMEL,pre_ai,New Feature,0
4380,3.269296740994854,583,7,CAMEL-13215,CAMEL,pre_ai,Task,0
4380,3.269296740994854,583,7,CAMEL-16981,CAMEL,pre_ai,Improvement,0
788,2.0,84,1,CAMEL-16990,CAMEL,pre_ai,Bug,1
4615,2.3685185185185187,540,26,CAMEL-16955,CAMEL,pre_ai,Improvement,0
1892,1.7505720823798627,437,7,CAMEL-16944,CAMEL,pre_ai,New Feature,0
927,1.146341463414634,164,1,CAMEL-16927,CAMEL,pre_ai,Bug,1
1070,5.5476190476190474,42,5,CAMEL-16991,CAMEL,pre_ai,Improvement,0
7143,1.3356704645048203,1141,52,CAMEL-16388,CAMEL,pre_ai,Wish,0
47,1.0,5,1,CAMEL-16953,CAMEL,pre_ai,Improvement,0
786,3.6595744680851063,47,4,CAMEL-16932,CAMEL,pre_ai,Bug,1
4448,3.2928082191780823,584,11,CAMEL-16974,CAMEL,pre_ai,Improvement,0
313,2.2903225806451615,31,2,CAMEL-14823,CAMEL,pre_ai,Bug,1
197,2.526315789473684,19,1,CAMEL-17004,CAMEL,pre_ai,Bug,1
671,5.208333333333333,24,1,CAMEL-17007,CAMEL,pre_ai,Bug,1
835,5.487179487179487,39,3,CAMEL-17008,CAMEL,pre_ai,Bug,1
3999,5.567474048442906,289,4,CAMEL-17005,CAMEL,pre_ai,Improvement,0
188,1.069767441860465,43,2,CAMEL-17011,CAMEL,pre_ai,Bug,1
431,1.9148936170212767,47,2,CAMEL-16916,CAMEL,pre_ai,Bug,1
671,5.208333333333333,24,1,CAMEL-17012,CAMEL,pre_ai,Bug,1
316,1.2962962962962963,54,2,CAMEL-17016,CAMEL,pre_ai,Bug,1
2217,2.633879781420765,183,6,CAMEL-17015,CAMEL,pre_ai,Bug,1
417,3.590909090909091,22,1,CAMEL-17021,CAMEL,pre_ai,Improvement,0
589,4.52,25,2,CAMEL-17024,CAMEL,pre_ai,Improvement,0
1162,3.3870967741935485,62,8,CAMEL-17020,CAMEL,pre_ai,Improvement,0
516,5.388888888888889,18,1,CAMEL-17029,CAMEL,pre_ai,Improvement,0
584,2.130434782608696,69,2,CAMEL-17030,CAMEL,pre_ai,Improvement,0
1049,8.15,40,1,CAMEL-17031,CAMEL,pre_ai,Improvement,0
716,2.259259259259259,81,1,CAMEL-17035,CAMEL,pre_ai,Improvement,0
160,6.8,5,1,CAMEL-17036,CAMEL,pre_ai,Improvement,0
1527,1.3692307692307693,260,4,CAMEL-17022,CAMEL,pre_ai,Improvement,0
595,3.1486486486486487,74,3,CAMEL-17034,CAMEL,pre_ai,Bug,1
644,3.6923076923076925,39,1,CAMEL-17043,CAMEL,pre_ai,Bug,1
48,1.4285714285714286,7,1,CAMEL-16946,CAMEL,pre_ai,Improvement,0
528,2.731707317073171,41,1,CAMEL-17049,CAMEL,pre_ai,Bug,1
464,5.791666666666667,24,1,CAMEL-17048,CAMEL,pre_ai,Bug,1
1749,2.053061224489796,245,10,CAMEL-17054,CAMEL,pre_ai,New Feature,0
21,1.5,2,1,CAMEL-16190,CAMEL,pre_ai,Task,0
1335,3.0098039215686274,102,3,CAMEL-16196,CAMEL,pre_ai,Bug,1
551,1.7666666666666666,60,1,CAMEL-16199,CAMEL,pre_ai,Improvement,0
795,2.1030927835051547,97,2,CAMEL-16203,CAMEL,pre_ai,Improvement,0
144,2.090909090909091,22,1,CAMEL-16202,CAMEL,pre_ai,Improvement,0
140,1.631578947368421,19,1,CAMEL-16210,CAMEL,pre_ai,Bug,1
11572,3.954285714285714,1400,24,CAMEL-17044,CAMEL,pre_ai,Dependency upgrade,0
135,2.0714285714285716,14,1,CAMEL-16207,CAMEL,pre_ai,Improvement,0
1712,1.6194029850746268,268,3,CAMEL-16193,CAMEL,pre_ai,Task,0
229,4.888888888888889,9,1,CAMEL-16206,CAMEL,pre_ai,Bug,1
206,2.111111111111111,18,1,CAMEL-16215,CAMEL,pre_ai,Improvement,0
1598,3.7372262773722627,137,5,CAMEL-16205,CAMEL,pre_ai,Improvement,0
460,1.8958333333333333,48,2,CAMEL-16217,CAMEL,pre_ai,Improvement,0
817,2.5833333333333335,96,2,CAMEL-16156,CAMEL,pre_ai,Task,0
1712,1.6194029850746268,268,3,CAMEL-16218,CAMEL,pre_ai,Improvement,0
619,2.2448979591836733,49,4,CAMEL-15964,CAMEL,pre_ai,New Feature,0
171,1.0625,32,1,CAMEL-16211,CAMEL,pre_ai,Task,0
684,1.7386363636363635,88,3,CAMEL-16220,CAMEL,pre_ai,Improvement,0
305,1.744186046511628,43,1,CAMEL-16226,CAMEL,pre_ai,Bug,1
475,9.0,14,1,CAMEL-16233,CAMEL,pre_ai,Bug,1
166,2.3333333333333335,12,2,CAMEL-16194,CAMEL,pre_ai,Improvement,0
521,2.8285714285714287,35,1,CAMEL-16227,CAMEL,pre_ai,Bug,1
204,3.642857142857143,14,2,CAMEL-16178,CAMEL,pre_ai,Bug,1
556,1.7833333333333334,60,1,CAMEL-16232,CAMEL,pre_ai,Improvement,0
23,1.5,2,1,CAMEL-16254,CAMEL,pre_ai,Task,0
711,1.0,1,2,CAMEL-16245,CAMEL,pre_ai,Improvement,0
125,2.272727272727273,11,1,CAMEL-16222,CAMEL,pre_ai,Improvement,0
4065,2.5051020408163267,392,3,CAMEL-16238,CAMEL,pre_ai,Improvement,0
1742,1.0,348,3,CAMEL-16246,CAMEL,pre_ai,Task,0
680,1.6585365853658536,82,1,CAMEL-16262,CAMEL,pre_ai,Improvement,0
670,1.675,80,1,CAMEL-16264,CAMEL,pre_ai,Improvement,0
26,2.0,1,1,CAMEL-12545,CAMEL,pre_ai,New Feature,0
74,1.8888888888888888,9,2,CAMEL-16252,CAMEL,pre_ai,Bug,1
541,3.82,50,1,CAMEL-16250,CAMEL,pre_ai,Improvement,0
4604,1.2892768079800498,802,6,CAMEL-16258,CAMEL,pre_ai,Bug,1
72,1.0769230769230769,13,1,CAMEL-16276,CAMEL,pre_ai,Bug,1
1055,4.894736842105263,57,1,CAMEL-16272,CAMEL,pre_ai,Improvement,0
115,3.625,8,1,CAMEL-16283,CAMEL,pre_ai,Bug,1
437,2.566666666666667,30,4,CAMEL-16270,CAMEL,pre_ai,Improvement,0
136,2.3846153846153846,13,1,CAMEL-16241,CAMEL,pre_ai,Bug,1
155,2.5,8,1,CAMEL-16253,CAMEL,pre_ai,Improvement,0
53,1.2857142857142858,7,1,CAMEL-16282,CAMEL,pre_ai,Bug,1
200,1.6428571428571428,28,1,CAMEL-16286,CAMEL,pre_ai,Improvement,0
39,1.0,2,2,CAMEL-16265,CAMEL,pre_ai,Improvement,0
997,1.059782608695652,184,3,CAMEL-16284,CAMEL,pre_ai,Bug,1
695,3.682926829268293,41,1,CAMEL-16291,CAMEL,pre_ai,Bug,1
1025,1.4640522875816993,153,2,CAMEL-16063,CAMEL,pre_ai,Bug,1
552,1.6923076923076923,78,2,CAMEL-16294,CAMEL,pre_ai,Improvement,0
100,1.4,10,2,CAMEL-16296,CAMEL,pre_ai,Bug,1
757,2.5142857142857142,70,1,CAMEL-16295,CAMEL,pre_ai,Bug,1
205,3.4285714285714284,7,1,CAMEL-16305,CAMEL,pre_ai,Bug,1
1429,1.174089068825911,247,2,CAMEL-16298,CAMEL,pre_ai,Bug,1
93,1.7,10,1,CAMEL-16285,CAMEL,pre_ai,New Feature,0
659,3.8421052631578947,57,2,CAMEL-16303,CAMEL,pre_ai,Task,0
1483,1.9801980198019802,202,6,CAMEL-16301,CAMEL,pre_ai,New Feature,0
1160,13.153846153846153,26,1,CAMEL-16309,CAMEL,pre_ai,Bug,1
237,3.0416666666666665,24,3,CAMEL-16311,CAMEL,pre_ai,Improvement,0
166,1.28,25,2,CAMEL-16307,CAMEL,pre_ai,Bug,1
1988,2.5039370078740157,254,12,CAMEL-16310,CAMEL,pre_ai,New Feature,0
2265,1.2618510158013545,443,3,CAMEL-16315,CAMEL,pre_ai,Improvement,0
129,2.0,13,1,CAMEL-16313,CAMEL,pre_ai,Improvement,0
767,2.0121951219512195,82,1,CAMEL-16324,CAMEL,pre_ai,Bug,1
634,8.181818181818182,22,2,CAMEL-16560,CAMEL,pre_ai,Improvement,0
12637,2.0977175463623396,1402,42,CAMEL-16302,CAMEL,pre_ai,New Feature,0
49,1.0,8,1,CAMEL-16559,CAMEL,pre_ai,Bug,1
318,2.2903225806451615,31,1,CAMEL-16566,CAMEL,pre_ai,Bug,1
6528,2.539629005059022,593,22,CAMEL-16557,CAMEL,pre_ai,New Feature,0
454,2.107142857142857,56,2,CAMEL-16569,CAMEL,pre_ai,Bug,1
235,1.7692307692307692,26,1,CAMEL-16547,CAMEL,pre_ai,Bug,1
1993,5.123711340206185,97,12,CAMEL-16568,CAMEL,pre_ai,Improvement,0
113,2.5,8,4,CAMEL-16561,CAMEL,pre_ai,Improvement,0
341,107.33333333333333,3,1,CAMEL-16572,CAMEL,pre_ai,Improvement,0
647,1.2844036697247707,109,6,CAMEL-16417,CAMEL,pre_ai,New Feature,0
120,2.272727272727273,11,1,CAMEL-16567,CAMEL,pre_ai,Bug,1
1324,1.4018264840182648,219,4,CAMEL-16580,CAMEL,pre_ai,Improvement,0
2496,21.418181818181818,55,6,CAMEL-16486,CAMEL,pre_ai,Improvement,0
319,1.2307692307692308,65,1,CAMEL-16558,CAMEL,pre_ai,New Feature,0
1366,2.411392405063291,158,5,CAMEL-16394,CAMEL,pre_ai,New Feature,0
271,5.090909090909091,11,1,CAMEL-16582,CAMEL,pre_ai,Bug,1
30,1.0,1,2,CAMEL-16590,CAMEL,pre_ai,Improvement,0
79,2.1,10,1,CAMEL-16586,CAMEL,pre_ai,Bug,1
113,2.0,8,1,CAMEL-16595,CAMEL,pre_ai,Improvement,0
4524,1.5688705234159779,726,25,CAMEL-15655,CAMEL,pre_ai,New Feature,0
5259,4.857787810383747,443,17,CAMEL-16593,CAMEL,pre_ai,New Feature,0
5259,4.857787810383747,443,17,CAMEL-16596,CAMEL,pre_ai,New Feature,0
5259,4.857787810383747,443,17,CAMEL-16597,CAMEL,pre_ai,New Feature,0
103,1.05,20,1,CAMEL-16600,CAMEL,pre_ai,New Feature,0
308,7.642857142857143,14,1,CAMEL-16599,CAMEL,pre_ai,Task,0
248,1.5217391304347827,23,1,CAMEL-16574,CAMEL,pre_ai,Bug,1
3859,4.372881355932203,354,4,CAMEL-16604,CAMEL,pre_ai,Bug,1
1307,2.3587786259541983,131,10,CAMEL-16570,CAMEL,pre_ai,New Feature,0
176,1.2058823529411764,34,1,CAMEL-16608,CAMEL,pre_ai,Improvement,0
974,9.384615384615385,39,2,CAMEL-16614,CAMEL,pre_ai,Improvement,0
5548,6.2313829787234045,376,5,CAMEL-16606,CAMEL,pre_ai,Improvement,0
128,2.375,8,3,CAMEL-16577,CAMEL,pre_ai,New Feature,0
277,2.6956521739130435,23,1,CAMEL-16617,CAMEL,pre_ai,Bug,1
390,4.09375,32,1,CAMEL-16622,CAMEL,pre_ai,Bug,1
302,3.263157894736842,19,1,CAMEL-16619,CAMEL,pre_ai,Improvement,0
127,2.6,10,1,CAMEL-16629,CAMEL,pre_ai,Bug,1
91,2.5714285714285716,7,2,CAMEL-16645,CAMEL,pre_ai,New Feature,0
297,1.0,38,6,CAMEL-16618,CAMEL,pre_ai,Improvement,0
86,1.0,2,1,CAMEL-16641,CAMEL,pre_ai,Improvement,0
542,4.884615384615385,26,1,CAMEL-16640,CAMEL,pre_ai,Bug,1
780,5.0588235294117645,34,1,CAMEL-16657,CAMEL,pre_ai,Bug,1
938,6.926829268292683,41,1,CAMEL-16658,CAMEL,pre_ai,Bug,1
191,2.1,20,2,CAMEL-16482,CAMEL,pre_ai,Improvement,0
543,6.448275862068965,29,1,CAMEL-16659,CAMEL,pre_ai,Bug,1
252,1.0,53,1,CAMEL-16198,CAMEL,pre_ai,Task,0
86,1.3571428571428572,14,1,CAMEL-16672,CAMEL,pre_ai,Improvement,0
649,5.083333333333333,24,1,CAMEL-16673,CAMEL,pre_ai,Task,0
703,5.346153846153846,26,1,CAMEL-16671,CAMEL,pre_ai,Improvement,0
233,4.0,13,1,CAMEL-16664,CAMEL,pre_ai,Improvement,0
71,14.0,1,1,CAMEL-16670,CAMEL,pre_ai,Bug,1
239,5.1,10,1,CAMEL-16662,CAMEL,pre_ai,Bug,1
446,3.814814814814815,27,1,CAMEL-16663,CAMEL,pre_ai,Improvement,0
147,4.142857142857143,7,1,CAMEL-16263,CAMEL,pre_ai,Bug,1
68,1.5,10,1,CAMEL-16681,CAMEL,pre_ai,Bug,1
403,1.6136363636363635,44,1,CAMEL-16679,CAMEL,pre_ai,Task,0
194,1.9,20,1,CAMEL-16661,CAMEL,pre_ai,Bug,1
4329,2.3990267639902676,411,5,CAMEL-16682,CAMEL,pre_ai,Bug,1
484,1.826086956521739,69,1,CAMEL-16683,CAMEL,pre_ai,Improvement,0
1156,2.3617021276595747,94,11,CAMEL-16677,CAMEL,pre_ai,Improvement,0
549,5.04,25,1,CAMEL-17131,CAMEL,pre_ai,Bug,1
1002,1.03125,256,2,CAMEL-16635,CAMEL,pre_ai,Improvement,0
264,2.473684210526316,19,1,CAMEL-11078,CAMEL,pre_ai,Improvement,0
140,2.9,10,2,CAMEL-17201,CAMEL,pre_ai,Improvement,0
518,5.444444444444445,18,1,CAMEL-17204,CAMEL,pre_ai,Task,0
3883,3.169387755102041,490,7,CAMEL-17195,CAMEL,pre_ai,Improvement,0
1157,4.634920634920635,63,1,CAMEL-17205,CAMEL,pre_ai,Improvement,0
458,2.78125,32,4,CAMEL-16656,CAMEL,pre_ai,New Feature,0
87,2.0,6,1,CAMEL-17206,CAMEL,pre_ai,Improvement,0
90,2.8333333333333335,6,1,CAMEL-17209,CAMEL,pre_ai,Improvement,0
108,3.8,5,1,CAMEL-17214,CAMEL,pre_ai,Improvement,0
238,1.9583333333333333,24,3,CAMEL-17217,CAMEL,pre_ai,Improvement,0
547,2.4642857142857144,56,2,CAMEL-17218,CAMEL,pre_ai,Task,0
134,6.0,4,1,CAMEL-17216,CAMEL,pre_ai,Improvement,0
656,3.871794871794872,39,1,CAMEL-17202,CAMEL,pre_ai,Bug,1
2012,3.147909967845659,311,4,CAMEL-17215,CAMEL,pre_ai,Improvement,0
500,5.714285714285714,21,2,CAMEL-17221,CAMEL,pre_ai,Bug,1
1023,1.007380073800738,271,1,CAMEL-17223,CAMEL,pre_ai,Improvement,0
157,1.875,16,1,CAMEL-17226,CAMEL,pre_ai,Improvement,0
564,1.592920353982301,113,2,CAMEL-17225,CAMEL,pre_ai,Bug,1
326,2.7142857142857144,21,1,CAMEL-17232,CAMEL,pre_ai,Bug,1
976,2.941860465116279,86,2,CAMEL-17233,CAMEL,pre_ai,Improvement,0
925,4.215686274509804,51,1,CAMEL-17213,CAMEL,pre_ai,Bug,1
356,2.8275862068965516,29,3,CAMEL-17242,CAMEL,pre_ai,Bug,1
94,2.0,1,1,CAMEL-17062,CAMEL,pre_ai,Task,0
251,2.526315789473684,19,2,CAMEL-17230,CAMEL,pre_ai,Improvement,0
5819,1.4105603448275863,928,10,CAMEL-17228,CAMEL,pre_ai,Bug,1
457,1.9310344827586208,58,1,CAMEL-17141,CAMEL,pre_ai,Improvement,0
370,2.388888888888889,36,1,CAMEL-17244,CAMEL,pre_ai,Bug,1
14,1.0,2,2,CAMEL-17248,CAMEL,pre_ai,Bug,1
1224,1.8666666666666667,120,7,CAMEL-17246,CAMEL,pre_ai,Improvement,0
370,2.4166666666666665,36,1,CAMEL-17245,CAMEL,pre_ai,Bug,1
602,2.826923076923077,52,5,CAMEL-17247,CAMEL,pre_ai,New Feature,0
90,3.0,7,1,CAMEL-17252,CAMEL,pre_ai,Bug,1
574,3.1621621621621623,37,4,CAMEL-17260,CAMEL,pre_ai,New Feature,0
416,2.097560975609756,41,2,CAMEL-16521,CAMEL,pre_ai,Improvement,0
567,2.1454545454545455,55,6,CAMEL-17240,CAMEL,pre_ai,Improvement,0
202,6.125,8,1,CAMEL-16906,CAMEL,pre_ai,Bug,1
219,2.235294117647059,17,1,CAMEL-17200,CAMEL,pre_ai,Bug,1
1269,2.0236220472440944,127,7,CAMEL-14258,CAMEL,pre_ai,Improvement,0
1444,2.976470588235294,170,7,CAMEL-17266,CAMEL,pre_ai,New Feature,0
71,1.5555555555555556,9,1,CAMEL-17269,CAMEL,pre_ai,Bug,1
680,1.6585365853658536,82,1,CAMEL-17267,CAMEL,pre_ai,Bug,1
169,4.6,5,2,CAMEL-17271,CAMEL,pre_ai,Test,0
193,2.0,20,1,CAMEL-17277,CAMEL,pre_ai,Improvement,0
39,1.6,5,1,CAMEL-17274,CAMEL,pre_ai,Bug,1
716,3.1166666666666667,60,1,CAMEL-17288,CAMEL,pre_ai,Improvement,0
709,5.111111111111111,27,2,CAMEL-17276,CAMEL,pre_ai,Improvement,0
309,3.1,20,1,CAMEL-17158,CAMEL,pre_ai,Bug,1
57,1.8333333333333333,6,2,CAMEL-17279,CAMEL,pre_ai,Improvement,0
29,1.25,4,1,CAMEL-17299,CAMEL,pre_ai,New Feature,0
80,3.0,6,1,CAMEL-17301,CAMEL,pre_ai,New Feature,0
34,1.75,4,1,CAMEL-17303,CAMEL,pre_ai,Bug,1
1791,3.4285714285714284,133,6,CAMEL-17302,CAMEL,pre_ai,Improvement,0
989,7.142857142857143,35,4,CAMEL-17298,CAMEL,pre_ai,Bug,1
465,5.791666666666667,24,1,CAMEL-17295,CAMEL,pre_ai,Bug,1
1387,12.67741935483871,31,1,CAMEL-17312,CAMEL,pre_ai,Improvement,0
665,5.16,25,1,CAMEL-17317,CAMEL,pre_ai,Task,0
225,1.4166666666666667,24,1,CAMEL-17322,CAMEL,pre_ai,Bug,1
207,3.3076923076923075,13,2,CAMEL-17310,CAMEL,pre_ai,New Feature,0
166,10.666666666666666,3,1,CAMEL-17331,CAMEL,pre_ai,Improvement,0
1121,1.9262295081967213,122,2,CAMEL-17332,CAMEL,pre_ai,Improvement,0
1081,2.7523809523809524,105,7,CAMEL-17326,CAMEL,pre_ai,Improvement,0
525,1.9027777777777777,72,1,CAMEL-17336,CAMEL,pre_ai,Bug,1
2192,3.5470383275261326,287,3,CAMEL-17323,CAMEL,pre_ai,Improvement,0
217,3.357142857142857,14,1,CAMEL-17346,CAMEL,pre_ai,Improvement,0
399,1.3673469387755102,49,2,CAMEL-17341,CAMEL,pre_ai,Improvement,0
373,1.6176470588235294,34,2,CAMEL-17344,CAMEL,pre_ai,Bug,1
399,1.3673469387755102,49,2,CAMEL-17342,CAMEL,pre_ai,Improvement,0
411,1.6666666666666667,48,2,CAMEL-13180,CAMEL,pre_ai,New Feature,0
33,1.5,2,1,CAMEL-17351,CAMEL,pre_ai,Improvement,0
302,2.6956521739130435,23,3,CAMEL-17337,CAMEL,pre_ai,Bug,1
412,2.4516129032258065,31,1,CAMEL-17361,CAMEL,pre_ai,Improvement,0
4597,2.716417910447761,402,3,CAMEL-17359,CAMEL,pre_ai,Improvement,0
1408,2.9037433155080214,187,6,CAMEL-17352,CAMEL,pre_ai,New Feature,0
976,1.1379310344827587,174,1,CAMEL-17251,CAMEL,pre_ai,Improvement,0
512,1.0,105,2,CAMEL-17194,CAMEL,pre_ai,Task,0
215,1.0212765957446808,47,1,CAMEL-17376,CAMEL,pre_ai,Dependency upgrade,0
437,1.4423076923076923,52,2,CAMEL-17371,CAMEL,pre_ai,Improvement,0
389,3.88,25,1,CAMEL-17229,CAMEL,pre_ai,Sub-task,0
1893,1.002754820936639,363,6,CAMEL-17380,CAMEL,pre_ai,Improvement,0
8333,1.5877796901893289,1162,6,CAMEL-17383,CAMEL,pre_ai,New Feature,0
1757,1.8735632183908046,174,5,CAMEL-17340,CAMEL,pre_ai,New Feature,0
853,6.109375,64,5,CAMEL-17392,CAMEL,pre_ai,Improvement,0
86,5.2,5,1,CAMEL-17389,CAMEL,pre_ai,Improvement,0
4072,2.510204081632653,392,1,CAMEL-17390,CAMEL,pre_ai,Bug,1
4165,5.265822784810126,316,4,CAMEL-17405,CAMEL,pre_ai,New Feature,0
27,1.3333333333333333,3,1,CAMEL-17406,CAMEL,pre_ai,Improvement,0
1629,1.1808510638297873,282,3,CAMEL-17413,CAMEL,pre_ai,Bug,1
487,4.08,25,3,CAMEL-17411,CAMEL,pre_ai,Improvement,0
5363,1.3588621444201312,914,11,CAMEL-17400,CAMEL,pre_ai,New Feature,0
2240,10.217948717948717,78,1,CAMEL-17412,CAMEL,pre_ai,Improvement,0
322,2.2666666666666666,30,3,CAMEL-17338,CAMEL,pre_ai,New Feature,0
660,3.871794871794872,39,1,CAMEL-17430,CAMEL,pre_ai,Bug,1
2973,1.728494623655914,372,3,CAMEL-17420,CAMEL,pre_ai,New Feature,0
160,1.8,15,2,CAMEL-17373,CAMEL,pre_ai,Bug,1
319,3.35,20,2,CAMEL-17428,CAMEL,pre_ai,Improvement,0
394,2.3076923076923075,39,1,CAMEL-17425,CAMEL,pre_ai,Bug,1
1067,5.6976744186046515,43,1,CAMEL-17436,CAMEL,pre_ai,Bug,1
202,8.2,5,1,CAMEL-17415,CAMEL,pre_ai,Improvement,0
72,7.0,3,1,CAMEL-17433,CAMEL,pre_ai,Task,0
284,1.3214285714285714,28,7,CAMEL-17345,CAMEL,pre_ai,New Feature,0
184,2.0555555555555554,18,1,CAMEL-17441,CAMEL,pre_ai,Bug,1
221,1.1372549019607843,51,1,CAMEL-17455,CAMEL,pre_ai,Improvement,0
119,4.142857142857143,7,1,CAMEL-17451,CAMEL,pre_ai,Improvement,0
21,1.0,3,1,CAMEL-17427,CAMEL,pre_ai,Improvement,0
83,1.5454545454545454,11,1,CAMEL-17367,CAMEL,pre_ai,Bug,1
250,2.526315789473684,19,1,CAMEL-17118,CAMEL,pre_ai,Bug,1
2906,1.646900269541779,371,12,CAMEL-17296,CAMEL,pre_ai,Bug,1
276,1.631578947368421,38,2,CAMEL-17458,CAMEL,pre_ai,Improvement,0
1637,2.70873786407767,103,13,CAMEL-15724,CAMEL,pre_ai,Task,0
2807,1.0,588,2,CAMEL-17461,CAMEL,pre_ai,Dependency upgrade,0
1466,1.182456140350877,285,2,CAMEL-17467,CAMEL,pre_ai,Improvement,0
2004,1.3176895306859207,277,23,CAMEL-17459,CAMEL,pre_ai,Task,0
267,3.5,16,1,CAMEL-16796,CAMEL,pre_ai,Bug,1
309,1.4067796610169492,59,1,CAMEL-16804,CAMEL,pre_ai,Bug,1
34,1.0,6,1,CAMEL-15663,CAMEL,pre_ai,Improvement,0
964,1.0721649484536082,194,1,CAMEL-16807,CAMEL,pre_ai,Bug,1
1971,2.6,245,5,CAMEL-16237,CAMEL,pre_ai,Improvement,0
1992,2.242914979757085,247,13,CAMEL-16738,CAMEL,pre_ai,New Feature,0
43,1.0,8,1,CAMEL-16818,CAMEL,pre_ai,Bug,1
244,1.7241379310344827,29,2,CAMEL-16802,CAMEL,pre_ai,Bug,1
1083,1.809090909090909,110,3,CAMEL-16820,CAMEL,pre_ai,Bug,1
284,2.6956521739130435,23,1,CAMEL-16824,CAMEL,pre_ai,Improvement,0
1876,3.3013698630136985,219,13,CAMEL-16790,CAMEL,pre_ai,Improvement,0
1409,1.4423076923076923,208,4,CAMEL-16811,CAMEL,pre_ai,Bug,1
57,2.4,5,1,CAMEL-16815,CAMEL,pre_ai,Bug,1
174,2.5,18,1,CAMEL-16821,CAMEL,pre_ai,Bug,1
1157,4.619047619047619,63,2,CAMEL-16819,CAMEL,pre_ai,New Feature,0
157,5.166666666666667,6,2,CAMEL-16823,CAMEL,pre_ai,Improvement,0
108,2.857142857142857,7,1,CAMEL-16841,CAMEL,pre_ai,Bug,1
300,3.0625,16,2,CAMEL-16830,CAMEL,pre_ai,Improvement,0
37,1.0,7,1,CAMEL-16786,CAMEL,pre_ai,Task,0
302,3.375,48,2,CAMEL-16840,CAMEL,pre_ai,Task,0
264,3.85,20,1,CAMEL-16788,CAMEL,pre_ai,Bug,1
552,4.884615384615385,26,1,CAMEL-16832,CAMEL,pre_ai,Bug,1
770,1.9130434782608696,46,2,CAMEL-16842,CAMEL,pre_ai,Task,0
2594,2.304461942257218,381,12,CAMEL-16588,CAMEL,pre_ai,New Feature,0
2133,2.8692307692307693,130,17,CAMEL-16846,CAMEL,pre_ai,Bug,1
1002,2.4558823529411766,68,10,CAMEL-16843,CAMEL,pre_ai,Bug,1
31,3.0,2,1,CAMEL-16850,CAMEL,pre_ai,Bug,1
2232,4.09375,224,5,CAMEL-16851,CAMEL,pre_ai,Improvement,0
58,21.0,1,1,CAMEL-16864,CAMEL,pre_ai,Improvement,0
202,1.7142857142857142,21,2,CAMEL-16858,CAMEL,pre_ai,Improvement,0
538,3.163265306122449,49,1,CAMEL-16865,CAMEL,pre_ai,Bug,1
499,2.234375,64,5,CAMEL-16122,CAMEL,pre_ai,Improvement,0
462,2.2241379310344827,58,5,CAMEL-15864,CAMEL,pre_ai,Improvement,0
224,2.8333333333333335,18,2,CAMEL-16869,CAMEL,pre_ai,Task,0
169,3.0,13,1,CAMEL-16874,CAMEL,pre_ai,Bug,1
753,2.707692307692308,65,2,CAMEL-16878,CAMEL,pre_ai,Bug,1
903,2.435483870967742,62,8,CAMEL-16847,CAMEL,pre_ai,Task,0
854,5.764705882352941,34,1,CAMEL-16881,CAMEL,pre_ai,Task,0
4108,2.0121739130434784,575,6,CAMEL-16889,CAMEL,pre_ai,Improvement,0
116,1.6666666666666667,12,2,CAMEL-16882,CAMEL,pre_ai,Improvement,0
40,1.4,5,2,CAMEL-16891,CAMEL,pre_ai,Improvement,0
3899,2.8140161725067387,371,16,CAMEL-16852,CAMEL,pre_ai,Improvement,0
593,3.076923076923077,39,3,CAMEL-16880,CAMEL,pre_ai,Dependency upgrade,0
1207,2.3507462686567164,134,9,CAMEL-16883,CAMEL,pre_ai,Improvement,0
469,2.2,45,1,CAMEL-16898,CAMEL,pre_ai,Improvement,0
312,1.525,40,1,CAMEL-16863,CAMEL,pre_ai,Bug,1
76,1.7142857142857142,7,1,CAMEL-16893,CAMEL,pre_ai,Bug,1
2175,1.5926680244399185,491,9,CAMEL-16897,CAMEL,pre_ai,Improvement,0
659,17.545454545454547,11,1,CAMEL-16904,CAMEL,pre_ai,Bug,1
184,4.125,8,1,CAMEL-16907,CAMEL,pre_ai,Improvement,0
152,2.210526315789474,19,1,CAMEL-16915,CAMEL,pre_ai,Improvement,0
140,2.4375,16,1,CAMEL-16895,CAMEL,pre_ai,Bug,1
347,2.9523809523809526,21,3,CAMEL-16908,CAMEL,pre_ai,Improvement,0
942,1.1428571428571428,168,1,CAMEL-16917,CAMEL,pre_ai,Bug,1
553,4.884615384615385,26,1,CAMEL-16857,CAMEL,pre_ai,Bug,1
560,3.823529411764706,51,1,CAMEL-16922,CAMEL,pre_ai,Bug,1
513,6.722222222222222,18,2,CAMEL-16923,CAMEL,pre_ai,Bug,1
397,1.3478260869565217,69,2,CAMEL-16918,CAMEL,pre_ai,Bug,1
333,4.25,12,1,CAMEL-17471,CAMEL,pre_ai,Bug,1
328,7.8,10,1,CAMEL-17388,CAMEL,pre_ai,Task,0
1819,1.0280112044817926,357,4,CAMEL-17463,CAMEL,pre_ai,Task,0
98,2.8,5,1,CAMEL-17473,CAMEL,pre_ai,Bug,1
258,1.1206896551724137,58,2,CAMEL-17437,CAMEL,pre_ai,Bug,1
3464,4.94,300,4,CAMEL-17468,CAMEL,pre_ai,Improvement,0
29,4.0,2,1,CAMEL-17454,CAMEL,pre_ai,Bug,1
516,5.5,18,1,CAMEL-17358,CAMEL,pre_ai,Bug,1
1156,2.142857142857143,105,8,CAMEL-17306,CAMEL,pre_ai,Improvement,0
551,2.4594594594594597,37,3,CAMEL-17477,CAMEL,pre_ai,Bug,1
1973,4.266666666666667,105,5,CAMEL-17483,CAMEL,pre_ai,Task,0
1386,12.67741935483871,31,1,CAMEL-17457,CAMEL,pre_ai,Bug,1
744,2.232142857142857,56,5,CAMEL-17472,CAMEL,pre_ai,Bug,1
62,17.0,2,2,CAMEL-17481,CAMEL,pre_ai,Improvement,0
4668,1.396694214876033,847,8,CAMEL-17490,CAMEL,pre_ai,Dependency upgrade,0
9291,2.18566493955095,1158,8,CAMEL-17492,CAMEL,pre_ai,Bug,1
502,5.137931034482759,29,2,CAMEL-17501,CAMEL,pre_ai,Bug,1
292,4.857142857142857,14,1,CAMEL-17470,CAMEL,pre_ai,Improvement,0
446,1.7536231884057971,69,1,CAMEL-17057,CAMEL,pre_ai,Improvement,0
212,1.1724137931034482,29,8,CAMEL-17496,CAMEL,pre_ai,Improvement,0
417,2.0833333333333335,60,4,CAMEL-17508,CAMEL,pre_ai,Improvement,0
450,2.575,40,2,CAMEL-17509,CAMEL,pre_ai,Improvement,0
380,2.4324324324324325,37,1,CAMEL-17493,CAMEL,pre_ai,Bug,1
843,3.731707317073171,41,1,CAMEL-17506,CAMEL,pre_ai,Bug,1
259,8.2,5,1,CAMEL-17510,CAMEL,pre_ai,New Feature,0
2266,3.8359375,128,6,CAMEL-17504,CAMEL,pre_ai,Bug,1
437,3.966666666666667,30,1,CAMEL-17452,CAMEL,pre_ai,Bug,1
955,11.272727272727273,11,1,CAMEL-17499,CAMEL,pre_ai,Improvement,0
233,1.78125,32,1,CAMEL-17519,CAMEL,pre_ai,Improvement,0
168,1.5909090909090908,22,1,CAMEL-17503,CAMEL,pre_ai,Bug,1
617,1.1583333333333334,120,4,CAMEL-17391,CAMEL,pre_ai,Task,0
94,2.0,1,1,CAMEL-17527,CAMEL,pre_ai,Improvement,0
1722,4.429906542056075,107,2,CAMEL-17520,CAMEL,pre_ai,Bug,1
104,2.6666666666666665,9,2,CAMEL-17521,CAMEL,pre_ai,Bug,1
104,2.6666666666666665,9,2,CAMEL-17531,CAMEL,pre_ai,Improvement,0
101,1.0,11,2,CAMEL-17525,CAMEL,pre_ai,Improvement,0
1377,12.580645161290322,31,1,CAMEL-17491,CAMEL,pre_ai,Bug,1
435,2.0,50,1,CAMEL-17446,CAMEL,pre_ai,Bug,1
561,1.4375,80,4,CAMEL-17524,CAMEL,pre_ai,Bug,1
290,1.935483870967742,31,1,CAMEL-17536,CAMEL,pre_ai,Bug,1
621,1.356164383561644,73,10,CAMEL-17532,CAMEL,pre_ai,Dependency upgrade,0
3791,4.72972972972973,333,6,CAMEL-17307,CAMEL,pre_ai,Improvement,0
85,1.0,17,1,CAMEL-17354,CAMEL,pre_ai,Task,0
371,2.4166666666666665,36,1,CAMEL-17489,CAMEL,pre_ai,Bug,1
1502,50.07692307692308,13,2,CAMEL-17541,CAMEL,pre_ai,Task,0
828,5.84375,32,1,CAMEL-17398,CAMEL,pre_ai,Task,0
971,10.5,12,1,CAMEL-17281,CAMEL,pre_ai,Improvement,0
334,8.3,10,1,CAMEL-17289,CAMEL,pre_ai,New Feature,0
5628,2.8657534246575342,730,14,CAMEL-17540,CAMEL,pre_ai,Improvement,0
14,1.0,2,2,CAMEL-17547,CAMEL,pre_ai,Dependency upgrade,0
166,2.25,12,3,CAMEL-17549,CAMEL,pre_ai,Improvement,0
705,1.8194444444444444,72,4,CAMEL-4271,CAMEL,pre_ai,Improvement,0
2464,1.8778054862842892,401,7,CAMEL-17321,CAMEL,pre_ai,New Feature,0
16438,2.6526435474701535,1759,54,CAMEL-17384,CAMEL,pre_ai,New Feature,0
558,1.4428571428571428,70,9,CAMEL-17561,CAMEL,pre_ai,Task,0
296,1.5263157894736843,38,1,CAMEL-17566,CAMEL,pre_ai,Task,0
571,7.636363636363637,22,1,CAMEL-17565,CAMEL,pre_ai,Bug,1
1678,1.7831858407079646,226,3,CAMEL-17568,CAMEL,pre_ai,Improvement,0
1076,2.104761904761905,105,13,CAMEL-17500,CAMEL,pre_ai,Improvement,0
356,3.1515151515151514,33,3,CAMEL-17581,CAMEL,pre_ai,Improvement,0
311,2.32,25,3,CAMEL-17578,CAMEL,pre_ai,Improvement,0
516,1.9206349206349207,63,2,CAMEL-17577,CAMEL,pre_ai,Bug,1
600,139.25,4,2,CAMEL-17585,CAMEL,pre_ai,Improvement,0
223,1.5833333333333333,24,3,CAMEL-17543,CAMEL,pre_ai,Improvement,0
28,1.0,1,1,CAMEL-17580,CAMEL,pre_ai,Improvement,0
3552,4.893203883495145,309,5,CAMEL-17576,CAMEL,pre_ai,Improvement,0
142,1.7857142857142858,14,2,CAMEL-17551,CAMEL,pre_ai,Improvement,0
663,4.923076923076923,26,1,CAMEL-17570,CAMEL,pre_ai,Bug,1
1436,1.176,250,1,CAMEL-17594,CAMEL,pre_ai,Bug,1
323,3.5,20,1,CAMEL-17599,CAMEL,pre_ai,Bug,1
190,7.636363636363637,11,1,CAMEL-17591,CAMEL,pre_ai,Bug,1
234,1.2195121951219512,41,2,CAMEL-17563,CAMEL,pre_ai,Improvement,0
433,1.6229508196721312,61,1,CAMEL-17606,CAMEL,pre_ai,Improvement,0
1385,2.108843537414966,147,6,CAMEL-17592,CAMEL,pre_ai,Bug,1
227,2.0434782608695654,23,1,CAMEL-17587,CAMEL,pre_ai,Improvement,0
464,1.5636363636363637,55,1,CAMEL-17616,CAMEL,pre_ai,Improvement,0
150,1.7058823529411764,17,1,CAMEL-17626,CAMEL,pre_ai,New Feature,0
14,1.0,2,2,CAMEL-17617,CAMEL,pre_ai,Improvement,0
1630,3.574074074074074,108,6,CAMEL-17627,CAMEL,pre_ai,New Feature,0
1275,4.319444444444445,72,4,CAMEL-17629,CAMEL,pre_ai,Improvement,0
65,2.0,2,1,CAMEL-17631,CAMEL,pre_ai,Task,0
576,1.8448275862068966,58,3,CAMEL-17630,CAMEL,pre_ai,Dependency upgrade,0
53,1.4285714285714286,7,1,CAMEL-17618,CAMEL,pre_ai,Bug,1
13332,2.9223712067748764,1417,29,CAMEL-17611,CAMEL,pre_ai,Improvement,0
1667,5.267441860465116,86,7,CAMEL-17636,CAMEL,pre_ai,New Feature,0
97,3.2,5,1,CAMEL-17642,CAMEL,pre_ai,New Feature,0
127,2.75,8,2,CAMEL-17292,CAMEL,pre_ai,Improvement,0
1147,3.021978021978022,91,10,CAMEL-17640,CAMEL,pre_ai,Improvement,0
588,2.1176470588235294,68,2,CAMEL-17647,CAMEL,pre_ai,New Feature,0
1795,4.697368421052632,76,8,CAMEL-17607,CAMEL,pre_ai,Task,0
104,1.4545454545454546,11,2,CAMEL-17646,CAMEL,pre_ai,Improvement,0
227,2.4375,16,2,CAMEL-17650,CAMEL,pre_ai,Improvement,0
178,3.8181818181818183,11,1,CAMEL-17651,CAMEL,pre_ai,Bug,1
2300,3.56,300,3,CAMEL-17645,CAMEL,pre_ai,Improvement,0
82,1.25,12,1,CAMEL-17655,CAMEL,pre_ai,Bug,1
1164,4.666666666666667,63,1,CAMEL-17660,CAMEL,pre_ai,Improvement,0
6205,2.833009708737864,515,5,CAMEL-17656,CAMEL,pre_ai,Improvement,0
151,2.2666666666666666,15,1,CAMEL-17662,CAMEL,pre_ai,Improvement,0
609,3.9714285714285715,35,4,CAMEL-17637,CAMEL,pre_ai,New Feature,0
1391,6.55,60,1,CAMEL-17658,CAMEL,pre_ai,Bug,1
972,10.5,12,1,CAMEL-17308,CAMEL,pre_ai,Improvement,0
314,1.0,52,1,CAMEL-17683,CAMEL,pre_ai,Improvement,0
569,3.3548387096774195,62,4,CAMEL-17681,CAMEL,pre_ai,Improvement,0
1012,4.956521739130435,46,3,CAMEL-17665,CAMEL,pre_ai,Task,0
1129,5.521739130434782,46,1,CAMEL-17672,CAMEL,pre_ai,Improvement,0
27,1.0,1,1,CAMEL-17682,CAMEL,pre_ai,Improvement,0
1247,1.0052631578947369,380,3,CAMEL-17698,CAMEL,pre_ai,Task,0
96,4.0,4,1,CAMEL-17694,CAMEL,pre_ai,Improvement,0
143,3.857142857142857,7,1,CAMEL-17695,CAMEL,pre_ai,Improvement,0
2409,1.9145077720207253,386,7,CAMEL-17685,CAMEL,pre_ai,New Feature,0
233,3.6666666666666665,12,1,CAMEL-17824,CAMEL,pre_ai,Improvement,0
766,3.3793103448275863,58,6,CAMEL-17826,CAMEL,pre_ai,New Feature,0
829,3.75,48,5,CAMEL-17815,CAMEL,pre_ai,Improvement,0
218,12.0,4,1,CAMEL-16873,CAMEL,pre_ai,Improvement,0
89,10.0,3,1,CAMEL-17816,CAMEL,pre_ai,Improvement,0
1019,1.1170731707317074,205,1,CAMEL-17615,CAMEL,pre_ai,Improvement,0
203,6.833333333333333,6,1,CAMEL-17818,CAMEL,pre_ai,New Feature,0
152,2.6,10,1,CAMEL-17849,CAMEL,pre_ai,Improvement,0
538,4.6923076923076925,26,3,CAMEL-17820,CAMEL,pre_ai,New Feature,0
423,2.75,32,1,CAMEL-17850,CAMEL,pre_ai,Bug,1
153,1.4545454545454546,22,1,CAMEL-17857,CAMEL,pre_ai,Bug,1
1326,7.061224489795919,98,2,CAMEL-17705,CAMEL,pre_ai,Improvement,0
90,2.3333333333333335,6,2,CAMEL-17839,CAMEL,pre_ai,Improvement,0
241,3.9166666666666665,12,1,CAMEL-17865,CAMEL,pre_ai,Bug,1
4446,2.4485981308411215,428,3,CAMEL-17867,CAMEL,pre_ai,Bug,1
577,2.688888888888889,45,5,CAMEL-17784,CAMEL,pre_ai,Improvement,0
373,1.011764705882353,85,1,CAMEL-17868,CAMEL,pre_ai,Improvement,0
176,4.375,8,1,CAMEL-17871,CAMEL,pre_ai,Improvement,0
227,4.777777777777778,9,1,CAMEL-17866,CAMEL,pre_ai,Bug,1
753,2.9135802469135803,81,1,CAMEL-17712,CAMEL,pre_ai,Bug,1
354,3.12,25,3,CAMEL-17863,CAMEL,pre_ai,Improvement,0
574,6.045454545454546,22,1,CAMEL-17806,CAMEL,pre_ai,Improvement,0
1496,8.612244897959183,49,1,CAMEL-17896,CAMEL,pre_ai,Improvement,0
1252,5.914893617021277,47,1,CAMEL-17890,CAMEL,pre_ai,Test,0
122,2.1333333333333333,15,1,CAMEL-17892,CAMEL,pre_ai,New Feature,0
1239,7.875,24,4,CAMEL-17893,CAMEL,pre_ai,Improvement,0
531,16.0,7,1,CAMEL-17686,CAMEL,pre_ai,Sub-task,0
810,1.8105263157894738,95,12,CAMEL-17885,CAMEL,pre_ai,Improvement,0
4611,2.5630434782608695,460,10,CAMEL-17879,CAMEL,pre_ai,Task,0
1514,8.52,50,1,CAMEL-17898,CAMEL,pre_ai,Improvement,0
927,6.714285714285714,42,1,CAMEL-17916,CAMEL,pre_ai,Improvement,0
1017,2.142857142857143,77,1,CAMEL-17922,CAMEL,pre_ai,Bug,1
1611,8.18867924528302,53,3,CAMEL-17918,CAMEL,pre_ai,Improvement,0
113,2.3333333333333335,9,1,CAMEL-17792,CAMEL,pre_ai,New Feature,0
741,2.272727272727273,77,9,CAMEL-17897,CAMEL,pre_ai,New Feature,0
1534,8.411764705882353,51,1,CAMEL-17924,CAMEL,pre_ai,Improvement,0
54,3.6666666666666665,3,1,CAMEL-17910,CAMEL,pre_ai,Bug,1
1019,1.1170731707317074,205,1,CAMEL-17937,CAMEL,pre_ai,Task,0
229,1.3658536585365855,41,1,CAMEL-17934,CAMEL,pre_ai,Improvement,0
2347,4.237037037037037,135,5,CAMEL-17923,CAMEL,pre_ai,Improvement,0
241,1.8888888888888888,18,3,CAMEL-17935,CAMEL,pre_ai,Improvement,0
902,14.11111111111111,9,1,CAMEL-17943,CAMEL,pre_ai,Improvement,0
1716,6.278688524590164,61,3,CAMEL-17927,CAMEL,pre_ai,Bug,1
231,2.12,25,1,CAMEL-17940,CAMEL,pre_ai,Bug,1
159,1.0,42,1,CAMEL-17944,CAMEL,pre_ai,Improvement,0
826,1.35,120,2,CAMEL-17912,CAMEL,pre_ai,Bug,1
51,1.2222222222222223,9,1,CAMEL-17962,CAMEL,pre_ai,Task,0
1348,5.131147540983607,61,2,CAMEL-16757,CAMEL,pre_ai,New Feature,0
37,4.0,1,1,CAMEL-17967,CAMEL,pre_ai,New Feature,0
59,2.3333333333333335,3,1,CAMEL-17921,CAMEL,pre_ai,Improvement,0
248,1.5277777777777777,36,1,CAMEL-17969,CAMEL,pre_ai,New Feature,0
904,3.4,65,2,CAMEL-17968,CAMEL,pre_ai,Improvement,0
592,7.5,20,1,CAMEL-18084,CAMEL,pre_ai,Bug,1
170,1.6470588235294117,17,2,CAMEL-18072,CAMEL,pre_ai,New Feature,0
277,3.923076923076923,13,1,CAMEL-18064,CAMEL,pre_ai,Bug,1
290,3.4375,16,1,CAMEL-18091,CAMEL,pre_ai,Bug,1
417,2.4,35,1,CAMEL-15016,CAMEL,pre_ai,New Feature,0
1281,3.617283950617284,81,6,CAMEL-18086,CAMEL,pre_ai,Improvement,0
126,1.3333333333333333,18,6,CAMEL-17512,CAMEL,pre_ai,Improvement,0
2083,2.6875,176,6,CAMEL-18085,CAMEL,pre_ai,Improvement,0
211,1.25,28,2,CAMEL-18098,CAMEL,pre_ai,Improvement,0
278,2.75,20,1,CAMEL-18088,CAMEL,pre_ai,Bug,1
591,11.076923076923077,13,3,CAMEL-17644,CAMEL,pre_ai,Improvement,0
56,1.7142857142857142,7,1,CAMEL-17902,CAMEL,pre_ai,Improvement,0
211,2.533333333333333,15,3,CAMEL-18056,CAMEL,pre_ai,Improvement,0
2495,6.632286995515695,223,4,CAMEL-17913,CAMEL,pre_ai,Improvement,0
2414,2.559090909090909,220,6,CAMEL-18087,CAMEL,pre_ai,Improvement,0
272,5.2,10,1,CAMEL-18101,CAMEL,pre_ai,Bug,1
14,1.0,2,2,CAMEL-18107,CAMEL,pre_ai,Dependency upgrade,0
612,6.130434782608695,23,1,CAMEL-18109,CAMEL,pre_ai,Improvement,0
1699,1.9804878048780488,205,6,CAMEL-18106,CAMEL,pre_ai,Improvement,0
51,4.333333333333333,3,1,CAMEL-18115,CAMEL,pre_ai,Improvement,0
466,3.4444444444444446,27,2,CAMEL-18110,CAMEL,pre_ai,Bug,1
1699,4.390804597701149,87,2,CAMEL-18113,CAMEL,pre_ai,Improvement,0
2126,1.4882154882154883,297,7,CAMEL-17723,CAMEL,pre_ai,Bug,1
1019,6.269662921348314,89,7,CAMEL-18099,CAMEL,pre_ai,New Feature,0
44,3.0,1,1,CAMEL-18118,CAMEL,pre_ai,New Feature,0
5649,1.5102599179206566,731,67,CAMEL-17762,CAMEL,pre_ai,New Feature,0
275,2.65,20,1,CAMEL-18123,CAMEL,pre_ai,Bug,1
466,2.3777777777777778,45,1,CAMEL-18129,CAMEL,pre_ai,Bug,1
14,1.0,2,1,CAMEL-18135,CAMEL,pre_ai,Task,0
632,7.318181818181818,22,1,CAMEL-18139,CAMEL,pre_ai,Bug,1
2526,2.490566037735849,265,2,CAMEL-18070,CAMEL,pre_ai,Improvement,0
849,6.142857142857143,35,2,CAMEL-18092,CAMEL,pre_ai,Improvement,0
2979,1.236206896551724,580,3,CAMEL-18146,CAMEL,pre_ai,Bug,1
349,5.153846153846154,13,2,CAMEL-18153,CAMEL,pre_ai,Dependency upgrade,0
327,3.380952380952381,21,1,CAMEL-18157,CAMEL,pre_ai,Bug,1
324,2.5,22,1,CAMEL-17100,CAMEL,pre_ai,Improvement,0
680,6.222222222222222,27,2,CAMEL-17949,CAMEL,pre_ai,Bug,1
505,1.5671641791044777,67,6,CAMEL-18159,CAMEL,pre_ai,Bug,1
159,6.166666666666667,6,1,CAMEL-18166,CAMEL,pre_ai,New Feature,0
479,2.2127659574468086,47,5,CAMEL-18165,CAMEL,pre_ai,Improvement,0
125,2.25,12,1,CAMEL-18042,CAMEL,pre_ai,Bug,1
756,3.9565217391304346,69,2,CAMEL-14631,CAMEL,pre_ai,Improvement,0
732,81.14285714285714,7,2,CAMEL-14847,CAMEL,pre_ai,New Feature,0
1398,1.22265625,256,2,CAMEL-18172,CAMEL,pre_ai,Improvement,0
648,5.555555555555555,18,2,CAMEL-18167,CAMEL,pre_ai,Improvement,0
746,2.0,112,6,CAMEL-17941,CAMEL,pre_ai,Improvement,0
31,1.6666666666666667,3,1,CAMEL-17424,CAMEL,pre_ai,Bug,1
108,1.3636363636363635,11,4,CAMEL-18044,CAMEL,pre_ai,Improvement,0
43,1.0,7,1,CAMEL-18127,CAMEL,pre_ai,Task,0
3637,4.710191082802548,314,5,CAMEL-18174,CAMEL,pre_ai,Task,0
248,3.7142857142857144,14,2,CAMEL-18175,CAMEL,pre_ai,Improvement,0
86,6.666666666666667,3,1,CAMEL-18188,CAMEL,pre_ai,Improvement,0
1016,1.7327586206896552,116,17,CAMEL-18161,CAMEL,pre_ai,Task,0
805,2.3026315789473686,76,6,CAMEL-18126,CAMEL,pre_ai,Task,0
47,4.0,2,1,CAMEL-18193,CAMEL,pre_ai,Improvement,0
160,1.24,25,1,CAMEL-18195,CAMEL,pre_ai,New Feature,0
108,1.5555555555555556,9,3,CAMEL-18194,CAMEL,pre_ai,Improvement,0
774,4.081081081081081,37,3,CAMEL-18200,CAMEL,pre_ai,Improvement,0
63,4.333333333333333,3,1,CAMEL-18151,CAMEL,pre_ai,New Feature,0
578,1.75,64,2,CAMEL-18206,CAMEL,pre_ai,Improvement,0
425,3.4761904761904763,21,3,CAMEL-18207,CAMEL,pre_ai,Improvement,0
220,1.1428571428571428,42,1,CAMEL-18202,CAMEL,pre_ai,Bug,1
33,2.0,2,1,CAMEL-18190,CAMEL,pre_ai,Improvement,0
547,2.8857142857142857,35,1,CAMEL-18027,CAMEL,pre_ai,Bug,1
112,2.1,10,2,CAMEL-18212,CAMEL,pre_ai,Improvement,0
932,6.785714285714286,42,1,CAMEL-18211,CAMEL,pre_ai,Improvement,0
891,3.95,40,2,CAMEL-18141,CAMEL,pre_ai,Improvement,0
454,3.5833333333333335,24,4,CAMEL-18204,CAMEL,pre_ai,Improvement,0
214,2.823529411764706,17,1,CAMEL-18214,CAMEL,pre_ai,Improvement,0
288,2.1153846153846154,26,2,CAMEL-17911,CAMEL,pre_ai,Bug,1
309,6.083333333333333,12,1,CAMEL-18220,CAMEL,pre_ai,Dependency upgrade,0
509,1.14,100,4,CAMEL-16834,CAMEL,pre_ai,New Feature,0
1157,2.4607843137254903,102,5,CAMEL-18221,CAMEL,pre_ai,Improvement,0
975,2.0636363636363635,110,4,CAMEL-18224,CAMEL,pre_ai,Improvement,0
415,1.2741935483870968,62,2,CAMEL-18226,CAMEL,pre_ai,Improvement,0
519,1.9076923076923078,65,1,CAMEL-18217,CAMEL,pre_ai,Improvement,0
1423,4.293577981651376,109,2,CAMEL-18228,CAMEL,pre_ai,Improvement,0
767,4.4375,32,2,CAMEL-18223,CAMEL,pre_ai,New Feature,0
74,3.75,4,1,CAMEL-18229,CAMEL,pre_ai,Improvement,0
55,1.8333333333333333,6,1,CAMEL-18233,CAMEL,pre_ai,Improvement,0
241,3.8333333333333335,12,1,CAMEL-18231,CAMEL,pre_ai,Dependency upgrade,0
1201,1.9870967741935484,155,7,CAMEL-18232,CAMEL,pre_ai,Bug,1
103,2.125,8,1,CAMEL-17925,CAMEL,pre_ai,Bug,1
301,1.878787878787879,33,1,CAMEL-18150,CAMEL,pre_ai,Improvement,0
1014,1.5423728813559323,118,18,CAMEL-18222,CAMEL,pre_ai,Improvement,0
72,1.5714285714285714,7,1,CAMEL-18125,CAMEL,pre_ai,New Feature,0
196,3.5384615384615383,13,1,CAMEL-18171,CAMEL,pre_ai,New Feature,0
205,1.6666666666666667,33,1,CAMEL-18237,CAMEL,pre_ai,Improvement,0
254,1.96,25,2,CAMEL-17848,CAMEL,pre_ai,Improvement,0
469,4.52,25,1,CAMEL-18248,CAMEL,pre_ai,Improvement,0
365,2.96,25,3,CAMEL-9627,CAMEL,pre_ai,Improvement,0
298,2.625,24,3,CAMEL-18251,CAMEL,pre_ai,Improvement,0
266,2.526315789473684,19,1,CAMEL-18250,CAMEL,pre_ai,Bug,1
45,1.5,4,1,CAMEL-18252,CAMEL,pre_ai,Bug,1
318,1.4722222222222223,36,1,CAMEL-18253,CAMEL,pre_ai,Bug,1
538,1.8805970149253732,67,1,CAMEL-18260,CAMEL,pre_ai,Improvement,0
145,1.8333333333333333,18,1,CAMEL-18266,CAMEL,pre_ai,Bug,1
320,18.0,12,4,CAMEL-17688,CAMEL,pre_ai,Sub-task,0
4541,3.49601593625498,502,33,CAMEL-18170,CAMEL,pre_ai,Improvement,0
1339,2.0942028985507246,138,3,CAMEL-18255,CAMEL,pre_ai,Bug,1
847,9.0,20,3,CAMEL-18282,CAMEL,pre_ai,Task,0
14,1.0,2,2,CAMEL-18283,CAMEL,pre_ai,Improvement,0
978,2.5595238095238093,84,6,CAMEL-17760,CAMEL,pre_ai,Task,0
556,2.1904761904761907,63,2,CAMEL-18285,CAMEL,pre_ai,Improvement,0
476,2.2444444444444445,45,1,CAMEL-18278,CAMEL,pre_ai,Bug,1
227,2.0,22,1,CAMEL-18291,CAMEL,pre_ai,New Feature,0
272,1.8333333333333333,30,1,CAMEL-18262,CAMEL,pre_ai,Bug,1
1392,2.5793650793650795,126,1,CAMEL-18289,CAMEL,pre_ai,Bug,1
669,6.88,25,1,CAMEL-18306,CAMEL,pre_ai,Improvement,0
292,2.9473684210526314,19,1,CAMEL-18300,CAMEL,pre_ai,Bug,1
55,2.6666666666666665,6,1,CAMEL-18307,CAMEL,pre_ai,Improvement,0
1283,1.78,150,11,CAMEL-18152,CAMEL,pre_ai,Task,0
673,6.96,25,1,CAMEL-18311,CAMEL,pre_ai,Improvement,0
156,1.6842105263157894,19,1,CAMEL-18288,CAMEL,pre_ai,Bug,1
4166,1.184887459807074,622,62,CAMEL-18156,CAMEL,pre_ai,New Feature,0
38,2.5,2,1,CAMEL-18299,CAMEL,pre_ai,Improvement,0
684,1.6790123456790123,81,1,CAMEL-18310,CAMEL,pre_ai,Bug,1
50,1.5714285714285714,7,1,CAMEL-18297,CAMEL,pre_ai,Improvement,0
4075,2.5127551020408165,392,1,CAMEL-18319,CAMEL,pre_ai,Bug,1
254,3.6923076923076925,13,1,CAMEL-18321,CAMEL,pre_ai,Bug,1
416,2.3846153846153846,39,1,CAMEL-18323,CAMEL,pre_ai,Improvement,0
1271,2.4965034965034967,143,5,CAMEL-18318,CAMEL,pre_ai,Improvement,0
964,1.691588785046729,107,2,CAMEL-18324,CAMEL,pre_ai,Bug,1
234,5.571428571428571,7,1,CAMEL-18322,CAMEL,pre_ai,Bug,1
300,1.3414634146341464,41,4,CAMEL-18332,CAMEL,pre_ai,Dependency upgrade,0
1836,4.85,160,5,CAMEL-18093,CAMEL,pre_ai,New Feature,0
69,1.4545454545454546,11,1,CAMEL-18333,CAMEL,pre_ai,Improvement,0
557,3.740740740740741,27,1,CAMEL-18331,CAMEL,pre_ai,Bug,1
969,1.8131868131868132,91,17,CAMEL-18325,CAMEL,pre_ai,Improvement,0
482,4.066666666666666,30,1,CAMEL-18338,CAMEL,pre_ai,Bug,1
842,2.7419354838709675,62,2,CAMEL-17947,CAMEL,pre_ai,Task,0
137,3.8333333333333335,6,3,CAMEL-18337,CAMEL,pre_ai,Improvement,0
84,4.666666666666667,3,1,CAMEL-18343,CAMEL,pre_ai,Improvement,0
61,15.0,2,1,CAMEL-18348,CAMEL,pre_ai,Improvement,0
448,1.7014925373134329,67,1,CAMEL-18345,CAMEL,pre_ai,Improvement,0
295,3.2,20,1,CAMEL-16287,CAMEL,pre_ai,Bug,1
267,1.5714285714285714,35,1,CAMEL-18328,CAMEL,pre_ai,Bug,1
62,2.0,4,1,CAMEL-18317,CAMEL,pre_ai,Improvement,0
1322,4.315068493150685,73,3,CAMEL-18360,CAMEL,pre_ai,Bug,1
999,3.9058823529411764,85,5,CAMEL-18369,CAMEL,pre_ai,New Feature,0
1305,1.7446808510638299,141,10,CAMEL-18358,CAMEL,pre_ai,Improvement,0
202,2.411764705882353,17,1,CAMEL-18368,CAMEL,pre_ai,Improvement,0
726,3.3,50,4,CAMEL-18375,CAMEL,pre_ai,Bug,1
454,1.543859649122807,57,3,CAMEL-18362,CAMEL,pre_ai,Bug,1
63,1.4285714285714286,7,1,CAMEL-18371,CAMEL,pre_ai,Bug,1
50,4.0,3,1,CAMEL-18380,CAMEL,pre_ai,Improvement,0
587,4.088235294117647,34,1,CAMEL-18379,CAMEL,pre_ai,Bug,1
418,2.4,35,1,CAMEL-18386,CAMEL,pre_ai,Improvement,0
1130,1.5213675213675213,117,5,CAMEL-18373,CAMEL,pre_ai,Improvement,0
1050,6.666666666666667,90,5,CAMEL-18376,CAMEL,pre_ai,New Feature,0
1083,2.046875,128,1,CAMEL-18394,CAMEL,pre_ai,Bug,1
124,2.7142857142857144,7,1,CAMEL-18393,CAMEL,pre_ai,Bug,1
197,1.8421052631578947,19,1,CAMEL-18387,CAMEL,pre_ai,Bug,1
95,1.2666666666666666,15,1,CAMEL-18390,CAMEL,pre_ai,Improvement,0
233,5.222222222222222,9,1,CAMEL-18399,CAMEL,pre_ai,Bug,1
1192,2.0408163265306123,147,1,CAMEL-18396,CAMEL,pre_ai,Bug,1
66,3.25,4,1,CAMEL-18389,CAMEL,pre_ai,New Feature,0
1915,2.736,125,6,CAMEL-18377,CAMEL,pre_ai,Bug,1
51,2.3333333333333335,3,1,CAMEL-18408,CAMEL,pre_ai,Improvement,0
247,2.5714285714285716,14,4,CAMEL-18412,CAMEL,pre_ai,New Feature,0
2426,3.6070287539936103,313,3,CAMEL-18415,CAMEL,pre_ai,Improvement,0
925,6.690476190476191,42,1,CAMEL-18411,CAMEL,pre_ai,Bug,1
295,11.333333333333334,6,1,CAMEL-18421,CAMEL,pre_ai,Bug,1
210,2.823529411764706,17,1,CAMEL-18424,CAMEL,pre_ai,Bug,1
698,1.8888888888888888,63,8,CAMEL-18419,CAMEL,pre_ai,Improvement,0
61,2.1666666666666665,6,1,CAMEL-18423,CAMEL,pre_ai,Improvement,0
282,1.8076923076923077,52,1,CAMEL-18428,CAMEL,pre_ai,Task,0
130,2.857142857142857,7,1,CAMEL-18382,CAMEL,pre_ai,Improvement,0
181,2.6666666666666665,12,1,CAMEL-18425,CAMEL,pre_ai,New Feature,0
951,1.831578947368421,95,5,CAMEL-18355,CAMEL,pre_ai,Bug,1
312,1.8823529411764706,34,1,CAMEL-18429,CAMEL,pre_ai,Improvement,0
439,3.966666666666667,30,1,CAMEL-18435,CAMEL,pre_ai,Bug,1
478,4.555555555555555,18,6,CAMEL-18433,CAMEL,pre_ai,Bug,1
891,1.0045871559633028,218,2,CAMEL-18432,CAMEL,pre_ai,Bug,1
433,1.5245901639344261,61,2,CAMEL-18417,CAMEL,pre_ai,Improvement,0
107,3.2,5,1,CAMEL-18439,CAMEL,pre_ai,Bug,1
454,3.857142857142857,21,3,CAMEL-18406,CAMEL,pre_ai,Improvement,0
128,3.8333333333333335,6,1,CAMEL-18442,CAMEL,pre_ai,Bug,1
684,1.2903225806451613,124,4,CAMEL-18444,CAMEL,pre_ai,Bug,1
85,3.0,5,3,CAMEL-18445,CAMEL,pre_ai,Improvement,0
158,1.7894736842105263,19,1,CAMEL-18443,CAMEL,pre_ai,Bug,1
152,3.8333333333333335,6,1,CAMEL-18448,CAMEL,pre_ai,Improvement,0
12130,2.3786906290115533,1558,12,CAMEL-18438,CAMEL,pre_ai,Improvement,0
420,2.8,65,2,CAMEL-17638,CAMEL,pre_ai,Improvement,0
395,1.2542372881355932,59,6,CAMEL-17135,CAMEL,pre_ai,Bug,1
73,1.7,10,1,CAMEL-17708,CAMEL,pre_ai,Improvement,0
431,6.0,17,2,CAMEL-17711,CAMEL,pre_ai,Improvement,0
286,1.0196078431372548,51,2,CAMEL-17706,CAMEL,pre_ai,New Feature,0
520,5.555555555555555,18,1,CAMEL-17713,CAMEL,pre_ai,Improvement,0
7702,4.854575163398692,612,17,CAMEL-17673,CAMEL,pre_ai,Improvement,0
99,1.1875,16,1,CAMEL-17679,CAMEL,pre_ai,Task,0
3212,12.544910179640718,167,10,CAMEL-17704,CAMEL,pre_ai,Bug,1
1445,2.5289256198347108,121,3,CAMEL-17474,CAMEL,pre_ai,Bug,1
815,2.557894736842105,95,4,CAMEL-17728,CAMEL,pre_ai,Task,0
3677,1.4191176470588236,544,9,CAMEL-17726,CAMEL,pre_ai,New Feature,0
132,3.5714285714285716,7,1,CAMEL-17732,CAMEL,pre_ai,Improvement,0
421,2.4324324324324325,37,10,CAMEL-17734,CAMEL,pre_ai,Task,0
1184,2.153409090909091,176,4,CAMEL-17564,CAMEL,pre_ai,Improvement,0
156,2.272727272727273,11,1,CAMEL-17186,CAMEL,pre_ai,Task,0
5895,2.784992784992785,693,6,CAMEL-17720,CAMEL,pre_ai,Improvement,0
65,1.0769230769230769,13,1,CAMEL-17733,CAMEL,pre_ai,Task,0
538,2.5641025641025643,39,1,CAMEL-17741,CAMEL,pre_ai,Task,0
651,2.3392857142857144,56,3,CAMEL-17727,CAMEL,pre_ai,New Feature,0
5062,3.6628352490421454,522,5,CAMEL-17555,CAMEL,pre_ai,New Feature,0
474,1.9830508474576272,59,3,CAMEL-17750,CAMEL,pre_ai,Improvement,0
131,1.9,10,2,CAMEL-17752,CAMEL,pre_ai,Task,0
76,4.333333333333333,3,1,CAMEL-17751,CAMEL,pre_ai,Bug,1
298,1.0,64,2,CAMEL-17743,CAMEL,pre_ai,Task,0
5961,6.560411311053985,389,4,CAMEL-17717,CAMEL,pre_ai,Improvement,0
205,1.6842105263157894,19,2,CAMEL-17756,CAMEL,pre_ai,Dependency upgrade,0
655,2.843137254901961,51,3,CAMEL-17602,CAMEL,pre_ai,Bug,1
514,6.05,20,1,CAMEL-17293,CAMEL,pre_ai,Improvement,0
5740,3.623263888888889,576,8,CAMEL-17754,CAMEL,pre_ai,New Feature,0
1444,6.380165289256198,121,5,CAMEL-17593,CAMEL,pre_ai,Improvement,0
430,1.98,50,1,CAMEL-17764,CAMEL,pre_ai,Bug,1
130,1.4285714285714286,14,2,CAMEL-15562,CAMEL,pre_ai,New Feature,0
93,1.7777777777777777,9,1,CAMEL-17767,CAMEL,pre_ai,Bug,1
182,5.75,4,2,CAMEL-17768,CAMEL,pre_ai,Bug,1
126,6.166666666666667,6,1,CAMEL-17773,CAMEL,pre_ai,Bug,1
347,10.0,8,1,CAMEL-17781,CAMEL,pre_ai,Improvement,0
551,2.789473684210526,38,1,CAMEL-17608,CAMEL,pre_ai,Improvement,0
1457,8.625,48,1,CAMEL-16628,CAMEL,pre_ai,New Feature,0
6243,4.282312925170068,588,6,CAMEL-17755,CAMEL,pre_ai,Improvement,0
444,3.081081081081081,37,2,CAMEL-17571,CAMEL,pre_ai,New Feature,0
130,2.8,10,1,CAMEL-17774,CAMEL,pre_ai,Improvement,0
191,1.3333333333333333,39,1,CAMEL-17789,CAMEL,pre_ai,Improvement,0
69,3.3333333333333335,3,1,CAMEL-17798,CAMEL,pre_ai,Bug,1
130,1.3125,16,2,CAMEL-17809,CAMEL,pre_ai,Improvement,0
271,2.9444444444444446,18,4,CAMEL-17787,CAMEL,pre_ai,Improvement,0
43,1.0,8,1,CAMEL-17811,CAMEL,pre_ai,Improvement,0
479,4.0,30,1,CAMEL-17812,CAMEL,pre_ai,Improvement,0
266,1.6333333333333333,30,3,CAMEL-18148,CAMEL,pre_ai,Task,0
707,2.43859649122807,57,9,CAMEL-18650,CAMEL,pre_ai,Improvement,0
26,2.0,2,1,CAMEL-18657,CAMEL,pre_ai,Bug,1
2960,4.684210526315789,152,21,CAMEL-17793,CAMEL,pre_ai,Improvement,0
65,1.625,8,1,CAMEL-18614,CAMEL,pre_ai,Bug,1
820,6.1923076923076925,26,3,CAMEL-18651,CAMEL,pre_ai,New Feature,0
371,2.1142857142857143,35,2,CAMEL-18669,CAMEL,pre_ai,Improvement,0
205,1.6153846153846154,26,1,CAMEL-18671,CAMEL,pre_ai,Task,0
1192,2.0408163265306123,147,1,CAMEL-18670,CAMEL,pre_ai,Task,0
989,1.4461538461538461,130,10,CAMEL-18675,CAMEL,pre_ai,Improvement,0
1120,1.4217687074829932,147,10,CAMEL-18677,CAMEL,pre_ai,Improvement,0
324,2.5384615384615383,26,2,CAMEL-18680,CAMEL,pre_ai,Test,0
6723,1.0227272727272727,1320,34,CAMEL-17505,CAMEL,pre_ai,Improvement,0
229,3.6666666666666665,12,2,CAMEL-18447,CAMEL,pre_ai,Bug,1
579,3.629032258064516,62,3,CAMEL-18663,CAMEL,pre_ai,Improvement,0
61,4.333333333333333,3,1,CAMEL-18676,CAMEL,pre_ai,Bug,1
943,5.2,35,4,CAMEL-18690,CAMEL,pre_ai,Bug,1
329,5.3,10,1,CAMEL-18205,CAMEL,pre_ai,Improvement,0
90,1.5555555555555556,9,1,CAMEL-18684,CAMEL,pre_ai,Improvement,0
153,2.6923076923076925,13,1,CAMEL-18689,CAMEL,pre_ai,Bug,1
158,4.571428571428571,7,1,CAMEL-18696,CAMEL,pre_ai,Improvement,0
1076,3.235955056179775,89,7,CAMEL-18646,CAMEL,pre_ai,Improvement,0
131,7.0,4,1,CAMEL-18699,CAMEL,pre_ai,Improvement,0
936,4.4375,32,2,CAMEL-18679,CAMEL,pre_ai,Improvement,0
51,2.6666666666666665,3,1,CAMEL-18643,CAMEL,pre_ai,Improvement,0
1347,2.0,125,13,CAMEL-18688,CAMEL,pre_ai,Bug,1
2176,4.285714285714286,91,7,CAMEL-18706,CAMEL,pre_ai,Improvement,0
627,1.9375,64,3,CAMEL-18678,CAMEL,pre_ai,Improvement,0
2133,4.606060606060606,99,6,CAMEL-18710,CAMEL,pre_ai,Improvement,0
1411,6.524590163934426,61,1,CAMEL-18700,CAMEL,pre_ai,Improvement,0
3472,1.1336477987421383,636,30,CAMEL-18697,CAMEL,pre_ai,Improvement,0
1642,11.25,40,2,CAMEL-18711,CAMEL,pre_ai,Bug,1
1334,5.0588235294117645,51,4,CAMEL-18712,CAMEL,pre_ai,Improvement,0
689,6.25,28,1,CAMEL-18716,CAMEL,pre_ai,New Feature,0
1573,7.9818181818181815,55,1,CAMEL-18704,CAMEL,pre_ai,Bug,1
416,5.333333333333333,15,1,CAMEL-18730,CAMEL,pre_ai,Bug,1
1978,1.7744360902255638,133,5,CAMEL-18728,CAMEL,pre_ai,Bug,1
221,8.5,6,1,CAMEL-18727,CAMEL,pre_ai,Improvement,0
1915,4.2988505747126435,87,15,CAMEL-18714,CAMEL,pre_ai,Improvement,0
167,1.3636363636363635,22,3,CAMEL-18732,CAMEL,pre_ai,Improvement,0
1298,1.0075949367088608,395,3,CAMEL-18734,CAMEL,pre_ai,Task,0
435,1.7555555555555555,45,1,CAMEL-18668,CAMEL,pre_ai,Dependency upgrade,0
5487,4.075091575091575,546,7,CAMEL-18735,CAMEL,pre_ai,Improvement,0
535,5.555555555555555,18,1,CAMEL-18722,CAMEL,pre_ai,Bug,1
791,2.3563218390804597,87,1,CAMEL-18628,CAMEL,pre_ai,New Feature,0
709,2.693548387096774,62,9,CAMEL-18655,CAMEL,pre_ai,New Feature,0
33,1.0,4,1,CAMEL-18749,CAMEL,pre_ai,Improvement,0
2195,3.909090909090909,88,4,CAMEL-18707,CAMEL,pre_ai,Dependency upgrade,0
237,1.625,24,4,CAMEL-18717,CAMEL,pre_ai,Bug,1
2567,2.4944237918215615,269,2,CAMEL-18745,CAMEL,pre_ai,New Feature,0
624,6.0,24,1,CAMEL-18753,CAMEL,pre_ai,Bug,1
651,6.25,24,1,CAMEL-18755,CAMEL,pre_ai,Bug,1
1239,1.0105263157894737,380,3,CAMEL-18756,CAMEL,pre_ai,Task,0
47,1.0,6,1,CAMEL-18762,CAMEL,pre_ai,Improvement,0
583,8.533333333333333,15,1,CAMEL-18763,CAMEL,pre_ai,Improvement,0
985,1.9326923076923077,104,3,CAMEL-18764,CAMEL,pre_ai,Bug,1
696,6.321428571428571,28,1,CAMEL-18772,CAMEL,pre_ai,Bug,1
299,3.8,15,1,CAMEL-18774,CAMEL,pre_ai,Task,0
132,5.0,5,1,CAMEL-18757,CAMEL,pre_ai,Task,0
309,2.9473684210526314,19,1,CAMEL-18777,CAMEL,pre_ai,Improvement,0
147,3.0,7,1,CAMEL-18776,CAMEL,pre_ai,Bug,1
347,2.0,25,2,CAMEL-17859,CAMEL,pre_ai,Bug,1
358,6.1,10,1,CAMEL-18778,CAMEL,pre_ai,Bug,1
139,7.0,6,1,CAMEL-18782,CAMEL,pre_ai,Bug,1
1630,3.8944099378881987,161,6,CAMEL-18789,CAMEL,pre_ai,Improvement,0
187,2.0625,16,3,CAMEL-18766,CAMEL,pre_ai,Bug,1
3756,2.2565320665083135,421,6,CAMEL-13564,CAMEL,pre_ai,Improvement,0
502,4.833333333333333,24,2,CAMEL-13912,CAMEL,pre_ai,Improvement,0
580,1.532258064516129,62,2,CAMEL-14924,CAMEL,pre_ai,New Feature,0
877,1.1407407407407408,135,5,CAMEL-18459,CAMEL,pre_ai,New Feature,0
2334,16.76086956521739,46,10,CAMEL-17097,CAMEL,pre_ai,Improvement,0
2043,3.9635036496350367,137,2,CAMEL-17823,CAMEL,pre_ai,New Feature,0
256,1.7777777777777777,27,1,CAMEL-18450,CAMEL,pre_ai,Improvement,0
897,2.3173076923076925,104,4,CAMEL-18320,CAMEL,pre_ai,Improvement,0
364,5.733333333333333,15,3,CAMEL-18464,CAMEL,pre_ai,Dependency upgrade,0
1034,1.1400966183574879,207,1,CAMEL-18243,CAMEL,pre_ai,Task,0
178,1.608695652173913,23,1,CAMEL-18461,CAMEL,pre_ai,Improvement,0
2092,5.217142857142857,175,6,CAMEL-17586,CAMEL,pre_ai,Improvement,0
1170,2.7875,80,5,CAMEL-16642,CAMEL,pre_ai,Improvement,0
14102,2.3045977011494254,1740,82,CAMEL-18731,CAMEL,pre_ai,Improvement,0
479,3.6744186046511627,43,2,CAMEL-18143,CAMEL,pre_ai,Improvement,0
174,2.8333333333333335,12,1,CAMEL-18468,CAMEL,pre_ai,Sub-task,0
238,1.2777777777777777,36,1,CAMEL-18427,CAMEL,pre_ai,Bug,1
406,1.7741935483870968,31,1,CAMEL-18049,CAMEL,pre_ai,Bug,1
1133,1.0056022408963585,357,3,CAMEL-18455,CAMEL,pre_ai,Task,0
6618,2.762308998302207,589,4,CAMEL-18267,CAMEL,pre_ai,New Feature,0
569,1.101123595505618,89,8,CAMEL-18240,CAMEL,pre_ai,Task,0
100,3.2,5,1,CAMEL-18473,CAMEL,pre_ai,Bug,1
831,3.0114942528735633,87,1,CAMEL-18472,CAMEL,pre_ai,Improvement,0
161,3.4615384615384617,13,1,CAMEL-18483,CAMEL,pre_ai,Bug,1
204,3.3076923076923075,13,1,CAMEL-18487,CAMEL,pre_ai,Sub-task,0
936,2.5555555555555554,81,4,CAMEL-18479,CAMEL,pre_ai,Improvement,0
1118,1.0112359550561798,356,2,CAMEL-18495,CAMEL,pre_ai,Task,0
1313,2.0,138,4,CAMEL-18488,CAMEL,pre_ai,New Feature,0
47,1.1666666666666667,6,1,CAMEL-18484,CAMEL,pre_ai,Test,0
270,1.5333333333333334,30,1,CAMEL-18490,CAMEL,pre_ai,Bug,1
338,19.5,12,4,CAMEL-18491,CAMEL,pre_ai,Improvement,0
125,1.2105263157894737,19,1,CAMEL-18500,CAMEL,pre_ai,Improvement,0
973,3.9797979797979797,99,8,CAMEL-18451,CAMEL,pre_ai,New Feature,0
1371,5.865384615384615,52,1,CAMEL-18501,CAMEL,pre_ai,Sub-task,0
790,1.9494949494949494,99,8,CAMEL-18492,CAMEL,pre_ai,Improvement,0
5024,4.036960985626283,487,8,CAMEL-18507,CAMEL,pre_ai,Improvement,0
359,2.3658536585365852,41,1,CAMEL-11252,CAMEL,pre_ai,Improvement,0
762,6.964285714285714,28,2,CAMEL-18510,CAMEL,pre_ai,Bug,1
805,6.821428571428571,28,2,CAMEL-18513,CAMEL,pre_ai,Improvement,0
2653,4.766666666666667,150,19,CAMEL-18499,CAMEL,pre_ai,Dependency upgrade,0
2227,2.796666666666667,300,7,CAMEL-18494,CAMEL,pre_ai,New Feature,0
797,2.5873015873015874,63,7,CAMEL-17197,CAMEL,pre_ai,Improvement,0
49,2.8,5,1,CAMEL-18514,CAMEL,pre_ai,Bug,1
1882,3.81651376146789,109,5,CAMEL-18511,CAMEL,pre_ai,Sub-task,0
266,3.0952380952380953,21,1,CAMEL-18528,CAMEL,pre_ai,Improvement,0
947,4.977777777777778,45,3,CAMEL-18518,CAMEL,pre_ai,Sub-task,0
575,3.7419354838709675,31,2,CAMEL-18526,CAMEL,pre_ai,New Feature,0
206,4.125,8,1,CAMEL-18530,CAMEL,pre_ai,Bug,1
172,8.0,4,1,CAMEL-18515,CAMEL,pre_ai,New Feature,0
186,2.857142857142857,14,1,CAMEL-18532,CAMEL,pre_ai,Sub-task,0
158,1.8421052631578947,19,1,CAMEL-18533,CAMEL,pre_ai,Improvement,0
1302,4.084745762711864,59,7,CAMEL-18521,CAMEL,pre_ai,Improvement,0
189,7.5,4,1,CAMEL-18534,CAMEL,pre_ai,New Feature,0
958,1.97979797979798,99,3,CAMEL-18346,CAMEL,pre_ai,Task,0
63,1.2,10,1,CAMEL-18454,CAMEL,pre_ai,Task,0
136,6.5,6,1,CAMEL-18544,CAMEL,pre_ai,Bug,1
2006,1.2794871794871794,390,2,CAMEL-18527,CAMEL,pre_ai,New Feature,0
66,2.6,5,1,CAMEL-18556,CAMEL,pre_ai,Improvement,0
1019,1.9541284403669725,109,3,CAMEL-18557,CAMEL,pre_ai,Improvement,0
392,2.5945945945945947,37,1,CAMEL-18350,CAMEL,pre_ai,Bug,1
1262,2.0833333333333335,144,3,CAMEL-18568,CAMEL,pre_ai,Improvement,0
6391,3.75346687211094,649,9,CAMEL-18057,CAMEL,pre_ai,Improvement,0
458,2.9310344827586206,29,1,CAMEL-18580,CAMEL,pre_ai,Improvement,0
6075,3.368595041322314,605,9,CAMEL-18574,CAMEL,pre_ai,New Feature,0
681,3.4375,48,1,CAMEL-18584,CAMEL,pre_ai,Improvement,0
332,1.4186046511627908,43,2,CAMEL-18578,CAMEL,pre_ai,Improvement,0
135,2.272727272727273,11,1,CAMEL-18594,CAMEL,pre_ai,Bug,1
262,8.4,5,1,CAMEL-18516,CAMEL,pre_ai,Task,0
2286,3.208695652173913,230,19,CAMEL-10173,CAMEL,pre_ai,New Feature,0
605,3.25531914893617,47,1,CAMEL-18589,CAMEL,pre_ai,Bug,1
1244,4.529411764705882,51,8,CAMEL-18558,CAMEL,pre_ai,Improvement,0
560,2.171875,64,1,CAMEL-18600,CAMEL,pre_ai,New Feature,0
88,5.0,1,1,CAMEL-18602,CAMEL,pre_ai,Task,0
3132,2.4292035398230087,226,24,CAMEL-17438,CAMEL,pre_ai,Improvement,0
268,8.8,5,1,CAMEL-18607,CAMEL,pre_ai,Task,0
1799,4.217391304347826,92,17,CAMEL-16909,CAMEL,pre_ai,New Feature,0
526,4.137931034482759,29,4,CAMEL-18603,CAMEL,pre_ai,Bug,1
418,2.7096774193548385,31,1,CAMEL-18327,CAMEL,pre_ai,Task,0
459,1.15,80,2,CAMEL-16030,CAMEL,pre_ai,New Feature,0
408,2.6774193548387095,31,1,CAMEL-18588,CAMEL,pre_ai,Bug,1
339,4.166666666666667,24,1,CAMEL-18576,CAMEL,pre_ai,Bug,1
404,25.0,12,4,CAMEL-18611,CAMEL,pre_ai,Bug,1
181,1.7647058823529411,17,2,CAMEL-18596,CAMEL,pre_ai,Improvement,0
157,6.0,6,1,CAMEL-18565,CAMEL,pre_ai,Improvement,0
163,1.5,14,1,CAMEL-18549,CAMEL,pre_ai,Improvement,0
781,1.0,166,1,CAMEL-18613,CAMEL,pre_ai,Improvement,0
674,6.142857142857143,35,1,CAMEL-16354,CAMEL,pre_ai,Improvement,0
4097,2.952513966480447,358,8,CAMEL-18254,CAMEL,pre_ai,Improvement,0
420,2.7419354838709675,31,1,CAMEL-18627,CAMEL,pre_ai,Bug,1
544,1.5692307692307692,65,3,CAMEL-18593,CAMEL,pre_ai,New Feature,0
68,5.666666666666667,3,1,CAMEL-18622,CAMEL,pre_ai,Improvement,0
705,4.68,25,4,CAMEL-18609,CAMEL,pre_ai,Improvement,0
187,2.235294117647059,17,1,CAMEL-18639,CAMEL,pre_ai,Improvement,0
100,4.0,3,1,CAMEL-18640,CAMEL,pre_ai,Improvement,0
1190,2.0408163265306123,147,1,CAMEL-18633,CAMEL,pre_ai,Task,0
2451,3.7254901960784315,153,10,CAMEL-18617,CAMEL,pre_ai,Bug,1
401,1.0530973451327434,113,1,CAMEL-18641,CAMEL,pre_ai,Bug,1
107,1.0,22,1,CAMEL-18647,CAMEL,pre_ai,New Feature,0
296,1.9090909090909092,33,1,CAMEL-18649,CAMEL,pre_ai,Improvement,0
146,5.0,4,2,CAMEL-17261,CAMEL,pre_ai,New Feature,0
384,11.375,8,1,CAMEL-17974,CAMEL,pre_ai,Improvement,0
200,4.363636363636363,11,1,CAMEL-17975,CAMEL,pre_ai,Bug,1
2618,4.011764705882353,170,5,CAMEL-17972,CAMEL,pre_ai,Improvement,0
569,2.7948717948717947,39,1,CAMEL-17979,CAMEL,pre_ai,Bug,1
182,2.3529411764705883,17,1,CAMEL-17977,CAMEL,pre_ai,Improvement,0
405,10.777777777777779,9,1,CAMEL-17978,CAMEL,pre_ai,Improvement,0
406,10.777777777777779,9,1,CAMEL-17981,CAMEL,pre_ai,New Feature,0
405,10.777777777777779,9,1,CAMEL-17980,CAMEL,pre_ai,Improvement,0
200,5.857142857142857,7,1,CAMEL-17989,CAMEL,pre_ai,Improvement,0
271,1.8181818181818181,33,1,CAMEL-17990,CAMEL,pre_ai,Improvement,0
223,5.0,9,1,CAMEL-17995,CAMEL,pre_ai,Improvement,0
45,1.5,6,1,CAMEL-17996,CAMEL,pre_ai,Bug,1
449,9.5,10,2,CAMEL-18010,CAMEL,pre_ai,Improvement,0
1893,2.2747252747252746,182,3,CAMEL-17613,CAMEL,pre_ai,Bug,1
749,1.033112582781457,151,3,CAMEL-18015,CAMEL,pre_ai,Bug,1
812,2.7419354838709675,62,6,CAMEL-18014,CAMEL,pre_ai,New Feature,0
65,2.0,2,1,CAMEL-18016,CAMEL,pre_ai,Improvement,0
471,1.554054054054054,74,1,CAMEL-17992,CAMEL,pre_ai,Bug,1
1217,4.065573770491803,61,7,CAMEL-17998,CAMEL,pre_ai,New Feature,0
75,1.0,1,1,CAMEL-17931,CAMEL,pre_ai,Task,0
2413,1.108974358974359,468,6,CAMEL-18021,CAMEL,pre_ai,Improvement,0
419,8.727272727272727,11,1,CAMEL-18028,CAMEL,pre_ai,Improvement,0
45,3.0,1,1,CAMEL-18001,CAMEL,pre_ai,New Feature,0
423,9.090909090909092,11,1,CAMEL-18032,CAMEL,pre_ai,Improvement,0
435,2.774193548387097,31,2,CAMEL-18020,CAMEL,pre_ai,Task,0
795,2.0294117647058822,68,13,CAMEL-18024,CAMEL,pre_ai,Task,0
688,2.280701754385965,57,4,CAMEL-18019,CAMEL,pre_ai,Task,0
413,2.5625,32,1,CAMEL-18003,CAMEL,pre_ai,Task,0
129,2.1818181818181817,11,1,CAMEL-17810,CAMEL,pre_ai,Task,0
423,9.090909090909092,11,1,CAMEL-18034,CAMEL,pre_ai,Improvement,0
88,2.25,8,1,CAMEL-18025,CAMEL,pre_ai,Improvement,0
227,1.9615384615384615,26,1,CAMEL-18029,CAMEL,pre_ai,Improvement,0
11566,7.371900826446281,968,24,CAMEL-17950,CAMEL,pre_ai,Dependency upgrade,0
262,1.0980392156862746,51,3,CAMEL-18026,CAMEL,pre_ai,Improvement,0
425,9.181818181818182,11,1,CAMEL-18037,CAMEL,pre_ai,Improvement,0
436,9.909090909090908,11,1,CAMEL-18035,CAMEL,pre_ai,Improvement,0
1311,1.878787878787879,132,2,CAMEL-18046,CAMEL,pre_ai,Improvement,0
233,5.333333333333333,9,1,CAMEL-18052,CAMEL,pre_ai,Bug,1
2628,2.7976190476190474,420,7,CAMEL-18012,CAMEL,pre_ai,Improvement,0
266,4.0,12,1,CAMEL-17819,CAMEL,pre_ai,New Feature,0
190,2.2,15,1,CAMEL-18053,CAMEL,pre_ai,Improvement,0
236,2.0384615384615383,26,1,CAMEL-18054,CAMEL,pre_ai,Bug,1
199,5.714285714285714,7,1,CAMEL-18040,CAMEL,pre_ai,Improvement,0
135,2.6666666666666665,12,2,CAMEL-17861,CAMEL,pre_ai,Bug,1
875,1.0792079207920793,202,2,CAMEL-18059,CAMEL,pre_ai,Improvement,0
357,2.8620689655172415,29,2,CAMEL-17956,CAMEL,pre_ai,Improvement,0
78,2.6666666666666665,9,1,CAMEL-18063,CAMEL,pre_ai,Bug,1
85,3.5,4,1,CAMEL-18055,CAMEL,pre_ai,Task,0
536,5.666666666666667,18,1,CAMEL-18069,CAMEL,pre_ai,Improvement,0
616,6.304347826086956,23,3,CAMEL-18060,CAMEL,pre_ai,Improvement,0
45,1.0,2,1,CAMEL-18074,CAMEL,pre_ai,Improvement,0
344,1.7241379310344827,29,3,CAMEL-18068,CAMEL,pre_ai,Task,0
88,2.8,5,1,CAMEL-17562,CAMEL,pre_ai,Improvement,0
87,1.5,4,3,CAMEL-17984,CAMEL,pre_ai,Improvement,0
537,10.23076923076923,13,1,CAMEL-18080,CAMEL,pre_ai,New Feature,0
185,4.444444444444445,9,2,CAMEL-18077,CAMEL,pre_ai,New Feature,0
511,2.43859649122807,57,1,CAMEL-18076,CAMEL,pre_ai,Improvement,0
1590,11.394736842105264,38,2,CAMEL-18065,CAMEL,pre_ai,Improvement,0
1590,11.394736842105264,38,2,CAMEL-18066,CAMEL,pre_ai,Improvement,0
186,1.0,4,2,CAMEL-18897,CAMEL,ai_era,Sub-task,0
1707,1.0,340,3,CAMEL-18883,CAMEL,ai_era,Task,0
1802,1.0612244897959184,343,4,CAMEL-18898,CAMEL,ai_era,Sub-task,0
452,3.935483870967742,31,1,CAMEL-18913,CAMEL,ai_era,New Feature,0
1691,1.0,337,3,CAMEL-18908,CAMEL,ai_era,Sub-task,0
320,2.357142857142857,28,1,CAMEL-18780,CAMEL,ai_era,Bug,1
1681,1.0,335,3,CAMEL-18925,CAMEL,ai_era,Task,0
51,2.3333333333333335,6,1,CAMEL-18922,CAMEL,ai_era,Bug,1
876,3.5609756097560976,41,1,CAMEL-18880,CAMEL,ai_era,Dependency upgrade,0
455,1.0,82,3,CAMEL-17895,CAMEL,ai_era,New Feature,0
262,6.222222222222222,9,1,CAMEL-18942,CAMEL,ai_era,Improvement,0
574,2.5945945945945947,37,11,CAMEL-18912,CAMEL,ai_era,Improvement,0
107,2.6,5,1,CAMEL-18909,CAMEL,ai_era,New Feature,0
440,2.5641025641025643,39,1,CAMEL-18952,CAMEL,ai_era,Improvement,0
1286,2.8529411764705883,102,2,CAMEL-18953,CAMEL,ai_era,Bug,1
646,1.4220183486238531,109,2,CAMEL-18960,CAMEL,ai_era,Test,0
233,6.714285714285714,7,1,CAMEL-18959,CAMEL,ai_era,Bug,1
308,3.142857142857143,21,1,CAMEL-18968,CAMEL,ai_era,Bug,1
282,3.7857142857142856,14,2,CAMEL-18967,CAMEL,ai_era,Improvement,0
263,2.2222222222222223,18,3,CAMEL-18940,CAMEL,ai_era,New Feature,0
400,2.2580645161290325,31,2,CAMEL-18977,CAMEL,ai_era,Task,0
2006,1.2794871794871794,390,2,CAMEL-18975,CAMEL,ai_era,Task,0
739,57.2,10,2,CAMEL-18947,CAMEL,ai_era,Dependency upgrade,0
1301,1.1904761904761905,273,2,CAMEL-18979,CAMEL,ai_era,Improvement,0
48,1.6666666666666667,3,1,CAMEL-18954,CAMEL,ai_era,Bug,1
884,6.393939393939394,33,1,CAMEL-18989,CAMEL,ai_era,New Feature,0
315,2.619047619047619,21,2,CAMEL-18991,CAMEL,ai_era,Sub-task,0
5287,4.9523809523809526,315,30,CAMEL-14008,CAMEL,ai_era,Bug,1
837,6.033333333333333,30,2,CAMEL-18990,CAMEL,ai_era,Improvement,0
528,2.130434782608696,46,4,CAMEL-18861,CAMEL,ai_era,Improvement,0
276,1.4,45,2,CAMEL-18996,CAMEL,ai_era,Task,0
442,7.615384615384615,13,2,CAMEL-19002,CAMEL,ai_era,Bug,1
186,1.5454545454545454,22,2,CAMEL-19007,CAMEL,ai_era,Task,0
73,1.3333333333333333,6,1,CAMEL-19004,CAMEL,ai_era,Bug,1
2319,2.4761904761904763,294,8,CAMEL-18997,CAMEL,ai_era,Dependency upgrade,0
76,1.3333333333333333,6,1,CAMEL-19006,CAMEL,ai_era,Bug,1
100,2.090909090909091,11,2,CAMEL-19009,CAMEL,ai_era,Task,0
297,1.1956521739130435,46,3,CAMEL-19005,CAMEL,ai_era,Dependency upgrade,0
94,2.25,4,1,CAMEL-18980,CAMEL,ai_era,Bug,1
66,1.8571428571428572,7,1,CAMEL-18131,CAMEL,ai_era,New Feature,0
200,5.857142857142857,7,1,CAMEL-19018,CAMEL,ai_era,Bug,1
1152,1.1865284974093264,193,2,CAMEL-19008,CAMEL,ai_era,Improvement,0
946,3.9038461538461537,52,2,CAMEL-18305,CAMEL,ai_era,Wish,0
626,3.0,59,7,CAMEL-18981,CAMEL,ai_era,New Feature,0
1031,4.625,48,6,CAMEL-19036,CAMEL,ai_era,Improvement,0
821,7.5,26,1,CAMEL-19033,CAMEL,ai_era,New Feature,0
747,6.695652173913044,23,2,CAMEL-19030,CAMEL,ai_era,New Feature,0
852,5.548387096774194,31,5,CAMEL-19042,CAMEL,ai_era,Improvement,0
167,17.666666666666668,3,1,CAMEL-19043,CAMEL,ai_era,Improvement,0
794,1.6904761904761905,126,2,CAMEL-18790,CAMEL,pre_ai,Improvement,0
755,3.1475409836065573,61,1,CAMEL-18737,CAMEL,pre_ai,Bug,1
701,6.592592592592593,27,1,CAMEL-18788,CAMEL,pre_ai,Improvement,0
173,1.8888888888888888,18,1,CAMEL-18713,CAMEL,pre_ai,Bug,1
44,3.0,3,1,CAMEL-18784,CAMEL,pre_ai,Improvement,0
243,5.0,5,2,CAMEL-18743,CAMEL,pre_ai,New Feature,0
842,2.7419354838709675,62,2,CAMEL-18795,CAMEL,pre_ai,Bug,1
2219,1.0341685649202734,439,5,CAMEL-14831,CAMEL,pre_ai,New Feature,0
231,5.0,10,1,CAMEL-18800,CAMEL,pre_ai,Improvement,0
86,1.2142857142857142,14,1,CAMEL-18648,CAMEL,pre_ai,Bug,1
237,5.222222222222222,9,1,CAMEL-18797,CAMEL,pre_ai,Improvement,0
251,4.125,16,1,CAMEL-18807,CAMEL,pre_ai,Bug,1
346,5.05,20,1,CAMEL-18802,CAMEL,pre_ai,Improvement,0
406,1.7741935483870968,31,1,CAMEL-18805,CAMEL,pre_ai,Bug,1
940,1.0,222,1,CAMEL-18808,CAMEL,pre_ai,Improvement,0
292,2.0,31,1,CAMEL-18796,CAMEL,pre_ai,Bug,1
423,6.176470588235294,17,1,CAMEL-18748,CAMEL,pre_ai,Improvement,0
472,5.875,24,1,CAMEL-18809,CAMEL,pre_ai,Bug,1
160,4.0,8,2,CAMEL-18811,CAMEL,pre_ai,Bug,1
203,1.85,20,1,CAMEL-18739,CAMEL,pre_ai,Bug,1
291,6.222222222222222,9,2,CAMEL-18817,CAMEL,pre_ai,Improvement,0
365,1.3846153846153846,52,2,CAMEL-18816,CAMEL,pre_ai,Bug,1
266,2.5238095238095237,21,1,CAMEL-18661,CAMEL,pre_ai,Bug,1
106,1.9090909090909092,11,1,CAMEL-18783,CAMEL,pre_ai,Improvement,0
1844,4.24468085106383,94,3,CAMEL-18815,CAMEL,pre_ai,Improvement,0
378,6.0,12,4,CAMEL-18823,CAMEL,pre_ai,New Feature,0
87,1.6666666666666667,12,1,CAMEL-18752,CAMEL,pre_ai,Improvement,0
276,9.2,5,1,CAMEL-18829,CAMEL,pre_ai,Task,0
251,5.777777777777778,9,1,CAMEL-18659,CAMEL,pre_ai,Improvement,0
1082,1.0957446808510638,188,2,CAMEL-18831,CAMEL,pre_ai,Task,0
2769,1.326470588235294,340,64,CAMEL-19029,CAMEL,ai_era,Dependency upgrade,0
327,2.5714285714285716,28,1,CAMEL-18835,CAMEL,pre_ai,Bug,1
1406,6.508196721311475,61,1,CAMEL-18834,CAMEL,pre_ai,Bug,1
272,4.583333333333333,12,1,CAMEL-18842,CAMEL,pre_ai,Bug,1
418,6.117647058823529,17,1,CAMEL-18843,CAMEL,pre_ai,Dependency upgrade,0
1823,3.6464646464646466,99,4,CAMEL-18845,CAMEL,pre_ai,Improvement,0
2989,1.8103448275862069,406,4,CAMEL-18846,CAMEL,pre_ai,Improvement,0
150,2.3636363636363638,11,1,CAMEL-18844,CAMEL,pre_ai,Bug,1
3044,1.2303839732888147,599,3,CAMEL-18841,CAMEL,ai_era,Bug,1
519,1.0,112,2,CAMEL-18852,CAMEL,ai_era,Improvement,0
1389,5.508474576271187,118,6,CAMEL-5963,CAMEL,ai_era,New Feature,0
1709,8.977272727272727,44,14,CAMEL-18853,CAMEL,ai_era,Task,0
816,1.53,100,4,CAMEL-18854,CAMEL,ai_era,Bug,1
466,2.4761904761904763,42,3,CAMEL-18687,CAMEL,ai_era,New Feature,0
3464,4.0,149,33,CAMEL-18847,CAMEL,pre_ai,Improvement,0
626,4.104166666666667,48,1,CAMEL-18825,CAMEL,ai_era,Task,0
4619,4.927480916030534,262,5,CAMEL-18856,CAMEL,ai_era,Bug,1
528,3.225806451612903,31,5,CAMEL-18860,CAMEL,ai_era,Task,0
376,7.083333333333333,12,1,CAMEL-18538,CAMEL,ai_era,New Feature,0
1412,6.076923076923077,52,1,CAMEL-18865,CAMEL,ai_era,Bug,1
469,1.146341463414634,82,2,CAMEL-18863,CAMEL,ai_era,Improvement,0
1314,6.169811320754717,53,3,CAMEL-18674,CAMEL,ai_era,Improvement,0
1769,1.0,351,3,CAMEL-18496,CAMEL,ai_era,Task,0
816,6.28125,32,1,CAMEL-18497,CAMEL,ai_era,New Feature,0
321,1.4594594594594594,37,1,CAMEL-18620,CAMEL,ai_era,Test,0
538,5.611111111111111,18,1,CAMEL-18868,CAMEL,ai_era,Bug,1
24,2.0,2,1,CAMEL-18864,CAMEL,ai_era,Task,0
232,3.142857142857143,14,1,CAMEL-18875,CAMEL,ai_era,Improvement,0
212,1.3,40,1,CAMEL-18872,CAMEL,ai_era,Bug,1
85,1.75,12,1,CAMEL-18742,CAMEL,ai_era,Task,0
335,1.7446808510638299,47,1,CAMEL-18878,CAMEL,ai_era,Bug,1
2722,1.081041968162084,691,3,CAMEL-18866,CAMEL,ai_era,Task,0
811,4.096774193548387,31,2,CAMEL-18882,CAMEL,ai_era,Task,0
466,1.6290322580645162,62,1,CAMEL-18894,CAMEL,ai_era,Sub-task,0
2565,11.087591240875913,137,6,CAMEL-18871,CAMEL,ai_era,Bug,1
706,1.0,1,2,CAMEL-18890,CAMEL,ai_era,Task,0
137,2.6363636363636362,11,1,CAMEL-19051,CAMEL,ai_era,Bug,1
838,4.142857142857143,42,3,CAMEL-19055,CAMEL,ai_era,Improvement,0
163,3.25,8,1,CAMEL-19044,CAMEL,ai_era,New Feature,0
193,3.090909090909091,11,1,CAMEL-19031,CAMEL,ai_era,Bug,1
224,1.5555555555555556,27,2,CAMEL-19064,CAMEL,ai_era,Improvement,0
10739,7.267637178051512,893,26,CAMEL-18610,CAMEL,ai_era,Dependency upgrade,0
2474,4.63265306122449,98,19,CAMEL-19067,CAMEL,ai_era,Bug,1
614,6.173913043478261,23,1,CAMEL-19072,CAMEL,ai_era,Improvement,0
941,1.5625,112,4,CAMEL-19069,CAMEL,ai_era,New Feature,0
886,2.580246913580247,81,3,CAMEL-19073,CAMEL,ai_era,Improvement,0
210,6.25,8,1,CAMEL-19078,CAMEL,ai_era,Improvement,0
196,1.34375,32,1,CAMEL-19066,CAMEL,ai_era,Bug,1
932,6.785714285714286,42,1,CAMEL-19075,CAMEL,ai_era,Bug,1
1731,5.557142857142857,70,5,CAMEL-19071,CAMEL,ai_era,Improvement,0
2261,6.927710843373494,83,3,CAMEL-19076,CAMEL,ai_era,Improvement,0
513,2.262295081967213,61,5,CAMEL-19079,CAMEL,ai_era,Bug,1
55,1.1111111111111112,9,1,CAMEL-19100,CAMEL,ai_era,Bug,1
434,1.626865671641791,67,2,CAMEL-19094,CAMEL,ai_era,Improvement,0
671,3.6538461538461537,52,2,CAMEL-19098,CAMEL,ai_era,Bug,1
417,2.097560975609756,41,2,CAMEL-19093,CAMEL,ai_era,Improvement,0
245,2.466666666666667,15,2,CAMEL-19109,CAMEL,ai_era,Improvement,0
186,7.0,5,1,CAMEL-19112,CAMEL,ai_era,Bug,1
1109,4.35,40,3,CAMEL-19111,CAMEL,ai_era,Bug,1
1104,6.309523809523809,42,3,CAMEL-19087,CAMEL,ai_era,Improvement,0
1382,3.172043010752688,93,3,CAMEL-19117,CAMEL,ai_era,Task,0
1063,5.5,44,2,CAMEL-18983,CAMEL,ai_era,Improvement,0
1425,5.109090909090909,55,4,CAMEL-19122,CAMEL,ai_era,Improvement,0
511,1.3661971830985915,71,6,CAMEL-19101,CAMEL,ai_era,Improvement,0
247,4.0,12,1,CAMEL-19113,CAMEL,ai_era,Bug,1
1396,6.333333333333333,48,6,CAMEL-19125,CAMEL,ai_era,Dependency upgrade,0
1755,2.9914529914529915,117,6,CAMEL-19120,CAMEL,ai_era,New Feature,0
161,2.7058823529411766,17,1,CAMEL-18920,CAMEL,ai_era,Dependency upgrade,0
73,2.5714285714285716,7,1,CAMEL-18508,CAMEL,ai_era,New Feature,0
1164,1.0596590909090908,352,2,CAMEL-19019,CAMEL,ai_era,Dependency upgrade,0
166,3.0,8,1,CAMEL-19128,CAMEL,ai_era,New Feature,0
123,6.25,4,1,CAMEL-19144,CAMEL,ai_era,Improvement,0
369,1.5,60,3,CAMEL-19133,CAMEL,ai_era,Bug,1
1062,4.127659574468085,47,1,CAMEL-19123,CAMEL,ai_era,Dependency upgrade,0
818,4.7727272727272725,22,1,CAMEL-11767,CAMEL,ai_era,Improvement,0
840,4.375,24,3,CAMEL-19145,CAMEL,ai_era,Improvement,0
531,6.055555555555555,36,5,CAMEL-19050,CAMEL,ai_era,New Feature,0
211,1.3333333333333333,33,2,CAMEL-19151,CAMEL,ai_era,Bug,1
234,1.2333333333333334,30,2,CAMEL-19143,CAMEL,ai_era,New Feature,0
110,1.4705882352941178,17,1,CAMEL-19158,CAMEL,ai_era,Bug,1
1560,1.1574468085106382,235,9,CAMEL-18636,CAMEL,ai_era,Improvement,0
1365,2.5806451612903225,124,1,CAMEL-19081,CAMEL,ai_era,Bug,1
211,2.6666666666666665,15,1,CAMEL-19150,CAMEL,ai_era,Bug,1
1560,1.1574468085106382,235,9,CAMEL-19152,CAMEL,ai_era,Improvement,0
183,2.764705882352941,17,1,CAMEL-19171,CAMEL,ai_era,Bug,1
211,2.6666666666666665,15,1,CAMEL-19169,CAMEL,ai_era,Bug,1
204,2.1176470588235294,17,2,CAMEL-19176,CAMEL,ai_era,Improvement,0
297,2.590909090909091,22,4,CAMEL-19174,CAMEL,ai_era,Bug,1
393,6.7272727272727275,11,1,CAMEL-19177,CAMEL,ai_era,Improvement,0
1666,3.347826086956522,161,5,CAMEL-19179,CAMEL,ai_era,Task,0
1389,1.2325581395348837,258,1,CAMEL-19014,CAMEL,ai_era,Bug,1
1895,7.8059701492537314,67,3,CAMEL-19183,CAMEL,ai_era,New Feature,0
827,1.4916666666666667,120,1,CAMEL-19186,CAMEL,ai_era,Improvement,0
543,5.823529411764706,17,2,CAMEL-19187,CAMEL,ai_era,Improvement,0
90,1.3076923076923077,13,1,CAMEL-19189,CAMEL,ai_era,Task,0
2060,3.783625730994152,171,4,CAMEL-19191,CAMEL,ai_era,Dependency upgrade,0
177,2.375,16,2,CAMEL-19162,CAMEL,ai_era,Bug,1
5909,3.644628099173554,484,47,CAMEL-18995,CAMEL,ai_era,Task,0
170,4.8,10,1,CAMEL-19775,CAMEL,ai_era,Bug,1
519,2.0185185185185186,54,2,CAMEL-19760,CAMEL,ai_era,Improvement,0
677,2.816326530612245,49,1,CAMEL-19772,CAMEL,ai_era,New Feature,0
86,2.6,5,1,CAMEL-19785,CAMEL,ai_era,Bug,1
543,8.294117647058824,17,1,CAMEL-19758,CAMEL,ai_era,Bug,1
279,2.5294117647058822,17,1,CAMEL-19789,CAMEL,ai_era,Bug,1
109,1.4166666666666667,12,1,CAMEL-19731,CAMEL,ai_era,Bug,1
408,1.1666666666666667,66,4,CAMEL-19796,CAMEL,ai_era,Dependency upgrade,0
391,1.144578313253012,83,1,CAMEL-19803,CAMEL,ai_era,Improvement,0
89,2.5,6,2,CAMEL-19776,CAMEL,ai_era,Improvement,0
2508,4.366666666666666,90,7,CAMEL-19698,CAMEL,ai_era,Task,0
2508,4.366666666666666,90,7,CAMEL-19699,CAMEL,ai_era,Task,0
286,2.3684210526315788,19,1,CAMEL-19811,CAMEL,ai_era,Bug,1
732,6.178571428571429,28,1,CAMEL-19805,CAMEL,ai_era,Improvement,0
154,2.4285714285714284,14,1,CAMEL-19814,CAMEL,ai_era,Bug,1
384,1.4827586206896552,58,1,CAMEL-19815,CAMEL,ai_era,Bug,1
812,6.909090909090909,22,2,CAMEL-19703,CAMEL,ai_era,Task,0
944,9.064516129032258,31,1,CAMEL-19818,CAMEL,ai_era,Bug,1
580,2.6363636363636362,44,1,CAMEL-19822,CAMEL,ai_era,Bug,1
93,5.333333333333333,3,1,CAMEL-19813,CAMEL,ai_era,Improvement,0
3063,4.440789473684211,152,10,CAMEL-19798,CAMEL,ai_era,Bug,1
303,3.7142857142857144,14,1,CAMEL-17027,CAMEL,ai_era,Improvement,0
227,5.888888888888889,9,2,CAMEL-19816,CAMEL,ai_era,Improvement,0
1846,2.5707317073170732,205,10,CAMEL-19752,CAMEL,ai_era,Improvement,0
454,2.0,36,2,CAMEL-19783,CAMEL,ai_era,Bug,1
147,1.7333333333333334,15,2,CAMEL-19837,CAMEL,ai_era,Bug,1
712,6.052631578947368,19,4,CAMEL-19836,CAMEL,ai_era,Task,0
119,1.9166666666666667,12,1,CAMEL-19840,CAMEL,ai_era,Task,0
396,1.5254237288135593,59,1,CAMEL-19842,CAMEL,ai_era,Bug,1
466,3.5172413793103448,29,2,CAMEL-19843,CAMEL,ai_era,Bug,1
1633,9.956521739130435,23,2,CAMEL-19700,CAMEL,ai_era,Task,0
14,1.0,2,2,CAMEL-19850,CAMEL,ai_era,Dependency upgrade,0
219,6.5,8,1,CAMEL-19852,CAMEL,ai_era,Improvement,0
571,1.7777777777777777,72,3,CAMEL-19853,CAMEL,ai_era,Test,0
37,1.8,5,1,CAMEL-19870,CAMEL,ai_era,Bug,1
184,2.1333333333333333,15,1,CAMEL-19875,CAMEL,ai_era,Bug,1
1369,7.426229508196721,61,2,CAMEL-19868,CAMEL,ai_era,Improvement,0
2092,3.337078651685393,267,7,CAMEL-19866,CAMEL,ai_era,Improvement,0
134,2.9,10,1,CAMEL-19860,CAMEL,ai_era,Bug,1
942,6.416666666666667,36,1,CAMEL-19780,CAMEL,ai_era,Bug,1
470,1.7,60,3,CAMEL-19859,CAMEL,ai_era,Bug,1
607,6.033333333333333,60,4,CAMEL-19885,CAMEL,ai_era,Bug,1
439,2.78125,32,1,CAMEL-18759,CAMEL,ai_era,Bug,1
1071,4.980392156862745,51,5,CAMEL-19846,CAMEL,ai_era,Improvement,0
1524,2.8175182481751824,137,13,CAMEL-19218,CAMEL,ai_era,New Feature,0
47,2.5,4,1,CAMEL-19890,CAMEL,ai_era,Improvement,0
934,9.064516129032258,31,1,CAMEL-19888,CAMEL,ai_era,Improvement,0
424,2.4242424242424243,33,3,CAMEL-19893,CAMEL,ai_era,Task,0
91,4.75,4,1,CAMEL-19895,CAMEL,ai_era,Bug,1
170,3.230769230769231,13,1,CAMEL-19892,CAMEL,ai_era,Bug,1
860,5.454545454545454,33,2,CAMEL-19876,CAMEL,ai_era,New Feature,0
3503,2.034907597535934,487,17,CAMEL-17173,CAMEL,ai_era,Improvement,0
2218,2.3540983606557377,305,11,CAMEL-19902,CAMEL,ai_era,Improvement,0
620,3.204081632653061,49,1,CAMEL-19899,CAMEL,ai_era,Bug,1
113,2.142857142857143,7,1,CAMEL-19301,CAMEL,ai_era,Dependency upgrade,0
1719,6.481481481481482,54,4,CAMEL-19906,CAMEL,ai_era,Improvement,0
883,6.0,35,1,CAMEL-19306,CAMEL,ai_era,Improvement,0
1113,3.849557522123894,113,5,CAMEL-19304,CAMEL,ai_era,New Feature,0
393,2.1052631578947367,38,1,CAMEL-19309,CAMEL,ai_era,New Feature,0
932,2.5632183908045976,87,5,CAMEL-19320,CAMEL,ai_era,New Feature,0
340,1.1323529411764706,68,3,CAMEL-19325,CAMEL,ai_era,New Feature,0
2664,6.441340782122905,179,12,CAMEL-17946,CAMEL,ai_era,New Feature,0
1145,5.714285714285714,49,2,CAMEL-19322,CAMEL,ai_era,Improvement,0
36,1.0,3,1,CAMEL-19299,CAMEL,ai_era,New Feature,0
2148,2.588235294117647,153,13,CAMEL-17495,CAMEL,ai_era,New Feature,0
115,3.25,8,1,CAMEL-19324,CAMEL,ai_era,Improvement,0
1123,3.9035087719298245,114,4,CAMEL-19327,CAMEL,ai_era,Improvement,0
156,1.8571428571428572,14,1,CAMEL-17652,CAMEL,ai_era,Improvement,0
605,3.4358974358974357,39,1,CAMEL-18963,CAMEL,ai_era,Improvement,0
1447,3.4395604395604398,91,8,CAMEL-19326,CAMEL,ai_era,Improvement,0
815,3.2857142857142856,63,1,CAMEL-19342,CAMEL,ai_era,Bug,1
460,5.052631578947368,19,1,CAMEL-19344,CAMEL,ai_era,New Feature,0
111,2.1666666666666665,12,1,CAMEL-19313,CAMEL,ai_era,Improvement,0
211,8.0,7,2,CAMEL-19349,CAMEL,ai_era,New Feature,0
461,5.052631578947368,19,1,CAMEL-19357,CAMEL,ai_era,Improvement,0
1149,3.8487394957983194,119,4,CAMEL-19350,CAMEL,ai_era,Improvement,0
509,3.5185185185185186,27,4,CAMEL-19298,CAMEL,ai_era,Bug,1
159,2.75,12,1,CAMEL-19345,CAMEL,ai_era,Bug,1
735,6.107142857142857,28,1,CAMEL-19361,CAMEL,ai_era,Improvement,0
655,5.035714285714286,28,1,CAMEL-19360,CAMEL,ai_era,Improvement,0
68,1.1111111111111112,9,2,CAMEL-19363,CAMEL,ai_era,Task,0
67,2.4,5,1,CAMEL-19366,CAMEL,ai_era,Improvement,0
85,3.0,4,1,CAMEL-19370,CAMEL,ai_era,Improvement,0
1182,4.857142857142857,63,1,CAMEL-19371,CAMEL,ai_era,Bug,1
812,2.857142857142857,49,16,CAMEL-19281,CAMEL,ai_era,Bug,1
79,2.5,6,1,CAMEL-19353,CAMEL,ai_era,Improvement,0
605,3.4358974358974357,39,1,CAMEL-19364,CAMEL,ai_era,Bug,1
213,1.0,43,2,CAMEL-19328,CAMEL,ai_era,Task,0
194,1.9,20,1,CAMEL-19359,CAMEL,ai_era,Bug,1
1573,7.9818181818181815,55,1,CAMEL-19379,CAMEL,ai_era,Improvement,0
247,2.6315789473684212,19,1,CAMEL-19383,CAMEL,ai_era,Bug,1
2483,2.739413680781759,307,7,CAMEL-19375,CAMEL,ai_era,Task,0
1183,1.1594827586206897,232,2,CAMEL-19387,CAMEL,ai_era,Bug,1
2440,2.3846153846153846,234,4,CAMEL-18874,CAMEL,ai_era,Improvement,0
342,2.576923076923077,26,2,CAMEL-19319,CAMEL,ai_era,Task,0
1344,2.1185185185185187,135,6,CAMEL-19060,CAMEL,ai_era,Task,0
275,2.0303030303030303,33,1,CAMEL-19295,CAMEL,ai_era,Bug,1
156,3.142857142857143,7,2,CAMEL-19392,CAMEL,ai_era,Task,0
221,4.818181818181818,11,1,CAMEL-19399,CAMEL,ai_era,Bug,1
4666,4.3575,400,7,CAMEL-19386,CAMEL,ai_era,Task,0
358,82.0,4,1,CAMEL-19407,CAMEL,ai_era,Dependency upgrade,0
29,1.5,2,1,CAMEL-19421,CAMEL,ai_era,Bug,1
297,4.0,13,1,CAMEL-18189,CAMEL,ai_era,New Feature,0
461,2.0714285714285716,42,7,CAMEL-19405,CAMEL,ai_era,Bug,1
327,3.0476190476190474,21,2,CAMEL-18965,CAMEL,ai_era,Bug,1
478,3.2580645161290325,62,3,CAMEL-19426,CAMEL,ai_era,Bug,1
543,3.14,50,1,CAMEL-19415,CAMEL,ai_era,Bug,1
1143,8.375,48,2,CAMEL-19414,CAMEL,ai_era,Improvement,0
926,6.222222222222222,36,1,CAMEL-19381,CAMEL,ai_era,Bug,1
600,1.0,124,1,CAMEL-19417,CAMEL,ai_era,Improvement,0
1406,6.118110236220472,127,6,CAMEL-19435,CAMEL,ai_era,Improvement,0
51,4.0,2,1,CAMEL-19423,CAMEL,ai_era,Improvement,0
575,2.253731343283582,67,1,CAMEL-15105,CAMEL,ai_era,Improvement,0
856,1.20625,160,2,CAMEL-19443,CAMEL,ai_era,Bug,1
50,1.5,6,1,CAMEL-19432,CAMEL,ai_era,Bug,1
938,6.333333333333333,36,1,CAMEL-19453,CAMEL,ai_era,Improvement,0
936,6.333333333333333,36,1,CAMEL-19454,CAMEL,ai_era,Improvement,0
867,8.0,27,1,CAMEL-19455,CAMEL,ai_era,Improvement,0
3289,2.326145552560647,371,4,CAMEL-18793,CAMEL,ai_era,New Feature,0
624,3.372549019607843,51,3,CAMEL-19449,CAMEL,ai_era,Improvement,0
2287,1.239080459770115,435,4,CAMEL-19429,CAMEL,ai_era,Task,0
3242,2.4757281553398056,309,2,CAMEL-19456,CAMEL,ai_era,Improvement,0
419,14.1,10,1,CAMEL-19476,CAMEL,ai_era,Bug,1
20776,3.250130276185513,1919,46,CAMEL-19307,CAMEL,ai_era,New Feature,0
556,1.0,123,1,CAMEL-19470,CAMEL,ai_era,Bug,1
146,1.263157894736842,19,2,CAMEL-19477,CAMEL,ai_era,Improvement,0
116,2.3333333333333335,12,1,CAMEL-19486,CAMEL,ai_era,Bug,1
776,1.945945945945946,74,4,CAMEL-19130,CAMEL,ai_era,Dependency upgrade,0
5739,3.1744,625,9,CAMEL-19478,CAMEL,ai_era,Improvement,0
913,14.333333333333334,9,1,CAMEL-19499,CAMEL,ai_era,Task,0
983,3.4237288135593222,59,2,CAMEL-19330,CAMEL,ai_era,Improvement,0
739,6.107142857142857,28,1,CAMEL-19509,CAMEL,ai_era,Bug,1
175,2.5,18,1,CAMEL-19497,CAMEL,ai_era,Task,0
2322,10.217948717948717,78,1,CAMEL-19492,CAMEL,ai_era,Task,0
3235,2.4727793696275073,349,3,CAMEL-19479,CAMEL,ai_era,Improvement,0
160,5.833333333333333,6,1,CAMEL-19502,CAMEL,ai_era,Improvement,0
499,2.123076923076923,65,5,CAMEL-19279,CAMEL,ai_era,New Feature,0
35,1.25,4,1,CAMEL-19285,CAMEL,ai_era,Bug,1
7121,1.382800608828006,1314,12,CAMEL-19485,CAMEL,ai_era,Dependency upgrade,0
1961,4.076190476190476,105,2,CAMEL-19564,CAMEL,ai_era,Improvement,0
4369,3.270935960591133,609,5,CAMEL-19570,CAMEL,ai_era,Bug,1
7,1.0,1,1,CAMEL-19577,CAMEL,ai_era,Task,0
3642,4.7413249211356465,317,3,CAMEL-19571,CAMEL,ai_era,Improvement,0
417,2.1944444444444446,36,4,CAMEL-19580,CAMEL,ai_era,Improvement,0
211,1.0769230769230769,39,2,CAMEL-19566,CAMEL,ai_era,Bug,1
164,1.5,14,1,CAMEL-19198,CAMEL,ai_era,Bug,1
231,5.25,8,1,CAMEL-19200,CAMEL,ai_era,Task,0
1271,2.0,146,9,CAMEL-19190,CAMEL,ai_era,Bug,1
58,2.75,4,1,CAMEL-19202,CAMEL,ai_era,Task,0
1634,3.202247191011236,89,10,CAMEL-19585,CAMEL,ai_era,Improvement,0
142,2.6666666666666665,9,1,CAMEL-19199,CAMEL,ai_era,Bug,1
284,1.2439024390243902,41,3,CAMEL-19188,CAMEL,ai_era,New Feature,0
581,1.8095238095238095,84,4,CAMEL-19211,CAMEL,ai_era,Improvement,0
56,2.5,2,1,CAMEL-19203,CAMEL,ai_era,Task,0
654,2.138888888888889,72,6,CAMEL-19205,CAMEL,ai_era,Improvement,0
130,1.9333333333333333,15,1,CAMEL-19194,CAMEL,ai_era,Task,0
5748,3.911392405063291,474,25,CAMEL-18551,CAMEL,ai_era,New Feature,0
362,1.1944444444444444,36,3,CAMEL-19214,CAMEL,ai_era,Improvement,0
196,2.6153846153846154,13,3,CAMEL-19216,CAMEL,ai_era,Improvement,0
76,2.75,4,1,CAMEL-18923,CAMEL,ai_era,Improvement,0
61,2.0,6,1,CAMEL-19220,CAMEL,ai_era,Bug,1
209,2.6153846153846154,13,3,CAMEL-19219,CAMEL,ai_era,Improvement,0
821,5.285714285714286,28,1,CAMEL-19221,CAMEL,ai_era,Task,0
1239,1.826086956521739,138,15,CAMEL-19023,CAMEL,ai_era,New Feature,0
1313,5.638297872340425,47,4,CAMEL-19227,CAMEL,ai_era,Improvement,0
648,6.041666666666667,24,2,CAMEL-19226,CAMEL,ai_era,Improvement,0
106,2.6,5,1,CAMEL-19232,CAMEL,ai_era,Improvement,0
1121,3.730769230769231,78,3,CAMEL-19173,CAMEL,ai_era,Improvement,0
217,4.444444444444445,9,1,CAMEL-19237,CAMEL,ai_era,Improvement,0
158,1.1666666666666667,36,1,CAMEL-19224,CAMEL,ai_era,Bug,1
47,1.4,10,1,CAMEL-19245,CAMEL,ai_era,Improvement,0
2469,2.0166666666666666,300,3,CAMEL-19244,CAMEL,ai_era,Improvement,0
3069,4.0256410256410255,195,20,CAMEL-19134,CAMEL,ai_era,Dependency upgrade,0
28,5.0,1,1,CAMEL-19249,CAMEL,ai_era,Bug,1
146,3.125,8,1,CAMEL-19248,CAMEL,ai_era,Task,0
322,5.222222222222222,18,1,CAMEL-19234,CAMEL,ai_era,Improvement,0
106,2.6,5,1,CAMEL-19231,CAMEL,ai_era,Improvement,0
3677,2.3735955056179776,356,3,CAMEL-19240,CAMEL,ai_era,Task,0
411,2.8823529411764706,34,1,CAMEL-19242,CAMEL,ai_era,Bug,1
115,22.0,1,1,CAMEL-19250,CAMEL,ai_era,Bug,1
386,2.138888888888889,36,3,CAMEL-19238,CAMEL,ai_era,Improvement,0
334,4.166666666666667,12,1,CAMEL-19235,CAMEL,ai_era,Improvement,0
1335,5.680851063829787,47,4,CAMEL-19255,CAMEL,ai_era,Bug,1
234,2.6315789473684212,19,1,CAMEL-19257,CAMEL,ai_era,Bug,1
663,4.607142857142857,28,1,CAMEL-19259,CAMEL,ai_era,Bug,1
1249,2.4545454545454546,154,9,CAMEL-19239,CAMEL,ai_era,Improvement,0
651,5.761904761904762,21,2,CAMEL-19108,CAMEL,ai_era,Improvement,0
350,4.636363636363637,22,1,CAMEL-19236,CAMEL,ai_era,New Feature,0
430,1.0097087378640777,103,1,CAMEL-19266,CAMEL,ai_era,Improvement,0
359,3.0,25,1,CAMEL-19256,CAMEL,ai_era,Bug,1
220,4.818181818181818,11,1,CAMEL-19160,CAMEL,ai_era,Improvement,0
847,1.5040650406504066,123,1,CAMEL-18904,CAMEL,ai_era,New Feature,0
322,2.4482758620689653,29,2,CAMEL-19269,CAMEL,ai_era,Improvement,0
612,3.9411764705882355,34,4,CAMEL-19272,CAMEL,ai_era,Improvement,0
2730,10.72108843537415,147,7,CAMEL-19270,CAMEL,ai_era,New Feature,0
680,8.368421052631579,19,1,CAMEL-19271,CAMEL,ai_era,Bug,1
258,2.4,15,3,CAMEL-19286,CAMEL,ai_era,Improvement,0
1325,2.272727272727273,154,11,CAMEL-19280,CAMEL,ai_era,New Feature,0
1637,1.9613259668508287,181,3,CAMEL-18943,CAMEL,ai_era,Dependency upgrade,0
89,5.0,3,1,CAMEL-19293,CAMEL,ai_era,Bug,1
10481,7.413793103448276,870,24,CAMEL-19287,CAMEL,ai_era,Dependency upgrade,0
55,1.8,5,1,CAMEL-18985,CAMEL,ai_era,Bug,1
2520,1.22883295194508,437,17,CAMEL-19230,CAMEL,ai_era,New Feature,0
499,3.3714285714285714,35,2,CAMEL-19575,CAMEL,ai_era,Bug,1
193,1.2608695652173914,23,2,CAMEL-19586,CAMEL,ai_era,Improvement,0
7678,2.0018814675446848,1063,45,CAMEL-18928,CAMEL,ai_era,Task,0
919,5.416666666666667,36,2,CAMEL-19592,CAMEL,ai_era,Improvement,0
775,1.9506172839506173,81,3,CAMEL-19593,CAMEL,ai_era,New Feature,0
2308,1.905128205128205,390,4,CAMEL-18261,CAMEL,ai_era,Improvement,0
5010,3.225114854517611,653,7,CAMEL-19412,CAMEL,ai_era,Wish,0
120,5.0,7,1,CAMEL-19563,CAMEL,ai_era,Task,0
1239,1.1625,240,4,CAMEL-19444,CAMEL,ai_era,Task,0
4690,3.4541666666666666,480,9,CAMEL-19601,CAMEL,ai_era,New Feature,0
206,1.25,28,2,CAMEL-19605,CAMEL,ai_era,Dependency upgrade,0
1430,5.17741935483871,62,1,CAMEL-19603,CAMEL,ai_era,Bug,1
34,1.0,7,1,CAMEL-19558,CAMEL,ai_era,Improvement,0
110,6.0,2,1,CAMEL-19573,CAMEL,ai_era,Improvement,0
735,3.971014492753623,69,1,CAMEL-19496,CAMEL,ai_era,Improvement,0
1066,5.486486486486487,37,2,CAMEL-19466,CAMEL,ai_era,Improvement,0
113,2.142857142857143,7,1,CAMEL-19594,CAMEL,ai_era,Dependency upgrade,0
312,2.5384615384615383,26,1,CAMEL-19058,CAMEL,ai_era,Task,0
799,1.1476510067114094,149,5,CAMEL-18916,CAMEL,ai_era,New Feature,0
101,1.5833333333333333,12,1,CAMEL-15176,CAMEL,ai_era,Improvement,0
735,2.883116883116883,77,7,CAMEL-19612,CAMEL,ai_era,Dependency upgrade,0
1069,5.853658536585366,41,2,CAMEL-19614,CAMEL,ai_era,Dependency upgrade,0
1734,2.8130434782608695,230,9,CAMEL-19584,CAMEL,ai_era,New Feature,0
196,2.2,15,1,CAMEL-19583,CAMEL,ai_era,Improvement,0
115,2.3333333333333335,6,2,CAMEL-19621,CAMEL,ai_era,Task,0
936,4.38,50,1,CAMEL-19615,CAMEL,ai_era,Improvement,0
4795,4.764102564102564,195,19,CAMEL-19625,CAMEL,ai_era,Dependency upgrade,0
1650,1.0,328,3,CAMEL-19630,CAMEL,ai_era,Task,0
1650,1.0,328,3,CAMEL-19629,CAMEL,ai_era,Task,0
965,6.333333333333333,36,1,CAMEL-19121,CAMEL,ai_era,Improvement,0
2130,1.4277777777777778,360,4,CAMEL-19632,CAMEL,ai_era,Task,0
65,1.8571428571428572,7,1,CAMEL-19642,CAMEL,ai_era,Task,0
2087,8.452173913043477,115,4,CAMEL-13070,CAMEL,ai_era,Improvement,0
872,4.21875,64,10,CAMEL-15968,CAMEL,ai_era,Improvement,0
11,3.0,1,1,CAMEL-16592,CAMEL,ai_era,Improvement,0
233,2.176470588235294,17,2,CAMEL-16837,CAMEL,ai_era,Improvement,0
1927,3.332,250,7,CAMEL-17986,CAMEL,ai_era,New Feature,0
2004,3.359073359073359,259,7,CAMEL-17840,CAMEL,ai_era,New Feature,0
797,2.2253521126760565,71,3,CAMEL-19646,CAMEL,ai_era,Bug,1
25365,1.4032333645735708,4268,112,CAMEL-19602,CAMEL,ai_era,Improvement,0
734,1.0064102564102564,156,2,CAMEL-19061,CAMEL,ai_era,Task,0
1036,3.28,125,6,CAMEL-18326,CAMEL,ai_era,Improvement,0
541,8.235294117647058,17,1,CAMEL-19568,CAMEL,ai_era,Bug,1
331,2.3793103448275863,29,1,CAMEL-19562,CAMEL,ai_era,Bug,1
428,2.4285714285714284,35,1,CAMEL-19650,CAMEL,ai_era,Bug,1
78,2.3333333333333335,6,1,CAMEL-19660,CAMEL,ai_era,Improvement,0
2636,6.721739130434782,230,5,CAMEL-19651,CAMEL,ai_era,Improvement,0
778,5.65625,32,3,CAMEL-19662,CAMEL,ai_era,Improvement,0
255,2.5555555555555554,18,1,CAMEL-19491,CAMEL,ai_era,Bug,1
81,1.5,12,1,CAMEL-19676,CAMEL,ai_era,Bug,1
252,1.0,53,1,CAMEL-19679,CAMEL,ai_era,Bug,1
3421,4.155038759689923,129,46,CAMEL-18234,CAMEL,ai_era,Bug,1
1332,1.9921875,128,3,CAMEL-19161,CAMEL,ai_era,Bug,1
14,1.0,2,2,CAMEL-19683,CAMEL,ai_era,Task,0
2072,3.6535433070866143,127,4,CAMEL-19588,CAMEL,ai_era,Improvement,0
239,5.222222222222222,9,1,CAMEL-19671,CAMEL,ai_era,Bug,1
2234,1.5087209302325582,344,6,CAMEL-19670,CAMEL,ai_era,Bug,1
466,2.5714285714285716,35,4,CAMEL-19692,CAMEL,ai_era,Improvement,0
137,1.7222222222222223,18,1,CAMEL-19225,CAMEL,ai_era,Improvement,0
1440,5.126984126984127,63,1,CAMEL-19693,CAMEL,ai_era,Bug,1
1199,5.645161290322581,62,4,CAMEL-19487,CAMEL,ai_era,Bug,1
240,5.444444444444445,9,1,CAMEL-19702,CAMEL,ai_era,Bug,1
432,4.083333333333333,24,1,CAMEL-19701,CAMEL,ai_era,Bug,1
766,2.0306122448979593,98,1,CAMEL-19675,CAMEL,ai_era,Bug,1
1042,1.1435406698564594,209,1,CAMEL-19691,CAMEL,ai_era,Improvement,0
14767,1.1968477531857813,2982,66,CAMEL-19673,CAMEL,ai_era,Improvement,0
856,4.56,25,1,CAMEL-19637,CAMEL,ai_era,Dependency upgrade,0
318,3.933333333333333,15,1,CAMEL-19462,CAMEL,ai_era,Task,0
37,3.0,3,1,CAMEL-19689,CAMEL,ai_era,Improvement,0
286,2.033333333333333,30,1,CAMEL-19498,CAMEL,ai_era,Bug,1
329,1.8095238095238095,42,2,CAMEL-19721,CAMEL,ai_era,Improvement,0
203,6.142857142857143,7,1,CAMEL-19719,CAMEL,ai_era,Bug,1
1633,2.6451612903225805,186,4,CAMEL-19724,CAMEL,ai_era,Bug,1
117,1.8181818181818181,11,1,CAMEL-19627,CAMEL,ai_era,Improvement,0
1001,6.486486486486487,37,1,CAMEL-19726,CAMEL,ai_era,New Feature,0
1592,4.891304347826087,46,8,CAMEL-19709,CAMEL,ai_era,Improvement,0
71,1.3333333333333333,3,1,CAMEL-19728,CAMEL,ai_era,Task,0
1398,1.903361344537815,238,3,CAMEL-18917,CAMEL,ai_era,Improvement,0
211,4.1,10,1,CAMEL-19729,CAMEL,ai_era,Bug,1
3621,1.8024193548387097,496,20,CAMEL-12317,CAMEL,ai_era,New Feature,0
371,4.375,8,2,CAMEL-19736,CAMEL,ai_era,Improvement,0
185,2.1666666666666665,18,1,CAMEL-19738,CAMEL,ai_era,Bug,1
2000,6.27027027027027,74,4,CAMEL-19732,CAMEL,ai_era,Task,0
700,1.7078651685393258,89,3,CAMEL-19740,CAMEL,ai_era,New Feature,0
1446,1.7077922077922079,154,18,CAMEL-18635,CAMEL,ai_era,New Feature,0
3773,3.858447488584475,219,11,CAMEL-19739,CAMEL,ai_era,New Feature,0
345,2.433333333333333,30,1,CAMEL-19656,CAMEL,ai_era,Improvement,0
484,4.448275862068965,29,1,CAMEL-19744,CAMEL,ai_era,Bug,1
1469,7.473684210526316,57,2,CAMEL-19764,CAMEL,ai_era,Bug,1
78,1.2857142857142858,7,1,CAMEL-19766,CAMEL,ai_era,Bug,1
2701,5.721649484536083,97,11,CAMEL-19747,CAMEL,ai_era,New Feature,0
172,1.894736842105263,19,1,CAMEL-19754,CAMEL,ai_era,Task,0
156,2.4166666666666665,12,2,CAMEL-19771,CAMEL,ai_era,Improvement,0
601,10.25,16,1,CAMEL-19768,CAMEL,ai_era,Bug,1
2349,4.403973509933775,151,6,CAMEL-19748,CAMEL,ai_era,Task,0
1211,1.0722222222222222,360,3,CAMEL-19908,CAMEL,ai_era,Task,0
1354,5.627450980392157,51,4,CAMEL-19774,CAMEL,ai_era,Improvement,0
1897,6.185714285714286,70,3,CAMEL-19802,CAMEL,ai_era,Improvement,0
1022,6.648648648648648,37,1,CAMEL-19910,CAMEL,ai_era,Bug,1
1115,6.651162790697675,43,1,CAMEL-19909,CAMEL,ai_era,Task,0
1782,2.5205992509363297,267,8,CAMEL-19911,CAMEL,ai_era,Improvement,0
90,2.6,5,1,CAMEL-19913,CAMEL,ai_era,Improvement,0
5683,6.037974683544304,395,12,CAMEL-19820,CAMEL,ai_era,Improvement,0
1620,10.493150684931507,73,6,CAMEL-19877,CAMEL,ai_era,New Feature,0
8069,4.6649029982363315,567,16,CAMEL-19912,CAMEL,ai_era,Improvement,0
23,1.0,5,1,CAMEL-19919,CAMEL,ai_era,Improvement,0
1280,2.6538461538461537,104,9,CAMEL-19924,CAMEL,ai_era,Improvement,0
2856,7.598360655737705,122,4,CAMEL-19926,CAMEL,ai_era,Improvement,0
3048,1.2320534223706177,599,3,CAMEL-19921,CAMEL,ai_era,Task,0
1696,6.0701754385964914,57,5,CAMEL-19927,CAMEL,ai_era,Task,0
14,1.0,2,2,CAMEL-19930,CAMEL,ai_era,Dependency upgrade,0
247,3.5,6,2,CAMEL-19644,CAMEL,ai_era,New Feature,0
978,3.1857142857142855,70,5,CAMEL-19928,CAMEL,ai_era,Test,0
268,1.0,53,1,CAMEL-19864,CAMEL,ai_era,Task,0
583,2.5454545454545454,44,1,CAMEL-19931,CAMEL,ai_era,Bug,1
142,2.75,12,1,CAMEL-19879,CAMEL,ai_era,New Feature,0
110,6.0,2,1,CAMEL-19862,CAMEL,ai_era,Task,0
1163,3.816326530612245,98,4,CAMEL-19937,CAMEL,ai_era,Improvement,0
987,2.5454545454545454,99,3,CAMEL-19936,CAMEL,ai_era,Improvement,0
3511,3.6782178217821784,404,9,CAMEL-19778,CAMEL,ai_era,New Feature,0
283,5.923076923076923,13,1,CAMEL-19806,CAMEL,ai_era,New Feature,0
151,6.75,4,1,CAMEL-19942,CAMEL,ai_era,Improvement,0
203,5.857142857142857,7,1,CAMEL-19940,CAMEL,ai_era,Improvement,0
1258,6.583333333333333,48,2,CAMEL-19932,CAMEL,ai_era,New Feature,0
210,2.5833333333333335,24,1,CAMEL-19918,CAMEL,ai_era,Bug,1
1108,6.634146341463414,41,1,CAMEL-19948,CAMEL,ai_era,Improvement,0
73,2.8,5,1,CAMEL-19939,CAMEL,ai_era,Improvement,0
1136,6.318181818181818,44,1,CAMEL-19949,CAMEL,ai_era,Improvement,0
264,1.3888888888888888,36,1,CAMEL-19953,CAMEL,ai_era,Improvement,0
5085,4.656565656565657,396,7,CAMEL-19952,CAMEL,ai_era,Improvement,0
586,2.5681818181818183,44,1,CAMEL-19957,CAMEL,ai_era,Bug,1
1715,4.333333333333333,72,3,CAMEL-19950,CAMEL,ai_era,Improvement,0
74,1.0,10,1,CAMEL-15625,CAMEL,ai_era,New Feature,0
3031,4.598540145985401,137,5,CAMEL-19960,CAMEL,ai_era,New Feature,0
194,1.0,1,1,CAMEL-19962,CAMEL,ai_era,Task,0
494,2.046511627906977,43,4,CAMEL-19965,CAMEL,ai_era,Dependency upgrade,0
946,6.444444444444445,36,1,CAMEL-19970,CAMEL,ai_era,Bug,1
108,1.5384615384615385,13,1,CAMEL-19068,CAMEL,ai_era,Bug,1
14861,5.447771124417831,1503,30,CAMEL-19954,CAMEL,ai_era,Dependency upgrade,0
2787,6.473469387755102,245,5,CAMEL-19827,CAMEL,ai_era,Bug,1
1259,5.344827586206897,58,2,CAMEL-19982,CAMEL,ai_era,Bug,1
6601,3.919207317073171,656,10,CAMEL-17040,CAMEL,ai_era,Improvement,0
583,1.6419753086419753,81,2,CAMEL-19967,CAMEL,ai_era,Bug,1
584,5.833333333333333,30,1,CAMEL-19988,CAMEL,ai_era,Improvement,0
77,3.0,5,1,CAMEL-19968,CAMEL,ai_era,Bug,1
601,2.4375,48,2,CAMEL-19995,CAMEL,ai_era,New Feature,0
112,1.6153846153846154,13,1,CAMEL-19996,CAMEL,ai_era,Bug,1
64,2.0,7,1,CAMEL-20002,CAMEL,ai_era,Improvement,0
283,3.1176470588235294,17,2,CAMEL-19994,CAMEL,ai_era,New Feature,0
265,1.0754716981132075,53,1,CAMEL-20000,CAMEL,ai_era,Bug,1
146,3.5555555555555554,9,1,CAMEL-20013,CAMEL,ai_era,Improvement,0
146,1.1538461538461537,26,1,CAMEL-20010,CAMEL,ai_era,Bug,1
3040,2.3026315789473686,304,1,CAMEL-19998,CAMEL,ai_era,Improvement,0
1368,3.305263157894737,95,5,CAMEL-8306,CAMEL,ai_era,Improvement,0
1126,2.0416666666666665,96,7,CAMEL-20011,CAMEL,ai_era,Improvement,0
119,1.4615384615384615,13,1,CAMEL-19975,CAMEL,ai_era,Bug,1
909,5.96969696969697,33,2,CAMEL-20026,CAMEL,ai_era,Improvement,0
379,4.56,25,2,CAMEL-20001,CAMEL,ai_era,Bug,1
1022,13.555555555555555,9,1,CAMEL-20031,CAMEL,ai_era,Bug,1
279,1.4333333333333333,30,5,CAMEL-19907,CAMEL,ai_era,New Feature,0
1028,12.4,10,1,CAMEL-20032,CAMEL,ai_era,Bug,1
681,3.4791666666666665,48,1,CAMEL-20028,CAMEL,ai_era,Bug,1
2426,1.3428571428571427,420,4,CAMEL-19707,CAMEL,ai_era,Improvement,0
1245,3.19,100,4,CAMEL-20038,CAMEL,ai_era,Improvement,0
601,7.428571428571429,14,1,CAMEL-20017,CAMEL,ai_era,Bug,1
601,10.25,16,1,CAMEL-20037,CAMEL,ai_era,Bug,1
66,15.0,2,1,CAMEL-20022,CAMEL,ai_era,Task,0
2653,1.278688524590164,427,5,CAMEL-20036,CAMEL,ai_era,New Feature,0
4805,1.0369668246445498,1055,26,CAMEL-20025,CAMEL,ai_era,Improvement,0
355,4.066666666666666,30,1,CAMEL-19493,CAMEL,ai_era,Task,0
198,3.5384615384615383,13,1,CAMEL-20054,CAMEL,ai_era,Bug,1
472,3.0454545454545454,44,1,CAMEL-20051,CAMEL,ai_era,Task,0
4779,2.99492385786802,394,15,CAMEL-20048,CAMEL,ai_era,Improvement,0
92,2.142857142857143,7,1,CAMEL-20053,CAMEL,ai_era,Bug,1
839,4.833333333333333,36,2,CAMEL-20052,CAMEL,ai_era,Dependency upgrade,0
14,1.0,2,2,CAMEL-20063,CAMEL,ai_era,Dependency upgrade,0
586,3.1272727272727274,55,3,CAMEL-20039,CAMEL,ai_era,Improvement,0
94,2.076923076923077,13,1,CAMEL-20070,CAMEL,ai_era,Improvement,0
133,1.0,26,2,CAMEL-19997,CAMEL,ai_era,Improvement,0
432,2.0,54,2,CAMEL-20078,CAMEL,ai_era,New Feature,0
834,1.2954545454545454,132,3,CAMEL-19961,CAMEL,ai_era,Improvement,0
427,4.0,29,3,CAMEL-20083,CAMEL,ai_era,New Feature,0
473,1.9166666666666667,60,1,CAMEL-20092,CAMEL,ai_era,Bug,1
1466,5.333333333333333,126,6,CAMEL-20061,CAMEL,ai_era,Improvement,0
2297,3.408536585365854,164,5,CAMEL-15211,CAMEL,ai_era,Improvement,0
346,2.433333333333333,30,1,CAMEL-20085,CAMEL,ai_era,Improvement,0
1384,2.8958333333333335,96,21,CAMEL-20087,CAMEL,ai_era,Improvement,0
502,2.9361702127659575,47,2,CAMEL-20062,CAMEL,ai_era,Task,0
771,5.303030303030303,33,2,CAMEL-20033,CAMEL,ai_era,Bug,1
1021,6.648648648648648,37,1,CAMEL-20086,CAMEL,ai_era,Bug,1
142,1.0769230769230769,26,1,CAMEL-19905,CAMEL,ai_era,Improvement,0
205,1.0,47,1,CAMEL-20102,CAMEL,ai_era,Improvement,0
271,3.08,25,3,CAMEL-20101,CAMEL,ai_era,Improvement,0
257,6.444444444444445,9,1,CAMEL-20100,CAMEL,ai_era,Bug,1
71,3.1666666666666665,6,1,CAMEL-19828,CAMEL,ai_era,Bug,1
111,1.75,16,1,CAMEL-20094,CAMEL,ai_era,Task,0
962,2.783333333333333,120,5,CAMEL-20110,CAMEL,ai_era,Improvement,0
309,2.576923076923077,26,1,CAMEL-20103,CAMEL,ai_era,Bug,1
32,1.25,4,1,CAMEL-20114,CAMEL,ai_era,Improvement,0
93,1.3636363636363635,11,1,CAMEL-20107,CAMEL,ai_era,Improvement,0
37,1.5,4,1,CAMEL-20067,CAMEL,ai_era,Improvement,0
604,2.3125,64,2,CAMEL-20122,CAMEL,ai_era,Improvement,0
94,1.3571428571428572,14,1,CAMEL-20124,CAMEL,ai_era,Bug,1
268,8.0,7,1,CAMEL-20125,CAMEL,ai_era,Improvement,0
4090,2.0714285714285716,504,4,CAMEL-20127,CAMEL,ai_era,Improvement,0
3638,4.925566343042071,309,3,CAMEL-20056,CAMEL,ai_era,New Feature,0
26,2.0,1,1,CAMEL-20129,CAMEL,ai_era,Dependency upgrade,0
3984,2.996,250,26,CAMEL-20132,CAMEL,ai_era,Task,0
562,2.590909090909091,44,3,CAMEL-20044,CAMEL,ai_era,Bug,1
8725,2.7539543057996485,1138,23,CAMEL-20137,CAMEL,ai_era,Improvement,0
108,2.6,5,1,CAMEL-20144,CAMEL,ai_era,Dependency upgrade,0
5226,1.7001434720229556,697,3,CAMEL-20136,CAMEL,ai_era,Improvement,0
235,2.142857142857143,21,1,CAMEL-20145,CAMEL,ai_era,Improvement,0
1606,1.2472324723247232,271,2,CAMEL-20131,CAMEL,ai_era,Improvement,0
2023,2.6300578034682083,173,4,CAMEL-20143,CAMEL,ai_era,Bug,1
723,2.0253164556962027,79,2,CAMEL-20140,CAMEL,ai_era,Bug,1
1623,9.361702127659575,47,3,CAMEL-18768,CAMEL,ai_era,Improvement,0
216,1.96,25,2,CAMEL-20150,CAMEL,ai_era,Improvement,0
468,2.1372549019607843,51,1,CAMEL-20115,CAMEL,ai_era,New Feature,0
1302,18.238095238095237,21,1,CAMEL-20151,CAMEL,ai_era,Improvement,0
1311,18.333333333333332,21,1,CAMEL-20154,CAMEL,ai_era,New Feature,0
5523,2.8651399491094147,393,31,CAMEL-20161,CAMEL,ai_era,Task,0
1131,4.536585365853658,82,16,CAMEL-20157,CAMEL,ai_era,New Feature,0
207,3.0833333333333335,12,2,CAMEL-20162,CAMEL,ai_era,New Feature,0
1027,2.5714285714285716,91,1,CAMEL-20152,CAMEL,ai_era,Bug,1
440,5.846153846153846,13,2,CAMEL-20164,CAMEL,ai_era,New Feature,0
1492,7.614035087719298,57,2,CAMEL-20156,CAMEL,ai_era,Bug,1
1351,3.4776119402985075,67,3,CAMEL-20170,CAMEL,ai_era,Improvement,0
2029,3.0,114,6,CAMEL-20173,CAMEL,ai_era,Bug,1
5357,1.1132623426911907,1033,7,CAMEL-20172,CAMEL,ai_era,New Feature,0
173,1.896551724137931,29,1,CAMEL-20174,CAMEL,ai_era,Improvement,0
1115,3.4363636363636365,55,5,CAMEL-20179,CAMEL,ai_era,Improvement,0
2269,5.417721518987341,79,9,CAMEL-20180,CAMEL,ai_era,Improvement,0
1812,2.335227272727273,176,4,CAMEL-20182,CAMEL,ai_era,Improvement,0
1323,7.55,40,2,CAMEL-20178,CAMEL,ai_era,Improvement,0
106,3.4285714285714284,7,1,CAMEL-20165,CAMEL,ai_era,Improvement,0
83955,1.0058816811329374,17512,215,CAMEL-20079,CAMEL,ai_era,Bug,1
505,5.352941176470588,17,4,CAMEL-20186,CAMEL,ai_era,New Feature,0
619,7.857142857142857,14,1,CAMEL-20188,CAMEL,ai_era,Task,0
1924,5.71578947368421,95,4,CAMEL-20181,CAMEL,ai_era,Improvement,0
437,6.884615384615385,26,5,CAMEL-20185,CAMEL,ai_era,New Feature,0
142,2.25,16,1,CAMEL-20163,CAMEL,ai_era,Task,0
1060,7.675,40,2,CAMEL-20193,CAMEL,ai_era,Improvement,0
1499,8.5,56,3,CAMEL-20197,CAMEL,ai_era,Improvement,0
127,1.0,22,2,CAMEL-20198,CAMEL,ai_era,Dependency upgrade,0
196,2.4285714285714284,21,2,CAMEL-20204,CAMEL,ai_era,Bug,1
1183,3.819672131147541,61,3,CAMEL-19770,CAMEL,ai_era,Task,0
7021,4.206842923794713,643,10,CAMEL-19723,CAMEL,ai_era,New Feature,0
3339,2.4293628808864267,361,3,CAMEL-20120,CAMEL,ai_era,Improvement,0
912,2.888888888888889,72,4,CAMEL-20211,CAMEL,ai_era,Improvement,0
403,2.6,40,1,CAMEL-20213,CAMEL,ai_era,Bug,1
581,2.6363636363636362,44,1,CAMEL-20209,CAMEL,ai_era,Improvement,0
289,2.0,29,3,CAMEL-20212,CAMEL,ai_era,Improvement,0
435,14.5,10,1,CAMEL-20210,CAMEL,ai_era,Bug,1
35,1.2857142857142858,7,1,CAMEL-19734,CAMEL,ai_era,Bug,1
882,2.789473684210526,76,1,CAMEL-20214,CAMEL,ai_era,Bug,1
356,1.0,63,3,CAMEL-20166,CAMEL,ai_era,New Feature,0
149,1.1666666666666667,24,2,CAMEL-20220,CAMEL,ai_era,New Feature,0
31,1.3333333333333333,6,1,CAMEL-20224,CAMEL,ai_era,Task,0
28,3.0,1,1,CAMEL-20229,CAMEL,ai_era,New Feature,0
110,5.0,4,2,CAMEL-20232,CAMEL,ai_era,Bug,1
255,4.2,10,1,CAMEL-20233,CAMEL,ai_era,Improvement,0
2861,3.6063348416289593,221,3,CAMEL-17825,CAMEL,ai_era,New Feature,0
578,1.4395604395604396,91,1,CAMEL-20231,CAMEL,ai_era,Improvement,0
140,1.3043478260869565,23,1,CAMEL-20235,CAMEL,ai_era,Task,0
137,1.9090909090909092,11,1,CAMEL-20241,CAMEL,ai_era,Improvement,0
4629,3.8644444444444446,450,9,CAMEL-20230,CAMEL,ai_era,Improvement,0
2471,4.125,144,8,CAMEL-18082,CAMEL,ai_era,New Feature,0
820,6.666666666666667,30,2,CAMEL-20245,CAMEL,ai_era,Improvement,0
1610,1.9814814814814814,162,10,CAMEL-20242,CAMEL,ai_era,Improvement,0
557,1.8928571428571428,56,2,CAMEL-17721,CAMEL,ai_era,Bug,1
5236,3.5386100386100385,518,8,CAMEL-20243,CAMEL,ai_era,Improvement,0
53,2.0,6,1,CAMEL-18590,CAMEL,ai_era,Improvement,0
458,1.627906976744186,43,6,CAMEL-20250,CAMEL,ai_era,Bug,1
351,2.727272727272727,22,7,CAMEL-20219,CAMEL,ai_era,Improvement,0
6233,1.0145148968678381,1309,10,CAMEL-20259,CAMEL,ai_era,Task,0
1702,3.4126984126984126,126,12,CAMEL-20249,CAMEL,ai_era,Improvement,0
210,1.40625,32,1,CAMEL-20256,CAMEL,ai_era,Task,0
531,1.4794520547945205,73,3,CAMEL-20254,CAMEL,ai_era,Bug,1
497,2.0555555555555554,54,2,CAMEL-20267,CAMEL,ai_era,Task,0
95,1.8571428571428572,7,2,CAMEL-20271,CAMEL,ai_era,Improvement,0
1667,2.595744680851064,235,7,CAMEL-19262,CAMEL,ai_era,Bug,1
1675,3.595744680851064,94,8,CAMEL-20273,CAMEL,ai_era,Improvement,0
3828,2.190883190883191,351,11,CAMEL-20257,CAMEL,ai_era,Task,0
2788,3.2180094786729856,211,8,CAMEL-20275,CAMEL,ai_era,Improvement,0
111,2.1818181818181817,11,1,CAMEL-20280,CAMEL,ai_era,Bug,1
754,1.1677018633540373,161,2,CAMEL-19971,CAMEL,ai_era,Dependency upgrade,0
68,1.0,18,1,CAMEL-20236,CAMEL,ai_era,Improvement,0
861,1.5625,112,3,CAMEL-18482,CAMEL,ai_era,Wish,0
2208,1.8169642857142858,224,7,CAMEL-20248,CAMEL,ai_era,Bug,1
1245,3.217391304347826,69,15,CAMEL-20251,CAMEL,ai_era,New Feature,0
1473,3.012987012987013,77,22,CAMEL-20270,CAMEL,ai_era,New Feature,0
1797,2.0689655172413794,232,14,CAMEL-20277,CAMEL,ai_era,New Feature,0
563,1.5714285714285714,63,2,CAMEL-20303,CAMEL,ai_era,Improvement,0
81,1.2222222222222223,9,1,CAMEL-20298,CAMEL,ai_era,Improvement,0
1729,2.0862944162436547,197,9,CAMEL-20234,CAMEL,ai_era,Task,0
576,1.4555555555555555,90,1,CAMEL-20301,CAMEL,ai_era,Bug,1
28,2.0,3,1,CAMEL-20264,CAMEL,ai_era,Task,0
2343,1.9113924050632911,395,4,CAMEL-18969,CAMEL,ai_era,Improvement,0
95,1.1,10,2,CAMEL-20334,CAMEL,ai_era,Bug,1
294,1.3333333333333333,36,2,CAMEL-20218,CAMEL,ai_era,Bug,1
361,2.2,25,2,CAMEL-20121,CAMEL,ai_era,Bug,1
390,1.271186440677966,59,2,CAMEL-20306,CAMEL,ai_era,Improvement,0
21,1.0,3,1,CAMEL-20340,CAMEL,ai_era,Bug,1
1322,1.380952380952381,126,16,CAMEL-20302,CAMEL,ai_era,Improvement,0
51,6.0,3,1,CAMEL-20342,CAMEL,ai_era,Bug,1
75,3.3333333333333335,3,1,CAMEL-20292,CAMEL,ai_era,Bug,1
785,3.9672131147540983,61,1,CAMEL-20346,CAMEL,ai_era,Improvement,0
113,3.1818181818181817,11,2,CAMEL-20339,CAMEL,ai_era,Bug,1
89,2.875,8,1,CAMEL-20358,CAMEL,ai_era,Improvement,0
975,2.3297872340425534,94,11,CAMEL-20297,CAMEL,ai_era,Task,0
75,3.6,5,1,CAMEL-20356,CAMEL,ai_era,Bug,1
544,8.294117647058824,17,1,CAMEL-20362,CAMEL,ai_era,Bug,1
162,2.8333333333333335,12,1,CAMEL-20350,CAMEL,ai_era,Bug,1
1754,4.130841121495327,107,5,CAMEL-20363,CAMEL,ai_era,Improvement,0
1035,2.564814814814815,108,5,CAMEL-20253,CAMEL,ai_era,Improvement,0
152,1.0,30,1,CAMEL-21042,CAMEL,ai_era,Task,0
1452,6.7924528301886795,53,1,CAMEL-21052,CAMEL,ai_era,Improvement,0
309,2.9473684210526314,19,1,CAMEL-20998,CAMEL,ai_era,Bug,1
283,1.1428571428571428,56,3,CAMEL-21055,CAMEL,ai_era,Improvement,0
2281,6.215909090909091,88,2,CAMEL-21059,CAMEL,ai_era,Bug,1
69,2.111111111111111,9,1,CAMEL-21064,CAMEL,ai_era,Improvement,0
1974,3.2761194029850746,134,6,CAMEL-21071,CAMEL,ai_era,Improvement,0
12709,1.6945309026233881,2249,24,CAMEL-20364,CAMEL,ai_era,Improvement,0
506,1.379746835443038,79,4,CAMEL-21067,CAMEL,ai_era,Task,0
80,4.75,4,1,CAMEL-21070,CAMEL,ai_era,Improvement,0
328,1.6388888888888888,36,4,CAMEL-21075,CAMEL,ai_era,Bug,1
619,2.727272727272727,55,4,CAMEL-21000,CAMEL,ai_era,New Feature,0
1990,4.295454545454546,132,2,CAMEL-21076,CAMEL,ai_era,Bug,1
962,2.911764705882353,68,6,CAMEL-21054,CAMEL,ai_era,Improvement,0
1648,2.0859375,256,4,CAMEL-20869,CAMEL,ai_era,Improvement,0
1626,11.794871794871796,39,2,CAMEL-21089,CAMEL,ai_era,Improvement,0
2581,5.968253968253968,126,3,CAMEL-21086,CAMEL,ai_era,Improvement,0
240,1.135135135135135,37,1,CAMEL-20638,CAMEL,ai_era,Improvement,0
5035,3.449238578680203,394,11,CAMEL-21081,CAMEL,ai_era,Improvement,0
217,6.571428571428571,7,1,CAMEL-21082,CAMEL,ai_era,Bug,1
2302,3.0,150,13,CAMEL-20569,CAMEL,ai_era,Improvement,0
246,1.0,60,1,CAMEL-20774,CAMEL,ai_era,Improvement,0
678,3.217391304347826,46,1,CAMEL-21057,CAMEL,ai_era,Bug,1
73,2.2222222222222223,9,1,CAMEL-20844,CAMEL,ai_era,Bug,1
681,2.734375,64,1,CAMEL-21096,CAMEL,ai_era,Bug,1
132,1.7272727272727273,11,1,CAMEL-20992,CAMEL,ai_era,Bug,1
302,1.3055555555555556,36,4,CAMEL-21094,CAMEL,ai_era,New Feature,0
91,2.1666666666666665,12,1,CAMEL-21100,CAMEL,ai_era,Bug,1
1514,1.2553191489361701,282,4,CAMEL-20958,CAMEL,ai_era,Bug,1
5945,4.128378378378378,296,39,CAMEL-20904,CAMEL,ai_era,New Feature,0
29,4.0,1,1,CAMEL-21011,CAMEL,ai_era,Improvement,0
90,1.9,10,1,CAMEL-21101,CAMEL,ai_era,Bug,1
601,8.578947368421053,19,1,CAMEL-20938,CAMEL,ai_era,Bug,1
338,5.5,16,1,CAMEL-20979,CAMEL,ai_era,Improvement,0
833,1.1217391304347826,115,3,CAMEL-21105,CAMEL,ai_era,New Feature,0
1371,3.0153846153846153,130,5,CAMEL-21103,CAMEL,ai_era,New Feature,0
694,6.628571428571429,35,1,CAMEL-21109,CAMEL,ai_era,Bug,1
2381,1.3340857787810383,443,4,CAMEL-21116,CAMEL,ai_era,Improvement,0
291,3.6315789473684212,19,1,CAMEL-21112,CAMEL,ai_era,Bug,1
5426,4.066489361702128,376,9,CAMEL-21119,CAMEL,ai_era,New Feature,0
4549,1.6032934131736527,668,33,CAMEL-20987,CAMEL,ai_era,New Feature,0
175,7.666666666666667,6,1,CAMEL-21129,CAMEL,ai_era,Bug,1
555,3.7222222222222223,36,2,CAMEL-21139,CAMEL,ai_era,Bug,1
615,2.0,66,2,CAMEL-21135,CAMEL,ai_era,Improvement,0
422,2.3947368421052633,38,1,CAMEL-21144,CAMEL,ai_era,Improvement,0
2295,6.25,88,2,CAMEL-21130,CAMEL,ai_era,Improvement,0
125,1.625,16,1,CAMEL-21120,CAMEL,ai_era,Improvement,0
1202,3.9452054794520546,73,4,CAMEL-21140,CAMEL,ai_era,Improvement,0
1093,2.774193548387097,93,2,CAMEL-21114,CAMEL,ai_era,Bug,1
2894,6.504761904761905,105,5,CAMEL-21150,CAMEL,ai_era,Improvement,0
94,2.0,10,1,CAMEL-21154,CAMEL,ai_era,Bug,1
97,1.8181818181818181,11,1,CAMEL-21156,CAMEL,ai_era,Improvement,0
805,2.4193548387096775,62,5,CAMEL-21001,CAMEL,ai_era,New Feature,0
109,1.4,15,2,CAMEL-21157,CAMEL,ai_era,Improvement,0
2468,4.426229508196721,122,4,CAMEL-21110,CAMEL,ai_era,New Feature,0
593,2.3421052631578947,76,6,CAMEL-21159,CAMEL,ai_era,Bug,1
113,1.4166666666666667,12,1,CAMEL-21160,CAMEL,ai_era,Bug,1
8060,1.8261245674740485,1156,3,CAMEL-20986,CAMEL,ai_era,Task,0
570,5.473684210526316,19,1,CAMEL-21161,CAMEL,ai_era,Bug,1
2355,1.2018561484918793,431,8,CAMEL-21153,CAMEL,ai_era,Improvement,0
1597,1.2090032154340835,311,4,CAMEL-21163,CAMEL,ai_era,Bug,1
1689,5.3559322033898304,59,3,CAMEL-21088,CAMEL,ai_era,Improvement,0
297,3.4705882352941178,17,3,CAMEL-21168,CAMEL,ai_era,Improvement,0
131,2.4,10,1,CAMEL-21171,CAMEL,ai_era,Sub-task,0
475,7.866666666666666,15,1,CAMEL-21170,CAMEL,ai_era,Improvement,0
276,3.85,20,1,CAMEL-21176,CAMEL,ai_era,Improvement,0
599,7.761904761904762,21,1,CAMEL-21162,CAMEL,ai_era,Bug,1
236,6.25,8,1,CAMEL-21175,CAMEL,ai_era,Improvement,0
89,1.6,10,1,CAMEL-21177,CAMEL,ai_era,Improvement,0
4173,8.779874213836479,159,17,CAMEL-21142,CAMEL,ai_era,New Feature,0
1254,2.587719298245614,114,4,CAMEL-20354,CAMEL,ai_era,Bug,1
2134,8.378151260504202,119,4,CAMEL-20365,CAMEL,ai_era,Improvement,0
167,2.3636363636363638,11,2,CAMEL-19241,CAMEL,ai_era,New Feature,0
3294,6.021505376344086,279,9,CAMEL-16064,CAMEL,ai_era,New Feature,0
3653,2.3413333333333335,375,12,CAMEL-20338,CAMEL,ai_era,New Feature,0
6707,3.7566807313642756,711,25,CAMEL-20336,CAMEL,ai_era,New Feature,0
6818,3.850591715976331,676,19,CAMEL-20369,CAMEL,ai_era,Improvement,0
272,1.6923076923076923,39,2,CAMEL-20370,CAMEL,ai_era,Bug,1
894,2.5384615384615383,65,4,CAMEL-20286,CAMEL,ai_era,New Feature,0
2172,5.23,100,4,CAMEL-19956,CAMEL,ai_era,Improvement,0
44,1.0,7,1,CAMEL-20375,CAMEL,ai_era,Bug,1
141,1.5714285714285714,14,1,CAMEL-20202,CAMEL,ai_era,Improvement,0
4369,3.270935960591133,609,5,CAMEL-20372,CAMEL,ai_era,Bug,1
149,2.3636363636363638,11,1,CAMEL-20380,CAMEL,ai_era,Bug,1
74,1.3333333333333333,9,3,CAMEL-20387,CAMEL,ai_era,Improvement,0
211,2.6470588235294117,17,3,CAMEL-20386,CAMEL,ai_era,Improvement,0
1919,1.1920731707317074,328,4,CAMEL-20382,CAMEL,ai_era,Improvement,0
5518,3.9082217973231357,523,11,CAMEL-20376,CAMEL,ai_era,Improvement,0
96,1.5714285714285714,14,1,CAMEL-20239,CAMEL,ai_era,Bug,1
470,3.2439024390243905,41,6,CAMEL-20391,CAMEL,ai_era,Improvement,0
245,1.90625,32,4,CAMEL-20396,CAMEL,ai_era,Improvement,0
214,3.7333333333333334,15,1,CAMEL-20378,CAMEL,ai_era,Bug,1
1499,1.3866666666666667,225,1,CAMEL-20397,CAMEL,ai_era,Task,0
8001,3.9572192513368982,748,14,CAMEL-20355,CAMEL,ai_era,Improvement,0
1624,11.717948717948717,39,2,CAMEL-20399,CAMEL,ai_era,Bug,1
546,5.7,30,1,CAMEL-20394,CAMEL,ai_era,Bug,1
102,1.2666666666666666,15,1,CAMEL-20401,CAMEL,ai_era,Bug,1
1733,5.9640287769784175,139,15,CAMEL-20281,CAMEL,ai_era,Improvement,0
9223,1.0303030303030303,1848,28,CAMEL-20398,CAMEL,ai_era,Improvement,0
361,2.761904761904762,21,7,CAMEL-15252,CAMEL,ai_era,New Feature,0
800,6.827586206896552,29,1,CAMEL-20403,CAMEL,ai_era,Improvement,0
508,5.0,18,1,CAMEL-20333,CAMEL,ai_era,New Feature,0
146,5.75,4,1,CAMEL-20406,CAMEL,ai_era,New Feature,0
675,1.608695652173913,92,2,CAMEL-20409,CAMEL,ai_era,Improvement,0
27,2.0,1,1,CAMEL-20415,CAMEL,ai_era,Sub-task,0
1947,2.5762711864406778,236,13,CAMEL-20400,CAMEL,ai_era,Improvement,0
82,6.0,3,1,CAMEL-20418,CAMEL,ai_era,Improvement,0
660,2.4680851063829787,47,1,CAMEL-20419,CAMEL,ai_era,Improvement,0
293,2.875,24,1,CAMEL-20420,CAMEL,ai_era,Bug,1
28,2.0,1,1,CAMEL-20416,CAMEL,ai_era,Sub-task,0
190,3.1,10,2,CAMEL-20423,CAMEL,ai_era,New Feature,0
422,7.6923076923076925,13,1,CAMEL-20433,CAMEL,ai_era,Bug,1
7062,2.6865942028985508,552,17,CAMEL-20421,CAMEL,ai_era,Improvement,0
80,2.0,6,1,CAMEL-20361,CAMEL,ai_era,Improvement,0
2885,1.2920353982300885,452,19,CAMEL-20404,CAMEL,ai_era,New Feature,0
594,8.526315789473685,19,1,CAMEL-20434,CAMEL,ai_era,Bug,1
393,1.6862745098039216,51,1,CAMEL-20435,CAMEL,ai_era,Bug,1
137,2.0,7,3,CAMEL-20417,CAMEL,ai_era,Sub-task,0
1973,1.287162162162162,296,4,CAMEL-20411,CAMEL,ai_era,Improvement,0
175,2.5,20,1,CAMEL-20438,CAMEL,ai_era,Bug,1
1232,6.520833333333333,48,1,CAMEL-20442,CAMEL,ai_era,Improvement,0
408,2.230769230769231,26,4,CAMEL-20444,CAMEL,ai_era,Bug,1
631,2.6363636363636362,44,2,CAMEL-20446,CAMEL,ai_era,Improvement,0
152,1.1428571428571428,7,1,CAMEL-20440,CAMEL,ai_era,Bug,1
1237,6.541666666666667,48,1,CAMEL-20431,CAMEL,ai_era,Bug,1
28,2.0,1,1,CAMEL-20449,CAMEL,ai_era,Sub-task,0
32,3.0,1,1,CAMEL-20450,CAMEL,ai_era,Sub-task,0
1456,1.7419354838709677,155,4,CAMEL-20445,CAMEL,ai_era,Improvement,0
885,2.8026315789473686,76,1,CAMEL-20457,CAMEL,ai_era,Bug,1
25,1.0,1,1,CAMEL-20453,CAMEL,ai_era,Sub-task,0
649,2.6296296296296298,54,1,CAMEL-20460,CAMEL,ai_era,Improvement,0
28,2.0,1,1,CAMEL-20451,CAMEL,ai_era,Sub-task,0
493,1.054054054054054,111,2,CAMEL-20462,CAMEL,ai_era,Task,0
3168,2.5,300,1,CAMEL-20014,CAMEL,ai_era,Task,0
1071,2.5476190476190474,126,8,CAMEL-20019,CAMEL,ai_era,New Feature,0
112,2.0,9,3,CAMEL-20469,CAMEL,ai_era,Sub-task,0
3168,2.5,300,1,CAMEL-20422,CAMEL,ai_era,Improvement,0
79,1.6,10,2,CAMEL-20463,CAMEL,ai_era,New Feature,0
131,1.5833333333333333,24,1,CAMEL-20483,CAMEL,ai_era,Bug,1
172,2.5454545454545454,11,3,CAMEL-20476,CAMEL,ai_era,Sub-task,0
28,2.0,1,1,CAMEL-20452,CAMEL,ai_era,Sub-task,0
715,2.625,56,4,CAMEL-20470,CAMEL,ai_era,Bug,1
1405,7.1395348837209305,43,2,CAMEL-20471,CAMEL,ai_era,Improvement,0
199,2.1176470588235294,17,1,CAMEL-20484,CAMEL,ai_era,Improvement,0
1676,2.7315436241610738,149,5,CAMEL-20474,CAMEL,ai_era,Improvement,0
50,2.0,2,1,CAMEL-20498,CAMEL,ai_era,Bug,1
5960,3.4701754385964914,570,9,CAMEL-20472,CAMEL,ai_era,Improvement,0
4501,2.3178654292343386,431,6,CAMEL-20255,CAMEL,ai_era,Task,0
936,1.2568306010928962,183,3,CAMEL-20490,CAMEL,ai_era,Improvement,0
31,3.0,1,1,CAMEL-20464,CAMEL,ai_era,Sub-task,0
2381,1.2053333333333334,375,4,CAMEL-20502,CAMEL,ai_era,Improvement,0
207,3.4,15,1,CAMEL-20482,CAMEL,ai_era,Improvement,0
146,1.52,25,1,CAMEL-20495,CAMEL,ai_era,Improvement,0
221,3.0,12,3,CAMEL-20511,CAMEL,ai_era,Sub-task,0
150,1.7391304347826086,23,1,CAMEL-20508,CAMEL,ai_era,Improvement,0
238,2.8,15,2,CAMEL-20516,CAMEL,ai_era,Sub-task,0
835,2.011111111111111,90,1,CAMEL-20523,CAMEL,ai_era,Bug,1
849,1.2843137254901962,102,6,CAMEL-20515,CAMEL,ai_era,Sub-task,0
182,1.5789473684210527,19,2,CAMEL-20530,CAMEL,ai_era,Bug,1
445,6.5,14,1,CAMEL-20528,CAMEL,ai_era,Improvement,0
660,1.1166666666666667,120,4,CAMEL-20507,CAMEL,ai_era,Improvement,0
579,1.382716049382716,81,3,CAMEL-20534,CAMEL,ai_era,Improvement,0
692,4.3428571428571425,35,7,CAMEL-20520,CAMEL,ai_era,Improvement,0
1269,2.4923076923076923,130,2,CAMEL-20533,CAMEL,ai_era,Improvement,0
122,4.0,7,1,CAMEL-20538,CAMEL,ai_era,Improvement,0
1417,1.0635696821515892,409,3,CAMEL-20536,CAMEL,ai_era,New Feature,0
1157,4.585365853658536,41,2,CAMEL-20539,CAMEL,ai_era,Improvement,0
136,8.0,2,1,CAMEL-20531,CAMEL,ai_era,Improvement,0
2601,2.4245014245014245,351,8,CAMEL-20299,CAMEL,ai_era,Improvement,0
389,1.5686274509803921,51,4,CAMEL-20491,CAMEL,ai_era,Dependency upgrade,0
4757,2.0446841294298923,649,38,CAMEL-20535,CAMEL,ai_era,Improvement,0
1048,1.1476190476190475,210,1,CAMEL-20549,CAMEL,ai_era,Bug,1
275,3.869565217391304,23,1,CAMEL-20551,CAMEL,ai_era,Bug,1
790,1.8125,80,8,CAMEL-20525,CAMEL,ai_era,Improvement,0
244,3.230769230769231,13,3,CAMEL-20543,CAMEL,ai_era,New Feature,0
132,2.25,8,1,CAMEL-20517,CAMEL,ai_era,Bug,1
298,2.2962962962962963,27,1,CAMEL-20554,CAMEL,ai_era,Improvement,0
62,1.4,5,1,CAMEL-20558,CAMEL,ai_era,Bug,1
7705,2.6211412535079512,1069,14,CAMEL-20300,CAMEL,ai_era,Improvement,0
1832,5.2894736842105265,76,1,CAMEL-18090,CAMEL,ai_era,New Feature,0
266,2.823529411764706,17,2,CAMEL-20560,CAMEL,ai_era,Sub-task,0
383,1.3214285714285714,56,2,CAMEL-20545,CAMEL,ai_era,Bug,1
28,2.0,1,1,CAMEL-20504,CAMEL,ai_era,Sub-task,0
2613,1.2284069097888675,521,3,CAMEL-20518,CAMEL,ai_era,Task,0
34,1.0,1,1,CAMEL-20485,CAMEL,ai_era,New Feature,0
1948,6.315068493150685,73,2,CAMEL-20512,CAMEL,ai_era,Bug,1
321,6.2,10,4,CAMEL-20568,CAMEL,ai_era,Improvement,0
149,2.4444444444444446,9,1,CAMEL-20555,CAMEL,ai_era,Improvement,0
145,1.5,16,1,CAMEL-20579,CAMEL,ai_era,Bug,1
85,1.875,8,1,CAMEL-20559,CAMEL,ai_era,Bug,1
872,1.5809523809523809,105,6,CAMEL-20548,CAMEL,ai_era,Improvement,0
1133,4.379310344827586,116,6,CAMEL-20565,CAMEL,ai_era,New Feature,0
68,4.5,4,1,CAMEL-20576,CAMEL,ai_era,Bug,1
2027,2.3473684210526318,190,7,CAMEL-20384,CAMEL,ai_era,Task,0
19,1.0,1,1,CAMEL-20583,CAMEL,ai_era,Improvement,0
1280,1.0158730158730158,378,5,CAMEL-20587,CAMEL,ai_era,New Feature,0
350,3.4210526315789473,19,2,CAMEL-20578,CAMEL,ai_era,Task,0
1072,2.1910828025477707,157,5,CAMEL-20589,CAMEL,ai_era,Improvement,0
200,1.8636363636363635,22,1,CAMEL-20590,CAMEL,ai_era,Improvement,0
5242,3.218978102189781,685,7,CAMEL-20592,CAMEL,ai_era,Dependency upgrade,0
489,1.903225806451613,62,1,CAMEL-20705,CAMEL,ai_era,Task,0
768,3.6363636363636362,55,13,CAMEL-20595,CAMEL,ai_era,Task,0
11056,2.487592219986586,1491,6,CAMEL-20698,CAMEL,ai_era,Improvement,0
364,2.6666666666666665,21,1,CAMEL-20727,CAMEL,ai_era,Improvement,0
95,2.090909090909091,11,2,CAMEL-20724,CAMEL,ai_era,Bug,1
814,7.103448275862069,29,3,CAMEL-20652,CAMEL,ai_era,Improvement,0
52,3.4,5,1,CAMEL-20701,CAMEL,ai_era,Improvement,0
450,8.142857142857142,14,1,CAMEL-20730,CAMEL,ai_era,Improvement,0
202,2.9375,16,1,CAMEL-20717,CAMEL,ai_era,Bug,1
8760,2.2901597981497055,1189,4,CAMEL-20514,CAMEL,ai_era,Improvement,0
815,2.2967032967032965,91,1,CAMEL-20732,CAMEL,ai_era,Bug,1
431,5.333333333333333,15,1,CAMEL-20731,CAMEL,ai_era,Bug,1
1932,1.0747126436781609,522,5,CAMEL-20733,CAMEL,ai_era,Improvement,0
754,5.533333333333333,30,1,CAMEL-20736,CAMEL,ai_era,Improvement,0
315,5.8,10,1,CAMEL-20737,CAMEL,ai_era,Bug,1
4703,3.709051724137931,464,25,CAMEL-15279,CAMEL,ai_era,Improvement,0
21,1.0,1,1,CAMEL-20739,CAMEL,ai_era,New Feature,0
186,1.5789473684210527,19,2,CAMEL-20725,CAMEL,ai_era,New Feature,0
340,4.428571428571429,14,1,CAMEL-20728,CAMEL,ai_era,New Feature,0
1458,6.134328358208955,67,1,CAMEL-20745,CAMEL,ai_era,Improvement,0
357,2.4324324324324325,37,1,CAMEL-20746,CAMEL,ai_era,Bug,1
363,1.7777777777777777,45,1,CAMEL-20749,CAMEL,ai_era,Improvement,0
718,2.824561403508772,57,2,CAMEL-20748,CAMEL,ai_era,Improvement,0
185,1.6666666666666667,24,2,CAMEL-20747,CAMEL,ai_era,Improvement,0
679,3.5873015873015874,63,1,CAMEL-20750,CAMEL,ai_era,Bug,1
123,1.5333333333333334,15,1,CAMEL-20752,CAMEL,ai_era,Bug,1
129,1.0,20,2,CAMEL-20751,CAMEL,ai_era,Task,0
870,2.1325301204819276,83,2,CAMEL-20586,CAMEL,ai_era,Improvement,0
740,2.56140350877193,57,2,CAMEL-20755,CAMEL,ai_era,Improvement,0
775,2.1875,80,3,CAMEL-20757,CAMEL,ai_era,Improvement,0
1811,5.184210526315789,76,1,CAMEL-20762,CAMEL,ai_era,Improvement,0
1884,3.314516129032258,124,3,CAMEL-20761,CAMEL,ai_era,Bug,1
99,1.3333333333333333,15,1,CAMEL-20767,CAMEL,ai_era,Bug,1
249,3.0588235294117645,17,2,CAMEL-20771,CAMEL,ai_era,Bug,1
2058,3.5793650793650795,126,3,CAMEL-20766,CAMEL,ai_era,Improvement,0
245,6.083333333333333,12,1,CAMEL-20763,CAMEL,ai_era,Bug,1
156,2.05,20,2,CAMEL-20768,CAMEL,ai_era,Bug,1
54,6.5,2,1,CAMEL-20773,CAMEL,ai_era,Improvement,0
753,2.414285714285714,70,6,CAMEL-20778,CAMEL,ai_era,Bug,1
1434,1.688073394495413,109,32,CAMEL-20439,CAMEL,ai_era,Improvement,0
918,1.068421052631579,190,4,CAMEL-20754,CAMEL,ai_era,New Feature,0
3176,1.4548148148148148,675,19,CAMEL-20600,CAMEL,ai_era,Dependency upgrade,0
900,1.7454545454545454,110,3,CAMEL-20244,CAMEL,ai_era,Improvement,0
92,1.5,12,1,CAMEL-20407,CAMEL,ai_era,Improvement,0
442,3.590909090909091,22,2,CAMEL-20217,CAMEL,ai_era,New Feature,0
979,2.1869158878504673,107,23,CAMEL-20095,CAMEL,ai_era,New Feature,0
320,3.1666666666666665,24,7,CAMEL-20789,CAMEL,ai_era,Improvement,0
1258,1.206896551724138,232,3,CAMEL-20803,CAMEL,ai_era,Improvement,0
1251,1.8009049773755657,221,5,CAMEL-20795,CAMEL,ai_era,Improvement,0
1267,6.977777777777778,45,1,CAMEL-20799,CAMEL,ai_era,Bug,1
1566,5.491228070175438,57,5,CAMEL-20810,CAMEL,ai_era,Improvement,0
1710,2.6311787072243344,263,10,CAMEL-20808,CAMEL,ai_era,Improvement,0
1730,2.2108843537414966,147,4,CAMEL-20815,CAMEL,ai_era,Bug,1
113,3.0,5,1,CAMEL-20818,CAMEL,ai_era,Bug,1
1688,4.859375,64,5,CAMEL-20816,CAMEL,ai_era,Bug,1
124,1.125,16,2,CAMEL-20820,CAMEL,ai_era,Bug,1
1817,1.9340101522842639,197,6,CAMEL-20819,CAMEL,ai_era,Bug,1
64,4.5,2,1,CAMEL-20823,CAMEL,ai_era,Bug,1
707,5.176470588235294,34,1,CAMEL-20824,CAMEL,ai_era,Improvement,0
1018,9.806451612903226,31,1,CAMEL-20825,CAMEL,ai_era,New Feature,0
663,4.521739130434782,46,5,CAMEL-20821,CAMEL,ai_era,Improvement,0
273,3.6923076923076925,13,2,CAMEL-20826,CAMEL,ai_era,Task,0
813,1.8673469387755102,98,3,CAMEL-20812,CAMEL,ai_era,Bug,1
992,1.6779661016949152,118,11,CAMEL-20798,CAMEL,ai_era,Improvement,0
90,1.0833333333333333,12,2,CAMEL-19985,CAMEL,ai_era,New Feature,0
377,4.588235294117647,17,2,CAMEL-20093,CAMEL,ai_era,Improvement,0
156,1.0,23,3,CAMEL-20594,CAMEL,ai_era,New Feature,0
346,6.625,8,1,CAMEL-20601,CAMEL,ai_era,Improvement,0
1129,4.8,100,6,CAMEL-20596,CAMEL,ai_era,Improvement,0
367,3.6875,16,3,CAMEL-20602,CAMEL,ai_era,Improvement,0
1344,6.148148148148148,54,2,CAMEL-20604,CAMEL,ai_era,Improvement,0
284,2.227272727272727,22,2,CAMEL-20571,CAMEL,ai_era,Dependency upgrade,0
1087,4.947368421052632,38,4,CAMEL-20606,CAMEL,ai_era,Improvement,0
50,2.0,2,1,CAMEL-20624,CAMEL,ai_era,Bug,1
426,2.075,40,1,CAMEL-20621,CAMEL,ai_era,Improvement,0
156,4.333333333333333,9,1,CAMEL-20615,CAMEL,ai_era,Bug,1
3126,2.2961783439490446,314,1,CAMEL-20628,CAMEL,ai_era,Bug,1
253,2.3333333333333335,21,1,CAMEL-20620,CAMEL,ai_era,Improvement,0
352,1.325,40,6,CAMEL-20626,CAMEL,ai_era,Task,0
179,1.0952380952380953,21,1,CAMEL-20625,CAMEL,ai_era,New Feature,0
195,2.75,12,1,CAMEL-20635,CAMEL,ai_era,Bug,1
1347,1.5806451612903225,186,6,CAMEL-20629,CAMEL,ai_era,Improvement,0
921,9.357142857142858,28,3,CAMEL-20623,CAMEL,ai_era,Improvement,0
230,6.363636363636363,11,1,CAMEL-20637,CAMEL,ai_era,Bug,1
3158,1.4458077709611452,489,31,CAMEL-20611,CAMEL,ai_era,Task,0
298,2.888888888888889,18,3,CAMEL-20641,CAMEL,ai_era,Improvement,0
962,2.305084745762712,59,11,CAMEL-20631,CAMEL,ai_era,Improvement,0
134,2.6363636363636362,11,1,CAMEL-20643,CAMEL,ai_era,Improvement,0
109,2.0,9,1,CAMEL-20644,CAMEL,ai_era,Improvement,0
1130,4.672727272727273,55,4,CAMEL-20639,CAMEL,ai_era,Improvement,0
283,2.8333333333333335,18,2,CAMEL-20562,CAMEL,ai_era,Sub-task,0
29,2.0,1,1,CAMEL-20506,CAMEL,ai_era,Sub-task,0
897,4.8125,32,2,CAMEL-20659,CAMEL,ai_era,Bug,1
153,1.7142857142857142,14,2,CAMEL-20574,CAMEL,ai_era,New Feature,0
475,2.8620689655172415,29,2,CAMEL-18017,CAMEL,ai_era,Bug,1
1214,6.931818181818182,44,1,CAMEL-20671,CAMEL,ai_era,Task,0
1763,5.297297297297297,74,1,CAMEL-20663,CAMEL,ai_era,Bug,1
495,4.454545454545454,22,1,CAMEL-20388,CAMEL,ai_era,Bug,1
1547,2.167381974248927,233,5,CAMEL-20662,CAMEL,ai_era,Improvement,0
301,3.0476190476190474,21,1,CAMEL-20670,CAMEL,ai_era,Improvement,0
765,1.044871794871795,156,2,CAMEL-20676,CAMEL,ai_era,Bug,1
1607,8.234375,64,4,CAMEL-20673,CAMEL,ai_era,Improvement,0
555,3.6875,32,2,CAMEL-20669,CAMEL,ai_era,Bug,1
1329,6.529411764705882,51,2,CAMEL-20672,CAMEL,ai_era,Bug,1
634,1.8524590163934427,61,3,CAMEL-20684,CAMEL,ai_era,Improvement,0
1547,4.470588235294118,153,10,CAMEL-20678,CAMEL,ai_era,Bug,1
3718,2.3093333333333335,375,2,CAMEL-20613,CAMEL,ai_era,Bug,1
222,1.0,47,1,CAMEL-20614,CAMEL,ai_era,Bug,1
270,4.142857142857143,14,1,CAMEL-20688,CAMEL,ai_era,Improvement,0
426,2.2,40,2,CAMEL-20687,CAMEL,ai_era,Improvement,0
1224,6.931818181818182,44,1,CAMEL-20646,CAMEL,ai_era,Wish,0
14558,2.702081051478642,1826,16,CAMEL-20694,CAMEL,ai_era,New Feature,0
2657,2.88663967611336,247,8,CAMEL-20492,CAMEL,ai_era,Improvement,0
289,3.6315789473684212,19,1,CAMEL-20696,CAMEL,ai_era,Improvement,0
30,2.0,1,1,CAMEL-20505,CAMEL,ai_era,Sub-task,0
22,1.0,1,1,CAMEL-20513,CAMEL,ai_era,Sub-task,0
138,2.076923076923077,13,1,CAMEL-20713,CAMEL,ai_era,Bug,1
170,3.5,8,1,CAMEL-20707,CAMEL,ai_era,Bug,1
465,1.646341463414634,82,1,CAMEL-20710,CAMEL,ai_era,Bug,1
2295,1.4867021276595744,376,3,CAMEL-20692,CAMEL,ai_era,Bug,1
292,2.1538461538461537,26,2,CAMEL-20715,CAMEL,ai_era,Bug,1
40,1.0,8,1,CAMEL-20714,CAMEL,ai_era,Task,0
152,6.142857142857143,7,1,CAMEL-20700,CAMEL,ai_era,Bug,1
1889,2.5,264,11,CAMEL-20266,CAMEL,ai_era,Improvement,0
52,3.4,5,1,CAMEL-20718,CAMEL,ai_era,Bug,1
424,1.1690140845070423,71,3,CAMEL-20699,CAMEL,ai_era,Bug,1
424,1.1690140845070423,71,3,CAMEL-20691,CAMEL,ai_era,Bug,1
1776,3.6951219512195124,82,9,CAMEL-18962,CAMEL,ai_era,Improvement,0
251,2.0,27,1,CAMEL-20829,CAMEL,ai_era,Improvement,0
1123,7.627906976744186,43,4,CAMEL-20828,CAMEL,ai_era,Improvement,0
324,1.3902439024390243,41,7,CAMEL-20822,CAMEL,ai_era,New Feature,0
253,2.0714285714285716,14,3,CAMEL-20836,CAMEL,ai_era,Improvement,0
1771,2.5737051792828685,251,10,CAMEL-20660,CAMEL,ai_era,Bug,1
2188,4.962264150943396,106,2,CAMEL-20839,CAMEL,ai_era,Bug,1
193,2.0625,16,1,CAMEL-20847,CAMEL,ai_era,Bug,1
1060,6.0256410256410255,39,2,CAMEL-20848,CAMEL,ai_era,Improvement,0
228,2.1818181818181817,22,1,CAMEL-20841,CAMEL,ai_era,Bug,1
8156,2.4773936170212765,752,21,CAMEL-20849,CAMEL,ai_era,Improvement,0
703,2.7888888888888888,90,5,CAMEL-20833,CAMEL,ai_era,Improvement,0
1975,2.824626865671642,268,7,CAMEL-20776,CAMEL,ai_era,Improvement,0
191,1.8695652173913044,23,1,CAMEL-20852,CAMEL,ai_era,Improvement,0
307,2.3461538461538463,26,1,CAMEL-20851,CAMEL,ai_era,Improvement,0
303,3.075,40,3,CAMEL-20846,CAMEL,ai_era,Improvement,0
547,5.7,30,1,CAMEL-20859,CAMEL,ai_era,Bug,1
274,2.0,28,1,CAMEL-20861,CAMEL,ai_era,Improvement,0
223,2.6666666666666665,21,1,CAMEL-20850,CAMEL,ai_era,Bug,1
1443,7.488372093023256,43,2,CAMEL-20860,CAMEL,ai_era,Improvement,0
5102,3.225710014947683,669,7,CAMEL-20864,CAMEL,ai_era,Bug,1
671,2.6875,64,1,CAMEL-20853,CAMEL,ai_era,Bug,1
249,2.2857142857142856,21,1,CAMEL-20873,CAMEL,ai_era,Bug,1
762,1.736842105263158,38,7,CAMEL-20830,CAMEL,ai_era,Dependency upgrade,0
152,2.3636363636363638,11,1,CAMEL-20790,CAMEL,ai_era,Bug,1
1071,6.153846153846154,39,2,CAMEL-20877,CAMEL,ai_era,Bug,1
1357,3.204301075268817,93,4,CAMEL-20617,CAMEL,ai_era,New Feature,0
2945,3.2793296089385473,179,12,CAMEL-20878,CAMEL,ai_era,New Feature,0
1078,1.1851851851851851,189,5,CAMEL-20840,CAMEL,ai_era,Bug,1
1174,2.2247191011235956,89,9,CAMEL-20500,CAMEL,ai_era,Improvement,0
238,2.625,16,1,CAMEL-20835,CAMEL,ai_era,Bug,1
861,1.7053571428571428,112,5,CAMEL-20881,CAMEL,ai_era,Improvement,0
789,3.193548387096774,62,12,CAMEL-20880,CAMEL,ai_era,Task,0
724,2.327272727272727,55,1,CAMEL-20887,CAMEL,ai_era,Bug,1
475,4.7,20,1,CAMEL-20834,CAMEL,ai_era,Bug,1
692,1.094890510948905,137,8,CAMEL-20890,CAMEL,ai_era,Bug,1
315,1.6944444444444444,36,3,CAMEL-20892,CAMEL,ai_era,Improvement,0
1119,3.9423076923076925,52,6,CAMEL-20645,CAMEL,ai_era,Improvement,0
65,1.3,10,1,CAMEL-20891,CAMEL,ai_era,Improvement,0
200,4.625,8,1,CAMEL-20884,CAMEL,ai_era,Task,0
173,1.6666666666666667,6,19,CAMEL-20804,CAMEL,ai_era,Improvement,0
152,3.125,8,1,CAMEL-20903,CAMEL,ai_era,Improvement,0
217,2.2,15,3,CAMEL-20895,CAMEL,ai_era,Improvement,0
718,5.297297297297297,37,3,CAMEL-20894,CAMEL,ai_era,Wish,0
1155,2.8,105,5,CAMEL-20897,CAMEL,ai_era,Improvement,0
1006,2.3661971830985915,142,5,CAMEL-20679,CAMEL,ai_era,New Feature,0
284,5.142857142857143,14,1,CAMEL-20906,CAMEL,ai_era,Bug,1
657,2.625,88,7,CAMEL-20901,CAMEL,ai_era,Improvement,0
393,4.0588235294117645,17,1,CAMEL-20921,CAMEL,ai_era,Bug,1
355,6.2727272727272725,11,1,CAMEL-20911,CAMEL,ai_era,Bug,1
182,2.5384615384615383,13,1,CAMEL-20917,CAMEL,ai_era,Task,0
887,1.1633663366336633,202,2,CAMEL-20913,CAMEL,ai_era,Sub-task,0
887,1.1633663366336633,202,2,CAMEL-20912,CAMEL,ai_era,Sub-task,0
121,2.090909090909091,11,1,CAMEL-20794,CAMEL,ai_era,Improvement,0
317,3.125,16,1,CAMEL-20920,CAMEL,ai_era,Bug,1
2232,1.9735449735449735,378,9,CAMEL-20924,CAMEL,ai_era,Improvement,0
1989,2.7588652482269502,282,8,CAMEL-20909,CAMEL,ai_era,New Feature,0
383,6.666666666666667,15,1,CAMEL-20585,CAMEL,ai_era,Task,0
832,1.9074074074074074,108,7,CAMEL-20800,CAMEL,ai_era,Dependency upgrade,0
3819,2.424170616113744,422,3,CAMEL-20926,CAMEL,ai_era,Improvement,0
4763,2.2301255230125525,478,9,CAMEL-19398,CAMEL,ai_era,Improvement,0
2712,2.48828125,256,3,CAMEL-16829,CAMEL,ai_era,Bug,1
397,4.653846153846154,26,2,CAMEL-20929,CAMEL,ai_era,Bug,1
5886,1.9281437125748504,668,13,CAMEL-19897,CAMEL,ai_era,Improvement,0
3657,5.116564417177914,163,5,CAMEL-20928,CAMEL,ai_era,Improvement,0
207,3.4545454545454546,11,1,CAMEL-18186,CAMEL,ai_era,Improvement,0
3056,1.7361702127659575,470,3,CAMEL-20931,CAMEL,ai_era,Improvement,0
2640,4.654929577464789,142,8,CAMEL-20930,CAMEL,ai_era,Improvement,0
817,3.203125,64,5,CAMEL-20932,CAMEL,ai_era,Bug,1
11960,2.4849624060150375,1596,5,CAMEL-20933,CAMEL,ai_era,Improvement,0
443,5.538461538461538,13,2,CAMEL-20900,CAMEL,ai_era,Improvement,0
116,1.25,4,5,CAMEL-20634,CAMEL,ai_era,Task,0
47,1.3333333333333333,3,2,CAMEL-16364,CAMEL,ai_era,Task,0
1459,6.961538461538462,52,1,CAMEL-20939,CAMEL,ai_era,Bug,1
243,1.7083333333333333,24,3,CAMEL-15903,CAMEL,ai_era,Bug,1
405,2.84375,32,7,CAMEL-20944,CAMEL,ai_era,Improvement,0
2131,2.65993265993266,297,5,CAMEL-17110,CAMEL,ai_era,Bug,1
690,2.8780487804878048,41,14,CAMEL-20905,CAMEL,ai_era,New Feature,0
1292,4.535211267605634,71,3,CAMEL-20948,CAMEL,ai_era,Improvement,0
3169,9.479591836734693,98,3,CAMEL-20949,CAMEL,ai_era,Bug,1
1473,7.038461538461538,52,1,CAMEL-20945,CAMEL,ai_era,Improvement,0
1066,1.1556603773584906,212,1,CAMEL-20954,CAMEL,ai_era,Bug,1
447,7.714285714285714,14,1,CAMEL-20961,CAMEL,ai_era,Bug,1
777,2.5789473684210527,57,5,CAMEL-20956,CAMEL,ai_era,New Feature,0
106,4.5,6,2,CAMEL-20960,CAMEL,ai_era,Bug,1
159,6.5,4,1,CAMEL-20967,CAMEL,ai_era,Improvement,0
3077,7.202312138728324,173,3,CAMEL-20970,CAMEL,ai_era,Improvement,0
819,5.678571428571429,28,2,CAMEL-20972,CAMEL,ai_era,Improvement,0
3495,3.506082725060827,411,6,CAMEL-20973,CAMEL,ai_era,Improvement,0
2291,4.370689655172414,116,3,CAMEL-20977,CAMEL,ai_era,Improvement,0
1626,3.123809523809524,105,6,CAMEL-20978,CAMEL,ai_era,Improvement,0
1826,1.3876811594202898,276,4,CAMEL-20971,CAMEL,ai_era,New Feature,0
100,3.4,5,1,CAMEL-20981,CAMEL,ai_era,Bug,1
594,5.166666666666667,18,2,CAMEL-20969,CAMEL,ai_era,Bug,1
613,2.6164383561643834,73,7,CAMEL-20980,CAMEL,ai_era,New Feature,0
2443,6.010526315789473,95,3,CAMEL-20976,CAMEL,ai_era,Improvement,0
957,5.157894736842105,38,6,CAMEL-20985,CAMEL,ai_era,New Feature,0
350,4.6,15,2,CAMEL-20975,CAMEL,ai_era,Improvement,0
1773,5.46969696969697,66,4,CAMEL-20962,CAMEL,ai_era,New Feature,0
2076,1.0146341463414634,410,7,CAMEL-20996,CAMEL,ai_era,New Feature,0
758,3.1777777777777776,45,3,CAMEL-20918,CAMEL,ai_era,Bug,1
2780,2.8294117647058825,170,21,CAMEL-20982,CAMEL,ai_era,New Feature,0
1550,6.288461538461538,52,5,CAMEL-21006,CAMEL,ai_era,Improvement,0
1832,5.194805194805195,77,1,CAMEL-21003,CAMEL,ai_era,Bug,1
186,1.0,25,1,CAMEL-20995,CAMEL,ai_era,Bug,1
244,3.0714285714285716,14,1,CAMEL-21009,CAMEL,ai_era,Bug,1
1849,4.87012987012987,77,6,CAMEL-20990,CAMEL,ai_era,Improvement,0
779,4.935483870967742,31,3,CAMEL-20963,CAMEL,ai_era,Improvement,0
1580,2.908256880733945,109,9,CAMEL-20983,CAMEL,ai_era,New Feature,0
148,1.8333333333333333,12,2,CAMEL-20984,CAMEL,ai_era,New Feature,0
59,1.125,8,2,CAMEL-21026,CAMEL,ai_era,Improvement,0
3448,2.8850325379609543,461,8,CAMEL-21031,CAMEL,ai_era,Improvement,0
6111,4.496478873239437,284,14,CAMEL-21016,CAMEL,ai_era,Improvement,0
1273,6.1,40,4,CAMEL-21017,CAMEL,ai_era,Improvement,0
318,5.0,13,1,CAMEL-21021,CAMEL,ai_era,New Feature,0
168,1.7142857142857142,21,1,CAMEL-21014,CAMEL,ai_era,Bug,1
751,5.28125,32,4,CAMEL-21032,CAMEL,ai_era,Improvement,0
118,8.0,3,2,CAMEL-21020,CAMEL,ai_era,Task,0
122,8.0,2,1,CAMEL-21043,CAMEL,ai_era,Improvement,0
195,1.9,20,1,CAMEL-21034,CAMEL,ai_era,Bug,1
1018,5.285714285714286,42,2,CAMEL-21004,CAMEL,ai_era,Bug,1
61,1.8333333333333333,6,1,CAMEL-21044,CAMEL,ai_era,Bug,1
1448,6.754716981132075,53,1,CAMEL-21045,CAMEL,ai_era,Bug,1
576,3.981132075471698,53,10,CAMEL-20935,CAMEL,ai_era,New Feature,0
1455,6.08955223880597,67,1,CAMEL-21035,CAMEL,ai_era,Bug,1
282,3.9444444444444446,18,1,CAMEL-21048,CAMEL,ai_era,Bug,1
1584,5.4411764705882355,68,4,CAMEL-20964,CAMEL,ai_era,New Feature,0
1489,3.5,126,5,CAMEL-20991,CAMEL,ai_era,Bug,1
206,1.2222222222222223,27,3,CAMEL-21012,CAMEL,ai_era,Task,0
498,2.585714285714286,70,6,CAMEL-20237,CAMEL,ai_era,Improvement,0
863,1.6083333333333334,120,2,CAMEL-21053,CAMEL,ai_era,Improvement,0
1721,4.546511627906977,86,2,CAMEL-21051,CAMEL,ai_era,Bug,1
77,4.0,4,1,CAMEL-20994,CAMEL,ai_era,Bug,1
229,3.0,14,1,CAMEL-21038,CAMEL,ai_era,Task,0
1361,6.739130434782608,46,2,CAMEL-21173,CAMEL,ai_era,New Feature,0
2591,5.261261261261262,111,3,CAMEL-21136,CAMEL,ai_era,Improvement,0
3355,1.6153846153846154,455,33,CAMEL-21069,CAMEL,ai_era,Improvement,0
1442,6.612244897959184,49,3,CAMEL-21172,CAMEL,ai_era,New Feature,0
669,2.3207547169811322,53,2,CAMEL-21117,CAMEL,ai_era,Improvement,0
2526,5.544554455445544,101,7,CAMEL-21178,CAMEL,ai_era,New Feature,0
1621,6.564516129032258,62,2,CAMEL-21182,CAMEL,ai_era,Bug,1
966,9.290322580645162,31,1,CAMEL-21164,CAMEL,ai_era,Bug,1
1487,3.1714285714285713,105,6,CAMEL-21185,CAMEL,ai_era,Bug,1
14877,3.954081632653061,784,59,CAMEL-21127,CAMEL,ai_era,Task,0
405,1.6229508196721312,61,5,CAMEL-21183,CAMEL,ai_era,Improvement,0
1059,3.25,24,3,CAMEL-21188,CAMEL,ai_era,Bug,1
8307,2.5507007419620775,1213,15,CAMEL-21189,CAMEL,ai_era,Improvement,0
724,6.363636363636363,22,2,CAMEL-21063,CAMEL,ai_era,Improvement,0
2298,1.5318352059925093,267,10,CAMEL-21191,CAMEL,ai_era,Bug,1
692,1.9253731343283582,67,4,CAMEL-21186,CAMEL,ai_era,New Feature,0
1094,5.78125,32,4,CAMEL-21068,CAMEL,ai_era,Improvement,0
781,4.75,36,1,CAMEL-21201,CAMEL,ai_era,Improvement,0
868,1.286764705882353,136,3,CAMEL-21206,CAMEL,ai_era,New Feature,0
1048,2.303030303030303,132,5,CAMEL-21207,CAMEL,ai_era,New Feature,0
656,2.3733333333333335,75,1,CAMEL-21213,CAMEL,ai_era,Improvement,0
194,1.7272727272727273,22,2,CAMEL-21212,CAMEL,ai_era,Improvement,0
7511,2.84375,768,9,CAMEL-21174,CAMEL,ai_era,Improvement,0
2575,2.0576923076923075,260,9,CAMEL-21214,CAMEL,ai_era,Improvement,0
93,1.2857142857142858,7,3,CAMEL-21221,CAMEL,ai_era,Improvement,0
30,2.0,2,1,CAMEL-21211,CAMEL,ai_era,Bug,1
2370,2.0431654676258995,278,3,CAMEL-21219,CAMEL,ai_era,Bug,1
430,2.3947368421052633,38,1,CAMEL-21210,CAMEL,ai_era,Bug,1
125,1.4285714285714286,14,1,CAMEL-21209,CAMEL,ai_era,Bug,1
395,2.8620689655172415,29,2,CAMEL-21217,CAMEL,ai_era,Improvement,0
547,2.6538461538461537,26,2,CAMEL-21227,CAMEL,ai_era,Bug,1
2016,6.126760563380282,71,5,CAMEL-21104,CAMEL,ai_era,Improvement,0
1020,2.592233009708738,103,3,CAMEL-21237,CAMEL,ai_era,Improvement,0
443,5.555555555555555,9,1,CAMEL-21236,CAMEL,ai_era,Task,0
1118,2.2857142857142856,98,2,CAMEL-21239,CAMEL,ai_era,Bug,1
247,6.625,8,1,CAMEL-21085,CAMEL,ai_era,Improvement,0
1167,3.7142857142857144,70,1,CAMEL-21240,CAMEL,ai_era,Bug,1
1582,3.144,125,9,CAMEL-21241,CAMEL,ai_era,Improvement,0
856,5.771428571428571,35,1,CAMEL-21246,CAMEL,ai_era,Improvement,0
3415,3.0280172413793105,464,7,CAMEL-21248,CAMEL,ai_era,New Feature,0
2101,2.814189189189189,296,7,CAMEL-21253,CAMEL,ai_era,Improvement,0
183,2.05,20,2,CAMEL-21216,CAMEL,ai_era,Bug,1
1612,2.414772727272727,176,7,CAMEL-21260,CAMEL,ai_era,Improvement,0
1796,1.3501805054151625,277,3,CAMEL-21251,CAMEL,ai_era,New Feature,0
491,2.1463414634146343,41,2,CAMEL-21255,CAMEL,ai_era,Improvement,0
1015,5.266666666666667,30,3,CAMEL-21238,CAMEL,ai_era,Bug,1
156,2.0625,16,1,CAMEL-21261,CAMEL,ai_era,Improvement,0
598,5.5,16,2,CAMEL-21267,CAMEL,ai_era,Bug,1
51,32.0,1,1,CAMEL-21271,CAMEL,ai_era,Bug,1
3215,1.1689320388349516,515,34,CAMEL-21244,CAMEL,ai_era,New Feature,0
167,2.0833333333333335,12,4,CAMEL-21264,CAMEL,ai_era,Improvement,0
107,3.3333333333333335,6,1,CAMEL-21263,CAMEL,ai_era,Bug,1
664,2.392156862745098,51,2,CAMEL-21273,CAMEL,ai_era,Improvement,0
1529,1.0,248,12,CAMEL-21152,CAMEL,ai_era,Improvement,0
131,3.5,6,1,CAMEL-21256,CAMEL,ai_era,Bug,1
722,4.739130434782608,23,4,CAMEL-21235,CAMEL,ai_era,Bug,1
578,2.6818181818181817,44,1,CAMEL-21280,CAMEL,ai_era,Bug,1
2877,4.696969696969697,132,3,CAMEL-21283,CAMEL,ai_era,Bug,1
3504,2.503067484662577,326,14,CAMEL-21276,CAMEL,ai_era,Improvement,0
908,6.371428571428571,35,1,CAMEL-21289,CAMEL,ai_era,Bug,1
580,2.6818181818181817,44,1,CAMEL-21287,CAMEL,ai_era,Bug,1
86,5.5,4,1,CAMEL-21290,CAMEL,ai_era,Bug,1
410,3.090909090909091,33,1,CAMEL-21282,CAMEL,ai_era,Improvement,0
171,1.631578947368421,19,2,CAMEL-21293,CAMEL,ai_era,Bug,1
14436,2.6290580095795635,1879,22,CAMEL-21269,CAMEL,ai_era,Bug,1
270,5.4,10,1,CAMEL-21298,CAMEL,ai_era,Improvement,0
494,2.2777777777777777,54,1,CAMEL-21303,CAMEL,ai_era,Improvement,0
244,5.777777777777778,9,1,CAMEL-21306,CAMEL,ai_era,Bug,1
178,1.04,25,6,CAMEL-21202,CAMEL,ai_era,New Feature,0
1062,3.629032258064516,62,2,CAMEL-21309,CAMEL,ai_era,Improvement,0
67,1.1111111111111112,9,2,CAMEL-21305,CAMEL,ai_era,Bug,1
148,2.0714285714285716,14,2,CAMEL-21277,CAMEL,ai_era,Improvement,0
108,3.3333333333333335,6,1,CAMEL-21307,CAMEL,ai_era,Improvement,0
244,1.2564102564102564,39,2,CAMEL-21018,CAMEL,ai_era,New Feature,0
8165,3.9086672879776327,1073,12,CAMEL-21312,CAMEL,ai_era,Dependency upgrade,0
751,2.6666666666666665,57,3,CAMEL-21316,CAMEL,ai_era,Bug,1
1967,5.538461538461538,78,1,CAMEL-21320,CAMEL,ai_era,Improvement,0
8722,3.928017718715393,903,54,CAMEL-21321,CAMEL,ai_era,Improvement,0
2839,3.159090909090909,220,7,CAMEL-21322,CAMEL,ai_era,Improvement,0
480,4.35,20,2,CAMEL-21323,CAMEL,ai_era,New Feature,0
322,5.153846153846154,13,1,CAMEL-21324,CAMEL,ai_era,New Feature,0
1694,5.5,82,7,CAMEL-21203,CAMEL,ai_era,Task,0
991,5.761904761904762,42,2,CAMEL-21204,CAMEL,ai_era,Task,0
423,1.8269230769230769,52,2,CAMEL-21329,CAMEL,ai_era,Bug,1
291,1.1964285714285714,56,1,CAMEL-21311,CAMEL,ai_era,Improvement,0
61,3.0,5,1,CAMEL-21328,CAMEL,ai_era,Bug,1
130,2.857142857142857,7,1,CAMEL-21332,CAMEL,ai_era,Test,0
652,5.809523809523809,21,2,CAMEL-21262,CAMEL,ai_era,New Feature,0
4275,3.6783216783216783,286,9,CAMEL-21193,CAMEL,ai_era,New Feature,0
1473,6.849056603773585,53,1,CAMEL-21337,CAMEL,ai_era,Bug,1
4643,3.1666666666666665,342,2,CAMEL-21335,CAMEL,ai_era,Improvement,0
42,1.3333333333333333,3,2,CAMEL-21249,CAMEL,ai_era,New Feature,0
316,4.0,6,2,CAMEL-21252,CAMEL,ai_era,Task,0
3504,2.503067484662577,326,14,CAMEL-21336,CAMEL,ai_era,Improvement,0
1025,9.709677419354838,31,1,CAMEL-21342,CAMEL,ai_era,Improvement,0
231,3.0555555555555554,18,1,CAMEL-21343,CAMEL,ai_era,Task,0
65,19.0,1,1,CAMEL-21339,CAMEL,ai_era,Bug,1
44,1.0,3,1,CAMEL-21344,CAMEL,ai_era,Dependency upgrade,0
354,2.4146341463414633,41,4,CAMEL-21340,CAMEL,ai_era,Bug,1
740,5.827586206896552,29,2,CAMEL-21345,CAMEL,ai_era,Bug,1
1815,1.3678571428571429,280,3,CAMEL-21347,CAMEL,ai_era,Improvement,0
50,1.0,5,2,CAMEL-21351,CAMEL,ai_era,Improvement,0
735,5.625,24,2,CAMEL-21349,CAMEL,ai_era,Improvement,0
217,1.8,15,2,CAMEL-21357,CAMEL,ai_era,Improvement,0
2011,5.37037037037037,81,2,CAMEL-21128,CAMEL,ai_era,Improvement,0
179,3.3636363636363638,11,1,CAMEL-21265,CAMEL,ai_era,New Feature,0
929,3.945945945945946,37,8,CAMEL-21362,CAMEL,ai_era,Bug,1
84,1.0,19,3,CAMEL-21363,CAMEL,ai_era,Bug,1
2890,3.409356725146199,171,4,CAMEL-21353,CAMEL,ai_era,Improvement,0
1779,3.1444444444444444,90,12,CAMEL-21331,CAMEL,ai_era,Improvement,0
1354,7.872727272727273,55,2,CAMEL-21371,CAMEL,ai_era,Improvement,0
705,2.0,69,3,CAMEL-21373,CAMEL,ai_era,Improvement,0
939,2.80327868852459,61,5,CAMEL-21361,CAMEL,ai_era,Bug,1
920,3.3863636363636362,44,5,CAMEL-21013,CAMEL,ai_era,New Feature,0
2394,6.617977528089888,89,2,CAMEL-21374,CAMEL,ai_era,Bug,1
1481,6.867924528301887,53,1,CAMEL-21372,CAMEL,ai_era,Bug,1
370,2.32,25,1,CAMEL-21379,CAMEL,ai_era,Bug,1
547,1.971698113207547,106,1,CAMEL-21380,CAMEL,ai_era,Improvement,0
620,2.1129032258064515,62,5,CAMEL-21358,CAMEL,ai_era,Improvement,0
2199,2.1434977578475336,223,3,CAMEL-21382,CAMEL,ai_era,Bug,1
174,1.0,1,1,CAMEL-21302,CAMEL,ai_era,Bug,1
73,2.3333333333333335,9,1,CAMEL-21376,CAMEL,ai_era,Bug,1
852,2.792452830188679,53,5,CAMEL-21381,CAMEL,ai_era,Bug,1
1614,3.473684210526316,76,7,CAMEL-21386,CAMEL,ai_era,Bug,1
636,2.278688524590164,61,5,CAMEL-21383,CAMEL,ai_era,Improvement,0
1451,6.08955223880597,67,1,CAMEL-21401,CAMEL,ai_era,Bug,1
12603,2.7298606904906118,1651,8,CAMEL-21396,CAMEL,ai_era,New Feature,0
444,2.066666666666667,45,5,CAMEL-21398,CAMEL,ai_era,New Feature,0
411,3.090909090909091,33,1,CAMEL-21397,CAMEL,ai_era,Bug,1
590,3.4146341463414633,41,2,CAMEL-21404,CAMEL,ai_era,Bug,1
105,2.1818181818181817,11,1,CAMEL-21406,CAMEL,ai_era,Bug,1
904,2.2884615384615383,156,3,CAMEL-11780,CAMEL,ai_era,Improvement,0
155,2.2222222222222223,9,1,CAMEL-21407,CAMEL,ai_era,Bug,1
291,1.0163934426229508,61,2,CAMEL-21412,CAMEL,ai_era,Improvement,0
131,1.8333333333333333,12,2,CAMEL-21355,CAMEL,ai_era,Bug,1
225,1.7777777777777777,27,1,CAMEL-21423,CAMEL,ai_era,Bug,1
63,1.1428571428571428,7,1,CAMEL-21422,CAMEL,ai_era,Improvement,0
5111,2.027941176470588,680,5,CAMEL-21420,CAMEL,ai_era,Bug,1
1561,7.0,55,1,CAMEL-21434,CAMEL,ai_era,Improvement,0
244,1.5,10,2,CAMEL-21443,CAMEL,ai_era,New Feature,0
323,5.615384615384615,13,1,CAMEL-21430,CAMEL,ai_era,Bug,1
14666,4.916808149405773,589,82,CAMEL-21377,CAMEL,ai_era,Improvement,0
225,4.333333333333333,15,2,CAMEL-21444,CAMEL,ai_era,Bug,1
20,1.0,4,1,CAMEL-21445,CAMEL,ai_era,Improvement,0
219,3.3125,16,1,CAMEL-21446,CAMEL,ai_era,Bug,1
2712,2.0969387755102042,392,8,CAMEL-20503,CAMEL,ai_era,New Feature,0
1174,2.7941176470588234,102,2,CAMEL-21432,CAMEL,ai_era,Bug,1
1003,1.7087378640776698,103,5,CAMEL-21392,CAMEL,ai_era,New Feature,0
444,1.8833333333333333,60,2,CAMEL-21454,CAMEL,ai_era,Improvement,0
2129,1.256997455470738,393,2,CAMEL-21402,CAMEL,ai_era,Improvement,0
1346,1.4145077720207253,193,3,CAMEL-21448,CAMEL,ai_era,Task,0
1504,7.113207547169812,53,1,CAMEL-21431,CAMEL,ai_era,Improvement,0
464,5.555555555555555,18,2,CAMEL-21459,CAMEL,ai_era,Improvement,0
129,2.5555555555555554,9,1,CAMEL-21166,CAMEL,ai_era,New Feature,0
1825,4.242857142857143,70,11,CAMEL-21451,CAMEL,ai_era,Task,0
472,2.196078431372549,51,1,CAMEL-21471,CAMEL,ai_era,Bug,1
970,2.262135922330097,103,2,CAMEL-21475,CAMEL,ai_era,Improvement,0
103,7.333333333333333,3,1,CAMEL-21457,CAMEL,ai_era,Improvement,0
441,1.051948051948052,77,2,CAMEL-21482,CAMEL,ai_era,Improvement,0
1518,2.7607655502392343,209,7,CAMEL-21477,CAMEL,ai_era,Improvement,0
217,2.6666666666666665,21,1,CAMEL-21467,CAMEL,ai_era,Bug,1
1302,2.6702127659574466,94,9,CAMEL-21481,CAMEL,ai_era,Improvement,0
1507,7.150943396226415,53,1,CAMEL-21487,CAMEL,ai_era,Bug,1
395,2.0392156862745097,51,2,CAMEL-21489,CAMEL,ai_era,Improvement,0
53,1.4285714285714286,7,1,CAMEL-21493,CAMEL,ai_era,Bug,1
1047,2.3972602739726026,146,5,CAMEL-21474,CAMEL,ai_era,Improvement,0
471,2.7804878048780486,41,2,CAMEL-21494,CAMEL,ai_era,Improvement,0
1617,7.098039215686274,51,3,CAMEL-21497,CAMEL,ai_era,New Feature,0
26,7.0,1,1,CAMEL-21418,CAMEL,ai_era,Bug,1
475,4.666666666666667,12,1,CAMEL-21464,CAMEL,ai_era,Task,0
81,2.5,4,1,CAMEL-21456,CAMEL,ai_era,Improvement,0
508,4.0588235294117645,17,2,CAMEL-21325,CAMEL,ai_era,Improvement,0
771,2.8513513513513513,74,12,CAMEL-21019,CAMEL,ai_era,New Feature,0
34,1.0,6,1,CAMEL-21281,CAMEL,ai_era,Task,0
879,1.8412698412698412,126,5,CAMEL-21515,CAMEL,ai_era,Improvement,0
4265,2.181058495821727,359,35,CAMEL-21507,CAMEL,ai_era,Improvement,0
77,1.1,10,2,CAMEL-21506,CAMEL,ai_era,Bug,1
738,2.730769230769231,52,2,CAMEL-21516,CAMEL,ai_era,Bug,1
194,1.0,41,1,CAMEL-21517,CAMEL,ai_era,Task,0
547,5.7,30,1,CAMEL-21511,CAMEL,ai_era,Improvement,0
4830,3.1566455696202533,632,4,CAMEL-21522,CAMEL,ai_era,Improvement,0
271,3.357142857142857,14,1,CAMEL-21512,CAMEL,ai_era,Bug,1
201,3.25,12,1,CAMEL-21524,CAMEL,ai_era,Improvement,0
102,3.2,5,1,CAMEL-21528,CAMEL,ai_era,Bug,1
403,4.714285714285714,14,1,CAMEL-21486,CAMEL,ai_era,Bug,1
163,5.111111111111111,9,1,CAMEL-21532,CAMEL,ai_era,Bug,1
59,15.0,1,1,CAMEL-21529,CAMEL,ai_era,New Feature,0
410,4.333333333333333,36,2,CAMEL-21468,CAMEL,ai_era,Improvement,0
2278,2.801916932907348,313,7,CAMEL-21526,CAMEL,ai_era,Bug,1
1574,5.773809523809524,84,4,CAMEL-21535,CAMEL,ai_era,Improvement,0
718,2.357142857142857,56,2,CAMEL-21542,CAMEL,ai_era,Improvement,0
81,6.5,2,1,CAMEL-21466,CAMEL,ai_era,Bug,1
307,10.0,7,1,CAMEL-21643,CAMEL,ai_era,Improvement,0
363,1.1911764705882353,68,1,CAMEL-21452,CAMEL,ai_era,Task,0
467,1.8484848484848484,66,5,CAMEL-21642,CAMEL,ai_era,Task,0
657,1.9753086419753085,81,3,CAMEL-21641,CAMEL,ai_era,Improvement,0
263,4.318181818181818,22,3,CAMEL-21648,CAMEL,ai_era,Improvement,0
697,3.25,76,4,CAMEL-21649,CAMEL,ai_era,Improvement,0
206,2.25,16,1,CAMEL-21651,CAMEL,ai_era,Dependency upgrade,0
922,6.277777777777778,36,1,CAMEL-21442,CAMEL,ai_era,Bug,1
301287,3.588895715801821,35806,2069,CAMEL-19779,CAMEL,ai_era,Improvement,0
657,2.0476190476190474,63,3,CAMEL-21660,CAMEL,ai_era,Improvement,0
43,1.4,5,1,CAMEL-21657,CAMEL,ai_era,Improvement,0
5637,2.145390070921986,564,18,CAMEL-21599,CAMEL,ai_era,Bug,1
55,3.6,5,1,CAMEL-21664,CAMEL,ai_era,Task,0
239,3.3333333333333335,21,1,CAMEL-21663,CAMEL,ai_era,Task,0
626,2.3333333333333335,51,1,CAMEL-21659,CAMEL,ai_era,Improvement,0
1455,1.025229357798165,436,3,CAMEL-21479,CAMEL,ai_era,Improvement,0
1577,7.054545454545455,55,1,CAMEL-21668,CAMEL,ai_era,Bug,1
140,1.9090909090909092,11,1,CAMEL-21672,CAMEL,ai_era,Bug,1
814,1.0973451327433628,113,3,CAMEL-21107,CAMEL,ai_era,New Feature,0
1820,2.279187817258883,197,4,CAMEL-21675,CAMEL,ai_era,Improvement,0
336,3.2222222222222223,18,1,CAMEL-21676,CAMEL,ai_era,Task,0
431,2.2432432432432434,37,4,CAMEL-21679,CAMEL,ai_era,Improvement,0
392,4.6,20,2,CAMEL-21684,CAMEL,ai_era,Bug,1
1950,1.4310344827586208,290,4,CAMEL-21680,CAMEL,ai_era,Improvement,0
2090,4.443548387096774,124,11,CAMEL-21505,CAMEL,ai_era,Bug,1
2206,1.5930599369085174,317,2,CAMEL-21687,CAMEL,ai_era,Bug,1
129,2.1,10,1,CAMEL-21683,CAMEL,ai_era,Improvement,0
316,1.368421052631579,57,2,CAMEL-21654,CAMEL,ai_era,Improvement,0
308,6.1,10,1,CAMEL-21688,CAMEL,ai_era,Improvement,0
1772,1.0942857142857143,350,11,CAMEL-21685,CAMEL,ai_era,Improvement,0
959,6.297297297297297,37,1,CAMEL-21686,CAMEL,ai_era,Bug,1
1577,7.072727272727272,55,1,CAMEL-21694,CAMEL,ai_era,Bug,1
1307,1.9090909090909092,99,4,CAMEL-21690,CAMEL,ai_era,Bug,1
233,2.227272727272727,22,2,CAMEL-21661,CAMEL,ai_era,Improvement,0
957,2.6147540983606556,122,5,CAMEL-21257,CAMEL,ai_era,Improvement,0
438,3.923076923076923,26,1,CAMEL-21656,CAMEL,ai_era,Bug,1
952,2.1491228070175437,114,7,CAMEL-21697,CAMEL,ai_era,Improvement,0
608,2.326530612244898,49,4,CAMEL-21699,CAMEL,ai_era,Improvement,0
4697,3.2303120356612185,673,7,CAMEL-21691,CAMEL,ai_era,Improvement,0
5212,5.60377358490566,212,12,CAMEL-21695,CAMEL,ai_era,Improvement,0
320,3.3333333333333335,21,1,CAMEL-21701,CAMEL,ai_era,Improvement,0
768,2.3376623376623376,77,4,CAMEL-21700,CAMEL,ai_era,Improvement,0
154,3.2,10,1,CAMEL-21714,CAMEL,ai_era,Improvement,0
276,1.1304347826086956,46,1,CAMEL-21711,CAMEL,ai_era,Improvement,0
1003,2.591304347826087,115,5,CAMEL-21544,CAMEL,ai_era,Improvement,0
71,5.5,2,1,CAMEL-21702,CAMEL,ai_era,Bug,1
324,5.3076923076923075,13,1,CAMEL-21713,CAMEL,ai_era,Bug,1
1484,2.8636363636363638,154,12,CAMEL-21541,CAMEL,ai_era,New Feature,0
278,2.2666666666666666,15,2,CAMEL-21718,CAMEL,ai_era,New Feature,0
373,3.1666666666666665,18,1,CAMEL-21720,CAMEL,ai_era,Bug,1
35,3.6666666666666665,3,1,CAMEL-21721,CAMEL,ai_era,Bug,1
5246,5.425,200,12,CAMEL-21706,CAMEL,ai_era,Improvement,0
72,2.3333333333333335,6,1,CAMEL-21717,CAMEL,ai_era,Improvement,0
202,9.666666666666666,6,1,CAMEL-21725,CAMEL,ai_era,Improvement,0
97,1.0,15,2,CAMEL-21726,CAMEL,ai_era,New Feature,0
939,4.344827586206897,29,2,CAMEL-21716,CAMEL,ai_era,Improvement,0
329,2.0,22,4,CAMEL-21719,CAMEL,ai_era,New Feature,0
1311,2.1777777777777776,135,7,CAMEL-21733,CAMEL,ai_era,Improvement,0
460,2.7857142857142856,42,2,CAMEL-21731,CAMEL,ai_era,New Feature,0
3363,4.537634408602151,372,6,CAMEL-21728,CAMEL,ai_era,Improvement,0
112,3.5,6,2,CAMEL-21732,CAMEL,ai_era,Bug,1
597,5.466666666666667,30,3,CAMEL-21729,CAMEL,ai_era,Improvement,0
92,1.7777777777777777,9,1,CAMEL-21734,CAMEL,ai_era,Improvement,0
223,2.066666666666667,15,1,CAMEL-21723,CAMEL,ai_era,New Feature,0
581,3.2051282051282053,39,2,CAMEL-21739,CAMEL,ai_era,Bug,1
771,4.9743589743589745,39,2,CAMEL-21712,CAMEL,ai_era,Improvement,0
1815,1.1482412060301508,398,3,CAMEL-21735,CAMEL,ai_era,Bug,1
879,2.0842105263157893,95,1,CAMEL-21747,CAMEL,ai_era,Bug,1
636,7.2105263157894735,19,3,CAMEL-21748,CAMEL,ai_era,Task,0
408,2.896551724137931,29,1,CAMEL-21752,CAMEL,ai_era,Bug,1
1983,5.564102564102564,78,2,CAMEL-21543,CAMEL,ai_era,Bug,1
257,6.555555555555555,9,1,CAMEL-21545,CAMEL,ai_era,Bug,1
225,3.1176470588235294,17,1,CAMEL-21478,CAMEL,ai_era,Improvement,0
178,2.375,16,1,CAMEL-21549,CAMEL,ai_era,Improvement,0
195,2.1904761904761907,21,2,CAMEL-21547,CAMEL,ai_era,New Feature,0
1301,7.155555555555556,45,1,CAMEL-21552,CAMEL,ai_era,Bug,1
1636,2.481818181818182,110,14,CAMEL-21737,CAMEL,ai_era,Bug,1
246,1.9230769230769231,26,1,CAMEL-21555,CAMEL,ai_era,Bug,1
339,2.4,30,1,CAMEL-21550,CAMEL,ai_era,Bug,1
646,3.6875,32,1,CAMEL-21559,CAMEL,ai_era,Improvement,0
111,3.0,7,1,CAMEL-21266,CAMEL,ai_era,Task,0
180,1.7894736842105263,19,1,CAMEL-21562,CAMEL,ai_era,Bug,1
351,3.347826086956522,23,1,CAMEL-21558,CAMEL,ai_era,Improvement,0
31,4.0,3,1,CAMEL-21564,CAMEL,ai_era,Dependency upgrade,0
3931,5.149068322981367,161,11,CAMEL-21510,CAMEL,ai_era,Improvement,0
174,4.333333333333333,6,1,CAMEL-21563,CAMEL,ai_era,Improvement,0
746,6.52,25,1,CAMEL-21568,CAMEL,ai_era,Improvement,0
890,6.375,32,2,CAMEL-21567,CAMEL,ai_era,Bug,1
1765,1.2933753943217665,317,1,CAMEL-21572,CAMEL,ai_era,Bug,1
59,2.0,5,1,CAMEL-19665,CAMEL,ai_era,Improvement,0
1356,1.6764705882352942,204,2,CAMEL-21495,CAMEL,ai_era,Bug,1
19,1.0,3,1,CAMEL-21484,CAMEL,ai_era,Improvement,0
622,6.258064516129032,31,1,CAMEL-21274,CAMEL,ai_era,Improvement,0
1817,1.0085836909871244,233,3,CAMEL-17881,CAMEL,ai_era,New Feature,0
879,3.880952380952381,42,4,CAMEL-21250,CAMEL,ai_era,Improvement,0
20,2.0,2,1,CAMEL-21580,CAMEL,ai_era,Bug,1
42,1.5,6,1,CAMEL-21582,CAMEL,ai_era,Improvement,0
33,1.0,5,1,CAMEL-21560,CAMEL,ai_era,New Feature,0
52,1.0,8,1,CAMEL-21586,CAMEL,ai_era,New Feature,0
630,1.391304347826087,92,4,CAMEL-21518,CAMEL,ai_era,Improvement,0
224,1.9047619047619047,21,1,CAMEL-21593,CAMEL,ai_era,Improvement,0
127,2.0,11,1,CAMEL-21595,CAMEL,ai_era,Bug,1
1295,1.1642857142857144,280,4,CAMEL-21589,CAMEL,ai_era,Improvement,0
848,2.5425531914893615,94,9,CAMEL-21596,CAMEL,ai_era,Improvement,0
1238,7.380952380952381,63,5,CAMEL-21509,CAMEL,ai_era,Dependency upgrade,0
224,1.5769230769230769,26,3,CAMEL-21569,CAMEL,ai_era,Dependency upgrade,0
873,3.1,60,1,CAMEL-21606,CAMEL,ai_era,Bug,1
477,1.2916666666666667,72,3,CAMEL-21608,CAMEL,ai_era,Improvement,0
8850,3.891891891891892,962,62,CAMEL-21575,CAMEL,ai_era,Bug,1
79,2.3333333333333335,3,1,CAMEL-21611,CAMEL,ai_era,Improvement,0
1757,6.934426229508197,61,4,CAMEL-21605,CAMEL,ai_era,Improvement,0
2231,4.747663551401869,107,2,CAMEL-21612,CAMEL,ai_era,Bug,1
405,3.5925925925925926,27,1,CAMEL-21616,CAMEL,ai_era,Bug,1
239,4.1,10,1,CAMEL-21615,CAMEL,ai_era,Improvement,0
232,2.6666666666666665,21,1,CAMEL-21614,CAMEL,ai_era,Bug,1
1320,7.043478260869565,46,1,CAMEL-21617,CAMEL,ai_era,Task,0
617,2.46875,32,2,CAMEL-21621,CAMEL,ai_era,Bug,1
1427,2.537878787878788,132,1,CAMEL-21628,CAMEL,ai_era,Improvement,0
618,2.46875,32,2,CAMEL-21625,CAMEL,ai_era,Bug,1
588,2.816666666666667,60,11,CAMEL-21508,CAMEL,ai_era,New Feature,0
358,4.428571428571429,14,1,CAMEL-21631,CAMEL,ai_era,Task,0
525,5.115384615384615,26,1,CAMEL-21620,CAMEL,ai_era,Improvement,0
922,6.166666666666667,36,1,CAMEL-21627,CAMEL,ai_era,Dependency upgrade,0
100,6.5,4,1,CAMEL-21634,CAMEL,ai_era,Improvement,0
848,3.1016949152542375,59,5,CAMEL-21601,CAMEL,ai_era,Test,0
1302,4.609090909090909,110,9,CAMEL-18276,CAMEL,ai_era,New Feature,0
477,5.111111111111111,36,5,CAMEL-21626,CAMEL,ai_era,New Feature,0
189,5.375,8,1,CAMEL-21640,CAMEL,ai_era,Sub-task,0
2391,5.448979591836735,98,8,CAMEL-21637,CAMEL,ai_era,Improvement,0
491,4.166666666666667,30,1,CAMEL-21754,CAMEL,ai_era,Bug,1
974,6.051282051282051,39,1,CAMEL-21756,CAMEL,ai_era,Task,0
251,3.2666666666666666,15,1,CAMEL-21758,CAMEL,ai_era,Bug,1
1499,6.981132075471698,53,1,CAMEL-21662,CAMEL,ai_era,Bug,1
921,4.34375,32,1,CAMEL-21761,CAMEL,ai_era,Improvement,0
1978,6.523076923076923,65,2,CAMEL-21730,CAMEL,ai_era,Bug,1
118,2.2222222222222223,9,2,CAMEL-21767,CAMEL,ai_era,New Feature,0
634,2.372549019607843,51,1,CAMEL-21769,CAMEL,ai_era,Bug,1
49,1.5,6,1,CAMEL-21551,CAMEL,ai_era,Improvement,0
1002,1.976,125,2,CAMEL-21775,CAMEL,ai_era,Bug,1
2057,5.661458333333333,192,5,CAMEL-21774,CAMEL,ai_era,Improvement,0
1819,1.2688524590163934,305,2,CAMEL-21778,CAMEL,ai_era,Bug,1
129,2.6666666666666665,9,1,CAMEL-21770,CAMEL,ai_era,Bug,1
1073,1.0118110236220472,254,2,CAMEL-21779,CAMEL,ai_era,Improvement,0
74,2.1666666666666665,6,1,CAMEL-21755,CAMEL,ai_era,Bug,1
87,1.3,10,2,CAMEL-21600,CAMEL,ai_era,Dependency upgrade,0
158,17.0,6,2,CAMEL-21785,CAMEL,ai_era,Improvement,0
457,2.4594594594594597,37,2,CAMEL-21788,CAMEL,ai_era,Improvement,0
526,2.2432432432432434,37,2,CAMEL-21740,CAMEL,ai_era,Bug,1
2004,2.6742424242424243,132,13,CAMEL-21738,CAMEL,ai_era,Improvement,0
255,3.2142857142857144,14,1,CAMEL-21792,CAMEL,ai_era,Bug,1
133,5.8,5,1,CAMEL-21799,CAMEL,ai_era,Bug,1
2238,3.7153284671532845,137,8,CAMEL-21794,CAMEL,ai_era,Bug,1
250,2.55,20,2,CAMEL-21800,CAMEL,ai_era,Bug,1
126,2.2,10,2,CAMEL-21805,CAMEL,ai_era,New Feature,0
3515,2.5673981191222572,319,2,CAMEL-21807,CAMEL,ai_era,Bug,1
325,1.7575757575757576,33,1,CAMEL-21793,CAMEL,ai_era,Bug,1
778,2.739130434782609,92,8,CAMEL-21588,CAMEL,ai_era,Improvement,0
429,1.5,58,3,CAMEL-21814,CAMEL,ai_era,Improvement,0
708,4.620689655172414,29,2,CAMEL-21777,CAMEL,ai_era,Improvement,0
709,2.75,36,2,CAMEL-21710,CAMEL,ai_era,Improvement,0
870,2.3956043956043955,91,7,CAMEL-21809,CAMEL,ai_era,Improvement,0
3819,3.5622775800711746,281,4,CAMEL-21818,CAMEL,ai_era,Improvement,0
1017,1.0,226,3,CAMEL-21768,CAMEL,ai_era,New Feature,0
1623,4.553398058252427,103,3,CAMEL-21817,CAMEL,ai_era,Improvement,0
203,3.8,10,1,CAMEL-21820,CAMEL,ai_era,New Feature,0
475,1.540983606557377,61,4,CAMEL-21819,CAMEL,ai_era,Improvement,0
179,2.3333333333333335,24,1,CAMEL-21828,CAMEL,ai_era,Improvement,0
412,1.9189189189189189,37,2,CAMEL-20118,CAMEL,ai_era,New Feature,0
299,3.789473684210526,19,1,CAMEL-21829,CAMEL,ai_era,Improvement,0
517,3.5714285714285716,35,1,CAMEL-21830,CAMEL,ai_era,Bug,1
161,2.8333333333333335,12,2,CAMEL-21622,CAMEL,ai_era,Improvement,0
79,5.0,3,1,CAMEL-21832,CAMEL,ai_era,Bug,1
221,1.391304347826087,23,4,CAMEL-21837,CAMEL,ai_era,Task,0
2790,4.318518518518519,135,2,CAMEL-21846,CAMEL,ai_era,Improvement,0
653,2.7115384615384617,52,2,CAMEL-21849,CAMEL,ai_era,Bug,1
262,6.222222222222222,9,1,CAMEL-21845,CAMEL,ai_era,Improvement,0
1833,3.052941176470588,170,4,CAMEL-21848,CAMEL,ai_era,Improvement,0
748,1.4747474747474747,99,3,CAMEL-21847,CAMEL,ai_era,Bug,1
2532,4.226190476190476,252,5,CAMEL-21853,CAMEL,ai_era,Bug,1
338,6.166666666666667,12,1,CAMEL-21852,CAMEL,ai_era,Improvement,0
130,2.090909090909091,11,1,CAMEL-21839,CAMEL,ai_era,Bug,1
3011,3.2535211267605635,213,13,CAMEL-21851,CAMEL,ai_era,Improvement,0
85,1.5,12,1,CAMEL-21865,CAMEL,ai_era,Bug,1
182,1.0,28,4,CAMEL-21843,CAMEL,ai_era,Improvement,0
475,3.9,20,2,CAMEL-21842,CAMEL,ai_era,Bug,1
14,1.0,2,1,CAMEL-21876,CAMEL,ai_era,New Feature,0
292,2.4615384615384617,26,8,CAMEL-21858,CAMEL,ai_era,Bug,1
174,1.75,12,3,CAMEL-21874,CAMEL,ai_era,Task,0
13,1.0,2,1,CAMEL-21880,CAMEL,ai_era,Improvement,0
129,3.2,10,1,CAMEL-22103,CAMEL,ai_era,Bug,1
68,1.6666666666666667,3,1,CAMEL-21087,CAMEL,ai_era,New Feature,0
52,2.0,2,1,CAMEL-22073,CAMEL,ai_era,Bug,1
1798,1.0,357,3,CAMEL-21866,CAMEL,ai_era,Task,0
1310,1.25,228,6,CAMEL-21749,CAMEL,ai_era,New Feature,0
534,2.1639344262295084,61,1,CAMEL-19898,CAMEL,ai_era,Improvement,0
434,2.619047619047619,21,2,CAMEL-22113,CAMEL,ai_era,Improvement,0
3382,2.598684210526316,304,1,CAMEL-22122,CAMEL,ai_era,Improvement,0
1757,3.8656716417910446,134,7,CAMEL-22119,CAMEL,ai_era,Improvement,0
2263,5.613636363636363,88,1,CAMEL-22118,CAMEL,ai_era,Improvement,0
256,2.4285714285714284,21,1,CAMEL-22125,CAMEL,ai_era,Improvement,0
595,2.04,75,1,CAMEL-20015,CAMEL,ai_era,Improvement,0
3815,2.574074074074074,324,4,CAMEL-22126,CAMEL,ai_era,Improvement,0
69,7.5,2,1,CAMEL-22117,CAMEL,ai_era,Bug,1
1450,4.6,80,2,CAMEL-22131,CAMEL,ai_era,Bug,1
1574,3.5961538461538463,104,6,CAMEL-22116,CAMEL,ai_era,Bug,1
1697,2.646067415730337,178,9,CAMEL-22130,CAMEL,ai_era,Improvement,0
208,3.6363636363636362,11,1,CAMEL-16483,CAMEL,ai_era,New Feature,0
266,1.9565217391304348,23,1,CAMEL-22133,CAMEL,ai_era,Bug,1
408,6.3076923076923075,13,1,CAMEL-22139,CAMEL,ai_era,Bug,1
9,1.0,1,1,CAMEL-21658,CAMEL,ai_era,New Feature,0
4899,3.2292263610315186,349,9,CAMEL-22141,CAMEL,ai_era,Bug,1
215,2.4615384615384617,13,1,CAMEL-22142,CAMEL,ai_era,Bug,1
193,3.1,10,1,CAMEL-22127,CAMEL,ai_era,Bug,1
701,1.89010989010989,91,5,CAMEL-22146,CAMEL,ai_era,Bug,1
3968,3.3006833712984056,439,10,CAMEL-22160,CAMEL,ai_era,Improvement,0
274,1.5813953488372092,43,2,CAMEL-22161,CAMEL,ai_era,Improvement,0
498,2.925,40,2,CAMEL-22155,CAMEL,ai_era,Bug,1
652,7.2,25,1,CAMEL-22166,CAMEL,ai_era,Improvement,0
412,6.230769230769231,13,1,CAMEL-22140,CAMEL,ai_era,Test,0
414,8.0,16,2,CAMEL-22165,CAMEL,ai_era,Improvement,0
795,8.137931034482758,29,2,CAMEL-22121,CAMEL,ai_era,Improvement,0
1863,21.53846153846154,26,1,CAMEL-22180,CAMEL,ai_era,Improvement,0
469,3.2903225806451615,31,1,CAMEL-22174,CAMEL,ai_era,Bug,1
726,1.9565217391304348,92,3,CAMEL-22168,CAMEL,ai_era,Improvement,0
380,2.0,43,1,CAMEL-22176,CAMEL,ai_era,Bug,1
154,1.8461538461538463,13,1,CAMEL-21844,CAMEL,ai_era,Improvement,0
203,3.25,4,1,CAMEL-22184,CAMEL,ai_era,Bug,1
4230,4.289823008849558,452,4,CAMEL-22185,CAMEL,ai_era,Improvement,0
392,2.2083333333333335,48,5,CAMEL-22112,CAMEL,ai_era,New Feature,0
9715,2.481786133960047,851,26,CAMEL-22154,CAMEL,ai_era,New Feature,0
55890,1.1578308377175233,12355,122,CAMEL-22108,CAMEL,ai_era,Task,0
209,3.8181818181818183,11,1,CAMEL-22191,CAMEL,ai_era,Bug,1
294,2.6153846153846154,26,4,CAMEL-22190,CAMEL,ai_era,Improvement,0
382,2.611111111111111,36,1,CAMEL-22194,CAMEL,ai_era,Improvement,0
789,2.590909090909091,66,3,CAMEL-22195,CAMEL,ai_era,Bug,1
969,1.4202898550724639,138,3,CAMEL-22198,CAMEL,ai_era,Bug,1
5626,4.050243111831443,617,13,CAMEL-22183,CAMEL,ai_era,Task,0
1251,2.263157894736842,114,4,CAMEL-22199,CAMEL,ai_era,Improvement,0
19,1.0,3,1,CAMEL-22201,CAMEL,ai_era,Improvement,0
59,3.6666666666666665,3,1,CAMEL-22202,CAMEL,ai_era,Bug,1
1152,2.146788990825688,109,10,CAMEL-22206,CAMEL,ai_era,Improvement,0
1918,21.0,28,1,CAMEL-22204,CAMEL,ai_era,Bug,1
3016,4.422459893048129,187,3,CAMEL-22210,CAMEL,ai_era,Improvement,0
2381,2.652582159624413,213,2,CAMEL-22147,CAMEL,ai_era,Bug,1
70,1.625,8,2,CAMEL-22212,CAMEL,ai_era,Bug,1
1521,2.3252032520325203,123,8,CAMEL-22189,CAMEL,ai_era,Improvement,0
724,1.143884892086331,139,1,CAMEL-22134,CAMEL,ai_era,Bug,1
242,2.111111111111111,18,1,CAMEL-22124,CAMEL,ai_era,Improvement,0
1748,7.385964912280702,57,1,CAMEL-22207,CAMEL,ai_era,Bug,1
8693,2.092269326683292,1203,83,CAMEL-22200,CAMEL,ai_era,Improvement,0
5024,3.210749646393211,707,7,CAMEL-21791,CAMEL,ai_era,Improvement,0
2067,7.057471264367816,174,5,CAMEL-22173,CAMEL,ai_era,Bug,1
131,3.142857142857143,7,1,CAMEL-22220,CAMEL,ai_era,Bug,1
1270,1.4335260115606936,173,3,CAMEL-22217,CAMEL,ai_era,Bug,1
2375,2.449367088607595,316,20,CAMEL-21539,CAMEL,ai_era,New Feature,0
3102,6.085470085470085,117,3,CAMEL-21812,CAMEL,ai_era,Improvement,0
11,1.0,2,1,CAMEL-21885,CAMEL,ai_era,Improvement,0
1105,3.196078431372549,51,7,CAMEL-21841,CAMEL,ai_era,Bug,1
1105,3.196078431372549,51,7,CAMEL-21835,CAMEL,ai_era,Improvement,0
1228,1.6742424242424243,132,25,CAMEL-21867,CAMEL,ai_era,New Feature,0
381,2.073170731707317,41,1,CAMEL-21888,CAMEL,ai_era,Bug,1
1361,3.3045977011494254,174,7,CAMEL-21894,CAMEL,ai_era,New Feature,0
5709,4.2782324058919805,611,13,CAMEL-21644,CAMEL,ai_era,New Feature,0
828,2.076923076923077,78,7,CAMEL-21900,CAMEL,ai_era,Improvement,0
709,2.772727272727273,66,1,CAMEL-21893,CAMEL,ai_era,Improvement,0
121,2.3,10,1,CAMEL-21906,CAMEL,ai_era,New Feature,0
849,5.205882352941177,34,3,CAMEL-21903,CAMEL,ai_era,Improvement,0
657,2.169811320754717,53,2,CAMEL-21904,CAMEL,ai_era,Improvement,0
1389,5.574074074074074,54,2,CAMEL-21753,CAMEL,ai_era,Bug,1
29,4.0,1,1,CAMEL-21802,CAMEL,ai_era,New Feature,0
315,2.576923076923077,26,1,CAMEL-21892,CAMEL,ai_era,Bug,1
632,4.764705882352941,17,2,CAMEL-21855,CAMEL,ai_era,Bug,1
131,2.1818181818181817,11,1,CAMEL-21816,CAMEL,ai_era,Bug,1
4447,4.359338061465721,423,17,CAMEL-21875,CAMEL,ai_era,Improvement,0
563,5.0,15,1,CAMEL-21898,CAMEL,ai_era,Improvement,0
1088,2.56,125,7,CAMEL-21884,CAMEL,ai_era,Improvement,0
578,7.108108108108108,37,4,CAMEL-21905,CAMEL,ai_era,New Feature,0
152,2.25,12,1,CAMEL-21923,CAMEL,ai_era,Bug,1
154,1.7333333333333334,15,1,CAMEL-21907,CAMEL,ai_era,Improvement,0
511,2.9565217391304346,23,7,CAMEL-21879,CAMEL,ai_era,Task,0
812,3.6222222222222222,45,4,CAMEL-21927,CAMEL,ai_era,Improvement,0
976,1.3008849557522124,113,27,CAMEL-21760,CAMEL,ai_era,New Feature,0
223,1.0638297872340425,47,1,CAMEL-21926,CAMEL,ai_era,Bug,1
55,3.25,4,1,CAMEL-21934,CAMEL,ai_era,Improvement,0
79,3.6,5,1,CAMEL-21921,CAMEL,ai_era,Improvement,0
43,1.1666666666666667,6,1,CAMEL-21938,CAMEL,ai_era,Bug,1
1193,4.170731707317073,41,3,CAMEL-21939,CAMEL,ai_era,Improvement,0
57,1.8,5,1,CAMEL-21940,CAMEL,ai_era,Bug,1
10006,1.1481113320079523,1006,139,CAMEL-22225,CAMEL,ai_era,Improvement,0
78,1.5,12,1,CAMEL-21942,CAMEL,ai_era,Bug,1
1553,1.371308016877637,237,1,CAMEL-21908,CAMEL,ai_era,Bug,1
498,3.193548387096774,31,2,CAMEL-21901,CAMEL,ai_era,Bug,1
636,7.2105263157894735,19,3,CAMEL-21941,CAMEL,ai_era,Task,0
124,1.625,16,1,CAMEL-21953,CAMEL,ai_era,Bug,1
62,3.25,4,1,CAMEL-21954,CAMEL,ai_era,Bug,1
478,2.0416666666666665,48,6,CAMEL-21736,CAMEL,ai_era,Improvement,0
504,3.5588235294117645,34,1,CAMEL-21947,CAMEL,ai_era,Bug,1
1165,4.477611940298507,67,1,CAMEL-21957,CAMEL,ai_era,Bug,1
406,1.098360655737705,61,4,CAMEL-21911,CAMEL,ai_era,New Feature,0
3514,2.115530303030303,528,11,CAMEL-17530,CAMEL,ai_era,New Feature,0
1387,1.0415647921760391,409,4,CAMEL-21943,CAMEL,ai_era,New Feature,0
53,3.0,4,1,CAMEL-21972,CAMEL,ai_era,Task,0
321,2.588235294117647,17,6,CAMEL-21899,CAMEL,ai_era,Bug,1
146,2.2941176470588234,17,1,CAMEL-21967,CAMEL,ai_era,Bug,1
1650,6.685314685314685,143,10,CAMEL-21871,CAMEL,ai_era,Improvement,0
2437,1.2123287671232876,438,15,CAMEL-21961,CAMEL,ai_era,New Feature,0
699,1.1953125,128,2,CAMEL-21982,CAMEL,ai_era,Improvement,0
400,6.0,13,1,CAMEL-21983,CAMEL,ai_era,Bug,1
218,1.9333333333333333,15,1,CAMEL-21945,CAMEL,ai_era,New Feature,0
176,1.7777777777777777,9,5,CAMEL-21971,CAMEL,ai_era,Improvement,0
132,6.75,4,1,CAMEL-21948,CAMEL,ai_era,Improvement,0
41,1.2,5,1,CAMEL-21979,CAMEL,ai_era,Bug,1
452,3.230769230769231,26,7,CAMEL-21986,CAMEL,ai_era,Bug,1
1403,2.311111111111111,225,4,CAMEL-21988,CAMEL,ai_era,Bug,1
183,4.7,10,2,CAMEL-21990,CAMEL,ai_era,Bug,1
176,1.7222222222222223,18,4,CAMEL-21992,CAMEL,ai_era,New Feature,0
154,2.1538461538461537,13,3,CAMEL-21995,CAMEL,ai_era,New Feature,0
225,4.2727272727272725,22,2,CAMEL-21991,CAMEL,ai_era,Improvement,0
684,2.674698795180723,83,10,CAMEL-21969,CAMEL,ai_era,Task,0
367,1.8888888888888888,36,1,CAMEL-21964,CAMEL,ai_era,Bug,1
2497,2.9049773755656108,221,5,CAMEL-21987,CAMEL,ai_era,Bug,1
181,2.0,18,2,CAMEL-21912,CAMEL,ai_era,Bug,1
28,1.0,2,1,CAMEL-21994,CAMEL,ai_era,New Feature,0
512,2.625,40,1,CAMEL-22004,CAMEL,ai_era,Bug,1
104,6.75,4,1,CAMEL-22006,CAMEL,ai_era,Improvement,0
6413,3.1540913921360256,941,13,CAMEL-21952,CAMEL,ai_era,Test,0
2157,2.208469055374593,307,5,CAMEL-22008,CAMEL,ai_era,Improvement,0
277,2.0,17,7,CAMEL-21993,CAMEL,ai_era,New Feature,0
713,2.327272727272727,55,2,CAMEL-22015,CAMEL,ai_era,Bug,1
380,2.375,16,10,CAMEL-22005,CAMEL,ai_era,Improvement,0
532,4.0,31,6,CAMEL-22014,CAMEL,ai_era,Bug,1
763,2.8461538461538463,91,8,CAMEL-22010,CAMEL,ai_era,New Feature,0
68,3.4,5,1,CAMEL-22018,CAMEL,ai_era,Improvement,0
1372,1.2208835341365463,249,3,CAMEL-22019,CAMEL,ai_era,Improvement,0
603,1.1333333333333333,30,16,CAMEL-22016,CAMEL,ai_era,Improvement,0
2588,4.425806451612903,310,5,CAMEL-22023,CAMEL,ai_era,Dependency upgrade,0
1068,1.8157894736842106,152,2,CAMEL-22022,CAMEL,ai_era,Improvement,0
690,1.8101265822784811,79,3,CAMEL-22020,CAMEL,ai_era,Bug,1
277,1.9375,32,1,CAMEL-22026,CAMEL,ai_era,Bug,1
113,4.2,5,1,CAMEL-22032,CAMEL,ai_era,Bug,1
279,4.153846153846154,13,1,CAMEL-22028,CAMEL,ai_era,Bug,1
72,3.5,2,1,CAMEL-21956,CAMEL,ai_era,Bug,1
120,2.6,10,1,CAMEL-22036,CAMEL,ai_era,Dependency upgrade,0
78,1.625,8,2,CAMEL-22029,CAMEL,ai_era,Improvement,0
4172,4.170940170940171,468,8,CAMEL-21857,CAMEL,ai_era,Improvement,0
156,4.714285714285714,7,1,CAMEL-22038,CAMEL,ai_era,Bug,1
258,2.5714285714285716,21,1,CAMEL-22046,CAMEL,ai_era,Task,0
2246,3.3375,240,5,CAMEL-22042,CAMEL,ai_era,Improvement,0
1505,5.551724137931035,58,4,CAMEL-22047,CAMEL,ai_era,Improvement,0
1502,3.1700680272108843,147,6,CAMEL-22044,CAMEL,ai_era,Improvement,0
379,2.740740740740741,27,2,CAMEL-22049,CAMEL,ai_era,Improvement,0
36,1.5,4,1,CAMEL-22037,CAMEL,ai_era,Bug,1
87,4.333333333333333,6,1,CAMEL-22048,CAMEL,ai_era,Improvement,0
1710,1.1419558359621451,317,4,CAMEL-22033,CAMEL,ai_era,Improvement,0
1968,2.8111888111888113,286,6,CAMEL-22043,CAMEL,ai_era,Improvement,0
223,1.1111111111111112,36,1,CAMEL-22050,CAMEL,ai_era,Bug,1
540,4.310344827586207,29,3,CAMEL-21965,CAMEL,ai_era,Task,0
756,3.185185185185185,54,1,CAMEL-22051,CAMEL,ai_era,Improvement,0
7399,3.438305709023941,543,7,CAMEL-22045,CAMEL,ai_era,Improvement,0
467,2.9655172413793105,29,1,CAMEL-21976,CAMEL,ai_era,Dependency upgrade,0
476,1.0,1,2,CAMEL-21977,CAMEL,ai_era,Task,0
312,5.384615384615385,13,1,CAMEL-22053,CAMEL,ai_era,Improvement,0
565,4.419354838709677,31,1,CAMEL-22054,CAMEL,ai_era,Improvement,0
1066,2.544776119402985,134,7,CAMEL-21931,CAMEL,ai_era,Improvement,0
314,5.3076923076923075,13,1,CAMEL-22056,CAMEL,ai_era,Bug,1
590,3.75,36,2,CAMEL-22055,CAMEL,ai_era,Bug,1
61,2.0,5,1,CAMEL-22059,CAMEL,ai_era,Bug,1
103,1.25,12,1,CAMEL-22062,CAMEL,ai_era,Bug,1
701,6.44,25,3,CAMEL-22057,CAMEL,ai_era,Bug,1
268,6.666666666666667,9,1,CAMEL-22068,CAMEL,ai_era,Bug,1
416,4.842105263157895,19,2,CAMEL-21996,CAMEL,ai_era,Improvement,0
558,1.134020618556701,97,4,CAMEL-22040,CAMEL,ai_era,Task,0
223,1.1111111111111112,36,1,CAMEL-22065,CAMEL,ai_era,Bug,1
384,4.055555555555555,18,1,CAMEL-22076,CAMEL,ai_era,Improvement,0
772,1.6631578947368422,95,3,CAMEL-22052,CAMEL,ai_era,Dependency upgrade,0
661,1.25,116,5,CAMEL-22075,CAMEL,ai_era,Improvement,0
643,1.1101694915254237,118,3,CAMEL-16360,CAMEL,ai_era,New Feature,0
3111,1.9571045576407506,373,3,CAMEL-22079,CAMEL,ai_era,Improvement,0
1702,7.2105263157894735,57,1,CAMEL-22074,CAMEL,ai_era,Improvement,0
171,3.5833333333333335,12,1,CAMEL-22082,CAMEL,ai_era,Bug,1
179,2.8461538461538463,13,1,CAMEL-21981,CAMEL,ai_era,Improvement,0
200,1.7,10,3,CAMEL-22077,CAMEL,ai_era,Improvement,0
984,3.165137614678899,109,8,CAMEL-22084,CAMEL,ai_era,Improvement,0
686,2.78125,64,1,CAMEL-22095,CAMEL,ai_era,Bug,1
1705,2.5076335877862594,262,5,CAMEL-22081,CAMEL,ai_era,Bug,1
3314,6.5508474576271185,118,4,CAMEL-22087,CAMEL,ai_era,Improvement,0
1280,3.182926829268293,82,6,CAMEL-22098,CAMEL,ai_era,New Feature,0
4172,6.228187919463087,149,8,CAMEL-22017,CAMEL,ai_era,Improvement,0
1114,2.230769230769231,169,5,CAMEL-18392,CAMEL,ai_era,Improvement,0
102,1.0,15,2,CAMEL-21963,CAMEL,ai_era,Bug,1
1290,1.0241379310344827,290,3,CAMEL-22101,CAMEL,ai_era,Task,0
1359,2.0935960591133007,203,14,CAMEL-15088,CAMEL,ai_era,New Feature,0
1717,3.0816326530612246,98,5,CAMEL-22100,CAMEL,ai_era,Bug,1
155,1.0,28,1,CAMEL-22596,CAMEL,ai_era,Improvement,0
4332,1.786144578313253,664,16,CAMEL-22598,CAMEL,ai_era,New Feature,0
5523,2.789227166276347,427,18,CAMEL-22604,CAMEL,ai_era,Improvement,0
77,2.142857142857143,7,1,CAMEL-22597,CAMEL,ai_era,Bug,1
195,3.2666666666666666,15,1,CAMEL-22581,CAMEL,ai_era,Bug,1
2777,1.3830227743271222,483,14,CAMEL-22609,CAMEL,ai_era,Task,0
469,3.2903225806451615,31,1,CAMEL-22611,CAMEL,ai_era,Improvement,0
968,2.210526315789474,95,11,CAMEL-22606,CAMEL,ai_era,Improvement,0
1634,1.6311111111111112,225,3,CAMEL-22589,CAMEL,ai_era,Task,0
2969,1.4651162790697674,473,15,CAMEL-22613,CAMEL,ai_era,New Feature,0
2334,3.5636363636363635,220,23,CAMEL-22617,CAMEL,ai_era,New Feature,0
3776,4.025495750708215,353,13,CAMEL-22619,CAMEL,ai_era,New Feature,0
392,1.0,75,1,CAMEL-22620,CAMEL,ai_era,Improvement,0
1850,1.3503401360544218,294,1,CAMEL-22608,CAMEL,ai_era,Improvement,0
876,6.655172413793103,29,3,CAMEL-22626,CAMEL,ai_era,Improvement,0
526,7.066666666666666,15,1,CAMEL-22628,CAMEL,ai_era,Improvement,0
3081,2.982300884955752,226,8,CAMEL-22605,CAMEL,ai_era,Improvement,0
125,1.7857142857142858,14,1,CAMEL-22623,CAMEL,ai_era,Improvement,0
1064,3.3333333333333335,69,1,CAMEL-22638,CAMEL,ai_era,Bug,1
1482,2.919191919191919,99,15,CAMEL-22634,CAMEL,ai_era,Improvement,0
1942,2.281150159744409,313,6,CAMEL-22645,CAMEL,ai_era,Bug,1
1942,2.281150159744409,313,6,CAMEL-22643,CAMEL,ai_era,Task,0
2213,1.2327365728900255,391,2,CAMEL-22529,CAMEL,ai_era,Bug,1
972,1.280701754385965,171,3,CAMEL-22637,CAMEL,ai_era,New Feature,0
3523,2.6126984126984127,315,1,CAMEL-22627,CAMEL,ai_era,Bug,1
1770,6.52542372881356,59,4,CAMEL-22629,CAMEL,ai_era,Improvement,0
467,2.769230769230769,26,6,CAMEL-22631,CAMEL,ai_era,Task,0
36,2.5,4,1,CAMEL-22656,CAMEL,ai_era,Bug,1
487,2.8421052631578947,38,7,CAMEL-22651,CAMEL,ai_era,Bug,1
3529,4.427586206896552,145,17,CAMEL-22657,CAMEL,ai_era,Bug,1
2776,4.828125,128,6,CAMEL-22660,CAMEL,ai_era,Bug,1
1914,6.256756756756757,74,3,CAMEL-22667,CAMEL,ai_era,Bug,1
8727,4.387726638772664,717,42,CAMEL-22655,CAMEL,ai_era,New Feature,0
1628,4.292929292929293,99,11,CAMEL-22665,CAMEL,ai_era,New Feature,0
1195,2.0,143,3,CAMEL-22670,CAMEL,ai_era,Improvement,0
1369,2.3628318584070795,113,6,CAMEL-22671,CAMEL,ai_era,Improvement,0
1521,2.4114285714285715,175,11,CAMEL-22658,CAMEL,ai_era,Bug,1
1642,6.788732394366197,71,7,CAMEL-22676,CAMEL,ai_era,New Feature,0
2140,5.9753086419753085,81,6,CAMEL-22654,CAMEL,ai_era,New Feature,0
356,1.8333333333333333,24,3,CAMEL-22678,CAMEL,ai_era,New Feature,0
705,2.3333333333333335,54,1,CAMEL-22675,CAMEL,ai_era,Bug,1
14,1.0,2,2,CAMEL-22683,CAMEL,ai_era,Dependency upgrade,0
430,6.866666666666666,15,1,CAMEL-22685,CAMEL,ai_era,Improvement,0
635,8.058823529411764,17,1,CAMEL-22684,CAMEL,ai_era,Improvement,0
3010,2.2343234323432344,303,4,CAMEL-22674,CAMEL,ai_era,New Feature,0
577,3.327272727272727,55,9,CAMEL-20552,CAMEL,ai_era,New Feature,0
320,4.25,16,1,CAMEL-22691,CAMEL,ai_era,Bug,1
2589,2.5261845386533666,401,9,CAMEL-22688,CAMEL,ai_era,Improvement,0
2940,1.4705882352941178,476,15,CAMEL-22706,CAMEL,ai_era,New Feature,0
2275,5.573033707865169,89,2,CAMEL-22695,CAMEL,ai_era,Bug,1
783,5.4,35,1,CAMEL-22686,CAMEL,ai_era,Improvement,0
5060,2.653658536585366,410,14,CAMEL-22687,CAMEL,ai_era,New Feature,0
1715,1.6682242990654206,214,4,CAMEL-22696,CAMEL,ai_era,Bug,1
736,6.541666666666667,24,1,CAMEL-22702,CAMEL,ai_era,Improvement,0
1059,1.7634408602150538,93,4,CAMEL-22557,CAMEL,ai_era,Bug,1
553,2.302325581395349,43,5,CAMEL-22713,CAMEL,ai_era,New Feature,0
553,1.9433962264150944,53,6,CAMEL-22692,CAMEL,ai_era,Dependency upgrade,0
3011,1.5071868583162218,487,15,CAMEL-22709,CAMEL,ai_era,New Feature,0
1409,5.462962962962963,54,4,CAMEL-22715,CAMEL,ai_era,Improvement,0
342,2.9411764705882355,17,1,CAMEL-22719,CAMEL,ai_era,Improvement,0
3028,3.1638418079096047,177,11,CAMEL-22644,CAMEL,ai_era,New Feature,0
908,4.609756097560975,41,3,CAMEL-22224,CAMEL,ai_era,Improvement,0
62,1.0833333333333333,12,1,CAMEL-22229,CAMEL,ai_era,Bug,1
304,7.75,8,1,CAMEL-22232,CAMEL,ai_era,Improvement,0
240,7.714285714285714,7,1,CAMEL-22226,CAMEL,ai_era,Bug,1
5621,3.5183333333333335,600,7,CAMEL-22223,CAMEL,ai_era,Improvement,0
774,2.4035087719298245,57,1,CAMEL-22239,CAMEL,ai_era,Bug,1
639,7.2105263157894735,19,3,CAMEL-22236,CAMEL,ai_era,Dependency upgrade,0
461,3.129032258064516,31,1,CAMEL-22235,CAMEL,ai_era,Bug,1
172,1.3793103448275863,29,1,CAMEL-22245,CAMEL,ai_era,Improvement,0
159,4.444444444444445,9,1,CAMEL-22248,CAMEL,ai_era,Bug,1
321,1.8823529411764706,34,4,CAMEL-22230,CAMEL,ai_era,Improvement,0
978,2.1666666666666665,84,5,CAMEL-22237,CAMEL,ai_era,Improvement,0
3485,1.9158878504672898,428,7,CAMEL-22214,CAMEL,ai_era,New Feature,0
5303,3.199127906976744,688,10,CAMEL-22250,CAMEL,ai_era,Improvement,0
254,2.4285714285714284,21,1,CAMEL-22251,CAMEL,ai_era,Bug,1
262,3.0833333333333335,24,2,CAMEL-22253,CAMEL,ai_era,Bug,1
2601,7.2988505747126435,87,4,CAMEL-22227,CAMEL,ai_era,Bug,1
2218,2.7976190476190474,168,7,CAMEL-22255,CAMEL,ai_era,Improvement,0
2195,2.6534296028880866,277,5,CAMEL-22256,CAMEL,ai_era,Improvement,0
2301,6.576470588235294,85,3,CAMEL-22228,CAMEL,ai_era,Bug,1
478,2.0491803278688523,61,4,CAMEL-22260,CAMEL,ai_era,Improvement,0
2576,2.216589861751152,217,7,CAMEL-22259,CAMEL,ai_era,Improvement,0
581,3.2564102564102564,39,2,CAMEL-22262,CAMEL,ai_era,Bug,1
1768,5.761904761904762,63,4,CAMEL-22254,CAMEL,ai_era,Improvement,0
424,6.615384615384615,13,1,CAMEL-22144,CAMEL,ai_era,Bug,1
1924,6.82089552238806,67,2,CAMEL-22267,CAMEL,ai_era,Bug,1
190,2.3636363636363638,22,1,CAMEL-22264,CAMEL,ai_era,Bug,1
321,3.1052631578947367,19,1,CAMEL-22273,CAMEL,ai_era,Bug,1
3690,6.140625,128,4,CAMEL-22266,CAMEL,ai_era,Improvement,0
209,2.8,15,1,CAMEL-22278,CAMEL,ai_era,Improvement,0
194,2.076923076923077,13,2,CAMEL-22269,CAMEL,ai_era,Improvement,0
241,4.166666666666667,12,1,CAMEL-22279,CAMEL,ai_era,Improvement,0
314,4.266666666666667,15,2,CAMEL-22283,CAMEL,ai_era,Improvement,0
1192,1.4903225806451612,155,3,CAMEL-22276,CAMEL,ai_era,Improvement,0
374,3.3333333333333335,21,1,CAMEL-22291,CAMEL,ai_era,Improvement,0
2296,1.336111111111111,360,8,CAMEL-22293,CAMEL,ai_era,Bug,1
6984,3.156555772994129,511,20,CAMEL-22285,CAMEL,ai_era,Improvement,0
47,1.0,5,1,CAMEL-22294,CAMEL,ai_era,Bug,1
99,1.25,12,1,CAMEL-22297,CAMEL,ai_era,Improvement,0
2005,5.6117647058823525,85,3,CAMEL-22287,CAMEL,ai_era,Improvement,0
447,1.8717948717948718,39,1,CAMEL-22244,CAMEL,ai_era,New Feature,0
5735,2.124015748031496,508,37,CAMEL-22295,CAMEL,ai_era,Improvement,0
1064,3.3333333333333335,69,1,CAMEL-22299,CAMEL,ai_era,Improvement,0
1719,1.9782608695652173,184,3,CAMEL-22304,CAMEL,ai_era,Improvement,0
1043,3.925925925925926,27,4,CAMEL-22196,CAMEL,ai_era,New Feature,0
182,1.0,42,1,CAMEL-22303,CAMEL,ai_era,Task,0
2229,2.095744680851064,188,6,CAMEL-22307,CAMEL,ai_era,Improvement,0
359,1.9772727272727273,44,6,CAMEL-22309,CAMEL,ai_era,Improvement,0
3666,2.6276923076923078,325,2,CAMEL-22310,CAMEL,ai_era,New Feature,0
244,1.2432432432432432,37,3,CAMEL-22311,CAMEL,ai_era,Improvement,0
2639,1.4,470,5,CAMEL-16871,CAMEL,ai_era,Improvement,0
6626,2.2793388429752066,605,63,CAMEL-22312,CAMEL,ai_era,Improvement,0
13973,2.4048,1250,51,CAMEL-22257,CAMEL,ai_era,Improvement,0
3483,1.997560975609756,410,2,CAMEL-22314,CAMEL,ai_era,Bug,1
5438,1.810289389067524,622,13,CAMEL-22315,CAMEL,ai_era,Improvement,0
5979,6.376237623762377,202,11,CAMEL-22288,CAMEL,ai_era,New Feature,0
1281,8.256410256410257,39,1,CAMEL-22317,CAMEL,ai_era,Improvement,0
3908,3.7148936170212767,235,7,CAMEL-22320,CAMEL,ai_era,Improvement,0
442,3.608695652173913,23,1,CAMEL-22321,CAMEL,ai_era,Improvement,0
89,1.2352941176470589,17,1,CAMEL-22326,CAMEL,ai_era,Improvement,0
358,1.4181818181818182,55,9,CAMEL-22327,CAMEL,ai_era,Improvement,0
502,4.555555555555555,18,1,CAMEL-22331,CAMEL,ai_era,Bug,1
137,1.8333333333333333,12,1,CAMEL-22216,CAMEL,ai_era,Bug,1
186,2.8333333333333335,12,1,CAMEL-22328,CAMEL,ai_era,Improvement,0
94,4.25,4,1,CAMEL-22330,CAMEL,ai_era,New Feature,0
2633,2.3636363636363638,209,7,CAMEL-22338,CAMEL,ai_era,Improvement,0
75,4.333333333333333,3,1,CAMEL-22339,CAMEL,ai_era,Bug,1
51,5.5,2,1,CAMEL-22282,CAMEL,ai_era,Bug,1
2720,4.595238095238095,126,7,CAMEL-22342,CAMEL,ai_era,Bug,1
2776,2.018140589569161,441,6,CAMEL-22345,CAMEL,ai_era,Improvement,0
1062,2.3046875,128,5,CAMEL-22346,CAMEL,ai_era,Improvement,0
4897,2.1449468085106385,752,9,CAMEL-22350,CAMEL,ai_era,Improvement,0
99,3.6,5,1,CAMEL-22356,CAMEL,ai_era,Improvement,0
22940,2.090989010989011,2275,149,CAMEL-22313,CAMEL,ai_era,Improvement,0
7213,5.785106382978723,470,61,CAMEL-22352,CAMEL,ai_era,Bug,1
852,5.033333333333333,30,1,CAMEL-22359,CAMEL,ai_era,Bug,1
513,4.722222222222222,18,1,CAMEL-22335,CAMEL,ai_era,Bug,1
27,1.6666666666666667,3,1,CAMEL-22362,CAMEL,ai_era,Improvement,0
136,1.7692307692307692,13,1,CAMEL-22363,CAMEL,ai_era,Bug,1
439,2.085714285714286,35,3,CAMEL-22368,CAMEL,ai_era,Improvement,0
16282,3.3839590443686007,1758,106,CAMEL-22354,CAMEL,ai_era,Improvement,0
38,1.0,7,1,CAMEL-22371,CAMEL,ai_era,Task,0
706,2.3255813953488373,86,8,CAMEL-22370,CAMEL,ai_era,Improvement,0
436,3.8846153846153846,26,1,CAMEL-22364,CAMEL,ai_era,Bug,1
653,7.2,25,1,CAMEL-22373,CAMEL,ai_era,Bug,1
9063,3.3484848484848486,792,15,CAMEL-22365,CAMEL,ai_era,Improvement,0
119,2.3333333333333335,6,2,CAMEL-22380,CAMEL,ai_era,Bug,1
285,1.9583333333333333,24,2,CAMEL-22381,CAMEL,ai_era,Improvement,0
7420,3.0067178502879077,1042,18,CAMEL-22376,CAMEL,ai_era,Task,0
4939,2.5024271844660193,412,5,CAMEL-22375,CAMEL,ai_era,Improvement,0
1024,2.684931506849315,146,6,CAMEL-22382,CAMEL,ai_era,Improvement,0
1319,7.0,46,1,CAMEL-22384,CAMEL,ai_era,Bug,1
199,3.4615384615384617,13,2,CAMEL-22387,CAMEL,ai_era,Improvement,0
150,2.2777777777777777,18,1,CAMEL-22386,CAMEL,ai_era,Task,0
232,1.0975609756097562,41,3,CAMEL-22391,CAMEL,ai_era,Bug,1
81,1.6666666666666667,6,1,CAMEL-22392,CAMEL,ai_era,New Feature,0
1013,7.0,30,1,CAMEL-22337,CAMEL,ai_era,New Feature,0
1264,4.149253731343284,67,4,CAMEL-18597,CAMEL,ai_era,New Feature,0
1603,2.392523364485981,214,7,CAMEL-22401,CAMEL,ai_era,Improvement,0
139,2.5,8,2,CAMEL-22397,CAMEL,ai_era,Bug,1
1066,1.4620253164556962,158,8,CAMEL-22011,CAMEL,ai_era,Improvement,0
156,2.5833333333333335,12,1,CAMEL-22400,CAMEL,ai_era,Improvement,0
51,1.0,10,1,CAMEL-22413,CAMEL,ai_era,Task,0
5864,2.221070811744387,579,19,CAMEL-22396,CAMEL,ai_era,Improvement,0
2488,5.714285714285714,84,6,CAMEL-22407,CAMEL,ai_era,Bug,1
2488,5.714285714285714,84,6,CAMEL-22404,CAMEL,ai_era,Bug,1
2488,5.714285714285714,84,6,CAMEL-22418,CAMEL,ai_era,Bug,1
225,1.0,47,2,CAMEL-22427,CAMEL,ai_era,Task,0
92,3.2,5,2,CAMEL-22416,CAMEL,ai_era,Bug,1
199,3.8,10,1,CAMEL-22419,CAMEL,ai_era,Improvement,0
494,1.935483870967742,62,1,CAMEL-22410,CAMEL,ai_era,Bug,1
308,1.0483870967741935,62,3,CAMEL-22428,CAMEL,ai_era,Task,0
636,2.392156862745098,51,1,CAMEL-22399,CAMEL,ai_era,Test,0
298,3.8421052631578947,19,1,CAMEL-22421,CAMEL,ai_era,Improvement,0
830,6.0,46,2,CAMEL-22420,CAMEL,ai_era,Improvement,0
4259,2.564516129032258,372,2,CAMEL-22423,CAMEL,ai_era,New Feature,0
4117,1.857394366197183,568,23,CAMEL-22424,CAMEL,ai_era,New Feature,0
213,4.181818181818182,11,1,CAMEL-22432,CAMEL,ai_era,Improvement,0
57,1.0,15,1,CAMEL-22405,CAMEL,ai_era,Bug,1
481,2.0833333333333335,48,4,CAMEL-22430,CAMEL,ai_era,Improvement,0
572,2.3333333333333335,57,3,CAMEL-21598,CAMEL,ai_era,Task,0
572,2.3333333333333335,57,3,CAMEL-21597,CAMEL,ai_era,New Feature,0
3202,1.7093495934959348,492,16,CAMEL-22433,CAMEL,ai_era,New Feature,0
1449,2.692982456140351,228,6,CAMEL-22438,CAMEL,ai_era,Improvement,0
108,5.25,8,1,CAMEL-22441,CAMEL,ai_era,Improvement,0
2208,1.2155388471177946,399,6,CAMEL-22412,CAMEL,ai_era,Task,0
383,4.857142857142857,14,2,CAMEL-22440,CAMEL,ai_era,New Feature,0
1761,7.385964912280702,57,1,CAMEL-22443,CAMEL,ai_era,Task,0
496,9.76923076923077,13,2,CAMEL-22444,CAMEL,ai_era,Task,0
1102,2.9166666666666665,72,3,CAMEL-22447,CAMEL,ai_era,Task,0
506,10.076923076923077,13,2,CAMEL-22446,CAMEL,ai_era,Task,0
229,1.5,28,1,CAMEL-22452,CAMEL,ai_era,Test,0
1091,2.6353591160220993,181,5,CAMEL-22451,CAMEL,ai_era,Improvement,0
1538,1.7272727272727273,154,4,CAMEL-22442,CAMEL,ai_era,Improvement,0
2855,6.475728155339806,103,3,CAMEL-22454,CAMEL,ai_era,Improvement,0
1760,4.402777777777778,72,4,CAMEL-22456,CAMEL,ai_era,Improvement,0
1760,4.402777777777778,72,4,CAMEL-22455,CAMEL,ai_era,Improvement,0
214,3.3125,16,2,CAMEL-22459,CAMEL,ai_era,New Feature,0
312,1.7555555555555555,45,3,CAMEL-22457,CAMEL,ai_era,New Feature,0
117,2.5,8,1,CAMEL-22461,CAMEL,ai_era,Task,0
194,3.8,10,1,CAMEL-22465,CAMEL,ai_era,Improvement,0
83,1.8,10,1,CAMEL-22468,CAMEL,ai_era,Bug,1
250,9.8,5,1,CAMEL-22471,CAMEL,ai_era,Improvement,0
547,1.4050632911392404,79,1,CAMEL-22474,CAMEL,ai_era,Bug,1
192,1.7307692307692308,26,1,CAMEL-22476,CAMEL,ai_era,Bug,1
225,2.4444444444444446,18,2,CAMEL-22414,CAMEL,ai_era,Bug,1
1266,2.90625,96,4,CAMEL-22481,CAMEL,ai_era,New Feature,0
413,5.260869565217392,23,2,CAMEL-22480,CAMEL,ai_era,Bug,1
254,1.59375,32,2,CAMEL-22482,CAMEL,ai_era,Improvement,0
176,1.88,25,3,CAMEL-22475,CAMEL,ai_era,New Feature,0
2970,1.4110429447852761,489,14,CAMEL-22464,CAMEL,ai_era,New Feature,0
1994,2.6354166666666665,288,9,CAMEL-22487,CAMEL,ai_era,New Feature,0
23157,3.8898750821827743,3042,36,CAMEL-22483,CAMEL,ai_era,Dependency upgrade,0
1760,4.402777777777778,72,4,CAMEL-22484,CAMEL,ai_era,Bug,1
2688,1.6128048780487805,328,5,CAMEL-22495,CAMEL,ai_era,New Feature,0
390,1.6341463414634145,41,8,CAMEL-22496,CAMEL,ai_era,Improvement,0
57,2.0,5,2,CAMEL-22485,CAMEL,ai_era,Improvement,0
281,1.7560975609756098,41,2,CAMEL-22498,CAMEL,ai_era,Improvement,0
6224,3.4029255319148937,752,13,CAMEL-22500,CAMEL,ai_era,Improvement,0
1335,3.732283464566929,127,9,CAMEL-22503,CAMEL,ai_era,New Feature,0
248,2.9523809523809526,21,1,CAMEL-22493,CAMEL,ai_era,Bug,1
103,2.2222222222222223,9,1,CAMEL-22458,CAMEL,ai_era,Bug,1
409,1.8461538461538463,26,4,CAMEL-22494,CAMEL,ai_era,Bug,1
295,1.0285714285714285,35,6,CAMEL-22508,CAMEL,ai_era,New Feature,0
6724,2.290519877675841,654,11,CAMEL-22507,CAMEL,ai_era,Improvement,0
1733,3.8675496688741724,151,11,CAMEL-22509,CAMEL,ai_era,New Feature,0
930,2.7901234567901234,81,3,CAMEL-22516,CAMEL,ai_era,Improvement,0
436,3.2903225806451615,31,1,CAMEL-22522,CAMEL,ai_era,Sub-task,0
470,1.7,50,3,CAMEL-22511,CAMEL,ai_era,Improvement,0
506,2.2916666666666665,48,1,CAMEL-22528,CAMEL,ai_era,Sub-task,0
827,1.6666666666666667,93,6,CAMEL-22526,CAMEL,ai_era,Bug,1
2825,5.990654205607477,107,6,CAMEL-22521,CAMEL,ai_era,Improvement,0
4958,3.225165562913907,604,11,CAMEL-22332,CAMEL,ai_era,Bug,1
353,2.3783783783783785,37,1,CAMEL-22533,CAMEL,ai_era,Bug,1
4392,4.505660377358491,265,9,CAMEL-22502,CAMEL,ai_era,Task,0
1631,1.9176029962546817,267,5,CAMEL-22439,CAMEL,ai_era,Improvement,0
4944,2.2424849699398797,499,7,CAMEL-22542,CAMEL,ai_era,Improvement,0
2609,2.167883211678832,274,4,CAMEL-22543,CAMEL,ai_era,Improvement,0
621,1.438095238095238,105,1,CAMEL-22546,CAMEL,ai_era,Improvement,0
2096,3.9128205128205127,195,12,CAMEL-22547,CAMEL,ai_era,New Feature,0
226,2.3125,16,2,CAMEL-22491,CAMEL,ai_era,Bug,1
756,2.5,18,4,CAMEL-22534,CAMEL,ai_era,Bug,1
4036,3.2781456953642385,453,9,CAMEL-22415,CAMEL,ai_era,Bug,1
185,2.375,16,2,CAMEL-17348,CAMEL,ai_era,Improvement,0
42,1.25,4,1,CAMEL-22560,CAMEL,ai_era,Bug,1
225,3.142857142857143,21,3,CAMEL-22559,CAMEL,ai_era,Dependency upgrade,0
945,2.6666666666666665,105,8,CAMEL-22561,CAMEL,ai_era,Improvement,0
503,3.108695652173913,46,1,CAMEL-22564,CAMEL,ai_era,Improvement,0
900,2.1052631578947367,114,13,CAMEL-22567,CAMEL,ai_era,New Feature,0
219,1.8666666666666667,30,3,CAMEL-22302,CAMEL,ai_era,New Feature,0
323,1.6041666666666667,48,1,CAMEL-22566,CAMEL,ai_era,Improvement,0
797,5.285714285714286,35,6,CAMEL-21368,CAMEL,ai_era,Bug,1
1378,7.857142857142857,56,2,CAMEL-22571,CAMEL,ai_era,Bug,1
12904,3.0841750841750843,1188,25,CAMEL-22576,CAMEL,ai_era,New Feature,0
2587,2.41,400,10,CAMEL-22575,CAMEL,ai_era,New Feature,0
2467,4.206896551724138,232,9,CAMEL-22579,CAMEL,ai_era,New Feature,0
449,1.5689655172413792,58,6,CAMEL-22582,CAMEL,ai_era,New Feature,0
4305,5.896984924623116,398,7,CAMEL-22586,CAMEL,ai_era,New Feature,0
3180,3.842948717948718,312,13,CAMEL-22592,CAMEL,ai_era,New Feature,0
379,1.880952380952381,42,3,CAMEL-16866,CAMEL,ai_era,New Feature,0
144,5.4,5,1,CAMEL-22722,CAMEL,ai_era,New Feature,0
462,1.9827586206896552,58,3,CAMEL-22724,CAMEL,ai_era,New Feature,0
248,4.0,12,1,CAMEL-22705,CAMEL,ai_era,Improvement,0
5389,6.625,168,11,CAMEL-22734,CAMEL,ai_era,Improvement,0
590,1.0229007633587786,131,3,CAMEL-22727,CAMEL,ai_era,Improvement,0
210,5.888888888888889,9,1,CAMEL-22739,CAMEL,ai_era,Improvement,0
3648,2.8254620123203287,487,11,CAMEL-22689,CAMEL,ai_era,Improvement,0
153,5.0,5,1,CAMEL-22743,CAMEL,ai_era,Bug,1
3303,2.3839009287925697,323,8,CAMEL-22742,CAMEL,ai_era,Improvement,0
2850,6.816326530612245,98,2,CAMEL-22736,CAMEL,ai_era,Improvement,0
1909,2.4150943396226414,159,12,CAMEL-22732,CAMEL,ai_era,Improvement,0
227,14.5,6,1,CAMEL-22728,CAMEL,ai_era,Task,0
2493,2.852760736196319,326,6,CAMEL-22740,CAMEL,ai_era,Improvement,0
6709,5.103202846975089,281,13,CAMEL-22725,CAMEL,ai_era,Improvement,0
7291,4.141274238227147,722,15,CAMEL-22744,CAMEL,ai_era,Improvement,0
779,2.103896103896104,77,15,CAMEL-22749,CAMEL,ai_era,Bug,1
30331,1.0626408292023435,2219,364,CAMEL-22486,CAMEL,ai_era,Improvement,0
1196,4.948717948717949,39,2,CAMEL-22753,CAMEL,ai_era,Bug,1
7105,3.2725450901803605,499,7,CAMEL-22748,CAMEL,ai_era,Improvement,0
229,14.5,6,1,CAMEL-22746,CAMEL,ai_era,New Feature,0
2040,3.382775119617225,209,10,CAMEL-22690,CAMEL,ai_era,New Feature,0
67,1.25,8,1,CAMEL-22759,CAMEL,ai_era,Bug,1
38,1.1666666666666667,6,1,CAMEL-22755,CAMEL,ai_era,New Feature,0
74,7.0,3,1,CAMEL-22763,CAMEL,ai_era,Improvement,0
5646,2.562256809338521,514,8,CAMEL-22703,CAMEL,ai_era,Improvement,0
981,2.551282051282051,78,2,CAMEL-22762,CAMEL,ai_era,Bug,1
438,2.8333333333333335,36,4,CAMEL-22770,CAMEL,ai_era,Improvement,0
123,2.2,10,1,CAMEL-22754,CAMEL,ai_era,Bug,1
2136,5.3023255813953485,86,4,CAMEL-22761,CAMEL,ai_era,Improvement,0
133,1.625,16,1,CAMEL-22772,CAMEL,ai_era,Bug,1
860,1.63,100,1,CAMEL-22768,CAMEL,ai_era,Improvement,0
1039,4.528735632183908,87,10,CAMEL-22222,CAMEL,ai_era,New Feature,0
1071,5.568965517241379,58,2,CAMEL-22775,CAMEL,ai_era,Improvement,0
5070,1.9361413043478262,736,22,CAMEL-22249,CAMEL,ai_era,New Feature,0
255,2.357142857142857,14,1,CAMEL-22766,CAMEL,ai_era,Test,0
3671,1.599290780141844,564,18,CAMEL-22777,CAMEL,ai_era,New Feature,0
533,2.577777777777778,45,2,CAMEL-22782,CAMEL,ai_era,Improvement,0
908,3.103448275862069,87,8,CAMEL-22661,CAMEL,ai_era,New Feature,0
984,6.446808510638298,47,1,CAMEL-22787,CAMEL,ai_era,Bug,1
523,2.0961538461538463,52,2,CAMEL-22784,CAMEL,ai_era,Bug,1
196,2.3846153846153846,13,1,CAMEL-22785,CAMEL,ai_era,Improvement,0
49,1.5,4,1,CAMEL-22789,CAMEL,ai_era,Bug,1
1786,4.105263157894737,95,8,CAMEL-22765,CAMEL,ai_era,Improvement,0
2784,1.489311163895487,421,7,CAMEL-22460,CAMEL,ai_era,Task,0
11818,2.614141414141414,990,46,CAMEL-22693,CAMEL,ai_era,New Feature,0
2685,4.3277310924369745,238,8,CAMEL-22791,CAMEL,ai_era,Improvement,0
7598,1.8726163234172388,1311,64,CAMEL-22786,CAMEL,ai_era,New Feature,0
852,5.033333333333333,30,1,CAMEL-22737,CAMEL,ai_era,Improvement,0
743,1.456896551724138,116,6,CAMEL-22793,CAMEL,ai_era,New Feature,0
1481,1.0504587155963303,436,5,CAMEL-22431,CAMEL,ai_era,New Feature,0
95,3.5714285714285716,7,1,CAMEL-22776,CAMEL,ai_era,Bug,1
1024,9.709677419354838,31,1,CAMEL-22790,CAMEL,ai_era,Bug,1
4757,5.8742857142857146,175,7,CAMEL-22798,CAMEL,ai_era,Bug,1
2298,5.588235294117647,85,6,CAMEL-22272,CAMEL,ai_era,Improvement,0
4772,5.159420289855072,207,11,CAMEL-20455,CAMEL,ai_era,Improvement,0
38,1.0,1,1,CAMEL-22712,CAMEL,ai_era,Improvement,0
317,1.5833333333333333,12,2,CAMEL-22800,CAMEL,ai_era,Improvement,0
146,3.25,8,1,CAMEL-22633,CAMEL,ai_era,Task,0
325,4.6875,16,1,CAMEL-22408,CAMEL,ai_era,Improvement,0
1710,3.6782608695652175,115,8,CAMEL-22550,CAMEL,ai_era,Task,0
16,1.5,2,1,CAMEL-22353,CAMEL,ai_era,Improvement,0
2576,2.5208333333333335,336,7,CAMEL-17339,CAMEL,ai_era,Improvement,0
23813,3.8576923076923078,3120,39,CAMEL-22796,CAMEL,ai_era,Improvement,0
5828,4.506769825918762,517,14,CAMEL-12941,CAMEL,ai_era,Improvement,0
1001,2.041322314049587,121,7,CAMEL-20809,CAMEL,ai_era,Task,0
486,2.4925373134328357,67,5,CAMEL-22783,CAMEL,ai_era,Improvement,0
679,1.5657894736842106,76,3,CAMEL-22806,CAMEL,ai_era,Sub-task,0
3044,2.2686084142394822,309,3,CAMEL-22803,CAMEL,ai_era,New Feature,0
1193,1.688622754491018,167,3,CAMEL-22000,CAMEL,ai_era,New Feature,0
2261,5.67816091954023,87,1,CAMEL-22809,CAMEL,ai_era,Bug,1
5692,1.9233333333333333,600,45,CAMEL-22812,CAMEL,ai_era,Task,0
3138,2.197872340425532,470,20,CAMEL-22807,CAMEL,ai_era,Improvement,0
516,7.8125,16,1,CAMEL-22093,CAMEL,ai_era,Improvement,0
981,3.0,69,5,CAMEL-22817,CAMEL,ai_era,Improvement,0
1333,4.28,100,12,CAMEL-22819,CAMEL,ai_era,New Feature,0
2040,1.1392045454545454,352,25,CAMEL-22814,CAMEL,ai_era,New Feature,0
127,2.3,10,1,CAMEL-22823,CAMEL,ai_era,Bug,1
134,1.6111111111111112,18,1,CAMEL-22824,CAMEL,ai_era,Bug,1
256,1.2380952380952381,42,4,CAMEL-22816,CAMEL,ai_era,Bug,1
1826,2.383720930232558,172,4,CAMEL-22818,CAMEL,ai_era,Improvement,0
1173,4.405797101449275,69,1,CAMEL-22820,CAMEL,ai_era,Bug,1
260,2.6956521739130435,23,1,CAMEL-22828,CAMEL,ai_era,Bug,1
1764,7.245614035087719,57,1,CAMEL-22833,CAMEL,ai_era,Bug,1
4099,3.6013513513513513,296,4,CAMEL-22835,CAMEL,ai_era,Improvement,0
804,1.2743362831858407,113,3,CAMEL-22825,CAMEL,ai_era,Sub-task,0
4003,2.190893169877408,571,13,CAMEL-22832,CAMEL,ai_era,Improvement,0
1288,2.852760736196319,163,9,CAMEL-22827,CAMEL,ai_era,Sub-task,0
933,2.217948717948718,78,3,CAMEL-22836,CAMEL,ai_era,Sub-task,0
773,1.2307692307692308,117,7,CAMEL-22829,CAMEL,ai_era,Sub-task,0
436,1.4067796610169492,59,3,CAMEL-22837,CAMEL,ai_era,Sub-task,0
458,1.3870967741935485,62,3,CAMEL-22838,CAMEL,ai_era,Sub-task,0
1267,1.8074074074074074,135,2,CAMEL-22830,CAMEL,ai_era,Bug,1
2171,1.1013333333333333,375,37,CAMEL-22815,CAMEL,ai_era,New Feature,0
4213,3.6345514950166113,301,4,CAMEL-22841,CAMEL,ai_era,Improvement,0
724,1.644736842105263,76,3,CAMEL-22840,CAMEL,ai_era,Sub-task,0
1346,1.1098039215686275,255,6,CAMEL-22842,CAMEL,ai_era,Sub-task,0
5030,3.069164265129683,694,11,CAMEL-22844,CAMEL,ai_era,Improvement,0
1686,1.6394849785407726,233,2,CAMEL-22847,CAMEL,ai_era,Improvement,0
1221,1.436046511627907,172,1,CAMEL-22848,CAMEL,ai_era,Bug,1
4471,3.7211538461538463,312,4,CAMEL-22852,CAMEL,ai_era,Improvement,0
4822,1.4655436447166923,653,21,CAMEL-22805,CAMEL,ai_era,New Feature,0
804,2.364705882352941,85,4,CAMEL-22854,CAMEL,ai_era,Bug,1
4830,3.7220543806646527,331,4,CAMEL-22856,CAMEL,ai_era,Improvement,0
1753,2.510204081632653,147,4,CAMEL-22861,CAMEL,ai_era,Sub-task,0
1730,2.5314685314685317,143,4,CAMEL-22859,CAMEL,ai_era,New Feature,0
5082,2.8654822335025383,394,13,CAMEL-22858,CAMEL,ai_era,Bug,1
419,5.913043478260869,23,2,CAMEL-22867,CAMEL,ai_era,Improvement,0
733,4.56,50,3,CAMEL-22868,CAMEL,ai_era,Improvement,0
3332,19.558139534883722,43,5,CAMEL-22866,CAMEL,ai_era,Improvement,0
5433,3.7247956403269753,367,4,CAMEL-22871,CAMEL,ai_era,Improvement,0
2251,2.806167400881057,227,10,CAMEL-22870,CAMEL,ai_era,Improvement,0
132,1.7894736842105263,19,2,CAMEL-22872,CAMEL,ai_era,Task,0
5402,3.1627296587926508,762,9,CAMEL-22864,CAMEL,ai_era,Improvement,0
3543,6.637096774193548,124,6,CAMEL-22876,CAMEL,ai_era,Improvement,0
5158,4.233463035019455,257,9,CAMEL-22879,CAMEL,ai_era,Improvement,0
1279,1.7410714285714286,112,4,CAMEL-22804,CAMEL,ai_era,New Feature,0
5903,1.9896907216494846,776,33,CAMEL-22843,CAMEL,ai_era,New Feature,0
450,1.8571428571428572,70,1,CAMEL-22865,CAMEL,ai_era,Task,0
7248,2.427782888684453,1087,13,CAMEL-22885,CAMEL,ai_era,Improvement,0
524,5.476190476190476,21,1,CAMEL-22292,CAMEL,ai_era,New Feature,0
632,1.5,100,2,CAMEL-22900,CAMEL,ai_era,Improvement,0
3077,3.2883211678832116,274,10,CAMEL-22873,CAMEL,ai_era,Improvement,0
439,2.7346938775510203,49,2,CAMEL-22904,CAMEL,ai_era,Bug,1
1169,5.913043478260869,46,5,CAMEL-22886,CAMEL,ai_era,New Feature,0
51,4.333333333333333,3,1,CAMEL-22908,CAMEL,ai_era,Improvement,0
3549,4.515075376884422,398,5,CAMEL-22903,CAMEL,ai_era,New Feature,0
720,2.3541666666666665,48,2,CAMEL-22881,CAMEL,ai_era,New Feature,0
4284,1.8756476683937824,579,13,CAMEL-22882,CAMEL,ai_era,Improvement,0
446,2.1379310344827585,29,1,CAMEL-22849,CAMEL,ai_era,Bug,1
1789,2.4210526315789473,133,4,CAMEL-22914,CAMEL,ai_era,Improvement,0
1870,3.5742574257425743,202,7,CAMEL-22915,CAMEL,ai_era,Improvement,0
4078,1.8988195615514334,593,17,CAMEL-22911,CAMEL,ai_era,New Feature,0
143,2.1333333333333333,15,1,CAMEL-22916,CAMEL,ai_era,Bug,1
93,1.5714285714285714,14,1,CAMEL-22922,CAMEL,ai_era,Bug,1
1155,5.447368421052632,38,2,CAMEL-22925,CAMEL,ai_era,Improvement,0
3085,6.6,100,12,CAMEL-23270,CAMEL,ai_era,Improvement,0
851,2.011904761904762,84,3,CAMEL-23238,CAMEL,ai_era,Task,0
1832,7.56140350877193,57,1,CAMEL-23272,CAMEL,ai_era,Bug,1
2042,1.3440514469453375,311,19,CAMEL-23184,CAMEL,ai_era,Improvement,0
14375,3.381636477201749,1601,28,CAMEL-22846,CAMEL,ai_era,Improvement,0
809,5.607142857142857,28,4,CAMEL-23273,CAMEL,ai_era,Improvement,0
521,9.357142857142858,14,1,CAMEL-23284,CAMEL,ai_era,Bug,1
513,4.45,20,1,CAMEL-23288,CAMEL,ai_era,Bug,1
741,5.878787878787879,33,4,CAMEL-23287,CAMEL,ai_era,Improvement,0
50,1.6,5,1,CAMEL-23289,CAMEL,ai_era,Improvement,0
75,10.0,1,1,CAMEL-23258,CAMEL,ai_era,New Feature,0
1001,5.462962962962963,54,1,CAMEL-23282,CAMEL,ai_era,Bug,1
99,1.0454545454545454,22,1,CAMEL-23279,CAMEL,ai_era,Bug,1
189,1.7647058823529411,17,1,CAMEL-23260,CAMEL,ai_era,Bug,1
133,2.8333333333333335,6,1,CAMEL-23295,CAMEL,ai_era,Bug,1
232,1.5909090909090908,22,3,CAMEL-23297,CAMEL,ai_era,Improvement,0
1737,2.5398230088495577,226,8,CAMEL-23280,CAMEL,ai_era,Improvement,0
2248,6.518518518518518,81,7,CAMEL-23252,CAMEL,ai_era,New Feature,0
2248,6.518518518518518,81,7,CAMEL-23276,CAMEL,ai_era,New Feature,0
1051,3.34375,64,12,CAMEL-23292,CAMEL,ai_era,Dependency upgrade,0
1881,7.578947368421052,57,1,CAMEL-23208,CAMEL,ai_era,Bug,1
3178,1.3855421686746987,498,20,CAMEL-21540,CAMEL,ai_era,New Feature,0
1441,2.544776119402985,134,1,CAMEL-23281,CAMEL,ai_era,Bug,1
1246,6.177777777777778,45,2,CAMEL-21913,CAMEL,ai_era,Improvement,0
483,5.95,20,1,CAMEL-23303,CAMEL,ai_era,Bug,1
1447,2.5671641791044775,134,1,CAMEL-23299,CAMEL,ai_era,Bug,1
404,3.230769230769231,26,2,CAMEL-23249,CAMEL,ai_era,Bug,1
1704,1.456140350877193,228,4,CAMEL-23267,CAMEL,ai_era,Bug,1
412,1.1529411764705881,85,4,CAMEL-23243,CAMEL,ai_era,Improvement,0
186,3.6666666666666665,12,1,CAMEL-23307,CAMEL,ai_era,Bug,1
858,1.5401459854014599,137,3,CAMEL-23308,CAMEL,ai_era,Improvement,0
1403,3.902173913043478,92,2,CAMEL-23310,CAMEL,ai_era,Bug,1
14,1.0,2,2,CAMEL-23309,CAMEL,ai_era,Task,0
354,1.5,44,2,CAMEL-23294,CAMEL,ai_era,Bug,1
111,1.3076923076923077,13,5,CAMEL-23313,CAMEL,ai_era,Improvement,0
1652,1.037344398340249,241,6,CAMEL-23298,CAMEL,ai_era,Task,0
1041,6.051282051282051,39,1,CAMEL-22890,CAMEL,ai_era,Improvement,0
3690,1.5893470790378006,582,20,CAMEL-23151,CAMEL,ai_era,Task,0
739,2.21,100,8,CAMEL-23315,CAMEL,ai_era,Improvement,0
1509,2.5319148936170213,188,8,CAMEL-23314,CAMEL,ai_era,Improvement,0
59,1.1428571428571428,7,1,CAMEL-23319,CAMEL,ai_era,Improvement,0
3518,5.474903474903475,259,9,CAMEL-23277,CAMEL,ai_era,Improvement,0
41,2.0,3,1,CAMEL-23322,CAMEL,ai_era,Improvement,0
738,3.4864864864864864,37,6,CAMEL-23263,CAMEL,ai_era,Improvement,0
2117,1.8936781609195403,348,6,CAMEL-23321,CAMEL,ai_era,Improvement,0
1884,7.614035087719298,57,1,CAMEL-23325,CAMEL,ai_era,Improvement,0
354,3.388888888888889,18,2,CAMEL-23194,CAMEL,ai_era,Bug,1
1202,5.162790697674419,43,12,CAMEL-23232,CAMEL,ai_era,Improvement,0
349,4.142857142857143,21,1,CAMEL-23334,CAMEL,ai_era,Bug,1
4232,2.273021001615509,619,11,CAMEL-23331,CAMEL,ai_era,New Feature,0
1398,2.752212389380531,113,3,CAMEL-22497,CAMEL,ai_era,Improvement,0
363,7.2727272727272725,11,1,CAMEL-23192,CAMEL,ai_era,Bug,1
65,1.6666666666666667,9,1,CAMEL-22884,CAMEL,ai_era,Improvement,0
1116,2.326530612244898,147,8,CAMEL-23351,CAMEL,ai_era,Improvement,0
395,2.210526315789474,38,4,CAMEL-23164,CAMEL,ai_era,Task,0
549,1.4375,80,2,CAMEL-22090,CAMEL,ai_era,Bug,1
1421,4.0519480519480515,77,2,CAMEL-23363,CAMEL,ai_era,Improvement,0
1018,5.125,32,6,CAMEL-22987,CAMEL,ai_era,Improvement,0
27,3.0,2,1,CAMEL-23364,CAMEL,ai_era,Task,0
3340,1.2010582010582012,567,9,CAMEL-23328,CAMEL,ai_era,New Feature,0
2598,1.0988372093023255,516,9,CAMEL-23329,CAMEL,ai_era,New Feature,0
5171,6.331428571428572,175,9,CAMEL-21208,CAMEL,ai_era,Improvement,0
4594,21.9,50,5,CAMEL-23332,CAMEL,ai_era,New Feature,0
4401,2.2581648522550544,643,11,CAMEL-23330,CAMEL,ai_era,New Feature,0
1621,2.128834355828221,163,2,CAMEL-23367,CAMEL,ai_era,Improvement,0
802,1.9207920792079207,101,4,CAMEL-23739,CAMEL,ai_era,Bug,1
3511,3.0495495495495497,444,8,CAMEL-23743,CAMEL,ai_era,Improvement,0
1693,4.582278481012659,79,10,CAMEL-17598,CAMEL,ai_era,New Feature,0
279,8.3,10,1,CAMEL-23733,CAMEL,ai_era,Task,0
33,1.5,4,1,CAMEL-23748,CAMEL,ai_era,Dependency upgrade,0
345,9.11111111111111,9,1,CAMEL-23756,CAMEL,ai_era,Improvement,0
59,3.6,5,1,CAMEL-23695,CAMEL,ai_era,Improvement,0
4962,2.5906040268456376,745,12,CAMEL-23520,CAMEL,ai_era,Improvement,0
1998,1.6580882352941178,272,4,CAMEL-23749,CAMEL,ai_era,Improvement,0
80,5.333333333333333,3,1,CAMEL-23772,CAMEL,ai_era,Improvement,0
598,4.653846153846154,26,2,CAMEL-23777,CAMEL,ai_era,Improvement,0
2166,2.288135593220339,177,5,CAMEL-23771,CAMEL,ai_era,New Feature,0
260,3.2142857142857144,14,1,CAMEL-23704,CAMEL,ai_era,Improvement,0
690,4.793103448275862,29,2,CAMEL-23702,CAMEL,ai_era,Improvement,0
442,2.061224489795918,49,4,CAMEL-23775,CAMEL,ai_era,Improvement,0
68,1.6,5,1,CAMEL-23782,CAMEL,ai_era,Improvement,0
7991,1.4124251497005988,1336,45,CAMEL-23757,CAMEL,ai_era,Improvement,0
567,4.375,24,1,CAMEL-23793,CAMEL,ai_era,Improvement,0
223,3.6875,16,1,CAMEL-23797,CAMEL,ai_era,Improvement,0
12941,2.0323206205559146,1547,107,CAMEL-23063,CAMEL,ai_era,New Feature,0
719,4.972972972972973,37,1,CAMEL-23801,CAMEL,ai_era,Task,0
4874,6.977653631284916,179,6,CAMEL-23802,CAMEL,ai_era,Task,0
3996,4.624390243902439,410,11,CAMEL-23764,CAMEL,ai_era,Improvement,0
117,2.5,6,1,CAMEL-23767,CAMEL,ai_era,Improvement,0
13936,3.097680955727337,1423,15,CAMEL-23776,CAMEL,ai_era,Improvement,0
509,2.325,40,2,CAMEL-23804,CAMEL,ai_era,Improvement,0
244,1.0833333333333333,24,2,CAMEL-23784,CAMEL,ai_era,Improvement,0
731,1.3516483516483517,91,2,CAMEL-23785,CAMEL,ai_era,Improvement,0
52,1.1111111111111112,9,1,CAMEL-23786,CAMEL,ai_era,Improvement,0
832,2.3205128205128207,78,2,CAMEL-23805,CAMEL,ai_era,Bug,1
1005,5.315789473684211,57,2,CAMEL-23799,CAMEL,ai_era,Bug,1
181,3.090909090909091,11,1,CAMEL-23809,CAMEL,ai_era,Bug,1
173,2.8,10,1,CAMEL-23807,CAMEL,ai_era,Improvement,0
550,9.857142857142858,14,1,CAMEL-23594,CAMEL,ai_era,Bug,1
496,1.7605633802816902,71,1,CAMEL-23787,CAMEL,ai_era,Improvement,0
169,1.6521739130434783,23,1,CAMEL-23811,CAMEL,ai_era,Bug,1
369,5.75,20,1,CAMEL-23814,CAMEL,ai_era,Bug,1
6369,3.3038793103448274,464,27,CAMEL-22894,CAMEL,ai_era,Task,0
870,3.1818181818181817,44,4,CAMEL-23640,CAMEL,ai_era,Improvement,0
5150,7.868055555555555,144,4,CAMEL-23598,CAMEL,ai_era,New Feature,0
389,2.076923076923077,39,1,CAMEL-23693,CAMEL,ai_era,Improvement,0
404,2.5641025641025643,39,1,CAMEL-23681,CAMEL,ai_era,Improvement,0
96873,1.0023760152064973,23148,297,CAMEL-23792,CAMEL,ai_era,Improvement,0
2475,5.978260869565218,92,1,CAMEL-23250,CAMEL,ai_era,Improvement,0
1068,2.0869565217391304,161,7,CAMEL-23759,CAMEL,ai_era,Improvement,0
1139,3.6732673267326734,101,9,CAMEL-23697,CAMEL,ai_era,Improvement,0
204,3.6666666666666665,15,1,CAMEL-23760,CAMEL,ai_era,Improvement,0
3513,2.9748858447488584,438,13,CAMEL-23812,CAMEL,ai_era,Improvement,0
3326,1.5586924219910847,673,8,CAMEL-23747,CAMEL,ai_era,Improvement,0
399,6.0,14,1,CAMEL-23354,CAMEL,ai_era,Improvement,0
753,1.5164835164835164,91,24,CAMEL-23535,CAMEL,ai_era,Improvement,0
535,4.458333333333333,24,1,CAMEL-23806,CAMEL,ai_era,Improvement,0
87,1.0,18,2,CAMEL-23803,CAMEL,ai_era,Improvement,0
4104,3.4521158129175946,449,16,CAMEL-23769,CAMEL,ai_era,Improvement,0
86,3.2,5,1,CAMEL-23821,CAMEL,ai_era,Bug,1
2876,1.9266247379454926,477,15,CAMEL-23336,CAMEL,ai_era,New Feature,0
89,1.2142857142857142,14,1,CAMEL-23826,CAMEL,ai_era,Task,0
125,1.2105263157894737,19,1,CAMEL-23827,CAMEL,ai_era,Task,0
221,4.666666666666667,12,1,CAMEL-23820,CAMEL,ai_era,Improvement,0
1999,5.438202247191011,89,1,CAMEL-23818,CAMEL,ai_era,Bug,1
2917,3.783132530120482,166,5,CAMEL-23765,CAMEL,ai_era,Improvement,0
528,4.529411764705882,34,1,CAMEL-23830,CAMEL,ai_era,Improvement,0
1554,6.2592592592592595,54,2,CAMEL-23828,CAMEL,ai_era,Bug,1
588,4.384615384615385,26,1,CAMEL-23833,CAMEL,ai_era,Improvement,0
2371,2.537037037037037,216,4,CAMEL-23456,CAMEL,ai_era,Bug,1
3727,1.7065026362038664,569,17,CAMEL-22919,CAMEL,ai_era,New Feature,0
327,1.0819672131147542,61,3,CAMEL-22918,CAMEL,ai_era,Improvement,0
190,2.8333333333333335,12,2,CAMEL-22429,CAMEL,ai_era,Bug,1
469,1.092783505154639,97,4,CAMEL-22917,CAMEL,ai_era,Improvement,0
9689,1.4123572867696441,1489,44,CAMEL-23816,CAMEL,ai_era,Improvement,0
5630,24.701149425287355,87,8,CAMEL-22924,CAMEL,ai_era,Improvement,0
51,6.5,2,1,CAMEL-22927,CAMEL,ai_era,Improvement,0
384,1.9056603773584906,53,1,CAMEL-22923,CAMEL,ai_era,Bug,1
3765,1.7765957446808511,564,17,CAMEL-22928,CAMEL,ai_era,New Feature,0
11840,2.9957446808510637,940,15,CAMEL-22899,CAMEL,ai_era,New Feature,0
142,1.7142857142857142,21,1,CAMEL-22938,CAMEL,ai_era,Task,0
924,1.5905511811023623,127,3,CAMEL-22940,CAMEL,ai_era,Bug,1
2541,3.908333333333333,240,11,CAMEL-22888,CAMEL,ai_era,Bug,1
205,4.125,8,1,CAMEL-22944,CAMEL,ai_era,Task,0
616,1.5384615384615385,78,4,CAMEL-22947,CAMEL,ai_era,Bug,1
379,5.538461538461538,13,2,CAMEL-22898,CAMEL,ai_era,Bug,1
38,4.0,3,1,CAMEL-22951,CAMEL,ai_era,Bug,1
2231,1.8345864661654134,266,6,CAMEL-22937,CAMEL,ai_era,Bug,1
414,1.8703703703703705,54,6,CAMEL-22953,CAMEL,ai_era,Improvement,0
847,5.9,30,1,CAMEL-22952,CAMEL,ai_era,Bug,1
1192,3.1447368421052633,76,5,CAMEL-22949,CAMEL,ai_era,Improvement,0
242,1.4642857142857142,28,3,CAMEL-21254,CAMEL,ai_era,Improvement,0
3383,4.720108695652174,368,4,CAMEL-22954,CAMEL,ai_era,Improvement,0
1089,4.017543859649122,57,3,CAMEL-22960,CAMEL,ai_era,New Feature,0
2842,3.4021164021164023,189,12,CAMEL-22957,CAMEL,ai_era,Improvement,0
3702,1.5253054101221641,573,27,CAMEL-14470,CAMEL,ai_era,Improvement,0
2497,5.952941176470588,85,9,CAMEL-22935,CAMEL,ai_era,Improvement,0
959,2.174757281553398,103,8,CAMEL-22851,CAMEL,ai_era,New Feature,0
150,1.5555555555555556,18,2,CAMEL-22958,CAMEL,ai_era,Improvement,0
1366,4.6891891891891895,74,1,CAMEL-22907,CAMEL,ai_era,Bug,1
544,1.1296296296296295,108,3,CAMEL-22961,CAMEL,ai_era,Task,0
8321,3.705357142857143,560,6,CAMEL-22955,CAMEL,ai_era,Improvement,0
1764,7.245614035087719,57,1,CAMEL-22939,CAMEL,ai_era,Bug,1
168,2.6666666666666665,12,1,CAMEL-22721,CAMEL,ai_era,Improvement,0
2383,1.3667883211678833,548,12,CAMEL-22942,CAMEL,ai_era,New Feature,0
549,4.0,23,2,CAMEL-22880,CAMEL,ai_era,Improvement,0
604,2.706896551724138,58,5,CAMEL-22966,CAMEL,ai_era,Improvement,0
2536,2.3,390,15,CAMEL-22646,CAMEL,ai_era,Improvement,0
1046,2.6320754716981134,106,1,CAMEL-22874,CAMEL,ai_era,Bug,1
1517,2.7163461538461537,208,8,CAMEL-22968,CAMEL,ai_era,Improvement,0
99,1.0,18,3,CAMEL-22973,CAMEL,ai_era,Bug,1
202,2.875,8,1,CAMEL-22972,CAMEL,ai_era,Bug,1
607,1.5324675324675325,77,4,CAMEL-22970,CAMEL,ai_era,Task,0
6319,2.1963993453355157,611,9,CAMEL-22971,CAMEL,ai_era,Improvement,0
128,13.0,2,3,CAMEL-22975,CAMEL,ai_era,Improvement,0
382,3.5454545454545454,22,1,CAMEL-22976,CAMEL,ai_era,Improvement,0
206,2.25,16,1,CAMEL-22979,CAMEL,ai_era,Dependency upgrade,0
1558,2.227272727272727,198,11,CAMEL-22974,CAMEL,ai_era,Improvement,0
497,3.1842105263157894,38,6,CAMEL-22931,CAMEL,ai_era,Improvement,0
3408,4.434920634920635,315,9,CAMEL-22984,CAMEL,ai_era,Improvement,0
1217,5.7317073170731705,41,2,CAMEL-22982,CAMEL,ai_era,Dependency upgrade,0
202,11.0,5,1,CAMEL-22985,CAMEL,ai_era,Improvement,0
275,9.714285714285714,7,1,CAMEL-22991,CAMEL,ai_era,Improvement,0
1484,5.956521739130435,69,1,CAMEL-22978,CAMEL,ai_era,Bug,1
501,6.0,21,3,CAMEL-22993,CAMEL,ai_era,Improvement,0
58,5.0,2,1,CAMEL-22997,CAMEL,ai_era,Bug,1
204,5.222222222222222,9,1,CAMEL-22998,CAMEL,ai_era,Bug,1
1028,5.0,54,1,CAMEL-22977,CAMEL,ai_era,Improvement,0
1279,3.130952380952381,84,5,CAMEL-23004,CAMEL,ai_era,Improvement,0
237,1.0526315789473684,38,2,CAMEL-23005,CAMEL,ai_era,Improvement,0
1084,2.067415730337079,89,9,CAMEL-23007,CAMEL,ai_era,Improvement,0
1190,2.422680412371134,97,7,CAMEL-23006,CAMEL,ai_era,Improvement,0
1405,2.767857142857143,112,5,CAMEL-23008,CAMEL,ai_era,Improvement,0
1259,5.96,50,6,CAMEL-23011,CAMEL,ai_era,Bug,1
4315,1.698360655737705,610,20,CAMEL-23009,CAMEL,ai_era,New Feature,0
5422,2.4386363636363635,440,7,CAMEL-23017,CAMEL,ai_era,Improvement,0
1734,2.6666666666666665,243,9,CAMEL-23000,CAMEL,ai_era,Improvement,0
250,3.0476190476190474,21,1,CAMEL-23018,CAMEL,ai_era,Bug,1
245,1.5666666666666667,30,1,CAMEL-23029,CAMEL,ai_era,Improvement,0
355,1.3970588235294117,68,1,CAMEL-23031,CAMEL,ai_era,Bug,1
1439,2.544776119402985,134,1,CAMEL-23030,CAMEL,ai_era,Bug,1
142,8.666666666666666,3,1,CAMEL-23033,CAMEL,ai_era,Bug,1
356,4.416666666666667,24,1,CAMEL-23035,CAMEL,ai_era,Bug,1
3854,1.6814310051107326,587,17,CAMEL-23020,CAMEL,ai_era,New Feature,0
144,10.0,4,3,CAMEL-23051,CAMEL,ai_era,Bug,1
1708,3.7301587301587302,126,8,CAMEL-23048,CAMEL,ai_era,Improvement,0
14,1.0,2,2,CAMEL-23055,CAMEL,ai_era,Task,0
206,1.2666666666666666,30,2,CAMEL-23037,CAMEL,ai_era,Sub-task,0
329,2.642857142857143,28,1,CAMEL-23061,CAMEL,ai_era,Bug,1
217,1.4166666666666667,36,1,CAMEL-23046,CAMEL,ai_era,Improvement,0
355,2.4054054054054053,37,1,CAMEL-23036,CAMEL,ai_era,Bug,1
2236,1.2009925558312655,403,4,CAMEL-22943,CAMEL,ai_era,Task,0
2249,3.1455399061032865,213,20,CAMEL-23054,CAMEL,ai_era,New Feature,0
561,1.2222222222222223,108,3,CAMEL-23062,CAMEL,ai_era,Bug,1
431,9.7,10,1,CAMEL-23056,CAMEL,ai_era,Task,0
103,1.1176470588235294,17,2,CAMEL-23039,CAMEL,ai_era,Sub-task,0
394,1.1884057971014492,69,3,CAMEL-23038,CAMEL,ai_era,Sub-task,0
183,1.28,25,2,CAMEL-23041,CAMEL,ai_era,Sub-task,0
311,1.1481481481481481,54,3,CAMEL-23040,CAMEL,ai_era,Sub-task,0
67,1.0,1,1,CAMEL-23077,CAMEL,ai_era,Improvement,0
481,1.46875,64,3,CAMEL-23074,CAMEL,ai_era,Improvement,0
140,3.5,12,1,CAMEL-23073,CAMEL,ai_era,Improvement,0
691,5.033333333333333,60,5,CAMEL-22545,CAMEL,ai_era,New Feature,0
138,2.1538461538461537,13,1,CAMEL-23083,CAMEL,ai_era,Bug,1
239,1.9565217391304348,23,2,CAMEL-23049,CAMEL,ai_era,Improvement,0
466,1.2575757575757576,66,2,CAMEL-23042,CAMEL,ai_era,Sub-task,0
1357,1.18,300,3,CAMEL-23032,CAMEL,ai_era,Bug,1
4998,3.2617079889807163,726,6,CAMEL-23086,CAMEL,ai_era,Task,0
1934,2.5454545454545454,198,9,CAMEL-23076,CAMEL,ai_era,New Feature,0
443,5.72,25,1,CAMEL-23024,CAMEL,ai_era,Bug,1
87,1.1538461538461537,13,2,CAMEL-23043,CAMEL,ai_era,Sub-task,0
3199,3.1122448979591835,392,12,CAMEL-23081,CAMEL,ai_era,Improvement,0
1991,1.0,396,3,CAMEL-23095,CAMEL,ai_era,Task,0
113,1.9333333333333333,15,1,CAMEL-23002,CAMEL,ai_era,Bug,1
3872,5.975806451612903,372,4,CAMEL-23094,CAMEL,ai_era,Improvement,0
1557,3.1292134831460676,178,8,CAMEL-23098,CAMEL,ai_era,Improvement,0
3275,1.2507042253521128,710,3,CAMEL-22811,CAMEL,ai_era,New Feature,0
189,1.0571428571428572,35,2,CAMEL-23045,CAMEL,ai_era,Sub-task,0
1630,2.691666666666667,120,7,CAMEL-23034,CAMEL,ai_era,Improvement,0
21679,2.290112278160087,2761,19,CAMEL-22290,CAMEL,ai_era,Task,0
2487,4.830357142857143,112,2,CAMEL-23111,CAMEL,ai_era,Improvement,0
25,1.5,2,1,CAMEL-23097,CAMEL,ai_era,Task,0
21679,2.290112278160087,2761,19,CAMEL-22289,CAMEL,ai_era,Task,0
43,1.6666666666666667,3,1,CAMEL-23102,CAMEL,ai_era,Improvement,0
623,4.25,36,2,CAMEL-23114,CAMEL,ai_era,Improvement,0
126,2.5555555555555554,9,1,CAMEL-23084,CAMEL,ai_era,Improvement,0
1140,5.3076923076923075,39,1,CAMEL-23123,CAMEL,ai_era,Bug,1
1175,4.420289855072464,69,1,CAMEL-23122,CAMEL,ai_era,Bug,1
1495,5.766666666666667,60,1,CAMEL-23105,CAMEL,ai_era,Bug,1
1458,5.711864406779661,59,1,CAMEL-23106,CAMEL,ai_era,Bug,1
1442,5.859649122807017,57,1,CAMEL-23107,CAMEL,ai_era,Improvement,0
468,4.875,8,1,CAMEL-23131,CAMEL,ai_era,New Feature,0
392,2.5555555555555554,36,2,CAMEL-23129,CAMEL,ai_era,Test,0
177,3.0,3,1,CAMEL-23126,CAMEL,ai_era,Improvement,0
295,4.5,14,1,CAMEL-23134,CAMEL,ai_era,New Feature,0
2839,2.8543046357615895,151,16,CAMEL-23082,CAMEL,ai_era,Improvement,0
549,4.5,22,1,CAMEL-23138,CAMEL,ai_era,New Feature,0
30,1.0,4,1,CAMEL-22745,CAMEL,ai_era,Improvement,0
284,1.4705882352941178,17,3,CAMEL-23146,CAMEL,ai_era,Task,0
2221,1.2025,400,4,CAMEL-23148,CAMEL,ai_era,Task,0
1364,5.566037735849057,53,2,CAMEL-23088,CAMEL,ai_era,Sub-task,0
640,4.738095238095238,42,2,CAMEL-23127,CAMEL,ai_era,Improvement,0
13522,2.579610538373425,1746,18,CAMEL-23001,CAMEL,ai_era,Improvement,0
1400,2.1614906832298137,161,7,CAMEL-23142,CAMEL,ai_era,New Feature,0
904,1.752808988764045,89,4,CAMEL-23154,CAMEL,ai_era,New Feature,0
2846,4.4156626506024095,166,3,CAMEL-23158,CAMEL,ai_era,New Feature,0
2855,1.3516949152542372,472,16,CAMEL-23153,CAMEL,ai_era,New Feature,0
7164,4.238095238095238,399,4,CAMEL-23053,CAMEL,ai_era,Improvement,0
344,2.09375,32,4,CAMEL-23044,CAMEL,ai_era,Sub-task,0
3968,3.4744525547445257,274,7,CAMEL-23159,CAMEL,ai_era,New Feature,0
1849,7.131147540983607,61,2,CAMEL-23157,CAMEL,ai_era,Improvement,0
463,1.8,15,2,CAMEL-23168,CAMEL,ai_era,Improvement,0
305,2.4411764705882355,34,3,CAMEL-23160,CAMEL,ai_era,Improvement,0
1616,3.619047619047619,63,9,CAMEL-23167,CAMEL,ai_era,Improvement,0
337,9.5,8,1,CAMEL-23169,CAMEL,ai_era,Improvement,0
128,2.5555555555555554,9,1,CAMEL-23144,CAMEL,ai_era,Dependency upgrade,0
116,1.2105263157894737,19,2,CAMEL-23166,CAMEL,ai_era,Sub-task,0
380,1.6304347826086956,46,2,CAMEL-23023,CAMEL,ai_era,Bug,1
9980,2.916564417177914,815,8,CAMEL-23170,CAMEL,ai_era,Improvement,0
274,2.4782608695652173,23,1,CAMEL-23188,CAMEL,ai_era,Improvement,0
151,5.0,9,1,CAMEL-23052,CAMEL,ai_era,Improvement,0
2716,1.8676470588235294,476,8,CAMEL-23182,CAMEL,ai_era,Improvement,0
343,1.35,20,2,CAMEL-23150,CAMEL,ai_era,Improvement,0
1748,2.646090534979424,243,11,CAMEL-23149,CAMEL,ai_era,Improvement,0
791,3.825,40,2,CAMEL-23186,CAMEL,ai_era,Bug,1
1910,2.9074074074074074,108,12,CAMEL-23173,CAMEL,ai_era,New Feature,0
454,4.136363636363637,22,1,CAMEL-23178,CAMEL,ai_era,Improvement,0
558,2.169811320754717,53,2,CAMEL-23200,CAMEL,ai_era,Task,0
16,1.0,1,1,CAMEL-23147,CAMEL,ai_era,Improvement,0
80,1.2,5,1,CAMEL-23203,CAMEL,ai_era,Improvement,0
757,1.2994011976047903,167,2,CAMEL-23195,CAMEL,ai_era,New Feature,0
213,2.0,26,1,CAMEL-23193,CAMEL,ai_era,Bug,1
1641,3.3222222222222224,180,7,CAMEL-23204,CAMEL,ai_era,Improvement,0
3560,1.424778761061947,565,28,CAMEL-23198,CAMEL,ai_era,New Feature,0
3284,1.7196531791907514,692,10,CAMEL-23207,CAMEL,ai_era,New Feature,0
729,5.166666666666667,36,1,CAMEL-23210,CAMEL,ai_era,New Feature,0
324,3.2222222222222223,18,1,CAMEL-23213,CAMEL,ai_era,Bug,1
1469,5.616666666666666,60,1,CAMEL-23212,CAMEL,ai_era,Improvement,0
1665,5.626865671641791,67,1,CAMEL-23211,CAMEL,ai_era,Improvement,0
12,1.0,2,1,CAMEL-23222,CAMEL,ai_era,Improvement,0
287,2.8,25,1,CAMEL-23227,CAMEL,ai_era,Improvement,0
2078,5.85,80,8,CAMEL-23197,CAMEL,ai_era,Improvement,0
813,1.2100840336134453,119,9,CAMEL-23229,CAMEL,ai_era,Improvement,0
600,1.5542168674698795,83,2,CAMEL-23190,CAMEL,ai_era,Bug,1
217,2.2857142857142856,21,2,CAMEL-23231,CAMEL,ai_era,New Feature,0
2316,1.2736030828516378,519,4,CAMEL-23013,CAMEL,ai_era,Improvement,0
2976,6.86734693877551,98,2,CAMEL-23235,CAMEL,ai_era,Bug,1
5962,4.495833333333334,240,27,CAMEL-23228,CAMEL,ai_era,New Feature,0
15355,3.024645717806531,1623,11,CAMEL-21095,CAMEL,ai_era,New Feature,0
801,2.101449275362319,69,2,CAMEL-23230,CAMEL,ai_era,Bug,1
481,1.2380952380952381,84,3,CAMEL-23219,CAMEL,ai_era,New Feature,0
966,2.811320754716981,53,7,CAMEL-23237,CAMEL,ai_era,Improvement,0
1979,3.482233502538071,197,8,CAMEL-23248,CAMEL,ai_era,Improvement,0
3347,1.4771863117870723,526,15,CAMEL-23256,CAMEL,ai_era,Improvement,0
96,3.4,5,1,CAMEL-23251,CAMEL,ai_era,New Feature,0
539,3.5714285714285716,28,5,CAMEL-23259,CAMEL,ai_era,Improvement,0
273,1.1690140845070423,71,1,CAMEL-22409,CAMEL,ai_era,Task,0
1625,2.788135593220339,236,7,CAMEL-23255,CAMEL,ai_era,Improvement,0
121,2.8333333333333335,6,1,CAMEL-23505,CAMEL,ai_era,Bug,1
5064,8.451851851851853,135,3,CAMEL-23514,CAMEL,ai_era,Improvement,0
2983,8.511904761904763,84,2,CAMEL-23517,CAMEL,ai_era,Improvement,0
10076,5.5,380,29,CAMEL-21966,CAMEL,ai_era,Improvement,0
75,1.0,15,2,CAMEL-22640,CAMEL,ai_era,Improvement,0
3296,9.506024096385541,83,1,CAMEL-23518,CAMEL,ai_era,Improvement,0
1439,2.5522388059701493,134,1,CAMEL-23513,CAMEL,ai_era,Bug,1
3332,9.535714285714286,84,1,CAMEL-23519,CAMEL,ai_era,Improvement,0
302,1.0714285714285714,70,3,CAMEL-23542,CAMEL,ai_era,Bug,1
1792,5.461538461538462,78,3,CAMEL-23531,CAMEL,ai_era,Task,0
94,21.0,1,1,CAMEL-23529,CAMEL,ai_era,Improvement,0
822,2.1449275362318843,69,2,CAMEL-23547,CAMEL,ai_era,Bug,1
741,6.4,35,1,CAMEL-23521,CAMEL,ai_era,Bug,1
2541,6.0,95,2,CAMEL-23479,CAMEL,ai_era,Bug,1
194,1.875,32,1,CAMEL-23550,CAMEL,ai_era,Bug,1
55,2.6666666666666665,3,1,CAMEL-23549,CAMEL,ai_era,Improvement,0
5841,2.2126929674099487,583,6,CAMEL-23553,CAMEL,ai_era,Bug,1
525,3.3125,32,2,CAMEL-23548,CAMEL,ai_era,Improvement,0
2239,6.972222222222222,72,2,CAMEL-21960,CAMEL,ai_era,Improvement,0
874,6.344827586206897,29,2,CAMEL-23236,CAMEL,ai_era,Improvement,0
4071,3.3181818181818183,264,15,CAMEL-23544,CAMEL,ai_era,Improvement,0
528,2.7948717948717947,39,5,CAMEL-23534,CAMEL,ai_era,Bug,1
520,4.208333333333333,24,1,CAMEL-23475,CAMEL,ai_era,Improvement,0
246,1.5,26,1,CAMEL-23571,CAMEL,ai_era,Bug,1
2183,6.972972972972973,74,3,CAMEL-23566,CAMEL,ai_era,Improvement,0
1019,2.6821192052980134,151,5,CAMEL-23525,CAMEL,ai_era,Improvement,0
6939,6.31275720164609,243,24,CAMEL-23573,CAMEL,ai_era,Task,0
622,6.096774193548387,31,2,CAMEL-23593,CAMEL,ai_era,Improvement,0
112,5.2,5,1,CAMEL-23474,CAMEL,ai_era,Improvement,0
501,6.0,21,1,CAMEL-23563,CAMEL,ai_era,Task,0
517,4.208333333333333,24,1,CAMEL-23473,CAMEL,ai_era,Improvement,0
1611,3.8306451612903225,124,6,CAMEL-23596,CAMEL,ai_era,Improvement,0
15182,4.753776435045317,662,45,CAMEL-23560,CAMEL,ai_era,Improvement,0
7425,7.8076923076923075,208,8,CAMEL-23572,CAMEL,ai_era,Improvement,0
2013,3.372262773722628,274,7,CAMEL-23443,CAMEL,ai_era,Improvement,0
882,1.289855072463768,138,6,CAMEL-23602,CAMEL,ai_era,Bug,1
4060,2.5015337423312882,652,13,CAMEL-23522,CAMEL,ai_era,Improvement,0
59,2.3333333333333335,6,1,CAMEL-23608,CAMEL,ai_era,Bug,1
917,2.0526315789473686,76,2,CAMEL-23614,CAMEL,ai_era,Improvement,0
850,4.866666666666666,30,4,CAMEL-23491,CAMEL,ai_era,Improvement,0
9166,6.019718309859155,355,16,CAMEL-23606,CAMEL,ai_era,New Feature,0
6642,6.861607142857143,224,7,CAMEL-23618,CAMEL,ai_era,New Feature,0
12118,1.8031767955801106,1448,65,CAMEL-23616,CAMEL,ai_era,Improvement,0
4754,7.411764705882353,136,6,CAMEL-23615,CAMEL,ai_era,New Feature,0
12020,2.937445699391833,1151,23,CAMEL-23617,CAMEL,ai_era,New Feature,0
2508,6.075268817204301,93,1,CAMEL-23622,CAMEL,ai_era,Improvement,0
2027,1.6288209606986899,229,10,CAMEL-23609,CAMEL,ai_era,Improvement,0
665,2.880952380952381,42,3,CAMEL-23621,CAMEL,ai_era,Improvement,0
883,2.7941176470588234,68,3,CAMEL-23533,CAMEL,ai_era,Improvement,0
277,3.466666666666667,15,3,CAMEL-23342,CAMEL,ai_era,New Feature,0
860,2.5254237288135593,59,2,CAMEL-23600,CAMEL,ai_era,Improvement,0
2174,6.473684210526316,76,4,CAMEL-23624,CAMEL,ai_era,Improvement,0
6444,7.301980198019802,202,9,CAMEL-23623,CAMEL,ai_era,Improvement,0
129,2.1,10,1,CAMEL-23627,CAMEL,ai_era,Bug,1
2229,5.804878048780488,82,4,CAMEL-23601,CAMEL,ai_era,New Feature,0
3365,7.326732673267327,101,2,CAMEL-23633,CAMEL,ai_era,Improvement,0
10802,3.0018796992481205,1064,18,CAMEL-23079,CAMEL,ai_era,New Feature,0
6434,5.40625,288,12,CAMEL-23631,CAMEL,ai_era,Improvement,0
6884,7.598173515981735,219,5,CAMEL-23634,CAMEL,ai_era,Improvement,0
1586,5.757575757575758,66,1,CAMEL-23637,CAMEL,ai_era,Improvement,0
844,1.9701492537313432,134,3,CAMEL-23578,CAMEL,ai_era,Improvement,0
156,1.0,28,2,CAMEL-23579,CAMEL,ai_era,Improvement,0
1019,1.0,196,13,CAMEL-23580,CAMEL,ai_era,Improvement,0
501,1.0555555555555556,90,7,CAMEL-23582,CAMEL,ai_era,Improvement,0
12202,4.380761523046092,499,80,CAMEL-23632,CAMEL,ai_era,Improvement,0
168,1.0,33,2,CAMEL-23585,CAMEL,ai_era,Improvement,0
249,1.0,42,4,CAMEL-23583,CAMEL,ai_era,Improvement,0
491,1.0,108,2,CAMEL-23587,CAMEL,ai_era,Improvement,0
668,1.0,157,2,CAMEL-23590,CAMEL,ai_era,Improvement,0
1482,4.961538461538462,52,2,CAMEL-23353,CAMEL,ai_era,Improvement,0
3923,2.7008849557522123,565,13,CAMEL-23324,CAMEL,ai_era,Improvement,0
1384,5.714285714285714,56,1,CAMEL-23124,CAMEL,ai_era,Bug,1
3173,1.2529644268774704,506,8,CAMEL-23339,CAMEL,ai_era,New Feature,0
1924,3.2577319587628866,194,5,CAMEL-23359,CAMEL,ai_era,Improvement,0
59,2.75,4,1,CAMEL-23384,CAMEL,ai_era,Bug,1
11584,1.4875621890547264,2010,26,CAMEL-23372,CAMEL,ai_era,Improvement,0
395,2.2448979591836733,49,2,CAMEL-23179,CAMEL,ai_era,Improvement,0
242,5.0,8,1,CAMEL-23181,CAMEL,ai_era,Improvement,0
102,6.5,2,1,CAMEL-23180,CAMEL,ai_era,Improvement,0
1741,5.383333333333334,60,2,CAMEL-23361,CAMEL,ai_era,Improvement,0
1319,8.0,53,2,CAMEL-23374,CAMEL,ai_era,Improvement,0
161,2.7142857142857144,14,3,CAMEL-23392,CAMEL,ai_era,Improvement,0
483,4.2631578947368425,19,2,CAMEL-23386,CAMEL,ai_era,Improvement,0
965,3.204081632653061,49,4,CAMEL-21975,CAMEL,ai_era,New Feature,0
938,2.142857142857143,84,9,CAMEL-23312,CAMEL,ai_era,Improvement,0
1543,1.6647398843930636,173,5,CAMEL-23340,CAMEL,ai_era,New Feature,0
43,1.4,5,1,CAMEL-23370,CAMEL,ai_era,Bug,1
7588,2.9193391642371234,1029,13,CAMEL-23373,CAMEL,ai_era,Improvement,0
1913,1.0569259962049335,527,5,CAMEL-23390,CAMEL,ai_era,New Feature,0
3650,1.2220394736842106,608,9,CAMEL-23341,CAMEL,ai_era,New Feature,0
1541,49.416666666666664,12,2,CAMEL-23406,CAMEL,ai_era,Bug,1
3960,30.6,35,1,CAMEL-23381,CAMEL,ai_era,Improvement,0
307,6.25,8,2,CAMEL-23388,CAMEL,ai_era,New Feature,0
1840,7.5964912280701755,57,1,CAMEL-23355,CAMEL,ai_era,Bug,1
4154,6.875912408759124,137,6,CAMEL-23293,CAMEL,ai_era,Bug,1
885,4.0,44,4,CAMEL-23403,CAMEL,ai_era,Wish,0
638,1.903225806451613,62,5,CAMEL-23414,CAMEL,ai_era,Task,0
3718,1.9824945295404814,457,9,CAMEL-23412,CAMEL,ai_era,Improvement,0
1014,4.16,50,4,CAMEL-23417,CAMEL,ai_era,Improvement,0
1831,4.934782608695652,92,6,CAMEL-23424,CAMEL,ai_era,Improvement,0
119,2.0,5,1,CAMEL-23416,CAMEL,ai_era,Improvement,0
435,4.318181818181818,22,1,CAMEL-23434,CAMEL,ai_era,Improvement,0
649,2.1627906976744184,43,2,CAMEL-22525,CAMEL,ai_era,Test,0
3188,5.741071428571429,112,20,CAMEL-23426,CAMEL,ai_era,Improvement,0
3742,1.8754208754208754,594,11,CAMEL-23409,CAMEL,ai_era,Improvement,0
253,5.5,8,1,CAMEL-23423,CAMEL,ai_era,Improvement,0
118,1.8333333333333333,6,1,CAMEL-23438,CAMEL,ai_era,Improvement,0
248,2.473684210526316,19,2,CAMEL-23436,CAMEL,ai_era,Improvement,0
67,1.0,1,1,CAMEL-23418,CAMEL,ai_era,Improvement,0
288,2.2857142857142856,21,7,CAMEL-23387,CAMEL,ai_era,Improvement,0
642,3.7027027027027026,37,1,CAMEL-23425,CAMEL,ai_era,Improvement,0
322,3.0588235294117645,17,3,CAMEL-23400,CAMEL,ai_era,New Feature,0
1019,7.685714285714286,35,2,CAMEL-22544,CAMEL,ai_era,Improvement,0
13013,2.444184687317358,1711,6,CAMEL-23352,CAMEL,ai_era,Improvement,0
612,3.7941176470588234,34,2,CAMEL-23408,CAMEL,ai_era,Task,0
491,4.041666666666667,24,1,CAMEL-23391,CAMEL,ai_era,Improvement,0
2377,2.734513274336283,339,7,CAMEL-23419,CAMEL,ai_era,Bug,1
344,3.4444444444444446,18,2,CAMEL-23385,CAMEL,ai_era,Improvement,0
3230,2.78494623655914,279,7,CAMEL-23469,CAMEL,ai_era,Bug,1
3447,2.356707317073171,328,4,CAMEL-23452,CAMEL,ai_era,Improvement,0
2123,2.1554878048780486,328,12,CAMEL-23468,CAMEL,ai_era,New Feature,0
2620,6.10752688172043,93,12,CAMEL-23472,CAMEL,ai_era,Improvement,0
4191,4.377952755905512,381,10,CAMEL-23459,CAMEL,ai_era,Improvement,0
159,3.6666666666666665,3,1,CAMEL-23477,CAMEL,ai_era,Improvement,0
2493,2.7293447293447293,351,10,CAMEL-23483,CAMEL,ai_era,Improvement,0
1283,1.1939655172413792,232,5,CAMEL-23466,CAMEL,ai_era,New Feature,0
856,14.333333333333334,12,2,CAMEL-23302,CAMEL,ai_era,Improvement,0
1604,4.154639175257732,97,2,CAMEL-23494,CAMEL,ai_era,Bug,1
77,1.6666666666666667,9,1,CAMEL-23497,CAMEL,ai_era,Test,0
907,3.3389830508474576,59,5,CAMEL-23485,CAMEL,ai_era,New Feature,0
2466,8.027777777777779,72,1,CAMEL-23420,CAMEL,ai_era,Improvement,0
784,3.8333333333333335,30,2,CAMEL-23335,CAMEL,ai_era,Improvement,0
171,4.083333333333333,12,1,CAMEL-23504,CAMEL,ai_era,Bug,1
92,3.1666666666666665,6,1,CAMEL-23422,CAMEL,ai_era,Bug,1
3017,7.617977528089888,89,3,CAMEL-23512,CAMEL,ai_era,Task,0
921,1.0,217,2,CAMEL-23591,CAMEL,ai_era,Improvement,0
8,1.0,1,1,CAMEL-23592,CAMEL,ai_era,Improvement,0
1071,1.8742138364779874,159,8,CAMEL-23507,CAMEL,ai_era,Improvement,0
4114,6.8671875,128,7,CAMEL-23643,CAMEL,ai_era,Improvement,0
914,4.333333333333333,33,3,CAMEL-23653,CAMEL,ai_era,Improvement,0
6626,6.3062015503875966,258,8,CAMEL-23656,CAMEL,ai_era,New Feature,0
7378,2.97158081705151,563,15,CAMEL-23648,CAMEL,ai_era,Task,0
330,2.3333333333333335,18,2,CAMEL-23658,CAMEL,ai_era,Improvement,0
308,2.375,16,1,CAMEL-23663,CAMEL,ai_era,Improvement,0
3064,5.7190082644628095,121,2,CAMEL-23659,CAMEL,ai_era,Bug,1
16,1.0,2,1,CAMEL-23669,CAMEL,ai_era,Improvement,0
710,1.5894736842105264,95,1,CAMEL-23652,CAMEL,ai_era,Bug,1
721,2.290909090909091,55,1,CAMEL-23674,CAMEL,ai_era,Bug,1
681,1.5585585585585586,111,2,CAMEL-23662,CAMEL,ai_era,Bug,1
2858,7.252747252747253,91,4,CAMEL-23667,CAMEL,ai_era,Improvement,0
945,5.7368421052631575,38,1,CAMEL-23638,CAMEL,ai_era,Improvement,0
570,2.3666666666666667,30,3,CAMEL-23678,CAMEL,ai_era,New Feature,0
14122,5.798913043478261,552,19,CAMEL-23679,CAMEL,ai_era,New Feature,0
3166,2.2450980392156863,306,5,CAMEL-23684,CAMEL,ai_era,Improvement,0
558,1.7777777777777777,45,3,CAMEL-23691,CAMEL,ai_era,Improvement,0
29,1.0,5,1,CAMEL-23689,CAMEL,ai_era,Task,0
459,2.25,56,1,CAMEL-23692,CAMEL,ai_era,Bug,1
904,3.3529411764705883,85,8,CAMEL-23649,CAMEL,ai_era,New Feature,0
296,2.088235294117647,34,2,CAMEL-23682,CAMEL,ai_era,Improvement,0
1194,1.814102564102564,156,3,CAMEL-23686,CAMEL,ai_era,Improvement,0
41558,1.318413597733711,3530,406,CAMEL-23657,CAMEL,ai_era,Improvement,0
551,3.5853658536585367,41,1,CAMEL-23698,CAMEL,ai_era,Bug,1
6870,6.437229437229437,231,17,CAMEL-22583,CAMEL,ai_era,Task,0
62,1.5,8,1,CAMEL-20227,CAMEL,ai_era,Bug,1
1323,5.0,43,3,CAMEL-21935,CAMEL,ai_era,Bug,1
658,6.375,24,1,CAMEL-23706,CAMEL,ai_era,Improvement,0
249,4.777777777777778,9,1,CAMEL-23707,CAMEL,ai_era,Bug,1
486,4.380952380952381,21,1,CAMEL-23492,CAMEL,ai_era,Task,0
446,3.6956521739130435,23,1,CAMEL-23665,CAMEL,ai_era,Task,0
256,3.2142857142857144,14,1,CAMEL-21937,CAMEL,ai_era,Bug,1
1064,5.446808510638298,47,7,CAMEL-23666,CAMEL,ai_era,Improvement,0
594,3.1142857142857143,35,3,CAMEL-23291,CAMEL,ai_era,Bug,1
3582,2.375,336,4,CAMEL-23454,CAMEL,ai_era,Improvement,0
97,2.25,8,1,CAMEL-23564,CAMEL,ai_era,Improvement,0
2856,2.861111111111111,144,7,CAMEL-23715,CAMEL,ai_era,Improvement,0
748,4.85,60,6,CAMEL-23712,CAMEL,ai_era,New Feature,0
10520,5.9389140271493215,442,13,CAMEL-23718,CAMEL,ai_era,New Feature,0
3336,3.1822660098522166,203,9,CAMEL-23724,CAMEL,ai_era,Improvement,0
627,1.3294117647058823,85,6,CAMEL-23685,CAMEL,ai_era,Improvement,0
233,2.3043478260869565,23,2,CAMEL-23719,CAMEL,ai_era,Bug,1
396,4.08,25,1,CAMEL-23635,CAMEL,ai_era,New Feature,0
2616,2.0846905537459284,307,4,CAMEL-23120,CAMEL,ai_era,Bug,1
1061,3.4895833333333335,96,9,CAMEL-23642,CAMEL,ai_era,New Feature,0
1086,2.5714285714285716,14,1,CAMEL-23728,CAMEL,ai_era,Bug,1
2595,1.173160173160173,462,11,CAMEL-23683,CAMEL,ai_era,New Feature,0
2620,4.948275862068965,116,3,CAMEL-23730,CAMEL,ai_era,Bug,1
138,1.8888888888888888,9,1,CAMEL-23735,CAMEL,ai_era,Bug,1
1089,2.2774193548387096,155,8,CAMEL-23446,CAMEL,ai_era,Improvement,0
1463,2.925925925925926,108,4,CAMEL-23726,CAMEL,ai_era,Improvement,0
1173,2.3986928104575163,153,8,CAMEL-23445,CAMEL,ai_era,Improvement,0
261,5.416666666666667,12,1,CAMEL-23740,CAMEL,ai_era,Bug,1
178,16.0,3,1,CAMEL-22518,CAMEL,ai_era,Task,0
195,1.8636363636363635,22,1,CAMEL-22504,CAMEL,ai_era,Task,0
1582,2.48019801980198,202,8,CAMEL-23444,CAMEL,ai_era,Improvement,0
1112,2.5425531914893615,94,3,CAMEL-23723,CAMEL,ai_era,Improvement,0
3314,4.185365853658537,205,4,CAMEL-23736,CAMEL,ai_era,Improvement,0
1651,2.6507936507936507,252,8,CAMEL-23464,CAMEL,ai_era,Bug,1
757,6.413793103448276,29,1,CAMEL-23463,CAMEL,ai_era,Bug,1
26,2.0,1,1,CAMEL-23835,CAMEL,ai_era,Bug,1
524,3.264705882352941,34,1,CAMEL-23834,CAMEL,ai_era,Bug,1
471,2.25,36,3,CAMEL-23808,CAMEL,ai_era,Improvement,0
769,6.413793103448276,29,1,CAMEL-23462,CAMEL,ai_era,Bug,1
33,1.5,4,1,CAMEL-23731,CAMEL,ai_era,Dependency upgrade,0
382,3.0,18,2,CAMEL-23654,CAMEL,ai_era,Improvement,0
2785,6.793103448275862,116,2,CAMEL-23838,CAMEL,ai_era,Bug,1
2798,7.035714285714286,112,1,CAMEL-23841,CAMEL,ai_era,Improvement,0
696,2.2535211267605635,71,3,CAMEL-23840,CAMEL,ai_era,Bug,1
297,4.611111111111111,18,1,CAMEL-23851,CAMEL,ai_era,Bug,1
111,1.2727272727272727,11,3,CAMEL-23852,CAMEL,ai_era,Improvement,0
7116,6.995762711864407,236,11,CAMEL-23837,CAMEL,ai_era,New Feature,0
10593,6.465822784810126,395,9,CAMEL-23855,CAMEL,ai_era,Improvement,0
7543,2.9936,625,8,CAMEL-23857,CAMEL,ai_era,Improvement,0
6921,5.7860082304526745,243,7,CAMEL-23860,CAMEL,ai_era,Improvement,0
8511,5.59375,352,17,CAMEL-23862,CAMEL,ai_era,Improvement,0
365,2.7586206896551726,29,1,CAMEL-23865,CAMEL,ai_era,Improvement,0
5109,4.416058394160584,274,12,CAMEL-23870,CAMEL,ai_era,Improvement,0
7309,2.927116827438371,933,6,CAMEL-23842,CAMEL,ai_era,Bug,1
2025,3.099009900990099,101,7,CAMEL-23873,CAMEL,ai_era,Improvement,0
2539,6.087912087912088,91,5,CAMEL-23871,CAMEL,ai_era,Improvement,0
10393,5.140280561122244,499,17,CAMEL-23872,CAMEL,ai_era,New Feature,0
129,1.8666666666666667,15,1,CAMEL-23766,CAMEL,ai_era,Improvement,0
8827,4.99171270718232,362,38,CAMEL-23874,CAMEL,ai_era,Improvement,0
9234,1.2389597644749755,2038,41,CAMEL-23890,CAMEL,ai_era,Task,0
141,6.6,5,2,CAMEL-23897,CAMEL,ai_era,Improvement,0
417,4.45,20,1,CAMEL-23898,CAMEL,ai_era,Improvement,0
254,3.5625,16,1,CAMEL-23904,CAMEL,ai_era,Test,0
9692,2.836153161175423,1123,10,CAMEL-23264,CAMEL,ai_era,Improvement,0
150,1.7272727272727273,11,1,CAMEL-23869,CAMEL,ai_era,Improvement,0
243,1.7096774193548387,31,1,CAMEL-23912,CAMEL,ai_era,Improvement,0
359,3.5416666666666665,24,1,CAMEL-23909,CAMEL,ai_era,Test,0
140,23.666666666666668,3,3,CAMEL-23914,CAMEL,ai_era,Bug,1
14,1.0,2,2,CAMEL-23910,CAMEL,ai_era,Improvement,0
420,2.4857142857142858,35,1,CAMEL-23883,CAMEL,ai_era,Bug,1
2433,8.094594594594595,74,2,CAMEL-22616,CAMEL,ai_era,Improvement,0
189,2.5625,16,1,CAMEL-23930,CAMEL,ai_era,Test,0
3291,1.2492997198879552,714,3,CAMEL-23927,CAMEL,ai_era,Improvement,0
118,3.625,8,1,CAMEL-23935,CAMEL,ai_era,Improvement,0
1765,5.625,80,4,CAMEL-23850,CAMEL,ai_era,Improvement,0
307,2.484848484848485,33,1,CAMEL-23936,CAMEL,ai_era,Bug,1
1992,5.648648648648648,74,4,CAMEL-23931,CAMEL,ai_era,Improvement,0
414,2.121212121212121,33,2,CAMEL-23937,CAMEL,ai_era,Bug,1
133,2.2,15,1,CAMEL-23939,CAMEL,ai_era,Bug,1
488,3.1875,32,3,CAMEL-23971,CAMEL,ai_era,Improvement,0
942,4.37037037037037,54,3,CAMEL-23848,CAMEL,ai_era,New Feature,0
893,4.275862068965517,87,4,CAMEL-23849,CAMEL,ai_era,New Feature,0
376,1.8888888888888888,27,2,CAMEL-23974,CAMEL,ai_era,Bug,1
780,2.4761904761904763,84,3,CAMEL-23875,CAMEL,ai_era,Improvement,0
4887,8.529032258064516,155,4,CAMEL-23976,CAMEL,ai_era,Improvement,0
822,2.577777777777778,90,9,CAMEL-23482,CAMEL,ai_era,Dependency upgrade,0
3981,4.8173076923076925,208,9,CAMEL-23831,CAMEL,ai_era,New Feature,0
3239,6.291666666666667,144,3,CAMEL-23727,CAMEL,ai_era,Improvement,0
4749,4.133093525179856,278,10,CAMEL-23867,CAMEL,ai_era,Improvement,0
416,1.5434782608695652,46,4,CAMEL-23859,CAMEL,ai_era,Improvement,0
1311,3.56,75,4,CAMEL-23957,CAMEL,ai_era,Bug,1
3747,5.1521739130434785,138,14,CAMEL-23981,CAMEL,ai_era,Bug,1
702,5.129032258064516,31,2,CAMEL-24002,CAMEL,ai_era,Improvement,0
32534,5.928902627511592,1294,56,CAMEL-23934,CAMEL,ai_era,Improvement,0
434,10.923076923076923,13,1,CAMEL-24001,CAMEL,ai_era,Bug,1
101,1.9285714285714286,14,1,CAMEL-23993,CAMEL,ai_era,Test,0
1864,9.693877551020408,49,1,CAMEL-24007,CAMEL,ai_era,Improvement,0
2850,3.5083333333333333,120,3,CAMEL-23978,CAMEL,ai_era,New Feature,0
6310,5.623655913978495,279,5,CAMEL-24003,CAMEL,ai_era,Improvement,0
2731,2.7714285714285714,210,9,CAMEL-23979,CAMEL,ai_era,Improvement,0
1749,3.7844827586206895,116,9,CAMEL-23815,CAMEL,ai_era,Improvement,0
2963,2.216666666666667,240,9,CAMEL-24032,CAMEL,ai_era,Improvement,0
630,4.617647058823529,34,3,CAMEL-23768,CAMEL,ai_era,Improvement,0
608,1.2258064516129032,93,5,CAMEL-23877,CAMEL,ai_era,Bug,1
1838,4.427184466019417,103,5,CAMEL-24052,CAMEL,ai_era,Bug,1
3173,5.496240601503759,133,4,CAMEL-24054,CAMEL,ai_era,Improvement,0
621,2.48,50,3,CAMEL-23845,CAMEL,ai_era,Improvement,0
596,1.0105263157894737,95,2,CAMEL-23970,CAMEL,ai_era,Task,0
806,3.2,50,5,CAMEL-20141,CAMEL,ai_era,Improvement,0
480,2.188679245283019,53,1,CAMEL-24055,CAMEL,ai_era,Bug,1
155,2.727272727272727,11,1,CAMEL-23844,CAMEL,ai_era,Bug,1
928,5.0,47,1,CAMEL-24060,CAMEL,ai_era,Bug,1
378,1.6,40,1,CAMEL-23996,CAMEL,ai_era,Bug,1
242,4.076923076923077,13,1,CAMEL-23994,CAMEL,ai_era,Bug,1
341,2.6666666666666665,15,1,CAMEL-24061,CAMEL,ai_era,Bug,1
1512,1.2903225806451613,279,2,CAMEL-23995,CAMEL,ai_era,Bug,1
174,2.0,13,3,CAMEL-23997,CAMEL,ai_era,Bug,1
1454,2.6147540983606556,122,3,CAMEL-24062,CAMEL,ai_era,Bug,1
183,1.2592592592592593,27,2,CAMEL-24065,CAMEL,ai_era,Bug,1
894,1.5816326530612246,98,4,CAMEL-24048,CAMEL,ai_era,Bug,1
102,1.4,15,1,CAMEL-24066,CAMEL,ai_era,Bug,1
268,1.696969696969697,33,2,CAMEL-24067,CAMEL,ai_era,Bug,1
544,1.5238095238095237,63,1,CAMEL-24047,CAMEL,ai_era,Bug,1
265,2.1379310344827585,29,1,CAMEL-24079,CAMEL,ai_era,Bug,1
195,3.5833333333333335,12,1,CAMEL-24069,CAMEL,ai_era,Bug,1
501,1.3888888888888888,90,2,CAMEL-24068,CAMEL,ai_era,Bug,1
227,2.8,15,1,CAMEL-24070,CAMEL,ai_era,Bug,1
331,2.96,25,1,CAMEL-24083,CAMEL,ai_era,Bug,1
987,1.1411764705882352,255,1,CAMEL-24072,CAMEL,ai_era,Bug,1
271,3.466666666666667,15,1,CAMEL-24074,CAMEL,ai_era,Bug,1
634,2.8867924528301887,53,2,CAMEL-24075,CAMEL,ai_era,Bug,1
289,1.5135135135135136,37,3,CAMEL-24076,CAMEL,ai_era,Bug,1
723,3.152173913043478,46,3,CAMEL-24073,CAMEL,ai_era,Bug,1
59,1.375,8,1,CAMEL-24078,CAMEL,ai_era,Bug,1
120,2.6666666666666665,9,2,CAMEL-24071,CAMEL,ai_era,Bug,1
959,2.0,88,7,CAMEL-24124,CAMEL,ai_era,Bug,1
453,3.323529411764706,34,1,CAMEL-24089,CAMEL,ai_era,Bug,1
224,1.6571428571428573,35,1,CAMEL-24077,CAMEL,ai_era,Bug,1
593,1.5238095238095237,84,3,CAMEL-24093,CAMEL,ai_era,Bug,1
326,3.269230769230769,26,1,CAMEL-24095,CAMEL,ai_era,Bug,1
530,3.5555555555555554,36,1,CAMEL-24090,CAMEL,ai_era,Bug,1
38,2.3333333333333335,3,1,CAMEL-23962,CAMEL,ai_era,Bug,1
699,3.761904761904762,42,1,CAMEL-23955,CAMEL,ai_era,Bug,1
827,3.869565217391304,46,2,CAMEL-23956,CAMEL,ai_era,Bug,1
2869,2.1216730038022815,263,7,CAMEL-24160,CAMEL,ai_era,Bug,1
2718,2.7967914438502675,187,8,CAMEL-24156,CAMEL,ai_era,Bug,1
2139,2.54,200,3,CAMEL-24143,CAMEL,ai_era,Bug,1
713,3.744186046511628,43,1,CAMEL-23961,CAMEL,ai_era,Bug,1
1250,1.7628205128205128,156,3,CAMEL-23960,CAMEL,ai_era,Bug,1
134,4.0,8,1,CAMEL-23959,CAMEL,ai_era,Bug,1
493,3.1666666666666665,30,1,CAMEL-23958,CAMEL,ai_era,Bug,1
696,1.4411764705882353,102,1,CAMEL-24173,CAMEL,ai_era,Improvement,0
758,3.933333333333333,75,6,CAMEL-24158,CAMEL,ai_era,Bug,1
3867,2.6023391812865495,342,3,CAMEL-24125,CAMEL,ai_era,Improvement,0
212,1.0212765957446808,47,1,CAMEL-23465,CAMEL,ai_era,Improvement,0
1870,1.1432748538011697,342,3,CAMEL-24056,CAMEL,ai_era,Improvement,0
320,5.384615384615385,13,1,CAMEL-24193,CAMEL,ai_era,Bug,1
294,3.9285714285714284,14,1,CAMEL-24194,CAMEL,ai_era,Bug,1
189,1.7647058823529411,17,1,CAMEL-24198,CAMEL,ai_era,Improvement,0
1096,1.7983193277310925,119,2,CAMEL-24185,CAMEL,ai_era,Improvement,0
448,2.227272727272727,44,4,CAMEL-24192,CAMEL,ai_era,Improvement,0
6109,5.428057553956834,278,8,CAMEL-23913,CAMEL,ai_era,Improvement,0
2960,5.48695652173913,115,7,CAMEL-23973,CAMEL,ai_era,Improvement,0
143,1.6363636363636365,11,4,CAMEL-24168,CAMEL,ai_era,Bug,1
132,2.75,8,1,CAMEL-23949,CAMEL,ai_era,Bug,1
235,2.7777777777777777,18,2,CAMEL-24169,CAMEL,ai_era,Bug,1
721,3.3260869565217392,46,1,CAMEL-24176,CAMEL,ai_era,Bug,1
238,3.1875,16,1,CAMEL-24177,CAMEL,ai_era,Bug,1
718,3.347826086956522,46,1,CAMEL-24178,CAMEL,ai_era,Bug,1
44,3.0,2,1,CAMEL-24180,CAMEL,ai_era,Bug,1
264,3.25,20,1,CAMEL-24181,CAMEL,ai_era,Bug,1
554,3.78125,32,2,CAMEL-24179,CAMEL,ai_era,Bug,1
53,1.5,8,1,CAMEL-24182,CAMEL,ai_era,Bug,1
74,1.75,8,1,CAMEL-24183,CAMEL,ai_era,Bug,1
4632,2.8668478260869565,368,15,CAMEL-24184,CAMEL,ai_era,Task,0
14521,2.7052023121387285,2249,60,CAMEL-23244,CAMEL,ai_era,Task,0
1537,1.4210526315789473,209,6,CAMEL-24170,CAMEL,ai_era,Bug,1
425,3.76,25,2,CAMEL-24119,CAMEL,ai_era,Improvement,0
144,2.909090909090909,11,2,CAMEL-23562,CAMEL,ai_era,Dependency upgrade,0
510,1.0,120,6,CAMEL-22351,CAMEL,ai_era,Improvement,0
504,5.421052631578948,19,1,CAMEL-24200,CAMEL,ai_era,Bug,1
665,5.68,25,1,CAMEL-24201,CAMEL,ai_era,Bug,1
4001,1.7679324894514767,711,5,CAMEL-24204,CAMEL,ai_era,Task,0
2502,2.588628762541806,299,7,CAMEL-23394,CAMEL,ai_era,Improvement,0
9340,2.8329135180520573,1191,11,CAMEL-24137,CAMEL,ai_era,Improvement,0
69,3.0,5,1,CAMEL-23946,CAMEL,ai_era,Bug,1
300,1.7878787878787878,33,1,CAMEL-22538,CAMEL,ai_era,Sub-task,0
663,1.5921052631578947,76,3,CAMEL-24203,CAMEL,ai_era,Bug,1
581,2.5416666666666665,48,3,CAMEL-23951,CAMEL,ai_era,Improvement,0
229,1.5769230769230769,26,3,CAMEL-24059,CAMEL,ai_era,Improvement,0
1111,2.3106796116504853,103,3,CAMEL-24207,CAMEL,ai_era,Bug,1
924,3.057471264367816,87,5,CAMEL-23338,CAMEL,ai_era,Improvement,0
1903,2.4247104247104247,259,5,CAMEL-23968,CAMEL,ai_era,Improvement,0
890,4.777777777777778,45,2,CAMEL-24224,CAMEL,ai_era,Bug,1
173,5.833333333333333,6,1,CAMEL-23866,CAMEL,ai_era,Task,0
85,1.6666666666666667,9,1,CAMEL-24232,CAMEL,ai_era,Bug,1
920,3.1746031746031744,63,4,CAMEL-24231,CAMEL,ai_era,Bug,1
495,4.25,12,2,CAMEL-24210,CAMEL,ai_era,Improvement,0
4725,1.4569471624266144,1022,14,CAMEL-23966,CAMEL,ai_era,New Feature,0
2508,2.4984126984126984,315,7,CAMEL-23393,CAMEL,ai_era,Improvement,0
9280,2.8849785407725324,1165,9,CAMEL-24209,CAMEL,ai_era,Improvement,0
233,5.555555555555555,9,1,CAMEL-24230,CAMEL,ai_era,Bug,1
4367,8.125984251968504,127,4,CAMEL-24233,CAMEL,ai_era,Improvement,0
5119,6.935064935064935,154,5,CAMEL-24226,CAMEL,ai_era,Improvement,0
657,3.1904761904761907,42,3,CAMEL-23876,CAMEL,ai_era,Improvement,0
126,7.0,4,1,CAMEL-21955,CAMEL,ai_era,Task,0
1406,6.0638297872340425,47,2,CAMEL-24239,CAMEL,ai_era,Dependency upgrade,0
8781,6.211764705882353,340,9,CAMEL-24237,CAMEL,ai_era,Improvement,0
2874,2.9843342036553526,383,7,CAMEL-23241,CAMEL,ai_era,Dependency upgrade,0
658,5.857142857142857,21,1,CAMEL-21314,CAMEL,ai_era,Task,0
400,5.5,16,1,CAMEL-23944,CAMEL,ai_era,Bug,1
267,4.066666666666666,15,1,CAMEL-20428,CAMEL,ai_era,Improvement,0
980,2.5,92,5,CAMEL-23943,CAMEL,ai_era,Bug,1
232,1.9545454545454546,22,1,CAMEL-24238,CAMEL,ai_era,Bug,1
4982,5.569948186528498,193,25,CAMEL-24218,CAMEL,ai_era,Improvement,0
289,3.3333333333333335,15,1,CAMEL-24219,CAMEL,ai_era,Improvement,0
317,2.8,30,1,CAMEL-24242,CAMEL,ai_era,Bug,1
262,1.9642857142857142,28,1,CAMEL-24248,CAMEL,ai_era,Bug,1
665,7.076923076923077,26,1,CAMEL-24234,CAMEL,ai_era,Bug,1
268,4.538461538461538,13,1,CAMEL-24221,CAMEL,ai_era,Improvement,0
506,5.217391304347826,23,2,CAMEL-23948,CAMEL,ai_era,Bug,1
351,10.125,8,1,CAMEL-24247,CAMEL,ai_era,Bug,1
836,3.725,40,3,CAMEL-24249,CAMEL,ai_era,Bug,1
329,2.838709677419355,31,1,CAMEL-24243,CAMEL,ai_era,Bug,1
132,2.6153846153846154,13,1,CAMEL-24253,CAMEL,ai_era,Bug,1
704,4.466666666666667,30,15,CAMEL-24251,CAMEL,ai_era,Bug,1
378,2.8333333333333335,30,1,CAMEL-24301,CAMEL,ai_era,Bug,1
3421,1.2732824427480915,655,5,CAMEL-24340,CAMEL,ai_era,Bug,1
14822,4.477346278317152,618,29,CAMEL-24262,CAMEL,ai_era,Bug,1
184,2.4285714285714284,14,2,CAMEL-24309,CAMEL,ai_era,Sub-task,0
3884,1.1636363636363636,825,15,CAMEL-24245,CAMEL,ai_era,New Feature,0
3212,4.413978494623656,186,6,CAMEL-24311,CAMEL,ai_era,Sub-task,0
2273,7.898550724637682,69,4,CAMEL-24202,CAMEL,ai_era,New Feature,0
110,1.3571428571428572,14,1,CAMEL-24355,CAMEL,ai_era,Bug,1
372,3.2,25,2,CAMEL-24341,CAMEL,ai_era,Bug,1
5609,4.1415094339622645,318,9,CAMEL-18552,CAMEL,ai_era,New Feature,0
146,2.090909090909091,11,1,CAMEL-24353,CAMEL,ai_era,Improvement,0
720,5.230769230769231,26,1,CAMEL-24354,CAMEL,ai_era,Bug,1
4094,5.779411764705882,136,8,CAMEL-23441,CAMEL,ai_era,Improvement,0
227,2.789473684210526,19,1,CAMEL-20199,CAMEL,ai_era,Improvement,0
1347,7.043478260869565,46,1,CAMEL-24361,CAMEL,ai_era,Bug,1
440,6.4,15,1,CAMEL-24362,CAMEL,ai_era,Improvement,0
605,3.027027027027027,37,2,CAMEL-24342,CAMEL,ai_era,Bug,1
1741,4.161904761904762,105,6,CAMEL-23530,CAMEL,ai_era,Improvement,0
4437,4.30078125,256,7,CAMEL-23853,CAMEL,ai_era,Improvement,0
10141,2.481981981981982,1332,18,CAMEL-24298,CAMEL,ai_era,Improvement,0
299,1.7333333333333334,30,2,CAMEL-24357,CAMEL,ai_era,Bug,1
426,1.0,95,2,CAMEL-24359,CAMEL,ai_era,Improvement,0
193,2.933333333333333,15,1,CAMEL-24344,CAMEL,ai_era,Bug,1
791,3.1494252873563218,87,8,CAMEL-24366,CAMEL,ai_era,Improvement,0
1081,1.8741258741258742,143,2,CAMEL-24365,CAMEL,ai_era,Bug,1
1749,1.944954128440367,218,5,CAMEL-24212,CAMEL,ai_era,Dependency upgrade,0
955,1.6165413533834587,133,5,CAMEL-24363,CAMEL,ai_era,Bug,1
1172,3.1192660550458715,109,12,CAMEL-24334,CAMEL,ai_era,Improvement,0
528,1.6557377049180328,61,3,CAMEL-24321,CAMEL,ai_era,Improvement,0
1357,2.9779411764705883,136,13,CAMEL-24332,CAMEL,ai_era,Improvement,0
147,1.9090909090909092,11,1,CAMEL-24346,CAMEL,ai_era,Bug,1
1618,2.596590909090909,176,9,CAMEL-24327,CAMEL,ai_era,Improvement,0
138,3.75,12,1,CAMEL-24371,CAMEL,ai_era,Bug,1
633,3.5135135135135136,37,1,CAMEL-24369,CAMEL,ai_era,Bug,1
522,5.21875,32,1,CAMEL-24372,CAMEL,ai_era,Improvement,0
547,2.272727272727273,66,3,CAMEL-24375,CAMEL,ai_era,Bug,1
327,3.1904761904761907,21,1,CAMEL-24347,CAMEL,ai_era,Bug,1
204,3.0,8,1,CAMEL-24379,CAMEL,ai_era,Bug,1
14,1.0,2,2,CAMEL-24381,CAMEL,ai_era,Task,0
329,3.3684210526315788,19,2,CAMEL-24348,CAMEL,ai_era,Bug,1
2860,2.456824512534819,359,8,CAMEL-23965,CAMEL,ai_era,New Feature,0
1327,2.5483870967741935,155,2,CAMEL-24376,CAMEL,ai_era,Bug,1
5380,7.381294964028777,139,4,CAMEL-24374,CAMEL,ai_era,Improvement,0
1999,3.236842105263158,190,17,CAMEL-24333,CAMEL,ai_era,Improvement,0
9579,2.9812126387702818,1171,14,CAMEL-23690,CAMEL,ai_era,New Feature,0
579,6.1875,16,1,CAMEL-24388,CAMEL,ai_era,Bug,1
7950,1.8848122866894197,1172,43,CAMEL-24367,CAMEL,ai_era,New Feature,0
743,1.3923076923076922,130,4,CAMEL-24390,CAMEL,ai_era,Improvement,0
135,2.6666666666666665,9,1,CAMEL-24092,CAMEL,ai_era,Bug,1
1332,1.182456140350877,285,2,CAMEL-24094,CAMEL,ai_era,Bug,1
1164,3.3469387755102042,49,4,CAMEL-24091,CAMEL,ai_era,Bug,1
535,1.3026315789473684,76,5,CAMEL-24096,CAMEL,ai_era,Bug,1
1177,2.450980392156863,102,1,CAMEL-24392,CAMEL,ai_era,Bug,1
1114,4.6415094339622645,53,1,CAMEL-24097,CAMEL,ai_era,Bug,1
1111,4.6415094339622645,53,1,CAMEL-24098,CAMEL,ai_era,Bug,1
126,1.0344827586206897,29,1,CAMEL-24099,CAMEL,ai_era,Bug,1
399,2.6666666666666665,27,1,CAMEL-24080,CAMEL,ai_era,Bug,1
368,2.7241379310344827,29,3,CAMEL-24064,CAMEL,ai_era,Bug,1
156,2.727272727272727,11,1,CAMEL-23843,CAMEL,ai_era,Bug,1
914,4.957446808510638,47,1,CAMEL-23847,CAMEL,ai_era,Improvement,0
2543,3.7191489361702126,235,9,CAMEL-23846,CAMEL,ai_era,New Feature,0
127,2.4285714285714284,7,1,CAMEL-23941,CAMEL,ai_era,Improvement,0
198,2.272727272727273,22,1,CAMEL-24104,CAMEL,ai_era,Bug,1
608,3.0,54,1,CAMEL-24105,CAMEL,ai_era,Bug,1
182,1.5909090909090908,22,2,CAMEL-24100,CAMEL,ai_era,Bug,1
92,4.6,5,1,CAMEL-24106,CAMEL,ai_era,Bug,1
282,2.8,20,1,CAMEL-24086,CAMEL,ai_era,Bug,1
623,3.0555555555555554,54,1,CAMEL-24103,CAMEL,ai_era,Bug,1
647,1.7468354430379747,79,3,CAMEL-24108,CAMEL,ai_era,Bug,1
709,1.4259259259259258,108,2,CAMEL-24107,CAMEL,ai_era,Bug,1
239,2.0,21,1,CAMEL-24110,CAMEL,ai_era,Bug,1
233,1.9523809523809523,21,1,CAMEL-24109,CAMEL,ai_era,Bug,1
419,4.074074074074074,27,1,CAMEL-24115,CAMEL,ai_era,Bug,1
245,1.1282051282051282,39,1,CAMEL-24117,CAMEL,ai_era,Bug,1
1118,9.647058823529411,34,1,CAMEL-24118,CAMEL,ai_era,Bug,1
651,2.9130434782608696,46,3,CAMEL-24120,CAMEL,ai_era,Bug,1
543,3.3529411764705883,34,1,CAMEL-24121,CAMEL,ai_era,Bug,1
66,3.25,4,1,CAMEL-24123,CAMEL,ai_era,Bug,1
209,1.8461538461538463,26,1,CAMEL-24128,CAMEL,ai_era,Bug,1
1081,2.262135922330097,103,2,CAMEL-24116,CAMEL,ai_era,Bug,1
398,2.358974358974359,39,1,CAMEL-24129,CAMEL,ai_era,Bug,1
251,1.9130434782608696,23,1,CAMEL-24130,CAMEL,ai_era,Bug,1
406,2.4358974358974357,39,1,CAMEL-24131,CAMEL,ai_era,Bug,1
421,3.3529411764705883,34,1,CAMEL-24101,CAMEL,ai_era,Bug,1
1001,5.462962962962963,54,1,CAMEL-24102,CAMEL,ai_era,Bug,1
1065,1.7739130434782608,115,2,CAMEL-24133,CAMEL,ai_era,Bug,1
831,2.056179775280899,89,3,CAMEL-24132,CAMEL,ai_era,Bug,1
752,1.2620689655172415,145,4,CAMEL-24082,CAMEL,ai_era,Bug,1
1535,2.308219178082192,146,3,CAMEL-24174,CAMEL,ai_era,Bug,1
1090,1.8347826086956522,115,2,CAMEL-24134,CAMEL,ai_era,Bug,1
837,2.9375,64,1,CAMEL-24112,CAMEL,ai_era,Bug,1
354,1.3333333333333333,57,1,CAMEL-24111,CAMEL,ai_era,Bug,1
866,3.078125,64,1,CAMEL-24113,CAMEL,ai_era,Bug,1
3583,2.603125,320,1,CAMEL-24187,CAMEL,ai_era,Bug,1
2640,7.25,84,2,CAMEL-24051,CAMEL,ai_era,New Feature,0
7454,1.1516300227445033,1319,39,CAMEL-23998,CAMEL,ai_era,Improvement,0
988,2.9864864864864864,74,6,CAMEL-24087,CAMEL,ai_era,Improvement,0
804,4.756756756756757,37,1,CAMEL-24088,CAMEL,ai_era,Bug,1
1444,3.221052631578947,95,6,CAMEL-24186,CAMEL,ai_era,Improvement,0
966,3.25,68,2,CAMEL-24114,CAMEL,ai_era,Bug,1
955,2.7349397590361444,83,1,CAMEL-24142,CAMEL,ai_era,Bug,1
568,2.627450980392157,51,1,CAMEL-24138,CAMEL,ai_era,Bug,1
570,2.627450980392157,51,1,CAMEL-24139,CAMEL,ai_era,Bug,1
188,2.0,21,2,CAMEL-24147,CAMEL,ai_era,Bug,1
381,3.03125,32,2,CAMEL-23868,CAMEL,ai_era,Improvement,0
310,2.28,25,2,CAMEL-24126,CAMEL,ai_era,Improvement,0
1653,1.5841584158415842,202,7,CAMEL-24136,CAMEL,ai_era,Bug,1
1323,3.231578947368421,95,4,CAMEL-24140,CAMEL,ai_era,Bug,1
770,1.6702127659574468,94,7,CAMEL-22512,CAMEL,ai_era,New Feature,0
284,2.2083333333333335,24,2,CAMEL-24144,CAMEL,ai_era,Bug,1
221,3.6363636363636362,11,1,CAMEL-24145,CAMEL,ai_era,Bug,1
306,2.32,25,2,CAMEL-24146,CAMEL,ai_era,Bug,1
52,4.5,2,1,CAMEL-24149,CAMEL,ai_era,Bug,1
207,1.0,35,2,CAMEL-24165,CAMEL,ai_era,Bug,1
541,1.8591549295774648,71,1,CAMEL-24164,CAMEL,ai_era,Bug,1
223,3.3333333333333335,12,1,CAMEL-24148,CAMEL,ai_era,Bug,1
364,1.4057971014492754,69,1,CAMEL-24167,CAMEL,ai_era,Bug,1
271,1.446808510638298,47,1,CAMEL-24152,CAMEL,ai_era,Bug,1
96,3.0,6,2,CAMEL-24044,CAMEL,ai_era,Bug,1
29,1.0,2,1,CAMEL-24162,CAMEL,ai_era,Bug,1
274,5.8,10,1,CAMEL-24045,CAMEL,ai_era,Bug,1
105,1.3333333333333333,15,1,CAMEL-24046,CAMEL,ai_era,Bug,1
256,3.357142857142857,14,1,CAMEL-24191,CAMEL,ai_era,Bug,1
84,4.333333333333333,3,1,CAMEL-24155,CAMEL,ai_era,Bug,1
293,2.1142857142857143,35,3,CAMEL-24163,CAMEL,ai_era,Bug,1
1484,2.5652173913043477,138,1,CAMEL-24141,CAMEL,ai_era,Bug,1
145,2.5454545454545454,11,1,CAMEL-24154,CAMEL,ai_era,Bug,1
559,5.8,20,1,CAMEL-24153,CAMEL,ai_era,Bug,1
675,1.967741935483871,62,6,CAMEL-24166,CAMEL,ai_era,Bug,1
2818,3.1079545454545454,176,9,CAMEL-24161,CAMEL,ai_era,Bug,1
3818,1.8785714285714286,420,10,CAMEL-24157,CAMEL,ai_era,Bug,1
572,5.9,20,1,CAMEL-24195,CAMEL,ai_era,Bug,1
980,2.684931506849315,73,2,CAMEL-24196,CAMEL,ai_era,Bug,1
143,1.4285714285714286,21,1,CAMEL-24150,CAMEL,ai_era,Bug,1
1322,1.2735426008968609,223,4,CAMEL-24197,CAMEL,ai_era,Bug,1
249,1.8076923076923077,26,3,CAMEL-24159,CAMEL,ai_era,Bug,1
83,2.625,8,1,CAMEL-24257,CAMEL,ai_era,Bug,1
1833,2.282758620689655,145,15,CAMEL-24151,CAMEL,ai_era,Bug,1
534,2.180327868852459,61,1,CAMEL-24244,CAMEL,ai_era,Bug,1
451,4.548387096774194,31,1,CAMEL-24254,CAMEL,ai_era,Improvement,0
82,8.5,2,1,CAMEL-24241,CAMEL,ai_era,Bug,1
491,1.0,84,2,CAMEL-16789,CAMEL,ai_era,Task,0
177,4.5,6,2,CAMEL-24215,CAMEL,ai_era,Task,0
9278,2.854604200323102,1238,11,CAMEL-24235,CAMEL,ai_era,New Feature,0
3965,1.183030303030303,825,20,CAMEL-24255,CAMEL,ai_era,New Feature,0
1075,3.452054794520548,73,4,CAMEL-23911,CAMEL,ai_era,Improvement,0
8228,2.8360189573459715,1055,11,CAMEL-24258,CAMEL,ai_era,Improvement,0
418,2.3333333333333335,27,2,CAMEL-24256,CAMEL,ai_era,Improvement,0
203,8.0,5,1,CAMEL-24222,CAMEL,ai_era,Improvement,0
280,2.1818181818181817,22,1,CAMEL-24223,CAMEL,ai_era,Improvement,0
8134,7.844444444444444,270,7,CAMEL-24260,CAMEL,ai_era,Improvement,0
2717,2.244949494949495,396,11,CAMEL-23467,CAMEL,ai_era,New Feature,0
896,5.0476190476190474,42,4,CAMEL-23431,CAMEL,ai_era,Improvement,0
2872,5.827272727272727,110,10,CAMEL-23226,CAMEL,ai_era,Improvement,0
2852,1.5056,625,7,CAMEL-23218,CAMEL,ai_era,Improvement,0
1899,2.6774193548387095,279,7,CAMEL-23096,CAMEL,ai_era,Improvement,0
4513,1.9401041666666667,384,14,CAMEL-24227,CAMEL,ai_era,Improvement,0
5047,1.5127478753541077,1059,13,CAMEL-23969,CAMEL,ai_era,New Feature,0
3840,6.886666666666667,150,4,CAMEL-24274,CAMEL,ai_era,Improvement,0
1369,2.0199004975124377,201,3,CAMEL-24271,CAMEL,ai_era,Improvement,0
304,5.625,16,1,CAMEL-24220,CAMEL,ai_era,Improvement,0
278,3.5,14,1,CAMEL-24277,CAMEL,ai_era,Sub-task,0
180,1.6666666666666667,18,6,CAMEL-23460,CAMEL,ai_era,Improvement,0
32336,5.948640483383686,1324,49,CAMEL-23720,CAMEL,ai_era,Improvement,0
3676,2.3947368421052633,342,4,CAMEL-23453,CAMEL,ai_era,Improvement,0
200,3.5,10,1,CAMEL-24263,CAMEL,ai_era,Sub-task,0
148,2.9,10,1,CAMEL-24264,CAMEL,ai_era,Sub-task,0
160,2.3846153846153846,13,1,CAMEL-24278,CAMEL,ai_era,Improvement,0
3605,4.347058823529411,170,9,CAMEL-24272,CAMEL,ai_era,Improvement,0
397,4.0625,16,1,CAMEL-24280,CAMEL,ai_era,Sub-task,0
447,3.8,20,1,CAMEL-24283,CAMEL,ai_era,Sub-task,0
4274,5.771428571428571,140,9,CAMEL-24259,CAMEL,ai_era,Improvement,0
2003,1.6372549019607843,306,13,CAMEL-24216,CAMEL,ai_era,Bug,1
1033,4.222222222222222,54,1,CAMEL-24273,CAMEL,ai_era,Bug,1
1093,2.375,104,1,CAMEL-22527,CAMEL,ai_era,Test,0
1120,2.725609756097561,164,5,CAMEL-24281,CAMEL,ai_era,Improvement,0
80,1.2307692307692308,13,1,CAMEL-24266,CAMEL,ai_era,Improvement,0
508,4.9,20,1,CAMEL-24289,CAMEL,ai_era,Sub-task,0
695,4.958333333333333,24,1,CAMEL-24300,CAMEL,ai_era,Sub-task,0
3332,3.8444444444444446,135,3,CAMEL-24276,CAMEL,ai_era,Improvement,0
593,6.611111111111111,18,1,CAMEL-24285,CAMEL,ai_era,Sub-task,0
600,7.470588235294118,17,1,CAMEL-24303,CAMEL,ai_era,Sub-task,0
1696,1.2575250836120402,299,3,CAMEL-23964,CAMEL,ai_era,Improvement,0
713,5.68,25,1,CAMEL-24304,CAMEL,ai_era,Sub-task,0
172,2.4285714285714284,14,1,CAMEL-24286,CAMEL,ai_era,Bug,1
383,2.3947368421052633,38,1,CAMEL-24282,CAMEL,ai_era,Improvement,0
1335,7.25,36,1,CAMEL-24307,CAMEL,ai_era,Sub-task,0
1106,2.7875,80,5,CAMEL-24293,CAMEL,ai_era,Improvement,0
893,4.375,40,1,CAMEL-24316,CAMEL,ai_era,Sub-task,0
213,1.3333333333333333,3,1,CAMEL-24268,CAMEL,ai_era,Task,0
3733,4.026315789473684,152,5,CAMEL-24288,CAMEL,ai_era,Improvement,0
1724,1.1565217391304348,345,7,CAMEL-24291,CAMEL,ai_era,Improvement,0
2673,2.5761194029850745,335,8,CAMEL-23963,CAMEL,ai_era,Improvement,0
890,2.5483870967741935,93,3,CAMEL-24319,CAMEL,ai_era,Improvement,0
786,3.4186046511627906,43,2,CAMEL-24324,CAMEL,ai_era,Sub-task,0
476,3.0,24,1,CAMEL-24317,CAMEL,ai_era,Sub-task,0
3846,4.043478260869565,138,4,CAMEL-24275,CAMEL,ai_era,Improvement,0
338,1.411764705882353,51,2,CAMEL-24305,CAMEL,ai_era,Bug,1
335,4.25,16,1,CAMEL-24315,CAMEL,ai_era,Bug,1
2437,2.461077844311377,334,5,CAMEL-23078,CAMEL,ai_era,Improvement,0
11853,4.584144645340751,719,25,CAMEL-23383,CAMEL,ai_era,New Feature,0
333,1.9696969696969697,33,1,CAMEL-24284,CAMEL,ai_era,Test,0
96,12.0,2,1,CAMEL-24299,CAMEL,ai_era,Improvement,0
4743,7.85625,160,5,CAMEL-24287,CAMEL,ai_era,New Feature,0
258,1.4042553191489362,47,1,CAMEL-24294,CAMEL,ai_era,Improvement,0
304,3.9285714285714284,14,1,CAMEL-24326,CAMEL,ai_era,Sub-task,0
125,1.4210526315789473,19,2,CAMEL-24320,CAMEL,ai_era,Bug,1
486,2.0,35,6,CAMEL-24297,CAMEL,ai_era,Improvement,0
1308,5.525,40,1,CAMEL-24329,CAMEL,ai_era,Sub-task,0
1277,5.704545454545454,44,2,CAMEL-24302,CAMEL,ai_era,Sub-task,0
2265,1.1985294117647058,408,4,CAMEL-23382,CAMEL,ai_era,New Feature,0
538,4.5,24,1,CAMEL-24330,CAMEL,ai_era,Improvement,0
1272,1.9917355371900827,121,5,CAMEL-24336,CAMEL,ai_era,Improvement,0
7656,3.3996101364522415,513,6,CAMEL-24328,CAMEL,ai_era,Improvement,0
752,2.6307692307692307,65,3,CAMEL-23952,CAMEL,ai_era,Improvement,0
