loc,cyclomatic_complexity,num_functions,num_files_changed,issue_id,project_name,era,real_issue_type,defect_prone_strict
824,4.029411764705882,34,1,HADOOP-476,HADOOP,pre_ai,Bug,1
2310,3.4671052631578947,152,1,HADOOP-1009,HADOOP,pre_ai,Bug,1
397,2.5238095238095237,42,1,HADOOP-973,HADOOP,pre_ai,Bug,1
3020,2.9869565217391303,230,3,HADOOP-923,HADOOP,pre_ai,Bug,1
541,3.9310344827586206,29,1,HADOOP-649,HADOOP,pre_ai,Bug,1
470,3.6129032258064515,31,1,HADOOP-943,HADOOP,pre_ai,Improvement,0
111,2.875,8,1,HADOOP-1017,HADOOP,pre_ai,Improvement,0
3556,3.048507462686567,268,5,HADOOP-803,HADOOP,pre_ai,Bug,1
475,3.6666666666666665,27,1,HADOOP-1025,HADOOP,pre_ai,Improvement,0
4506,2.62089552238806,335,10,HADOOP-867,HADOOP,pre_ai,Improvement,0
1358,2.908256880733945,109,2,HADOOP-990,HADOOP,pre_ai,Bug,1
1229,2.1404958677685952,121,11,HADOOP-997,HADOOP,pre_ai,Improvement,0
1113,3.6964285714285716,56,3,HADOOP-564,HADOOP,pre_ai,Bug,1
914,1.990566037735849,106,2,HADOOP-654,HADOOP,pre_ai,Bug,1
3371,2.6706827309236947,249,9,HADOOP-248,HADOOP,pre_ai,Improvement,0
274,2.9375,16,3,HADOOP-1029,HADOOP,pre_ai,Bug,1
6710,2.9130434782608696,506,13,HADOOP-985,HADOOP,pre_ai,Improvement,0
901,3.702127659574468,47,1,HADOOP-1034,HADOOP,pre_ai,Bug,1
558,3.606060606060606,33,1,HADOOP-878,HADOOP,pre_ai,Bug,1
171,1.5555555555555556,18,1,HADOOP-1040,HADOOP,pre_ai,Improvement,0
2612,2.305439330543933,239,3,HADOOP-1027,HADOOP,pre_ai,Bug,1
1189,3.260869565217391,69,1,HADOOP-1036,HADOOP,pre_ai,Bug,1
542,3.84,25,1,HADOOP-1042,HADOOP,pre_ai,Improvement,0
2850,3.4947916666666665,192,2,HADOOP-972,HADOOP,pre_ai,Improvement,0
548,3.92,25,1,HADOOP-1043,HADOOP,pre_ai,Improvement,0
2637,3.2568306010928962,183,2,HADOOP-940,HADOOP,pre_ai,Improvement,0
166,3.1,20,1,HADOOP-1020,HADOOP,pre_ai,Bug,1
5970,2.3839662447257384,474,20,HADOOP-492,HADOOP,pre_ai,New Feature,0
1901,3.042372881355932,118,4,HADOOP-1000,HADOOP,pre_ai,Bug,1
406,2.5952380952380953,42,1,HADOOP-1046,HADOOP,pre_ai,Bug,1
3634,2.2706270627062706,303,11,HADOOP-1041,HADOOP,pre_ai,Improvement,0
704,3.5555555555555554,45,2,HADOOP-1032,HADOOP,pre_ai,New Feature,0
389,2.642857142857143,28,1,HADOOP-1049,HADOOP,pre_ai,Bug,1
2959,3.0497737556561084,221,2,HADOOP-1056,HADOOP,pre_ai,Bug,1
3483,1.8585607940446651,403,38,HADOOP-941,HADOOP,pre_ai,Improvement,0
2508,3.4518072289156625,166,1,HADOOP-994,HADOOP,pre_ai,Bug,1
1214,3.316326530612245,98,3,HADOOP-432,HADOOP,pre_ai,Improvement,0
9192,2.558139534883721,817,35,HADOOP-1035,HADOOP,pre_ai,Bug,1
9192,2.558139534883721,817,35,HADOOP-1053,HADOOP,pre_ai,Improvement,0
9192,2.558139534883721,817,35,HADOOP-1067,HADOOP,pre_ai,Bug,1
9192,2.558139534883721,817,35,HADOOP-1060,HADOOP,pre_ai,Bug,1
9192,2.558139534883721,817,35,HADOOP-1077,HADOOP,pre_ai,Bug,1
9192,2.558139534883721,817,35,HADOOP-1083,HADOOP,pre_ai,Bug,1
9192,2.558139534883721,817,35,HADOOP-1082,HADOOP,pre_ai,Bug,1
9192,2.558139534883721,817,35,HADOOP-1088,HADOOP,pre_ai,Bug,1
9192,2.558139534883721,817,35,HADOOP-1080,HADOOP,pre_ai,Bug,1
9192,2.558139534883721,817,35,HADOOP-1091,HADOOP,pre_ai,Bug,1
9192,2.558139534883721,817,35,HADOOP-1092,HADOOP,pre_ai,Bug,1
9192,2.558139534883721,817,35,HADOOP-1112,HADOOP,pre_ai,Bug,1
9192,2.558139534883721,817,35,HADOOP-1108,HADOOP,pre_ai,Bug,1
9192,2.558139534883721,817,35,HADOOP-1070,HADOOP,pre_ai,Bug,1
9192,2.558139534883721,817,35,HADOOP-1099,HADOOP,pre_ai,Bug,1
9192,2.558139534883721,817,35,HADOOP-1115,HADOOP,pre_ai,Bug,1
9192,2.558139534883721,817,35,HADOOP-1109,HADOOP,pre_ai,Bug,1
9192,2.558139534883721,817,35,HADOOP-1117,HADOOP,pre_ai,Bug,1
9192,2.558139534883721,817,35,HADOOP-1089,HADOOP,pre_ai,Bug,1
9192,2.558139534883721,817,35,HADOOP-1096,HADOOP,pre_ai,Improvement,0
9192,2.558139534883721,817,35,HADOOP-1128,HADOOP,pre_ai,Bug,1
9192,2.558139534883721,817,35,HADOOP-1129,HADOOP,pre_ai,Bug,1
9192,2.558139534883721,817,35,HADOOP-1126,HADOOP,pre_ai,Bug,1
3954,3.045936395759717,283,5,HADOOP-1145,HADOOP,pre_ai,Bug,1
3954,3.045936395759717,283,5,HADOOP-1135,HADOOP,pre_ai,Bug,1
3954,3.045936395759717,283,5,HADOOP-1140,HADOOP,pre_ai,Bug,1
3954,3.045936395759717,283,5,HADOOP-1150,HADOOP,pre_ai,Bug,1
1119,3.0,76,1,HADOOP-1071,HADOOP,pre_ai,Bug,1
2523,3.461077844311377,167,1,HADOOP-1047,HADOOP,pre_ai,Bug,1
139,2.3636363636363638,11,1,HADOOP-1137,HADOOP,pre_ai,Bug,1
976,2.986111111111111,72,1,HADOOP-1064,HADOOP,pre_ai,Bug,1
175,1.0,47,3,HADOOP-1094,HADOOP,pre_ai,Improvement,0
2532,3.467065868263473,167,1,HADOOP-1068,HADOOP,pre_ai,Improvement,0
2533,3.4730538922155687,167,1,HADOOP-1122,HADOOP,pre_ai,Bug,1
417,2.4761904761904763,42,1,HADOOP-1131,HADOOP,pre_ai,Improvement,0
599,2.02,50,9,HADOOP-1120,HADOOP,pre_ai,New Feature,0
3580,3.4285714285714284,231,3,HADOOP-1153,HADOOP,pre_ai,Bug,1
6051,3.0234192037470726,427,6,HADOOP-1085,HADOOP,pre_ai,Bug,1
114,1.894736842105263,19,1,HADOOP-1162,HADOOP,pre_ai,Bug,1
675,2.72,50,1,HADOOP-192,HADOOP,pre_ai,Bug,1
3629,3.011764705882353,255,10,HADOOP-189,HADOOP,pre_ai,New Feature,0
343,2.090909090909091,33,3,HADOOP-198,HADOOP,pre_ai,Improvement,0
3913,3.1796875,256,7,HADOOP-96,HADOOP,pre_ai,Improvement,0
2568,2.765853658536585,205,8,HADOOP-182,HADOOP,pre_ai,Bug,1
666,2.795918367346939,49,1,HADOOP-199,HADOOP,pre_ai,Bug,1
188,3.25,16,1,HADOOP-201,HADOOP,pre_ai,Bug,1
137,3.0,9,1,HADOOP-207,HADOOP,pre_ai,Bug,1
349,1.5098039215686274,51,5,HADOOP-204,HADOOP,pre_ai,Improvement,0
3926,2.4444444444444446,378,37,HADOOP-65,HADOOP,pre_ai,New Feature,0
223,4.0,8,1,HADOOP-209,HADOOP,pre_ai,New Feature,0
671,3.1538461538461537,52,3,HADOOP-208,HADOOP,pre_ai,Improvement,0
1120,3.4225352112676055,71,2,HADOOP-146,HADOOP,pre_ai,Bug,1
773,2.328125,64,2,HADOOP-180,HADOOP,pre_ai,Bug,1
646,2.2222222222222223,63,1,HADOOP-219,HADOOP,pre_ai,Bug,1
2614,2.4549763033175354,211,11,HADOOP-200,HADOOP,pre_ai,Bug,1
261,2.2962962962962963,27,1,HADOOP-218,HADOOP,pre_ai,Improvement,0
79,1.2666666666666666,15,1,HADOOP-161,HADOOP,pre_ai,Bug,1
690,1.3392857142857142,112,4,HADOOP-115,HADOOP,pre_ai,New Feature,0
272,5.625,8,1,HADOOP-220,HADOOP,pre_ai,Sub-task,0
4626,2.4394299287410925,421,16,HADOOP-212,HADOOP,pre_ai,Improvement,0
669,2.7551020408163267,49,1,HADOOP-238,HADOOP,pre_ai,Bug,1
1595,2.46218487394958,119,5,HADOOP-233,HADOOP,pre_ai,New Feature,0
1143,3.3333333333333335,75,2,HADOOP-205,HADOOP,pre_ai,Bug,1
234,1.5416666666666667,24,1,HADOOP-247,HADOOP,pre_ai,Bug,1
1067,3.847457627118644,59,1,HADOOP-241,HADOOP,pre_ai,Bug,1
860,2.409090909090909,66,4,HADOOP-195,HADOOP,pre_ai,Improvement,0
73,1.1428571428571428,14,1,HADOOP-251,HADOOP,pre_ai,Bug,1
1760,2.8256880733944953,109,14,HADOOP-191,HADOOP,pre_ai,New Feature,0
2179,3.143835616438356,146,6,HADOOP-163,HADOOP,pre_ai,Bug,1
235,3.526315789473684,19,1,HADOOP-222,HADOOP,pre_ai,New Feature,0
1073,3.737704918032787,61,1,HADOOP-75,HADOOP,pre_ai,Improvement,0
2474,2.2570093457943927,214,10,HADOOP-254,HADOOP,pre_ai,Improvement,0
427,2.3714285714285714,35,2,HADOOP-259,HADOOP,pre_ai,Bug,1
302,1.9428571428571428,35,1,HADOOP-264,HADOOP,pre_ai,Bug,1
4614,2.797142857142857,350,19,HADOOP-124,HADOOP,pre_ai,Bug,1
1362,2.776595744680851,94,4,HADOOP-265,HADOOP,pre_ai,Bug,1
291,1.8571428571428572,35,1,HADOOP-217,HADOOP,pre_ai,Bug,1
597,4.695652173913044,23,1,HADOOP-270,HADOOP,pre_ai,Bug,1
349,2.9166666666666665,24,1,HADOOP-262,HADOOP,pre_ai,Bug,1
10700,2.6966824644549763,844,30,HADOOP-211,HADOOP,pre_ai,Improvement,0
1809,3.4731182795698925,93,10,HADOOP-275,HADOOP,pre_ai,New Feature,0
1905,3.5948275862068964,116,2,HADOOP-240,HADOOP,pre_ai,Bug,1
597,4.695652173913044,23,1,HADOOP-285,HADOOP,pre_ai,Bug,1
509,1.5609756097560976,82,2,HADOOP-277,HADOOP,pre_ai,Bug,1
606,4.826086956521739,23,1,HADOOP-282,HADOOP,pre_ai,Bug,1
1774,4.056179775280899,89,2,HADOOP-289,HADOOP,pre_ai,Bug,1
2009,1.6703703703703703,270,28,HADOOP-245,HADOOP,pre_ai,Bug,1
1384,3.7466666666666666,75,2,HADOOP-294,HADOOP,pre_ai,Bug,1
318,4.7272727272727275,11,2,HADOOP-298,HADOOP,pre_ai,Improvement,0
688,2.76,50,1,HADOOP-299,HADOOP,pre_ai,Bug,1
1413,2.9157894736842107,95,2,HADOOP-123,HADOOP,pre_ai,New Feature,0
736,3.0,48,2,HADOOP-210,HADOOP,pre_ai,Bug,1
1955,2.95,140,4,HADOOP-271,HADOOP,pre_ai,Improvement,0
778,3.269230769230769,52,1,HADOOP-311,HADOOP,pre_ai,Bug,1
766,2.9056603773584904,53,1,HADOOP-316,HADOOP,pre_ai,Bug,1
860,2.057471264367816,87,2,HADOOP-314,HADOOP,pre_ai,Improvement,0
454,3.5185185185185186,27,1,HADOOP-317,HADOOP,pre_ai,Bug,1
198,3.875,8,1,HADOOP-242,HADOOP,pre_ai,Bug,1
766,2.9056603773584904,53,1,HADOOP-135,HADOOP,pre_ai,Bug,1
283,2.608695652173913,23,1,HADOOP-278,HADOOP,pre_ai,Bug,1
681,1.4621848739495797,119,3,HADOOP-319,HADOOP,pre_ai,Bug,1
147,3.0,5,1,HADOOP-301,HADOOP,pre_ai,Improvement,0
14,1.0,2,1,HADOOP-304,HADOOP,pre_ai,Bug,1
789,2.6271186440677967,59,2,HADOOP-305,HADOOP,pre_ai,Improvement,0
213,2.0384615384615383,26,1,HADOOP-296,HADOOP,pre_ai,New Feature,0
1371,3.0714285714285716,98,6,HADOOP-59,HADOOP,pre_ai,Improvement,0
779,2.6551724137931036,58,2,HADOOP-326,HADOOP,pre_ai,Improvement,0
295,4.6,10,1,HADOOP-328,HADOOP,pre_ai,Improvement,0
743,3.3333333333333335,45,1,HADOOP-27,HADOOP,pre_ai,Bug,1
4808,3.0672514619883042,342,12,HADOOP-325,HADOOP,pre_ai,Bug,1
2348,1.9770992366412214,262,9,HADOOP-313,HADOOP,pre_ai,Bug,1
1137,1.6705882352941177,170,5,HADOOP-1123,HADOOP,pre_ai,Bug,1
186,2.5,12,1,HADOOP-1177,HADOOP,pre_ai,Bug,1
835,1.620253164556962,79,3,HADOOP-1146,HADOOP,pre_ai,Bug,1
5747,2.2718446601941746,515,25,HADOOP-318,HADOOP,pre_ai,Bug,1
411,2.7222222222222223,18,2,HADOOP-1165,HADOOP,pre_ai,Improvement,0
566,4.7,20,1,HADOOP-1169,HADOOP,pre_ai,Bug,1
180,1.5555555555555556,18,2,HADOOP-1166,HADOOP,pre_ai,Improvement,0
343,1.453125,64,1,HADOOP-1167,HADOOP,pre_ai,Improvement,0
413,1.8666666666666667,30,1,HADOOP-1110,HADOOP,pre_ai,Bug,1
422,2.53125,32,1,HADOOP-1011,HADOOP,pre_ai,Bug,1
988,2.4597701149425286,87,2,HADOOP-1178,HADOOP,pre_ai,Bug,1
951,3.9375,48,1,HADOOP-1170,HADOOP,pre_ai,Bug,1
993,6.1395348837209305,43,2,HADOOP-672,HADOOP,pre_ai,Bug,1
886,3.144578313253012,83,2,HADOOP-1192,HADOOP,pre_ai,Bug,1
556,2.0588235294117645,51,3,HADOOP-1191,HADOOP,pre_ai,Bug,1
698,1.8214285714285714,56,2,HADOOP-1105,HADOOP,pre_ai,Bug,1
1192,3.260869565217391,69,1,HADOOP-1179,HADOOP,pre_ai,Bug,1
157,2.090909090909091,11,1,HADOOP-1163,HADOOP,pre_ai,Bug,1
323,1.2328767123287672,73,1,HADOOP-1194,HADOOP,pre_ai,Improvement,0
2557,3.473684210526316,171,1,HADOOP-1187,HADOOP,pre_ai,Bug,1
5063,2.7292161520190024,421,8,HADOOP-1133,HADOOP,pre_ai,Improvement,0
557,3.606060606060606,33,1,HADOOP-1151,HADOOP,pre_ai,Bug,1
3661,3.193548387096774,279,4,HADOOP-988,HADOOP,pre_ai,Improvement,0
9115,2.8636363636363638,704,22,HADOOP-702,HADOOP,pre_ai,New Feature,0
1197,3.260869565217391,69,1,HADOOP-1218,HADOOP,pre_ai,Bug,1
1200,3.2753623188405796,69,1,HADOOP-1219,HADOOP,pre_ai,Bug,1
3342,3.1030534351145036,262,5,HADOOP-1149,HADOOP,pre_ai,Bug,1
2692,3.377659574468085,188,1,HADOOP-1136,HADOOP,pre_ai,Bug,1
2694,3.377659574468085,188,1,HADOOP-978,HADOOP,pre_ai,Improvement,0
425,1.9666666666666666,30,1,HADOOP-1001,HADOOP,pre_ai,Bug,1
2778,3.4345549738219896,191,1,HADOOP-971,HADOOP,pre_ai,Improvement,0
4981,3.0208333333333335,384,6,HADOOP-1211,HADOOP,pre_ai,Bug,1
57,2.75,4,1,HADOOP-819,HADOOP,pre_ai,Improvement,0
570,2.435483870967742,62,2,HADOOP-1189,HADOOP,pre_ai,Bug,1
515,3.5483870967741935,31,1,HADOOP-1213,HADOOP,pre_ai,Improvement,0
1207,3.257142857142857,70,1,HADOOP-1238,HADOOP,pre_ai,Bug,1
44,1.8,5,1,HADOOP-1093,HADOOP,pre_ai,Bug,1
2795,3.4479166666666665,192,1,HADOOP-1241,HADOOP,pre_ai,Bug,1
315,2.4,25,5,HADOOP-1204,HADOOP,pre_ai,Bug,1
2795,3.4479166666666665,192,1,HADOOP-1256,HADOOP,pre_ai,Bug,1
367,2.186046511627907,43,2,HADOOP-1253,HADOOP,pre_ai,Bug,1
862,3.8333333333333335,48,2,HADOOP-1250,HADOOP,pre_ai,Improvement,0
1154,3.2950819672131146,61,10,HADOOP-1214,HADOOP,pre_ai,Improvement,0
613,1.6666666666666667,57,3,HADOOP-1251,HADOOP,pre_ai,New Feature,0
705,3.4545454545454546,44,3,HADOOP-1154,HADOOP,pre_ai,Bug,1
4125,2.9773584905660377,265,15,HADOOP-1148,HADOOP,pre_ai,Improvement,0
2173,2.745222929936306,157,4,HADOOP-1111,HADOOP,pre_ai,New Feature,0
842,2.8,50,1,HADOOP-1152,HADOOP,pre_ai,Bug,1
2833,2.5707070707070705,198,7,HADOOP-968,HADOOP,pre_ai,Improvement,0
90,1.4285714285714286,14,1,HADOOP-1271,HADOOP,pre_ai,Bug,1
2152,2.9271523178807946,151,3,HADOOP-1050,HADOOP,pre_ai,Bug,1
452,2.16,50,1,HADOOP-1262,HADOOP,pre_ai,Bug,1
1143,3.026315789473684,76,1,HADOOP-1279,HADOOP,pre_ai,Bug,1
3491,2.3985239852398523,271,9,HADOOP-1127,HADOOP,pre_ai,Improvement,0
1079,3.3636363636363638,66,6,HADOOP-1284,HADOOP,pre_ai,Improvement,0
573,3.6363636363636362,33,1,HADOOP-1293,HADOOP,pre_ai,Bug,1
1399,3.5,90,2,HADOOP-1297,HADOOP,pre_ai,Bug,1
1926,2.470967741935484,155,4,HADOOP-1176,HADOOP,pre_ai,Bug,1
1591,2.734042553191489,94,3,HADOOP-1216,HADOOP,pre_ai,New Feature,0
527,2.260869565217391,46,4,HADOOP-1294,HADOOP,pre_ai,Bug,1
231,1.7857142857142858,28,1,HADOOP-1299,HADOOP,pre_ai,Bug,1
1831,3.2280701754385963,114,2,HADOOP-1278,HADOOP,pre_ai,Bug,1
2867,3.46875,192,8,HADOOP-1272,HADOOP,pre_ai,Bug,1
907,4.617647058823529,34,1,HADOOP-1247,HADOOP,pre_ai,New Feature,0
609,2.9761904761904763,42,5,HADOOP-1061,HADOOP,pre_ai,Bug,1
732,1.5862068965517242,116,2,HADOOP-1304,HADOOP,pre_ai,Improvement,0
1385,1.7189542483660132,153,31,HADOOP-1290,HADOOP,pre_ai,Improvement,0
773,1.721311475409836,122,2,HADOOP-1308,HADOOP,pre_ai,Improvement,0
2047,3.442857142857143,140,1,HADOOP-1312,HADOOP,pre_ai,Bug,1
1168,1.8267716535433072,127,2,HADOOP-485,HADOOP,pre_ai,New Feature,0
1872,3.2972972972972974,111,6,HADOOP-1315,HADOOP,pre_ai,Improvement,0
1992,2.129032258064516,186,4,HADOOP-1144,HADOOP,pre_ai,Improvement,0
2219,3.4133333333333336,150,2,HADOOP-1184,HADOOP,pre_ai,Bug,1
1174,2.489795918367347,98,3,HADOOP-1263,HADOOP,pre_ai,Improvement,0
1164,3.0526315789473686,76,2,HADOOP-1276,HADOOP,pre_ai,Improvement,0
542,2.3333333333333335,48,1,HADOOP-1326,HADOOP,pre_ai,Improvement,0
119,2.0,15,1,HADOOP-526,HADOOP,pre_ai,Bug,1
1357,2.371900826446281,121,1,HADOOP-529,HADOOP,pre_ai,Bug,1
540,2.0526315789473686,57,3,HADOOP-438,HADOOP,pre_ai,Bug,1
1362,2.371900826446281,121,1,HADOOP-530,HADOOP,pre_ai,Bug,1
1122,2.2788461538461537,104,6,HADOOP-243,HADOOP,pre_ai,Bug,1
1370,2.330578512396694,121,1,HADOOP-532,HADOOP,pre_ai,Bug,1
322,1.2297297297297298,74,1,HADOOP-534,HADOOP,pre_ai,Bug,1
2337,2.311627906976744,215,7,HADOOP-288,HADOOP,pre_ai,Bug,1
4858,2.8530259365994235,347,8,HADOOP-527,HADOOP,pre_ai,Improvement,0
886,3.0545454545454547,55,1,HADOOP-261,HADOOP,pre_ai,Bug,1
1105,2.5054945054945055,91,2,HADOOP-293,HADOOP,pre_ai,Bug,1
427,2.4864864864864864,37,2,HADOOP-551,HADOOP,pre_ai,Improvement,0
3187,3.0228310502283104,219,20,HADOOP-542,HADOOP,pre_ai,New Feature,0
4274,2.860606060606061,330,11,HADOOP-306,HADOOP,pre_ai,New Feature,0
313,3.5833333333333335,24,1,HADOOP-431,HADOOP,pre_ai,Improvement,0
1180,4.016949152542373,59,2,HADOOP-556,HADOOP,pre_ai,Improvement,0
351,2.9166666666666665,24,1,HADOOP-547,HADOOP,pre_ai,Bug,1
389,2.6551724137931036,29,1,HADOOP-487,HADOOP,pre_ai,Improvement,0
1072,2.2170542635658914,129,3,HADOOP-559,HADOOP,pre_ai,New Feature,0
193,2.0,21,1,HADOOP-508,HADOOP,pre_ai,Bug,1
3799,2.2405797101449276,345,14,HADOOP-263,HADOOP,pre_ai,Improvement,0
2225,2.438775510204082,196,7,HADOOP-560,HADOOP,pre_ai,Improvement,0
1676,3.268292682926829,123,2,HADOOP-423,HADOOP,pre_ai,Bug,1
98,1.4545454545454546,11,1,HADOOP-552,HADOOP,pre_ai,Bug,1
1875,3.017391304347826,115,4,HADOOP-513,HADOOP,pre_ai,Bug,1
1824,2.2261904761904763,168,5,HADOOP-522,HADOOP,pre_ai,New Feature,0
2270,2.6292134831460676,178,7,HADOOP-519,HADOOP,pre_ai,New Feature,0
966,3.1964285714285716,56,1,HADOOP-568,HADOOP,pre_ai,Bug,1
44,1.7142857142857142,7,2,HADOOP-567,HADOOP,pre_ai,New Feature,0
359,3.0,24,1,HADOOP-343,HADOOP,pre_ai,Bug,1
622,3.52,50,2,HADOOP-550,HADOOP,pre_ai,Bug,1
477,3.3333333333333335,30,1,HADOOP-255,HADOOP,pre_ai,Bug,1
1039,3.028985507246377,69,3,HADOOP-239,HADOOP,pre_ai,Bug,1
743,3.736842105263158,38,1,HADOOP-581,HADOOP,pre_ai,Bug,1
488,3.3666666666666667,30,1,HADOOP-592,HADOOP,pre_ai,Bug,1
1364,3.065934065934066,91,2,HADOOP-593,HADOOP,pre_ai,Bug,1
119,1.3,20,1,HADOOP-598,HADOOP,pre_ai,Bug,1
974,3.232142857142857,56,1,HADOOP-597,HADOOP,pre_ai,Bug,1
843,2.6666666666666665,63,1,HADOOP-506,HADOOP,pre_ai,Bug,1
904,3.3220338983050848,59,1,HADOOP-583,HADOOP,pre_ai,Improvement,0
649,3.4634146341463414,41,2,HADOOP-477,HADOOP,pre_ai,Bug,1
326,2.5925925925925926,27,1,HADOOP-586,HADOOP,pre_ai,Improvement,0
814,3.736842105263158,38,2,HADOOP-514,HADOOP,pre_ai,Bug,1
513,3.9285714285714284,28,1,HADOOP-588,HADOOP,pre_ai,Bug,1
2407,2.9893617021276597,188,4,HADOOP-498,HADOOP,pre_ai,Improvement,0
973,3.232142857142857,56,1,HADOOP-607,HADOOP,pre_ai,Bug,1
973,3.232142857142857,56,1,HADOOP-609,HADOOP,pre_ai,Test,0
1554,3.3425925925925926,108,1,HADOOP-561,HADOOP,pre_ai,Bug,1
905,3.3220338983050848,59,1,HADOOP-610,HADOOP,pre_ai,Bug,1
143,2.4545454545454546,11,1,HADOOP-625,HADOOP,pre_ai,Improvement,0
461,5.172413793103448,29,1,HADOOP-554,HADOOP,pre_ai,Bug,1
3179,3.2863070539419086,241,5,HADOOP-462,HADOOP,pre_ai,Bug,1
153,2.8,5,1,HADOOP-626,HADOOP,pre_ai,Improvement,0
533,5.32258064516129,31,1,HADOOP-635,HADOOP,pre_ai,New Feature,0
2560,3.3511904761904763,168,3,HADOOP-563,HADOOP,pre_ai,Bug,1
878,3.016949152542373,59,2,HADOOP-642,HADOOP,pre_ai,Bug,1
1001,2.8484848484848486,66,1,HADOOP-638,HADOOP,pre_ai,Bug,1
2810,3.0398009950248754,201,5,HADOOP-641,HADOOP,pre_ai,Bug,1
1001,2.8484848484848486,66,1,HADOOP-624,HADOOP,pre_ai,Bug,1
507,3.9285714285714284,28,1,HADOOP-578,HADOOP,pre_ai,Improvement,0
447,2.0,45,3,HADOOP-636,HADOOP,pre_ai,New Feature,0
2315,3.2049689440993787,161,10,HADOOP-576,HADOOP,pre_ai,Improvement,0
853,2.6825396825396823,63,1,HADOOP-482,HADOOP,pre_ai,Bug,1
225,5.777777777777778,9,1,HADOOP-90,HADOOP,pre_ai,Bug,1
71,3.2,5,1,HADOOP-651,HADOOP,pre_ai,Bug,1
3007,2.7934272300469485,213,4,HADOOP-553,HADOOP,pre_ai,Bug,1
7066,2.415545590433483,669,24,HADOOP-399,HADOOP,pre_ai,Bug,1
1030,3.6582278481012658,79,3,HADOOP-599,HADOOP,pre_ai,Bug,1
319,2.6296296296296298,27,1,HADOOP-663,HADOOP,pre_ai,Bug,1
2734,2.8763440860215055,186,4,HADOOP-633,HADOOP,pre_ai,Bug,1
225,5.777777777777778,9,1,HADOOP-669,HADOOP,pre_ai,Bug,1
6471,2.8851063829787233,470,17,HADOOP-373,HADOOP,pre_ai,Bug,1
2231,2.9826589595375723,173,4,HADOOP-670,HADOOP,pre_ai,Improvement,0
512,1.2783505154639174,97,2,HADOOP-647,HADOOP,pre_ai,Improvement,0
332,2.814814814814815,27,1,HADOOP-671,HADOOP,pre_ai,Bug,1
594,5.65625,32,1,HADOOP-665,HADOOP,pre_ai,Bug,1
6986,2.5125208681135227,599,22,HADOOP-655,HADOOP,pre_ai,Improvement,0
143,2.4545454545454546,11,1,HADOOP-565,HADOOP,pre_ai,Improvement,0
369,1.9111111111111112,45,1,HADOOP-682,HADOOP,pre_ai,Bug,1
1591,3.36697247706422,109,1,HADOOP-382,HADOOP,pre_ai,Test,0
256,2.090909090909091,22,1,HADOOP-1455,HADOOP,pre_ai,Improvement,0
945,3.8,50,1,HADOOP-1501,HADOOP,pre_ai,Bug,1
930,3.308641975308642,81,6,HADOOP-1147,HADOOP,pre_ai,Improvement,0
19,1.0,4,1,HADOOP-1283,HADOOP,pre_ai,Improvement,0
2158,3.220779220779221,154,1,HADOOP-1517,HADOOP,pre_ai,Bug,1
4633,2.5384615384615383,351,6,HADOOP-1518,HADOOP,pre_ai,Improvement,0
1905,3.006172839506173,162,4,HADOOP-1292,HADOOP,pre_ai,Improvement,0
8273,2.4696774193548388,775,18,HADOOP-1377,HADOOP,pre_ai,New Feature,0
132,2.0714285714285716,14,2,HADOOP-1515,HADOOP,pre_ai,New Feature,0
791,2.7777777777777777,45,1,HADOOP-1514,HADOOP,pre_ai,Bug,1
1105,5.2,60,6,HADOOP-1508,HADOOP,pre_ai,New Feature,0
4439,2.9046052631578947,304,6,HADOOP-1028,HADOOP,pre_ai,Improvement,0
2454,2.8120805369127515,149,3,HADOOP-1485,HADOOP,pre_ai,Improvement,0
2628,3.165775401069519,187,2,HADOOP-1520,HADOOP,pre_ai,Bug,1
44,3.5,4,1,HADOOP-1513,HADOOP,pre_ai,Bug,1
235,1.5,26,1,HADOOP-1556,HADOOP,pre_ai,Bug,1
1363,3.034090909090909,88,3,HADOOP-1554,HADOOP,pre_ai,Bug,1
6283,2.710261569416499,497,20,HADOOP-1286,HADOOP,pre_ai,Improvement,0
500,3.34375,32,2,HADOOP-1580,HADOOP,pre_ai,Improvement,0
2660,3.3089005235602094,191,2,HADOOP-1448,HADOOP,pre_ai,Bug,1
1036,3.4098360655737703,61,2,HADOOP-1578,HADOOP,pre_ai,Bug,1
44,2.25,4,1,HADOOP-1584,HADOOP,pre_ai,Bug,1
1917,3.2288135593220337,118,2,HADOOP-1473,HADOOP,pre_ai,Improvement,0
2674,3.1076923076923078,195,2,HADOOP-1486,HADOOP,pre_ai,Bug,1
3161,1.896103896103896,385,13,HADOOP-1470,HADOOP,pre_ai,Improvement,0
816,2.9827586206896552,58,2,HADOOP-1596,HADOOP,pre_ai,Bug,1
1289,2.2738095238095237,84,2,HADOOP-1535,HADOOP,pre_ai,Bug,1
44,2.25,4,1,HADOOP-1585,HADOOP,pre_ai,Improvement,0
1153,2.950617283950617,81,2,HADOOP-1576,HADOOP,pre_ai,Bug,1
536,2.1463414634146343,41,11,HADOOP-1547,HADOOP,pre_ai,Improvement,0
31635,2.3440525587828493,2892,237,HADOOP-658,HADOOP,pre_ai,Bug,1
2301,2.1466666666666665,225,6,HADOOP-1570,HADOOP,pre_ai,New Feature,0
2327,2.3701923076923075,208,4,HADOOP-1433,HADOOP,pre_ai,New Feature,0
351,2.8181818181818183,22,1,HADOOP-1524,HADOOP,pre_ai,Bug,1
605,4.9523809523809526,21,1,HADOOP-1599,HADOOP,pre_ai,Bug,1
6634,2.7164750957854404,522,17,HADOOP-1597,HADOOP,pre_ai,New Feature,0
7419,2.911654135338346,532,10,HADOOP-1562,HADOOP,pre_ai,New Feature,0
54,1.6666666666666667,6,1,HADOOP-1134,HADOOP,pre_ai,New Feature,0
1051,3.888888888888889,54,1,HADOOP-1625,HADOOP,pre_ai,Bug,1
1050,3.888888888888889,54,1,HADOOP-1624,HADOOP,pre_ai,Bug,1
1284,2.8969072164948453,97,3,HADOOP-1084,HADOOP,pre_ai,Bug,1
1890,1.891566265060241,249,6,HADOOP-1620,HADOOP,pre_ai,Improvement,0
341,4.294117647058823,17,1,HADOOP-1623,HADOOP,pre_ai,Bug,1
457,4.275862068965517,29,1,HADOOP-1632,HADOOP,pre_ai,Bug,1
2868,2.936651583710407,221,3,HADOOP-1603,HADOOP,pre_ai,Bug,1
834,4.5,32,1,HADOOP-1587,HADOOP,pre_ai,Bug,1
1774,2.535483870967742,155,3,HADOOP-1619,HADOOP,pre_ai,Bug,1
1193,3.0126582278481013,79,1,HADOOP-1636,HADOOP,pre_ai,Bug,1
575,2.641509433962264,53,1,HADOOP-1647,HADOOP,pre_ai,Bug,1
2352,3.2176870748299318,147,3,HADOOP-1628,HADOOP,pre_ai,Test,0
5841,3.0933333333333333,450,7,HADOOP-999,HADOOP,pre_ai,Bug,1
773,2.358974358974359,78,2,HADOOP-1565,HADOOP,pre_ai,Bug,1
1786,3.3168316831683167,101,2,HADOOP-1610,HADOOP,pre_ai,Improvement,0
26,3.0,1,1,HADOOP-1553,HADOOP,pre_ai,Bug,1
760,3.488372093023256,43,1,HADOOP-1659,HADOOP,pre_ai,Bug,1
7724,2.9491803278688526,610,14,HADOOP-1463,HADOOP,pre_ai,Bug,1
1120,5.796296296296297,54,2,HADOOP-1665,HADOOP,pre_ai,Bug,1
1751,2.629032258064516,124,2,HADOOP-1651,HADOOP,pre_ai,Bug,1
5889,2.3904593639575973,566,10,HADOOP-932,HADOOP,pre_ai,Bug,1
3613,2.251366120218579,366,11,HADOOP-1621,HADOOP,pre_ai,Improvement,0
3742,3.4291666666666667,240,2,HADOOP-1680,HADOOP,pre_ai,Bug,1
223,1.5483870967741935,31,1,HADOOP-1568,HADOOP,pre_ai,New Feature,0
1048,6.361702127659575,47,1,HADOOP-1595,HADOOP,pre_ai,Improvement,0
960,1.8369565217391304,92,4,HADOOP-71,HADOOP,pre_ai,Bug,1
408,3.3703703703703702,27,1,HADOOP-1714,HADOOP,pre_ai,Bug,1
853,4.424242424242424,33,2,HADOOP-1663,HADOOP,pre_ai,Bug,1
2523,2.2420091324200913,219,4,HADOOP-1698,HADOOP,pre_ai,Bug,1
54,1.6666666666666667,6,1,HADOOP-1629,HADOOP,pre_ai,Test,0
1466,3.933333333333333,75,1,HADOOP-1712,HADOOP,pre_ai,Bug,1
825,2.8125,48,1,HADOOP-1270,HADOOP,pre_ai,Improvement,0
951,3.9375,48,1,HADOOP-1200,HADOOP,pre_ai,Bug,1
2066,3.368794326241135,141,1,HADOOP-1224,HADOOP,pre_ai,Bug,1
2078,2.9689922480620154,129,5,HADOOP-1324,HADOOP,pre_ai,Improvement,0
286,2.130434782608696,23,4,HADOOP-1310,HADOOP,pre_ai,Bug,1
2068,3.375886524822695,141,1,HADOOP-1255,HADOOP,pre_ai,Bug,1
6155,2.4329896907216493,485,13,HADOOP-1252,HADOOP,pre_ai,Bug,1
117,1.0,31,1,HADOOP-1160,HADOOP,pre_ai,Bug,1
3974,3.0166666666666666,300,4,HADOOP-1197,HADOOP,pre_ai,Bug,1
562,2.306122448979592,49,2,HADOOP-1344,HADOOP,pre_ai,Bug,1
134,2.0,16,2,HADOOP-1342,HADOOP,pre_ai,Improvement,0
458,2.1153846153846154,52,1,HADOOP-1345,HADOOP,pre_ai,Bug,1
4992,2.819095477386935,398,5,HADOOP-1343,HADOOP,pre_ai,Improvement,0
3839,3.6095617529880477,251,3,HADOOP-1353,HADOOP,pre_ai,Bug,1
3839,3.6095617529880477,251,3,HADOOP-1205,HADOOP,pre_ai,Bug,1
3839,3.6095617529880477,251,3,HADOOP-1354,HADOOP,pre_ai,Bug,1
3839,3.6095617529880477,251,3,HADOOP-1358,HADOOP,pre_ai,Bug,1
403,2.9375,32,1,HADOOP-1340,HADOOP,pre_ai,Improvement,0
91,1.4285714285714286,14,1,HADOOP-1355,HADOOP,pre_ai,Bug,1
567,4.7,20,1,HADOOP-1357,HADOOP,pre_ai,Bug,1
1443,2.6126126126126126,111,4,HADOOP-1363,HADOOP,pre_ai,Bug,1
1443,2.6126126126126126,111,4,HADOOP-1356,HADOOP,pre_ai,Bug,1
1443,2.6126126126126126,111,4,HADOOP-1368,HADOOP,pre_ai,Bug,1
2180,2.911949685534591,159,4,HADOOP-1369,HADOOP,pre_ai,Bug,1
2180,2.911949685534591,159,4,HADOOP-1361,HADOOP,pre_ai,Bug,1
514,3.1578947368421053,38,2,HADOOP-1359,HADOOP,pre_ai,Bug,1
773,2.0,75,2,HADOOP-1393,HADOOP,pre_ai,Bug,1
1787,2.637037037037037,135,4,HADOOP-1364,HADOOP,pre_ai,Bug,1
132,1.5909090909090908,22,1,HADOOP-1385,HADOOP,pre_ai,Bug,1
399,2.3095238095238093,42,1,HADOOP-1386,HADOOP,pre_ai,Bug,1
730,3.625,40,1,HADOOP-1407,HADOOP,pre_ai,Bug,1
113,2.3333333333333335,12,1,HADOOP-894,HADOOP,pre_ai,Improvement,0
1076,2.4456521739130435,92,4,HADOOP-1406,HADOOP,pre_ai,Bug,1
931,2.6,70,6,HADOOP-1413,HADOOP,pre_ai,Improvement,0
1942,2.75,192,6,HADOOP-1226,HADOOP,pre_ai,Bug,1
247,3.8,15,1,HADOOP-800,HADOOP,pre_ai,Improvement,0
131,2.272727272727273,11,1,HADOOP-1408,HADOOP,pre_ai,Improvement,0
110,1.0869565217391304,23,1,HADOOP-1427,HADOOP,pre_ai,Bug,1
417,2.4761904761904763,42,1,HADOOP-1435,HADOOP,pre_ai,Bug,1
11391,2.6670644391408116,838,26,HADOOP-1387,HADOOP,pre_ai,Bug,1
175,1.9285714285714286,14,1,HADOOP-1376,HADOOP,pre_ai,Improvement,0
1214,2.485148514851485,101,3,HADOOP-1411,HADOOP,pre_ai,Bug,1
514,3.6666666666666665,30,1,HADOOP-1429,HADOOP,pre_ai,Improvement,0
1700,3.0504201680672267,119,4,HADOOP-1242,HADOOP,pre_ai,Bug,1
1700,3.0504201680672267,119,4,HADOOP-1332,HADOOP,pre_ai,Bug,1
1395,3.2658227848101267,79,1,HADOOP-1452,HADOOP,pre_ai,Bug,1
1324,2.4096385542168677,83,2,HADOOP-1431,HADOOP,pre_ai,Bug,1
1395,3.2658227848101267,79,1,HADOOP-1461,HADOOP,pre_ai,Bug,1
3099,3.1552511415525113,219,2,HADOOP-1443,HADOOP,pre_ai,Bug,1
1736,3.5483870967741935,93,2,HADOOP-1446,HADOOP,pre_ai,Bug,1
4201,3.2412587412587412,286,5,HADOOP-1392,HADOOP,pre_ai,Bug,1
3654,2.3666666666666667,330,7,HADOOP-1412,HADOOP,pre_ai,Bug,1
646,6.7894736842105265,19,1,HADOOP-1479,HADOOP,pre_ai,Bug,1
102,1.4705882352941178,17,1,HADOOP-1311,HADOOP,pre_ai,Bug,1
458,2.1153846153846154,52,1,HADOOP-1450,HADOOP,pre_ai,Improvement,0
280,2.2857142857142856,21,3,HADOOP-1447,HADOOP,pre_ai,New Feature,0
10260,2.919165580182529,767,20,HADOOP-1414,HADOOP,pre_ai,Bug,1
1076,4.96078431372549,51,1,HADOOP-1469,HADOOP,pre_ai,New Feature,0
1009,2.8266666666666667,75,1,HADOOP-1396,HADOOP,pre_ai,Bug,1
82,3.0,4,1,HADOOP-1467,HADOOP,pre_ai,Improvement,0
741,3.5609756097560976,41,1,HADOOP-1457,HADOOP,pre_ai,Improvement,0
1383,3.1875,80,1,HADOOP-1472,HADOOP,pre_ai,Bug,1
403,2.9375,32,1,HADOOP-1234,HADOOP,pre_ai,Bug,1
297,2.9444444444444446,18,1,HADOOP-1482,HADOOP,pre_ai,Bug,1
4678,3.3758169934640523,306,5,HADOOP-1269,HADOOP,pre_ai,Bug,1
2160,3.4375,144,1,HADOOP-1300,HADOOP,pre_ai,Bug,1
247,1.393939393939394,33,2,HADOOP-1459,HADOOP,pre_ai,Bug,1
342,5.769230769230769,13,1,HADOOP-1493,HADOOP,pre_ai,Bug,1
1736,2.1923076923076925,130,4,HADOOP-1320,HADOOP,pre_ai,Improvement,0
1193,2.652173913043478,92,2,HADOOP-1372,HADOOP,pre_ai,Bug,1
1867,2.5246913580246915,162,4,HADOOP-1492,HADOOP,pre_ai,Bug,1
135,4.142857142857143,7,1,HADOOP-1442,HADOOP,pre_ai,Bug,1
785,5.868421052631579,38,1,HADOOP-1207,HADOOP,pre_ai,Bug,1
3136,2.1160409556313993,293,9,HADOOP-1193,HADOOP,pre_ai,Bug,1
247,3.8,15,1,HADOOP-1484,HADOOP,pre_ai,Improvement,0
2571,3.2099447513812156,181,2,HADOOP-1003,HADOOP,pre_ai,Improvement,0
1288,2.8777777777777778,90,2,HADOOP-1440,HADOOP,pre_ai,Improvement,0
739,1.7169811320754718,106,2,HADOOP-1453,HADOOP,pre_ai,Bug,1
235,1.5,34,2,HADOOP-1489,HADOOP,pre_ai,Bug,1
1288,2.289473684210526,114,5,HADOOP-339,HADOOP,pre_ai,New Feature,0
5652,2.3295964125560538,446,15,HADOOP-1462,HADOOP,pre_ai,Improvement,0
120,2.642857142857143,14,1,HADOOP-358,HADOOP,pre_ai,Bug,1
788,1.323076923076923,130,4,HADOOP-359,HADOOP,pre_ai,New Feature,0
1611,3.4047619047619047,84,9,HADOOP-355,HADOOP,pre_ai,Improvement,0
628,4.103448275862069,29,1,HADOOP-354,HADOOP,pre_ai,Bug,1
1616,3.1262135922330097,103,4,HADOOP-252,HADOOP,pre_ai,Improvement,0
1212,3.265625,64,7,HADOOP-361,HADOOP,pre_ai,Improvement,0
628,4.103448275862069,29,1,HADOOP-365,HADOOP,pre_ai,Bug,1
1616,3.1262135922330097,103,4,HADOOP-364,HADOOP,pre_ai,Bug,1
575,4.55,20,1,HADOOP-341,HADOOP,pre_ai,Improvement,0
366,2.0,36,4,HADOOP-307,HADOOP,pre_ai,Task,0
1238,3.473684210526316,76,1,HADOOP-347,HADOOP,pre_ai,New Feature,0
551,3.2,35,2,HADOOP-351,HADOOP,pre_ai,Wish,0
719,3.13953488372093,43,1,HADOOP-376,HADOOP,pre_ai,Bug,1
1107,2.040983606557377,122,2,HADOOP-381,HADOOP,pre_ai,New Feature,0
192,1.9523809523809523,21,1,HADOOP-384,HADOOP,pre_ai,Bug,1
4021,2.560126582278481,316,9,HADOOP-237,HADOOP,pre_ai,Improvement,0
1380,2.2262773722627736,137,4,HADOOP-344,HADOOP,pre_ai,Bug,1
74,5.0,3,1,HADOOP-383,HADOOP,pre_ai,Bug,1
350,2.9166666666666665,24,1,HADOOP-380,HADOOP,pre_ai,Bug,1
172,1.3181818181818181,22,1,HADOOP-387,HADOOP,pre_ai,Bug,1
1129,5.955555555555556,45,2,HADOOP-385,HADOOP,pre_ai,Bug,1
359,2.7941176470588234,34,1,HADOOP-302,HADOOP,pre_ai,Improvement,0
844,2.791044776119403,67,3,HADOOP-335,HADOOP,pre_ai,Improvement,0
2127,2.3694581280788176,203,8,HADOOP-321,HADOOP,pre_ai,Improvement,0
1239,3.52,75,1,HADOOP-386,HADOOP,pre_ai,New Feature,0
2359,3.0853658536585367,164,4,HADOOP-362,HADOOP,pre_ai,Bug,1
2238,3.1357142857142857,140,6,HADOOP-375,HADOOP,pre_ai,Bug,1
361,2.742857142857143,35,1,HADOOP-393,HADOOP,pre_ai,Bug,1
376,2.58974358974359,39,1,HADOOP-377,HADOOP,pre_ai,Bug,1
379,2.55,40,1,HADOOP-345,HADOOP,pre_ai,Improvement,0
459,3.3461538461538463,26,1,HADOOP-409,HADOOP,pre_ai,Improvement,0
1371,3.5365853658536586,82,2,HADOOP-392,HADOOP,pre_ai,Improvement,0
437,3.4545454545454546,33,2,HADOOP-369,HADOOP,pre_ai,New Feature,0
2666,2.665,200,10,HADOOP-396,HADOOP,pre_ai,Improvement,0
1910,3.141732283464567,127,4,HADOOP-410,HADOOP,pre_ai,Improvement,0
459,3.323529411764706,34,1,HADOOP-226,HADOOP,pre_ai,Bug,1
135,3.7142857142857144,7,1,HADOOP-415,HADOOP,pre_ai,Bug,1
1729,2.835714285714286,140,4,HADOOP-427,HADOOP,pre_ai,Bug,1
77,6.333333333333333,3,1,HADOOP-426,HADOOP,pre_ai,Bug,1
1914,1.7427385892116183,241,10,HADOOP-412,HADOOP,pre_ai,New Feature,0
1531,2.8119658119658117,117,3,HADOOP-400,HADOOP,pre_ai,Bug,1
15,2.0,1,1,HADOOP-434,HADOOP,pre_ai,Bug,1
361,2.742857142857143,35,1,HADOOP-453,HADOOP,pre_ai,Bug,1
948,2.8656716417910446,67,3,HADOOP-324,HADOOP,pre_ai,Bug,1
361,2.742857142857143,35,1,HADOOP-455,HADOOP,pre_ai,Bug,1
2333,2.8620689655172415,174,7,HADOOP-456,HADOOP,pre_ai,New Feature,0
360,2.13953488372093,43,2,HADOOP-322,HADOOP,pre_ai,New Feature,0
46,1.4166666666666667,12,1,HADOOP-176,HADOOP,pre_ai,Bug,1
2501,1.980952380952381,210,19,HADOOP-450,HADOOP,pre_ai,Improvement,0
73,2.5714285714285716,7,1,HADOOP-473,HADOOP,pre_ai,Bug,1
1443,2.0238095238095237,168,11,HADOOP-421,HADOOP,pre_ai,Bug,1
500,2.574468085106383,47,1,HADOOP-281,HADOOP,pre_ai,Bug,1
1781,2.347826086956522,138,5,HADOOP-54,HADOOP,pre_ai,Improvement,0
882,2.324675324675325,77,2,HADOOP-486,HADOOP,pre_ai,Improvement,0
410,2.6341463414634148,41,1,HADOOP-463,HADOOP,pre_ai,Improvement,0
1465,3.278481012658228,79,7,HADOOP-437,HADOOP,pre_ai,Improvement,0
299,1.903225806451613,31,2,HADOOP-460,HADOOP,pre_ai,Bug,1
2186,2.3779904306220097,209,6,HADOOP-419,HADOOP,pre_ai,Bug,1
433,2.590909090909091,44,1,HADOOP-196,HADOOP,pre_ai,Bug,1
428,2.5681818181818183,44,1,HADOOP-501,HADOOP,pre_ai,Bug,1
1675,3.2181818181818183,110,5,HADOOP-488,HADOOP,pre_ai,Improvement,0
450,3.7857142857142856,28,1,HADOOP-424,HADOOP,pre_ai,Bug,1
1748,2.784,125,4,HADOOP-408,HADOOP,pre_ai,Wish,0
1653,3.5168539325842696,89,9,HADOOP-499,HADOOP,pre_ai,Improvement,0
301,1.5476190476190477,42,1,HADOOP-320,HADOOP,pre_ai,Bug,1
213,2.6818181818181817,22,2,HADOOP-507,HADOOP,pre_ai,Bug,1
801,3.240740740740741,54,1,HADOOP-286,HADOOP,pre_ai,Bug,1
844,3.0892857142857144,56,2,HADOOP-312,HADOOP,pre_ai,Improvement,0
1598,3.265957446808511,94,3,HADOOP-497,HADOOP,pre_ai,New Feature,0
623,3.676470588235294,34,3,HADOOP-517,HADOOP,pre_ai,Bug,1
1803,2.0578034682080926,173,7,HADOOP-441,HADOOP,pre_ai,New Feature,0
441,3.7142857142857144,28,1,HADOOP-523,HADOOP,pre_ai,Bug,1
182,3.0588235294117645,17,1,HADOOP-521,HADOOP,pre_ai,Bug,1
884,2.422222222222222,90,2,HADOOP-1,HADOOP,pre_ai,Task,0
2804,2.026315789473684,304,11,HADOOP-474,HADOOP,pre_ai,Improvement,0
229,2.357142857142857,14,4,HADOOP-25,HADOOP,pre_ai,Improvement,0
60,2.4,5,1,HADOOP-28,HADOOP,pre_ai,Bug,1
676,1.5571428571428572,70,14,HADOOP-20,HADOOP,pre_ai,Improvement,0
198,3.3125,16,1,HADOOP-30,HADOOP,pre_ai,Improvement,0
936,2.142857142857143,91,5,HADOOP-37,HADOOP,pre_ai,New Feature,0
676,1.8666666666666667,90,4,HADOOP-38,HADOOP,pre_ai,Improvement,0
250,2.347826086956522,23,1,HADOOP-49,HADOOP,pre_ai,Improvement,0
168,2.9166666666666665,12,1,HADOOP-41,HADOOP,pre_ai,Improvement,0
249,1.6451612903225807,31,2,HADOOP-40,HADOOP,pre_ai,Bug,1
2581,3.2620320855614975,187,6,HADOOP-16,HADOOP,pre_ai,Bug,1
5214,2.1499051233396584,527,45,HADOOP-22,HADOOP,pre_ai,Bug,1
205,1.7241379310344827,29,1,HADOOP-57,HADOOP,pre_ai,Bug,1
606,3.2857142857142856,42,1,HADOOP-66,HADOOP,pre_ai,Bug,1
308,4.0,20,1,HADOOP-77,HADOOP,pre_ai,Bug,1
277,2.2857142857142856,21,1,HADOOP-78,HADOOP,pre_ai,Bug,1
1715,3.3389830508474576,118,5,HADOOP-26,HADOOP,pre_ai,Bug,1
573,2.8125,48,2,HADOOP-79,HADOOP,pre_ai,Improvement,0
260,3.0434782608695654,23,1,HADOOP-82,HADOOP,pre_ai,Bug,1
780,2.282608695652174,92,3,HADOOP-81,HADOOP,pre_ai,Bug,1
89,6.666666666666667,3,1,HADOOP-93,HADOOP,pre_ai,Bug,1
597,2.2745098039215685,51,2,HADOOP-86,HADOOP,pre_ai,Bug,1
637,2.262295081967213,61,1,HADOOP-87,HADOOP,pre_ai,Improvement,0
368,1.78,50,3,HADOOP-80,HADOOP,pre_ai,New Feature,0
200,3.375,16,1,HADOOP-97,HADOOP,pre_ai,Bug,1
261,3.0434782608695654,23,1,HADOOP-45,HADOOP,pre_ai,Improvement,0
508,2.5277777777777777,36,2,HADOOP-44,HADOOP,pre_ai,New Feature,0
609,3.3095238095238093,42,1,HADOOP-83,HADOOP,pre_ai,Bug,1
1155,1.475,80,3,HADOOP-3,HADOOP,pre_ai,Bug,1
569,2.7555555555555555,45,1,HADOOP-98,HADOOP,pre_ai,Bug,1
898,1.8,115,6,HADOOP-46,HADOOP,pre_ai,New Feature,0
552,2.717948717948718,39,1,HADOOP-19,HADOOP,pre_ai,Bug,1
445,3.4193548387096775,31,1,HADOOP-101,HADOOP,pre_ai,New Feature,0
2227,2.011583011583012,259,11,HADOOP-52,HADOOP,pre_ai,Bug,1
455,2.0344827586206895,58,3,HADOOP-67,HADOOP,pre_ai,Improvement,0
607,3.3095238095238093,42,1,HADOOP-84,HADOOP,pre_ai,Bug,1
568,1.7317073170731707,82,3,HADOOP-33,HADOOP,pre_ai,Improvement,0
30,1.5,2,1,HADOOP-110,HADOOP,pre_ai,Bug,1
9,1.0,2,1,HADOOP-103,HADOOP,pre_ai,Improvement,0
580,3.1904761904761907,42,1,HADOOP-107,HADOOP,pre_ai,Bug,1
583,2.7555555555555555,45,1,HADOOP-100,HADOOP,pre_ai,Bug,1
804,4.0,49,1,HADOOP-102,HADOOP,pre_ai,Bug,1
232,1.2363636363636363,55,1,HADOOP-117,HADOOP,pre_ai,Bug,1
432,1.6153846153846154,65,2,HADOOP-125,HADOOP,pre_ai,Bug,1
469,2.7,40,2,HADOOP-116,HADOOP,pre_ai,Improvement,0
243,1.6388888888888888,36,1,HADOOP-112,HADOOP,pre_ai,Bug,1
413,2.0555555555555554,54,2,HADOOP-126,HADOOP,pre_ai,Bug,1
1718,2.7241379310344827,145,5,HADOOP-92,HADOOP,pre_ai,Bug,1
1159,3.707692307692308,65,2,HADOOP-128,HADOOP,pre_ai,Bug,1
3274,2.4871794871794872,312,12,HADOOP-51,HADOOP,pre_ai,New Feature,0
1094,2.9135802469135803,81,2,HADOOP-144,HADOOP,pre_ai,Improvement,0
2069,3.0993377483443707,151,5,HADOOP-118,HADOOP,pre_ai,Bug,1
235,1.5365853658536586,41,1,HADOOP-139,HADOOP,pre_ai,Bug,1
200,3.0,13,1,HADOOP-114,HADOOP,pre_ai,Improvement,0
1050,3.3114754098360657,61,3,HADOOP-134,HADOOP,pre_ai,Bug,1
871,2.352112676056338,71,4,HADOOP-133,HADOOP,pre_ai,Bug,1
634,3.5531914893617023,47,2,HADOOP-142,HADOOP,pre_ai,Improvement,0
1472,3.1153846153846154,104,3,HADOOP-148,HADOOP,pre_ai,New Feature,0
1088,2.6666666666666665,84,3,HADOOP-138,HADOOP,pre_ai,Improvement,0
163,1.7272727272727273,22,1,HADOOP-151,HADOOP,pre_ai,Bug,1
868,3.980392156862745,51,1,HADOOP-69,HADOOP,pre_ai,Bug,1
7928,2.270440251572327,795,39,HADOOP-129,HADOOP,pre_ai,Improvement,0
1255,3.1382978723404253,94,3,HADOOP-150,HADOOP,pre_ai,Improvement,0
3151,2.924778761061947,226,9,HADOOP-157,HADOOP,pre_ai,Bug,1
449,3.5483870967741935,31,1,HADOOP-154,HADOOP,pre_ai,Bug,1
912,3.8333333333333335,54,1,HADOOP-162,HADOOP,pre_ai,Bug,1
530,2.6666666666666665,39,1,HADOOP-160,HADOOP,pre_ai,Bug,1
162,3.6153846153846154,13,1,HADOOP-166,HADOOP,pre_ai,Improvement,0
110,6.0,3,1,HADOOP-169,HADOOP,pre_ai,Bug,1
751,1.5777777777777777,90,13,HADOOP-132,HADOOP,pre_ai,New Feature,0
627,3.4130434782608696,46,2,HADOOP-173,HADOOP,pre_ai,Improvement,0
4215,2.6239782016348774,367,12,HADOOP-170,HADOOP,pre_ai,Improvement,0
271,2.5217391304347827,23,1,HADOOP-174,HADOOP,pre_ai,Bug,1
798,2.9454545454545453,55,3,HADOOP-178,HADOOP,pre_ai,Improvement,0
669,3.297872340425532,47,1,HADOOP-183,HADOOP,pre_ai,Bug,1
552,2.7435897435897436,39,1,HADOOP-186,HADOOP,pre_ai,Bug,1
2269,2.0084388185654007,237,12,HADOOP-167,HADOOP,pre_ai,Improvement,0
271,2.5217391304347827,23,1,HADOOP-188,HADOOP,pre_ai,Bug,1
283,2.5,12,3,HADOOP-187,HADOOP,pre_ai,Test,0
675,2.72,50,1,HADOOP-185,HADOOP,pre_ai,Bug,1
64,1.3,20,2,HADOOP-850,HADOOP,pre_ai,Improvement,0
600,5.7272727272727275,33,1,HADOOP-628,HADOOP,pre_ai,Bug,1
2348,2.645714285714286,175,4,HADOOP-804,HADOOP,pre_ai,Improvement,0
237,3.0833333333333335,12,3,HADOOP-371,HADOOP,pre_ai,Improvement,0
538,1.5535714285714286,56,2,HADOOP-846,HADOOP,pre_ai,Bug,1
1784,3.6724137931034484,116,1,HADOOP-681,HADOOP,pre_ai,New Feature,0
1104,3.121212121212121,66,1,HADOOP-840,HADOOP,pre_ai,Bug,1
1266,1.3202614379084967,153,15,HADOOP-525,HADOOP,pre_ai,Improvement,0
510,2.0508474576271185,59,2,HADOOP-857,HADOOP,pre_ai,Bug,1
826,2.8266666666666667,75,4,HADOOP-619,HADOOP,pre_ai,Improvement,0
407,1.7352941176470589,34,1,HADOOP-863,HADOOP,pre_ai,Bug,1
1052,3.1641791044776117,67,1,HADOOP-600,HADOOP,pre_ai,Bug,1
123,6.333333333333333,3,1,HADOOP-864,HADOOP,pre_ai,Bug,1
271,4.538461538461538,13,1,HADOOP-866,HADOOP,pre_ai,Bug,1
405,1.7352941176470589,34,1,HADOOP-868,HADOOP,pre_ai,Bug,1
3077,3.0386473429951693,207,5,HADOOP-815,HADOOP,pre_ai,Bug,1
251,1.6388888888888888,36,1,HADOOP-865,HADOOP,pre_ai,Bug,1
273,3.9285714285714284,14,2,HADOOP-873,HADOOP,pre_ai,Bug,1
262,1.7222222222222223,36,1,HADOOP-880,HADOOP,pre_ai,Bug,1
137,4.142857142857143,7,1,HADOOP-879,HADOOP,pre_ai,Bug,1
559,2.1914893617021276,47,5,HADOOP-851,HADOOP,pre_ai,New Feature,0
1562,1.9015544041450778,193,6,HADOOP-781,HADOOP,pre_ai,Bug,1
3582,3.2470588235294118,255,5,HADOOP-842,HADOOP,pre_ai,Improvement,0
937,3.253968253968254,63,1,HADOOP-757,HADOOP,pre_ai,Bug,1
1112,3.1515151515151514,66,1,HADOOP-890,HADOOP,pre_ai,Improvement,0
1019,3.433333333333333,60,6,HADOOP-852,HADOOP,pre_ai,New Feature,0
2308,2.792682926829268,164,8,HADOOP-801,HADOOP,pre_ai,Improvement,0
75,1.75,8,1,HADOOP-886,HADOOP,pre_ai,Bug,1
1940,3.2447552447552446,143,3,HADOOP-898,HADOOP,pre_ai,Bug,1
5021,2.4273858921161824,482,10,HADOOP-855,HADOOP,pre_ai,Bug,1
395,2.7096774193548385,31,1,HADOOP-905,HADOOP,pre_ai,Bug,1
949,3.1515151515151514,66,1,HADOOP-902,HADOOP,pre_ai,Bug,1
499,3.56,25,1,HADOOP-830,HADOOP,pre_ai,Improvement,0
336,1.7941176470588236,34,6,HADOOP-916,HADOOP,pre_ai,Bug,1
595,2.278688524590164,61,3,HADOOP-901,HADOOP,pre_ai,Bug,1
1112,3.1515151515151514,66,1,HADOOP-912,HADOOP,pre_ai,Bug,1
50,1.2,5,1,HADOOP-920,HADOOP,pre_ai,Bug,1
1603,1.748792270531401,207,14,HADOOP-735,HADOOP,pre_ai,Bug,1
272,1.6428571428571428,28,1,HADOOP-758,HADOOP,pre_ai,Bug,1
1934,3.604651162790698,129,1,HADOOP-659,HADOOP,pre_ai,Improvement,0
1292,2.975206611570248,121,3,HADOOP-909,HADOOP,pre_ai,Bug,1
1726,2.329113924050633,158,1,HADOOP-732,HADOOP,pre_ai,New Feature,0
3993,2.386934673366834,398,8,HADOOP-726,HADOOP,pre_ai,Improvement,0
344,1.489795918367347,49,1,HADOOP-929,HADOOP,pre_ai,Bug,1
100,3.75,4,1,HADOOP-935,HADOOP,pre_ai,Bug,1
1112,3.1515151515151514,66,1,HADOOP-936,HADOOP,pre_ai,Improvement,0
455,3.5483870967741935,31,1,HADOOP-856,HADOOP,pre_ai,Bug,1
1992,2.13302752293578,218,6,HADOOP-731,HADOOP,pre_ai,Bug,1
2053,2.3404255319148937,188,3,HADOOP-602,HADOOP,pre_ai,Improvement,0
1259,2.481818181818182,110,3,HADOOP-227,HADOOP,pre_ai,Bug,1
3063,2.808219178082192,219,9,HADOOP-949,HADOOP,pre_ai,Bug,1
974,3.1940298507462686,67,1,HADOOP-922,HADOOP,pre_ai,Bug,1
408,2.71875,32,1,HADOOP-961,HADOOP,pre_ai,New Feature,0
1259,2.481818181818182,110,3,HADOOP-959,HADOOP,pre_ai,Bug,1
1117,3.1666666666666665,66,1,HADOOP-934,HADOOP,pre_ai,Bug,1
3255,3.1782608695652175,230,4,HADOOP-937,HADOOP,pre_ai,Bug,1
488,2.1956521739130435,46,3,HADOOP-549,HADOOP,pre_ai,Bug,1
866,3.1454545454545455,55,2,HADOOP-963,HADOOP,pre_ai,Improvement,0
884,2.5538461538461537,65,7,HADOOP-788,HADOOP,pre_ai,Improvement,0
499,3.56,25,1,HADOOP-964,HADOOP,pre_ai,Bug,1
387,2.642857142857143,28,1,HADOOP-967,HADOOP,pre_ai,New Feature,0
1071,3.176470588235294,68,1,HADOOP-969,HADOOP,pre_ai,Bug,1
570,4.8,20,1,HADOOP-862,HADOOP,pre_ai,Improvement,0
120,2.0,10,1,HADOOP-965,HADOOP,pre_ai,Bug,1
147,2.6363636363636362,11,1,HADOOP-309,HADOOP,pre_ai,Bug,1
1726,2.329113924050633,158,1,HADOOP-976,HADOOP,pre_ai,Bug,1
2641,2.377880184331797,217,3,HADOOP-917,HADOOP,pre_ai,Bug,1
1122,3.196969696969697,66,1,HADOOP-984,HADOOP,pre_ai,Bug,1
2312,3.4802631578947367,152,1,HADOOP-987,HADOOP,pre_ai,Bug,1
605,3.323529411764706,34,2,HADOOP-975,HADOOP,pre_ai,Improvement,0
102,1.4705882352941178,17,1,HADOOP-982,HADOOP,pre_ai,Improvement,0
5147,2.9232736572890023,391,10,HADOOP-692,HADOOP,pre_ai,Improvement,0
414,2.5714285714285716,35,1,HADOOP-977,HADOOP,pre_ai,Improvement,0
279,2.7916666666666665,24,1,HADOOP-882,HADOOP,pre_ai,Improvement,0
1811,3.6702127659574466,94,2,HADOOP-491,HADOOP,pre_ai,New Feature,0
866,1.8108108108108107,74,3,HADOOP-1007,HADOOP,pre_ai,Improvement,0
12,1.0,1,1,HADOOP-1010,HADOOP,pre_ai,Bug,1
366,2.425,40,1,HADOOP-604,HADOOP,pre_ai,Bug,1
857,2.80327868852459,61,1,HADOOP-694,HADOOP,pre_ai,Bug,1
1502,2.3507462686567164,134,1,HADOOP-611,HADOOP,pre_ai,New Feature,0
565,3.108108108108108,37,2,HADOOP-637,HADOOP,pre_ai,Bug,1
146,4.833333333333333,6,1,HADOOP-688,HADOOP,pre_ai,Improvement,0
286,2.9473684210526314,19,1,HADOOP-646,HADOOP,pre_ai,Bug,1
1015,2.9242424242424243,66,1,HADOOP-705,HADOOP,pre_ai,Bug,1
16,1.0,1,1,HADOOP-661,HADOOP,pre_ai,Improvement,0
1771,2.228395061728395,162,2,HADOOP-613,HADOOP,pre_ai,Improvement,0
184,5.181818181818182,11,1,HADOOP-712,HADOOP,pre_ai,Bug,1
151,3.4444444444444446,9,1,HADOOP-668,HADOOP,pre_ai,Improvement,0
949,3.135593220338983,59,4,HADOOP-489,HADOOP,pre_ai,Improvement,0
1534,2.375,136,1,HADOOP-716,HADOOP,pre_ai,Bug,1
88,6.0,3,1,HADOOP-695,HADOOP,pre_ai,Bug,1
564,3.5588235294117645,34,1,HADOOP-645,HADOOP,pre_ai,Bug,1
381,2.4523809523809526,42,1,HADOOP-652,HADOOP,pre_ai,Bug,1
486,2.6857142857142855,35,2,HADOOP-723,HADOOP,pre_ai,Bug,1
169,1.2105263157894737,38,1,HADOOP-447,HADOOP,pre_ai,Bug,1
1763,3.023076923076923,130,4,HADOOP-725,HADOOP,pre_ai,Improvement,0
521,5.4,30,1,HADOOP-733,HADOOP,pre_ai,Bug,1
968,1.694736842105263,95,3,HADOOP-724,HADOOP,pre_ai,Bug,1
898,3.1379310344827585,58,2,HADOOP-677,HADOOP,pre_ai,Improvement,0
1231,3.4507042253521125,71,5,HADOOP-709,HADOOP,pre_ai,Bug,1
2674,3.2240437158469946,183,5,HADOOP-699,HADOOP,pre_ai,Bug,1
143,2.4545454545454546,11,1,HADOOP-736,HADOOP,pre_ai,Bug,1
1818,3.0080645161290325,124,3,HADOOP-741,HADOOP,pre_ai,Bug,1
37,1.125,8,1,HADOOP-747,HADOOP,pre_ai,Bug,1
914,3.3728813559322033,59,1,HADOOP-698,HADOOP,pre_ai,Bug,1
3011,2.2029520295202953,271,9,HADOOP-76,HADOOP,pre_ai,Improvement,0
44,2.25,4,1,HADOOP-689,HADOOP,pre_ai,Improvement,0
778,3.8461538461538463,39,1,HADOOP-430,HADOOP,pre_ai,Bug,1
560,3.484848484848485,33,2,HADOOP-750,HADOOP,pre_ai,Bug,1
2581,2.9825581395348837,172,4,HADOOP-728,HADOOP,pre_ai,Bug,1
73,5.0,3,1,HADOOP-779,HADOOP,pre_ai,Bug,1
191,7.0,6,1,HADOOP-763,HADOOP,pre_ai,Improvement,0
1465,2.5765765765765765,111,4,HADOOP-780,HADOOP,pre_ai,Bug,1
82,2.2857142857142856,7,1,HADOOP-777,HADOOP,pre_ai,Bug,1
529,5.466666666666667,30,1,HADOOP-621,HADOOP,pre_ai,Improvement,0
1585,3.3981481481481484,108,1,HADOOP-752,HADOOP,pre_ai,Bug,1
1673,3.425925925925926,108,2,HADOOP-774,HADOOP,pre_ai,Bug,1
2264,2.645348837209302,172,3,HADOOP-629,HADOOP,pre_ai,Bug,1
602,5.84375,32,1,HADOOP-738,HADOOP,pre_ai,Bug,1
1098,3.4375,64,6,HADOOP-676,HADOOP,pre_ai,Improvement,0
160,5.5,6,1,HADOOP-756,HADOOP,pre_ai,Improvement,0
333,1.5106382978723405,47,1,HADOOP-786,HADOOP,pre_ai,Bug,1
127,2.272727272727273,11,1,HADOOP-796,HADOOP,pre_ai,Improvement,0
1607,3.4537037037037037,108,1,HADOOP-764,HADOOP,pre_ai,Bug,1
2531,2.6288659793814433,194,10,HADOOP-639,HADOOP,pre_ai,Bug,1
1116,3.1159420289855073,69,1,HADOOP-782,HADOOP,pre_ai,Bug,1
76,1.1,10,2,HADOOP-618,HADOOP,pre_ai,Improvement,0
545,5.633333333333334,30,1,HADOOP-792,HADOOP,pre_ai,Bug,1
2094,3.920353982300885,113,5,HADOOP-673,HADOOP,pre_ai,Bug,1
105,3.8333333333333335,6,1,HADOOP-794,HADOOP,pre_ai,Bug,1
573,5.806451612903226,31,1,HADOOP-454,HADOOP,pre_ai,New Feature,0
911,2.0851063829787235,94,8,HADOOP-574,HADOOP,pre_ai,New Feature,0
803,4.666666666666667,48,3,HADOOP-824,HADOOP,pre_ai,Bug,1
2531,2.6288659793814433,194,10,HADOOP-827,HADOOP,pre_ai,Bug,1
2531,2.6288659793814433,194,10,HADOOP-791,HADOOP,pre_ai,Bug,1
407,1.7352941176470589,34,1,HADOOP-813,HADOOP,pre_ai,Bug,1
4028,2.3968253968253967,378,16,HADOOP-571,HADOOP,pre_ai,Improvement,0
1124,3.130434782608696,69,1,HADOOP-596,HADOOP,pre_ai,Bug,1
234,1.72,25,2,HADOOP-811,HADOOP,pre_ai,New Feature,0
2843,3.1666666666666665,198,4,HADOOP-825,HADOOP,pre_ai,Bug,1
787,3.871794871794872,39,1,HADOOP-823,HADOOP,pre_ai,Bug,1
473,1.8363636363636364,55,4,HADOOP-829,HADOOP,pre_ai,Bug,1
2011,3.0064516129032257,155,2,HADOOP-814,HADOOP,pre_ai,Bug,1
1576,2.375886524822695,141,1,HADOOP-835,HADOOP,pre_ai,Bug,1
8269,2.6397163120567377,705,18,HADOOP-836,HADOOP,pre_ai,Bug,1
119,6.333333333333333,3,1,HADOOP-837,HADOOP,pre_ai,Improvement,0
248,4.153846153846154,13,1,HADOOP-838,HADOOP,pre_ai,Bug,1
4618,2.163972286374134,433,25,HADOOP-451,HADOOP,pre_ai,Improvement,0
225,1.8148148148148149,27,1,HADOOP-844,HADOOP,pre_ai,Bug,1
1581,2.3900709219858154,141,1,HADOOP-849,HADOOP,pre_ai,Bug,1
1632,3.467889908256881,109,1,HADOOP-745,HADOOP,pre_ai,Bug,1
1359,6.033333333333333,60,1,HADOOP-2192,HADOOP,pre_ai,Bug,1
1359,6.033333333333333,60,1,HADOOP-1902,HADOOP,pre_ai,Bug,1
2950,3.06282722513089,191,5,HADOOP-2178,HADOOP,pre_ai,Improvement,0
1173,2.93,100,3,HADOOP-2655,HADOOP,pre_ai,Bug,1
3444,3.2474747474747474,198,3,HADOOP-2894,HADOOP,pre_ai,Bug,1
3455,3.563876651982379,227,4,HADOOP-2063,HADOOP,pre_ai,New Feature,0
51,1.1,10,1,HADOOP-2800,HADOOP,pre_ai,Bug,1
11498,3.054658385093168,805,17,HADOOP-1985,HADOOP,pre_ai,New Feature,0
1626,3.2596153846153846,104,1,HADOOP-2891,HADOOP,pre_ai,Bug,1
57,1.3,10,1,HADOOP-2845,HADOOP,pre_ai,Bug,1
898,1.9914529914529915,117,2,HADOOP-1967,HADOOP,pre_ai,Bug,1
769,1.7142857142857142,112,2,HADOOP-2895,HADOOP,pre_ai,Improvement,0
2712,3.202020202020202,198,1,HADOOP-2918,HADOOP,pre_ai,Task,0
82,1.4545454545454546,11,1,HADOOP-2923,HADOOP,pre_ai,New Feature,0
1369,3.0792079207920793,101,2,HADOOP-2790,HADOOP,pre_ai,Bug,1
1102,2.8620689655172415,58,1,HADOOP-910,HADOOP,pre_ai,Improvement,0
8631,2.8514851485148514,707,14,HADOOP-2219,HADOOP,pre_ai,New Feature,0
415,1.2244897959183674,98,1,HADOOP-2819,HADOOP,pre_ai,Bug,1
2842,2.726457399103139,223,4,HADOOP-2833,HADOOP,pre_ai,Bug,1
1621,3.2815533980582523,103,1,HADOOP-2931,HADOOP,pre_ai,Bug,1
7046,2.2367972742759794,587,52,HADOOP-1986,HADOOP,pre_ai,New Feature,0
1860,3.1142857142857143,105,3,HADOOP-2817,HADOOP,pre_ai,Bug,1
1980,4.585365853658536,82,1,HADOOP-2758,HADOOP,pre_ai,Improvement,0
858,3.1206896551724137,58,1,HADOOP-2934,HADOOP,pre_ai,Bug,1
2622,3.6666666666666665,150,2,HADOOP-2883,HADOOP,pre_ai,Bug,1
1619,3.2718446601941746,103,1,HADOOP-2756,HADOOP,pre_ai,Bug,1
120,2.125,8,3,HADOOP-2906,HADOOP,pre_ai,New Feature,0
367,1.8235294117647058,51,1,HADOOP-730,HADOOP,pre_ai,Improvement,0
2556,1.96415770609319,279,4,HADOOP-2869,HADOOP,pre_ai,Bug,1
7039,3.3878048780487804,410,11,HADOOP-2346,HADOOP,pre_ai,Bug,1
1395,5.983606557377049,61,1,HADOOP-2938,HADOOP,pre_ai,Bug,1
1972,2.3567251461988303,171,1,HADOOP-2943,HADOOP,pre_ai,Bug,1
1322,4.224137931034483,58,2,HADOOP-2057,HADOOP,pre_ai,Improvement,0
2402,2.7262569832402233,179,4,HADOOP-2915,HADOOP,pre_ai,Bug,1
7700,3.2445887445887447,462,7,HADOOP-2870,HADOOP,pre_ai,Bug,1
199,3.727272727272727,11,1,HADOOP-2971,HADOOP,pre_ai,Bug,1
1980,4.585365853658536,82,1,HADOOP-2955,HADOOP,pre_ai,Bug,1
871,3.056603773584906,53,4,HADOOP-2765,HADOOP,pre_ai,New Feature,0
5844,3.060052219321149,383,5,HADOOP-2657,HADOOP,pre_ai,New Feature,0
146,2.4615384615384617,13,1,HADOOP-2974,HADOOP,pre_ai,Bug,1
1116,2.847457627118644,59,1,HADOOP-2399,HADOOP,pre_ai,Bug,1
399,2.59375,32,1,HADOOP-2996,HADOOP,pre_ai,Improvement,0
95,1.4444444444444444,9,1,HADOOP-2995,HADOOP,pre_ai,Bug,1
687,2.661764705882353,68,1,HADOOP-2972,HADOOP,pre_ai,Bug,1
1772,3.230088495575221,113,1,HADOOP-2994,HADOOP,pre_ai,Improvement,0
1045,1.982608695652174,115,2,HADOOP-2423,HADOOP,pre_ai,Improvement,0
5346,2.858173076923077,416,7,HADOOP-2470,HADOOP,pre_ai,Bug,1
2854,3.157142857142857,210,1,HADOOP-3009,HADOOP,pre_ai,Bug,1
225,2.210526315789474,19,3,HADOOP-2992,HADOOP,pre_ai,Bug,1
2858,3.146919431279621,211,1,HADOOP-2976,HADOOP,pre_ai,Bug,1
24279,2.7504043126684636,1855,39,HADOOP-771,HADOOP,pre_ai,Improvement,0
2890,3.1800947867298577,211,1,HADOOP-2890,HADOOP,pre_ai,Bug,1
134,1.9090909090909092,11,1,HADOOP-2825,HADOOP,pre_ai,Bug,1
201,3.8181818181818183,11,1,HADOOP-3008,HADOOP,pre_ai,Bug,1
3463,3.13953488372093,215,5,HADOOP-2901,HADOOP,pre_ai,Bug,1
657,3.6857142857142855,35,1,HADOOP-3011,HADOOP,pre_ai,Bug,1
1991,4.542168674698795,83,1,HADOOP-3006,HADOOP,pre_ai,Bug,1
358,4.8125,16,1,HADOOP-2559,HADOOP,pre_ai,Improvement,0
1995,4.590361445783133,83,1,HADOOP-3029,HADOOP,pre_ai,Bug,1
5748,3.2371134020618557,388,6,HADOOP-2606,HADOOP,pre_ai,Bug,1
5505,3.4011627906976742,344,6,HADOOP-2239,HADOOP,pre_ai,Improvement,0
1932,4.493975903614458,83,1,HADOOP-3033,HADOOP,pre_ai,Bug,1
314,1.875,40,1,HADOOP-2978,HADOOP,pre_ai,Bug,1
331,1.68,50,1,HADOOP-3030,HADOOP,pre_ai,Bug,1
764,2.3766233766233764,77,2,HADOOP-3479,HADOOP,pre_ai,New Feature,0
2001,4.728395061728395,81,1,HADOOP-3633,HADOOP,pre_ai,Bug,1
3193,2.875,208,5,HADOOP-2985,HADOOP,pre_ai,Bug,1
1927,3.2540983606557377,122,1,HADOOP-3681,HADOOP,pre_ai,Bug,1
3615,2.742765273311897,311,3,HADOOP-3002,HADOOP,pre_ai,Bug,1
5512,3.4011976047904193,334,5,HADOOP-3673,HADOOP,pre_ai,Bug,1
362,4.8125,16,1,HADOOP-3685,HADOOP,pre_ai,Bug,1
297,2.8275862068965516,29,1,HADOOP-3630,HADOOP,pre_ai,Bug,1
367,2.4444444444444446,36,1,HADOOP-3706,HADOOP,pre_ai,Bug,1
520,3.5625,32,1,HADOOP-3711,HADOOP,pre_ai,Bug,1
2202,4.829545454545454,88,1,HADOOP-3328,HADOOP,pre_ai,Improvement,0
53,1.8333333333333333,6,1,HADOOP-3718,HADOOP,pre_ai,Bug,1
140,2.0,13,2,HADOOP-3684,HADOOP,pre_ai,Improvement,0
293,2.129032258064516,31,2,HADOOP-3149,HADOOP,pre_ai,New Feature,0
1464,2.96,75,1,HADOOP-3478,HADOOP,pre_ai,Improvement,0
4511,2.9879518072289155,249,4,HADOOP-3647,HADOOP,pre_ai,Bug,1
955,2.0350877192982457,114,7,HADOOP-3721,HADOOP,pre_ai,Improvement,0
240,1.8709677419354838,31,1,HADOOP-3716,HADOOP,pre_ai,Bug,1
2944,3.3823529411764706,204,1,HADOOP-3752,HADOOP,pre_ai,Bug,1
49,1.75,4,1,HADOOP-3737,HADOOP,pre_ai,Bug,1
2003,4.7407407407407405,81,1,HADOOP-3758,HADOOP,pre_ai,Bug,1
1155,1.9037037037037037,135,4,HADOOP-1627,HADOOP,pre_ai,Improvement,0
1927,3.2540983606557377,122,1,HADOOP-3760,HADOOP,pre_ai,Bug,1
701,3.2916666666666665,48,1,HADOOP-3732,HADOOP,pre_ai,Bug,1
381,1.2065217391304348,92,1,HADOOP-3730,HADOOP,pre_ai,New Feature,0
3421,3.0436681222707422,229,4,HADOOP-3670,HADOOP,pre_ai,Bug,1
3574,3.2325581395348837,258,3,HADOOP-3707,HADOOP,pre_ai,Bug,1
898,2.9583333333333335,48,1,HADOOP-3617,HADOOP,pre_ai,Improvement,0
4011,3.0495049504950495,303,4,HADOOP-3720,HADOOP,pre_ai,Bug,1
1729,2.6878980891719744,157,4,HADOOP-3677,HADOOP,pre_ai,Bug,1
826,3.0,15,2,HADOOP-3774,HADOOP,pre_ai,Bug,1
1214,2.9310344827586206,87,3,HADOOP-3743,HADOOP,pre_ai,Bug,1
576,7.571428571428571,14,2,HADOOP-3678,HADOOP,pre_ai,Bug,1
545,2.5952380952380953,42,5,HADOOP-372,HADOOP,pre_ai,New Feature,0
1033,1.908450704225352,142,2,HADOOP-3762,HADOOP,pre_ai,Bug,1
183,1.9333333333333333,15,1,HADOOP-3728,HADOOP,pre_ai,Bug,1
241,1.8709677419354838,31,1,HADOOP-3794,HADOOP,pre_ai,Bug,1
81,4.666666666666667,6,1,HADOOP-3806,HADOOP,pre_ai,Bug,1
984,3.0,69,1,HADOOP-3795,HADOOP,pre_ai,Bug,1
1933,3.262295081967213,122,1,HADOOP-3778,HADOOP,pre_ai,Bug,1
2952,3.3970588235294117,204,1,HADOOP-3776,HADOOP,pre_ai,Bug,1
1162,3.9344262295081966,61,1,HADOOP-3521,HADOOP,pre_ai,Bug,1
1152,3.901639344262295,61,1,HADOOP-3813,HADOOP,pre_ai,Bug,1
229,2.0833333333333335,24,1,HADOOP-3747,HADOOP,pre_ai,Improvement,0
6472,3.865168539325843,356,6,HADOOP-1700,HADOOP,pre_ai,New Feature,0
4805,3.0651558073654392,353,4,HADOOP-3724,HADOOP,pre_ai,Bug,1
898,2.9583333333333335,48,1,HADOOP-3820,HADOOP,pre_ai,Bug,1
2045,3.2030075187969924,133,1,HADOOP-3169,HADOOP,pre_ai,Improvement,0
45,1.75,4,1,HADOOP-3824,HADOOP,pre_ai,Sub-task,0
424,2.358974358974359,39,1,HADOOP-3861,HADOOP,pre_ai,Improvement,0
1838,3.326530612244898,98,1,HADOOP-3848,HADOOP,pre_ai,Bug,1
2306,4.7254901960784315,102,5,HADOOP-3646,HADOOP,pre_ai,Improvement,0
377,2.6153846153846154,39,1,HADOOP-3863,HADOOP,pre_ai,Bug,1
2685,2.3783783783783785,222,3,HADOOP-3131,HADOOP,pre_ai,Bug,1
3062,3.412621359223301,206,2,HADOOP-3865,HADOOP,pre_ai,Bug,1
462,1.8363636363636364,55,2,HADOOP-3884,HADOOP,pre_ai,Bug,1
886,4.6875,32,1,HADOOP-3837,HADOOP,pre_ai,Bug,1
40,4.5,2,1,HADOOP-3620,HADOOP,pre_ai,Improvement,0
51,2.4,5,1,HADOOP-3897,HADOOP,pre_ai,Bug,1
2015,4.765432098765432,81,1,HADOOP-3859,HADOOP,pre_ai,Bug,1
1507,5.619718309859155,71,2,HADOOP-3792,HADOOP,pre_ai,Bug,1
1601,2.372093023255814,172,8,HADOOP-2302,HADOOP,pre_ai,Improvement,0
1005,3.041095890410959,73,1,HADOOP-3892,HADOOP,pre_ai,Improvement,0
171,3.1666666666666665,12,1,HADOOP-2514,HADOOP,pre_ai,New Feature,0
1272,5.672131147540983,61,1,HADOOP-2620,HADOOP,pre_ai,Bug,1
670,3.239130434782609,46,1,HADOOP-2012,HADOOP,pre_ai,New Feature,0
3875,3.039285714285714,280,3,HADOOP-1742,HADOOP,pre_ai,Improvement,0
1946,4.512195121951219,82,1,HADOOP-1707,HADOOP,pre_ai,Improvement,0
498,3.026315789473684,38,2,HADOOP-2614,HADOOP,pre_ai,Bug,1
4183,3.2073578595317724,299,4,HADOOP-2543,HADOOP,pre_ai,New Feature,0
82,1.4545454545454546,11,1,HADOOP-2603,HADOOP,pre_ai,New Feature,0
228,2.5416666666666665,24,1,HADOOP-2469,HADOOP,pre_ai,Improvement,0
1953,4.088888888888889,90,1,HADOOP-290,HADOOP,pre_ai,Bug,1
113,9.0,2,1,HADOOP-2538,HADOOP,pre_ai,Bug,1
354,3.4545454545454546,22,1,HADOOP-2582,HADOOP,pre_ai,Bug,1
2406,2.2796610169491527,236,6,HADOOP-2367,HADOOP,pre_ai,New Feature,0
340,1.9722222222222223,36,1,HADOOP-2189,HADOOP,pre_ai,Bug,1
17540,2.624551328068916,1393,50,HADOOP-3791,HADOOP,pre_ai,Task,0
2604,3.251336898395722,187,1,HADOOP-2649,HADOOP,pre_ai,Bug,1
193,1.4761904761904763,21,2,HADOOP-2284,HADOOP,pre_ai,Bug,1
2565,3.4901960784313726,153,2,HADOOP-2549,HADOOP,pre_ai,Bug,1
3144,2.8692307692307693,260,2,HADOOP-2659,HADOOP,pre_ai,Bug,1
1937,2.366863905325444,169,1,HADOOP-2596,HADOOP,pre_ai,Improvement,0
4664,3.3941368078175898,307,3,HADOOP-2633,HADOOP,pre_ai,Bug,1
3390,2.967391304347826,276,3,HADOOP-2431,HADOOP,pre_ai,Test,0
1617,3.2718446601941746,103,1,HADOOP-2687,HADOOP,pre_ai,Bug,1
469,2.255813953488372,43,5,HADOOP-2402,HADOOP,pre_ai,Bug,1
1552,3.326530612244898,98,2,HADOOP-2232,HADOOP,pre_ai,Improvement,0
1911,4.5625,80,1,HADOOP-2691,HADOOP,pre_ai,Bug,1
2695,3.2081218274111674,197,1,HADOOP-1195,HADOOP,pre_ai,Bug,1
64,5.0,2,1,HADOOP-2640,HADOOP,pre_ai,Bug,1
362,1.803921568627451,51,1,HADOOP-2626,HADOOP,pre_ai,Bug,1
46,1.6666666666666667,3,1,HADOOP-2652,HADOOP,pre_ai,Bug,1
8878,2.8664688427299705,674,21,HADOOP-2645,HADOOP,pre_ai,Improvement,0
2901,3.054054054054054,222,2,HADOOP-2576,HADOOP,pre_ai,Bug,1
3540,3.8524590163934427,183,2,HADOOP-2713,HADOOP,pre_ai,Bug,1
2748,1.9970059880239521,334,9,HADOOP-2566,HADOOP,pre_ai,Improvement,0
830,3.4285714285714284,49,1,HADOOP-2639,HADOOP,pre_ai,Bug,1
333,6.6,10,1,HADOOP-2723,HADOOP,pre_ai,Bug,1
608,2.2535211267605635,71,1,HADOOP-2732,HADOOP,pre_ai,Bug,1
376,2.72972972972973,37,1,HADOOP-2738,HADOOP,pre_ai,Bug,1
553,2.511627906976744,43,1,HADOOP-2555,HADOOP,pre_ai,Improvement,0
1946,4.512195121951219,82,1,HADOOP-2768,HADOOP,pre_ai,Bug,1
1473,3.038095238095238,105,2,HADOOP-1188,HADOOP,pre_ai,Bug,1
3190,3.2532751091703056,229,2,HADOOP-2755,HADOOP,pre_ai,Bug,1
459,4.413793103448276,29,1,HADOOP-2767,HADOOP,pre_ai,Bug,1
111,1.4,25,1,HADOOP-2787,HADOOP,pre_ai,Bug,1
1520,3.9705882352941178,102,2,HADOOP-2194,HADOOP,pre_ai,Bug,1
203,5.818181818181818,11,1,HADOOP-2788,HADOOP,pre_ai,Bug,1
670,3.239130434782609,46,1,HADOOP-2785,HADOOP,pre_ai,Bug,1
1628,2.6013513513513513,148,5,HADOOP-2716,HADOOP,pre_ai,Bug,1
1319,5.783333333333333,60,1,HADOOP-2193,HADOOP,pre_ai,Bug,1
4888,2.0689655172413794,435,12,HADOOP-1593,HADOOP,pre_ai,New Feature,0
1323,5.816666666666666,60,1,HADOOP-2191,HADOOP,pre_ai,Bug,1
2587,2.5707317073170732,205,2,HADOOP-2725,HADOOP,pre_ai,Bug,1
1330,5.9,60,1,HADOOP-2190,HADOOP,pre_ai,Bug,1
364,3.4782608695652173,23,1,HADOOP-2808,HADOOP,pre_ai,Bug,1
1616,3.2718446601941746,103,1,HADOOP-2832,HADOOP,pre_ai,Bug,1
1343,5.933333333333334,60,1,HADOOP-2195,HADOOP,pre_ai,Bug,1
1631,2.5906040268456376,149,5,HADOOP-2683,HADOOP,pre_ai,Bug,1
1946,4.512195121951219,82,1,HADOOP-2814,HADOOP,pre_ai,Bug,1
314,1.875,40,1,HADOOP-2811,HADOOP,pre_ai,Bug,1
119,1.6470588235294117,17,2,HADOOP-2843,HADOOP,pre_ai,Bug,1
882,4.119047619047619,42,3,HADOOP-2735,HADOOP,pre_ai,New Feature,0
649,3.5714285714285716,35,1,HADOOP-2844,HADOOP,pre_ai,Bug,1
562,3.0285714285714285,35,1,HADOOP-2727,HADOOP,pre_ai,Bug,1
1227,2.7419354838709675,93,1,HADOOP-2647,HADOOP,pre_ai,Bug,1
103,2.6363636363636362,11,1,HADOOP-1692,HADOOP,pre_ai,Bug,1
2738,3.2,195,3,HADOOP-1693,HADOOP,pre_ai,Improvement,0
198,2.0,17,2,HADOOP-1231,HADOOP,pre_ai,Improvement,0
3018,3.9822485207100593,169,11,HADOOP-1436,HADOOP,pre_ai,Improvement,0
1867,2.5337423312883436,163,3,HADOOP-1703,HADOOP,pre_ai,Improvement,0
335,1.425531914893617,47,3,HADOOP-1727,HADOOP,pre_ai,New Feature,0
521,2.1904761904761907,63,5,HADOOP-1756,HADOOP,pre_ai,Improvement,0
1910,2.5521472392638036,163,4,HADOOP-1744,HADOOP,pre_ai,Improvement,0
4327,1.896103896103896,385,41,HADOOP-1437,HADOOP,pre_ai,New Feature,0
285,2.025,40,1,HADOOP-1759,HADOOP,pre_ai,Improvement,0
212,1.967741935483871,31,2,HADOOP-1766,HADOOP,pre_ai,Improvement,0
5205,3.875,296,6,HADOOP-1654,HADOOP,pre_ai,Improvement,0
1426,3.011764705882353,85,1,HADOOP-1790,HADOOP,pre_ai,Bug,1
59,1.8571428571428572,7,1,HADOOP-1601,HADOOP,pre_ai,Bug,1
625,2.3653846153846154,52,1,HADOOP-1767,HADOOP,pre_ai,Improvement,0
452,3.75,24,2,HADOOP-1748,HADOOP,pre_ai,Bug,1
312,5.583333333333333,12,1,HADOOP-1750,HADOOP,pre_ai,Improvement,0
1192,3.0126582278481013,79,1,HADOOP-1798,HADOOP,pre_ai,Bug,1
6295,2.4127310061601643,487,14,HADOOP-1158,HADOOP,pre_ai,Improvement,0
296,1.975609756097561,41,1,HADOOP-1779,HADOOP,pre_ai,Improvement,0
1742,3.1862745098039214,102,2,HADOOP-1739,HADOOP,pre_ai,Bug,1
329,1.8888888888888888,36,1,HADOOP-1795,HADOOP,pre_ai,Bug,1
1208,3.050632911392405,79,1,HADOOP-1763,HADOOP,pre_ai,Bug,1
6016,2.75625,480,10,HADOOP-1656,HADOOP,pre_ai,Bug,1
546,7.625,16,1,HADOOP-1832,HADOOP,pre_ai,Bug,1
801,4.655172413793103,29,2,HADOOP-1533,HADOOP,pre_ai,Improvement,0
106,2.6363636363636362,11,1,HADOOP-1806,HADOOP,pre_ai,Bug,1
512,3.96,25,1,HADOOP-1569,HADOOP,pre_ai,Bug,1
92,1.8461538461538463,13,1,HADOOP-1817,HADOOP,pre_ai,Bug,1
3586,3.142857142857143,252,4,HADOOP-1838,HADOOP,pre_ai,Bug,1
1208,3.050632911392405,79,1,HADOOP-1018,HADOOP,pre_ai,Bug,1
3349,2.731707317073171,287,5,HADOOP-1687,HADOOP,pre_ai,Improvement,0
3826,3.6842105263157894,209,15,HADOOP-1425,HADOOP,pre_ai,Improvement,0
1077,2.9444444444444446,90,5,HADOOP-1266,HADOOP,pre_ai,Improvement,0
63,5.0,2,1,HADOOP-1818,HADOOP,pre_ai,Bug,1
5273,2.7446236559139785,372,9,HADOOP-1351,HADOOP,pre_ai,New Feature,0
1848,2.300578034682081,173,4,HADOOP-785,HADOOP,pre_ai,Improvement,0
187,1.236842105263158,38,1,HADOOP-1840,HADOOP,pre_ai,Bug,1
1066,3.888888888888889,54,1,HADOOP-1885,HADOOP,pre_ai,Bug,1
175,2.5555555555555554,9,2,HADOOP-1880,HADOOP,pre_ai,New Feature,0
4305,2.6038781163434903,361,6,HADOOP-1846,HADOOP,pre_ai,Bug,1
2626,2.5410628019323673,207,5,HADOOP-1592,HADOOP,pre_ai,Improvement,0
1245,3.074074074074074,81,1,HADOOP-1892,HADOOP,pre_ai,Bug,1
4558,3.2697368421052633,304,4,HADOOP-1762,HADOOP,pre_ai,Improvement,0
56,1.6,10,1,HADOOP-120,HADOOP,pre_ai,Bug,1
671,2.5283018867924527,53,1,HADOOP-1907,HADOOP,pre_ai,Bug,1
446,2.087719298245614,57,2,HADOOP-1904,HADOOP,pre_ai,Bug,1
3083,3.13302752293578,218,3,HADOOP-1887,HADOOP,pre_ai,Bug,1
4155,3.458904109589041,292,4,HADOOP-89,HADOOP,pre_ai,Bug,1
1618,4.548387096774194,93,3,HADOOP-1882,HADOOP,pre_ai,Bug,1
271,2.25,28,1,HADOOP-1783,HADOOP,pre_ai,Bug,1
13263,2.8366141732283463,1016,27,HADOOP-1879,HADOOP,pre_ai,Task,0
2509,3.0869565217391304,161,3,HADOOP-1921,HADOOP,pre_ai,Improvement,0
3873,2.8741496598639458,294,8,HADOOP-1076,HADOOP,pre_ai,Bug,1
2472,3.0980392156862746,153,3,HADOOP-1908,HADOOP,pre_ai,Improvement,0
2034,3.2301587301587302,126,2,HADOOP-1930,HADOOP,pre_ai,Bug,1
216,1.25,40,1,HADOOP-1910,HADOOP,pre_ai,Bug,1
1249,3.048780487804878,82,1,HADOOP-1953,HADOOP,pre_ai,Bug,1
559,3.264705882352941,34,2,HADOOP-1894,HADOOP,pre_ai,New Feature,0
2320,3.215568862275449,167,1,HADOOP-1935,HADOOP,pre_ai,Bug,1
2299,3.2048192771084336,166,1,HADOOP-1948,HADOOP,pre_ai,Bug,1
185,2.142857142857143,14,1,HADOOP-1972,HADOOP,pre_ai,Bug,1
828,2.012987012987013,77,3,HADOOP-1977,HADOOP,pre_ai,Bug,1
301,3.176470588235294,17,1,HADOOP-1959,HADOOP,pre_ai,Bug,1
1886,3.2857142857142856,119,1,HADOOP-1911,HADOOP,pre_ai,Bug,1
2961,2.7710843373493974,249,4,HADOOP-1914,HADOOP,pre_ai,New Feature,0
408,2.857142857142857,35,1,HADOOP-3157,HADOOP,pre_ai,Bug,1
415,2.2564102564102564,39,1,HADOOP-3152,HADOOP,pre_ai,New Feature,0
1415,6.0,62,1,HADOOP-3175,HADOOP,pre_ai,Bug,1
289,1.9333333333333333,30,3,HADOOP-3018,HADOOP,pre_ai,Bug,1
2892,3.13953488372093,215,1,HADOOP-3220,HADOOP,pre_ai,Bug,1
493,3.310344827586207,29,3,HADOOP-3069,HADOOP,pre_ai,Bug,1
68,1.3,10,1,HADOOP-3208,HADOOP,pre_ai,Bug,1
1885,3.2857142857142856,119,1,HADOOP-2905,HADOOP,pre_ai,Bug,1
1417,6.0,62,1,HADOOP-3224,HADOOP,pre_ai,Bug,1
1417,6.0,62,1,HADOOP-3223,HADOOP,pre_ai,Bug,1
2189,3.090909090909091,143,2,HADOOP-3182,HADOOP,pre_ai,Bug,1
754,2.2065217391304346,92,1,HADOOP-1373,HADOOP,pre_ai,Bug,1
1125,2.8813559322033897,59,1,HADOOP-3204,HADOOP,pre_ai,Bug,1
203,1.5555555555555556,18,2,HADOOP-3174,HADOOP,pre_ai,Improvement,0
847,2.5555555555555554,54,1,HADOOP-3229,HADOOP,pre_ai,Bug,1
82,1.4444444444444444,9,3,HADOOP-3074,HADOOP,pre_ai,New Feature,0
6295,2.8431771894093685,491,8,HADOOP-3239,HADOOP,pre_ai,Bug,1
3099,2.797153024911032,281,7,HADOOP-2928,HADOOP,pre_ai,Bug,1
1471,5.579710144927536,69,3,HADOOP-3225,HADOOP,pre_ai,Bug,1
86,1.5454545454545454,11,1,HADOOP-3242,HADOOP,pre_ai,Bug,1
5627,3.2285714285714286,385,3,HADOOP-3176,HADOOP,pre_ai,Bug,1
1306,2.763888888888889,72,2,HADOOP-3130,HADOOP,pre_ai,Bug,1
1048,3.388888888888889,54,2,HADOOP-3256,HADOOP,pre_ai,Bug,1
724,3.022222222222222,45,3,HADOOP-2703,HADOOP,pre_ai,Bug,1
2098,4.436781609195402,87,2,HADOOP-3124,HADOOP,pre_ai,Bug,1
5375,3.022613065326633,398,4,HADOOP-3160,HADOOP,pre_ai,Bug,1
610,3.0,38,1,HADOOP-3263,HADOOP,pre_ai,Bug,1
1429,6.112903225806452,62,1,HADOOP-2865,HADOOP,pre_ai,Improvement,0
1914,2.9375,128,2,HADOOP-3251,HADOOP,pre_ai,Bug,1
2949,3.2347417840375585,213,1,HADOOP-3269,HADOOP,pre_ai,Bug,1
1742,3.3369565217391304,92,1,HADOOP-3279,HADOOP,pre_ai,Bug,1
100,1.4705882352941178,17,1,HADOOP-3274,HADOOP,pre_ai,Improvement,0
245,2.25,32,1,HADOOP-3272,HADOOP,pre_ai,Bug,1
3353,3.1934156378600824,243,3,HADOOP-3186,HADOOP,pre_ai,Bug,1
378,2.71875,32,2,HADOOP-3285,HADOOP,pre_ai,Bug,1
1264,2.898876404494382,89,2,HADOOP-2910,HADOOP,pre_ai,Improvement,0
466,4.413793103448276,29,1,HADOOP-3300,HADOOP,pre_ai,Bug,1
98,1.4166666666666667,24,2,HADOOP-3061,HADOOP,pre_ai,New Feature,0
668,3.7222222222222223,36,1,HADOOP-3294,HADOOP,pre_ai,Bug,1
3551,2.7854785478547854,303,3,HADOOP-3270,HADOOP,pre_ai,Improvement,0
314,1.8823529411764706,34,1,HADOOP-3313,HADOOP,pre_ai,Bug,1
95,3.0,6,1,HADOOP-3295,HADOOP,pre_ai,Improvement,0
3062,3.6666666666666665,168,5,HADOOP-3164,HADOOP,pre_ai,Improvement,0
1255,2.2711864406779663,118,3,HADOOP-3283,HADOOP,pre_ai,New Feature,0
67,5.75,4,1,HADOOP-3308,HADOOP,pre_ai,Improvement,0
75,5.5,4,1,HADOOP-3318,HADOOP,pre_ai,Bug,1
364,3.076923076923077,26,1,HADOOP-3301,HADOOP,pre_ai,Bug,1
543,2.7755102040816326,49,1,HADOOP-2461,HADOOP,pre_ai,Improvement,0
1171,3.8412698412698414,63,1,HADOOP-544,HADOOP,pre_ai,Improvement,0
1120,3.4615384615384617,65,4,HADOOP-3280,HADOOP,pre_ai,Bug,1
1255,2.2711864406779663,118,3,HADOOP-3337,HADOOP,pre_ai,Bug,1
1041,2.8421052631578947,76,2,HADOOP-3101,HADOOP,pre_ai,Bug,1
722,1.930232558139535,86,3,HADOOP-3338,HADOOP,pre_ai,Bug,1
370,2.7027027027027026,37,1,HADOOP-3119,HADOOP,pre_ai,Bug,1
164,1.24,25,3,HADOOP-3085,HADOOP,pre_ai,Bug,1
4183,2.993220338983051,295,7,HADOOP-2188,HADOOP,pre_ai,Improvement,0
964,2.7567567567567566,74,1,HADOOP-3248,HADOOP,pre_ai,Bug,1
4251,3.2709923664122136,262,5,HADOOP-2181,HADOOP,pre_ai,Improvement,0
195,2.4375,16,1,HADOOP-3144,HADOOP,pre_ai,Improvement,0
243,2.0714285714285716,28,1,HADOOP-3334,HADOOP,pre_ai,Improvement,0
927,3.421875,64,2,HADOOP-2019,HADOOP,pre_ai,Improvement,0
2472,2.622516556291391,151,3,HADOOP-3226,HADOOP,pre_ai,Improvement,0
459,2.234042553191489,47,2,HADOOP-3299,HADOOP,pre_ai,Bug,1
2905,3.172185430463576,151,2,HADOOP-3297,HADOOP,pre_ai,Improvement,0
3527,2.8714285714285714,280,9,HADOOP-3058,HADOOP,pre_ai,Improvement,0
5734,2.7313432835820897,469,6,HADOOP-3364,HADOOP,pre_ai,Improvement,0
45,3.0,3,1,HADOOP-3371,HADOOP,pre_ai,Bug,1
5790,2.7173447537473234,467,7,HADOOP-3329,HADOOP,pre_ai,Bug,1
2927,3.0950226244343892,221,2,HADOOP-3349,HADOOP,pre_ai,Bug,1
400,2.59375,32,1,HADOOP-3372,HADOOP,pre_ai,Bug,1
3184,3.115702479338843,242,4,HADOOP-3369,HADOOP,pre_ai,Improvement,0
58,2.8,5,1,HADOOP-2065,HADOOP,pre_ai,Bug,1
1978,2.36046511627907,172,1,HADOOP-3365,HADOOP,pre_ai,Bug,1
4037,3.7857142857142856,210,3,HADOOP-1702,HADOOP,pre_ai,Bug,1
1186,3.0508474576271185,59,1,HADOOP-3332,HADOOP,pre_ai,Improvement,0
1751,3.358695652173913,92,1,HADOOP-3203,HADOOP,pre_ai,Bug,1
568,2.86,50,1,HADOOP-3355,HADOOP,pre_ai,Improvement,0
3494,2.8641114982578397,287,4,HADOOP-3390,HADOOP,pre_ai,Improvement,0
47,1.6666666666666667,3,1,HADOOP-3322,HADOOP,pre_ai,Bug,1
74,3.3333333333333335,3,1,HADOOP-3221,HADOOP,pre_ai,New Feature,0
2729,3.3092783505154637,194,1,HADOOP-3382,HADOOP,pre_ai,Bug,1
2094,4.595505617977528,89,1,HADOOP-3393,HADOOP,pre_ai,Bug,1
828,3.933333333333333,45,1,HADOOP-3350,HADOOP,pre_ai,Improvement,0
553,3.675675675675676,37,1,HADOOP-3013,HADOOP,pre_ai,Improvement,0
964,2.7567567567567566,74,1,HADOOP-3391,HADOOP,pre_ai,Bug,1
337,7.333333333333333,9,1,HADOOP-3377,HADOOP,pre_ai,Improvement,0
527,2.4680851063829787,47,1,HADOOP-3399,HADOOP,pre_ai,Bug,1
3952,3.831730769230769,208,2,HADOOP-3339,HADOOP,pre_ai,Bug,1
2801,3.3556701030927836,194,1,HADOOP-3396,HADOOP,pre_ai,Bug,1
974,2.7466666666666666,75,1,HADOOP-3409,HADOOP,pre_ai,Bug,1
1147,3.901639344262295,61,1,HADOOP-3296,HADOOP,pre_ai,Bug,1
14989,2.897071872227152,1127,27,HADOOP-2656,HADOOP,pre_ai,Bug,1
1181,3.0508474576271185,59,1,HADOOP-3398,HADOOP,pre_ai,Improvement,0
227,2.074074074074074,27,1,HADOOP-3375,HADOOP,pre_ai,Bug,1
1752,3.3225806451612905,93,1,HADOOP-3370,HADOOP,pre_ai,Bug,1
847,2.795918367346939,49,1,HADOOP-3424,HADOOP,pre_ai,Bug,1
66,1.25,4,1,HADOOP-3408,HADOOP,pre_ai,Bug,1
1604,3.288659793814433,97,1,HADOOP-3403,HADOOP,pre_ai,Bug,1
1107,2.0508474576271185,118,2,HADOOP-3381,HADOOP,pre_ai,Bug,1
350,7.444444444444445,9,1,HADOOP-2867,HADOOP,pre_ai,Improvement,0
1605,3.2783505154639174,97,1,HADOOP-1318,HADOOP,pre_ai,Bug,1
444,4.5625,16,1,HADOOP-3351,HADOOP,pre_ai,Bug,1
573,2.88,50,1,HADOOP-3259,HADOOP,pre_ai,Bug,1
1012,1.9264705882352942,136,2,HADOOP-3400,HADOOP,pre_ai,Improvement,0
807,1.9,80,6,HADOOP-1915,HADOOP,pre_ai,New Feature,0
520,1.6363636363636365,66,6,HADOOP-3405,HADOOP,pre_ai,Improvement,0
833,2.5783132530120483,83,2,HADOOP-3232,HADOOP,pre_ai,Bug,1
759,2.2065217391304346,92,1,HADOOP-3265,HADOOP,pre_ai,Bug,1
4084,3.823809523809524,210,3,HADOOP-3035,HADOOP,pre_ai,Bug,1
760,3.4565217391304346,46,1,HADOOP-3434,HADOOP,pre_ai,Improvement,0
1856,3.2521008403361344,119,1,HADOOP-2669,HADOOP,pre_ai,Bug,1
67,1.0,17,1,HADOOP-3410,HADOOP,pre_ai,Bug,1
2249,4.447916666666667,96,2,HADOOP-3340,HADOOP,pre_ai,Bug,1
860,2.795918367346939,49,1,HADOOP-3443,HADOOP,pre_ai,Bug,1
370,2.7027027027027026,37,1,HADOOP-3454,HADOOP,pre_ai,Bug,1
647,3.425,40,3,HADOOP-3429,HADOOP,pre_ai,Improvement,0
104,1.0,2,1,HADOOP-3486,HADOOP,pre_ai,Bug,1
3008,1.8753246753246753,385,9,HADOOP-3250,HADOOP,pre_ai,New Feature,0
1431,6.112903225806452,62,1,HADOOP-3459,HADOOP,pre_ai,Improvement,0
2153,4.586956521739131,92,1,HADOOP-3448,HADOOP,pre_ai,Improvement,0
2375,2.734042553191489,188,4,HADOOP-3177,HADOOP,pre_ai,Improvement,0
632,3.6666666666666665,42,2,HADOOP-3452,HADOOP,pre_ai,Improvement,0
6818,3.1690721649484535,485,6,HADOOP-3113,HADOOP,pre_ai,Bug,1
549,2.0847457627118646,59,1,HADOOP-3095,HADOOP,pre_ai,Improvement,0
27,1.5,4,1,HADOOP-3187,HADOOP,pre_ai,New Feature,0
2138,3.7254901960784315,102,3,HADOOP-2427,HADOOP,pre_ai,Bug,1
1291,3.2459016393442623,61,1,HADOOP-3326,HADOOP,pre_ai,Bug,1
1997,2.559748427672956,159,4,HADOOP-3307,HADOOP,pre_ai,New Feature,0
529,2.5217391304347827,46,1,HADOOP-3455,HADOOP,pre_ai,Improvement,0
1292,3.193548387096774,62,1,HADOOP-3427,HADOOP,pre_ai,Bug,1
549,2.0847457627118646,59,1,HADOOP-3496,HADOOP,pre_ai,Bug,1
1864,3.4183673469387754,98,1,HADOOP-2393,HADOOP,pre_ai,Bug,1
3455,3.2562814070351758,199,4,HADOOP-236,HADOOP,pre_ai,Bug,1
208,1.4705882352941178,17,3,HADOOP-3460,HADOOP,pre_ai,New Feature,0
417,2.9166666666666665,36,1,HADOOP-3440,HADOOP,pre_ai,Bug,1
6889,2.9078947368421053,532,7,HADOOP-3503,HADOOP,pre_ai,Bug,1
1616,2.5225225225225225,111,2,HADOOP-3501,HADOOP,pre_ai,Improvement,0
2428,3.323529411764706,170,1,HADOOP-2275,HADOOP,pre_ai,Bug,1
2430,3.335294117647059,170,1,HADOOP-2256,HADOOP,pre_ai,Bug,1
308,3.0,18,1,HADOOP-2209,HADOOP,pre_ai,Bug,1
1597,3.10752688172043,93,1,HADOOP-2300,HADOOP,pre_ai,Bug,1
213,2.3636363636363638,11,4,HADOOP-1302,HADOOP,pre_ai,Improvement,0
3129,3.0414507772020727,193,5,HADOOP-1900,HADOOP,pre_ai,Improvement,0
666,3.0,46,1,HADOOP-2349,HADOOP,pre_ai,Improvement,0
2456,2.6197916666666665,192,4,HADOOP-2184,HADOOP,pre_ai,New Feature,0
3550,2.8495934959349594,246,3,HADOOP-1652,HADOOP,pre_ai,New Feature,0
280,2.2903225806451615,31,2,HADOOP-2368,HADOOP,pre_ai,Bug,1
8419,3.37007874015748,508,8,HADOOP-2185,HADOOP,pre_ai,Improvement,0
156,1.6666666666666667,18,1,HADOOP-2359,HADOOP,pre_ai,Bug,1
4200,2.8696969696969696,330,4,HADOOP-2401,HADOOP,pre_ai,Improvement,0
33,2.6666666666666665,3,1,HADOOP-2365,HADOOP,pre_ai,Bug,1
1476,2.5948275862068964,116,3,HADOOP-1841,HADOOP,pre_ai,Improvement,0
809,3.3469387755102042,49,1,HADOOP-2378,HADOOP,pre_ai,Bug,1
2271,2.9607843137254903,204,6,HADOOP-2381,HADOOP,pre_ai,New Feature,0
1856,2.1435643564356437,202,19,HADOOP-2085,HADOOP,pre_ai,New Feature,0
106,4.666666666666667,3,1,HADOOP-2376,HADOOP,pre_ai,Bug,1
1391,3.2674418604651163,86,1,HADOOP-2323,HADOOP,pre_ai,Bug,1
1392,3.206896551724138,87,1,HADOOP-2228,HADOOP,pre_ai,Bug,1
1073,6.3125,48,1,HADOOP-2422,HADOOP,pre_ai,Bug,1
52,1.0,5,1,HADOOP-2434,HADOOP,pre_ai,Bug,1
670,3.0217391304347827,46,1,HADOOP-2460,HADOOP,pre_ai,Bug,1
631,2.30188679245283,53,2,HADOOP-2432,HADOOP,pre_ai,Improvement,0
2928,2.4502369668246446,211,8,HADOOP-2248,HADOOP,pre_ai,Bug,1
198,2.1666666666666665,18,1,HADOOP-2437,HADOOP,pre_ai,Bug,1
346,1.78,50,1,HADOOP-2476,HADOOP,pre_ai,Bug,1
2442,3.308139534883721,172,1,HADOOP-2149,HADOOP,pre_ai,Improvement,0
3300,2.946341463414634,205,5,HADOOP-2227,HADOOP,pre_ai,Bug,1
914,2.7115384615384617,52,1,HADOOP-2486,HADOOP,pre_ai,Bug,1
139,4.142857142857143,7,1,HADOOP-2466,HADOOP,pre_ai,Improvement,0
109,1.8461538461538463,13,2,HADOOP-2425,HADOOP,pre_ai,Improvement,0
1079,6.3125,48,1,HADOOP-2456,HADOOP,pre_ai,Bug,1
329,4.923076923076923,13,1,HADOOP-2503,HADOOP,pre_ai,Bug,1
757,3.590909090909091,44,1,HADOOP-2492,HADOOP,pre_ai,Bug,1
167,1.9473684210526316,19,1,HADOOP-2344,HADOOP,pre_ai,Bug,1
167,1.9473684210526316,19,1,HADOOP-2511,HADOOP,pre_ai,Bug,1
520,1.8405797101449275,69,2,HADOOP-2442,HADOOP,pre_ai,Bug,1
985,2.8333333333333335,54,1,HADOOP-1719,HADOOP,pre_ai,Improvement,0
1908,2.601503759398496,133,5,HADOOP-2208,HADOOP,pre_ai,Improvement,0
533,1.8309859154929577,71,2,HADOOP-2512,HADOOP,pre_ai,Bug,1
325,6.4,10,1,HADOOP-1660,HADOOP,pre_ai,Improvement,0
567,2.75,52,2,HADOOP-2285,HADOOP,pre_ai,Bug,1
3358,3.1458333333333335,240,3,HADOOP-2447,HADOOP,pre_ai,New Feature,0
424,2.276595744680851,47,1,HADOOP-1281,HADOOP,pre_ai,Bug,1
486,2.2745098039215685,51,3,HADOOP-2268,HADOOP,pre_ai,Improvement,0
2397,2.7514450867052025,173,4,HADOOP-2487,HADOOP,pre_ai,New Feature,0
10426,2.7581227436823106,831,20,HADOOP-1298,HADOOP,pre_ai,New Feature,0
481,2.2413793103448274,58,1,HADOOP-2562,HADOOP,pre_ai,Bug,1
1708,2.137142857142857,175,3,HADOOP-2131,HADOOP,pre_ai,Improvement,0
536,2.1176470588235294,34,1,HADOOP-1965,HADOOP,pre_ai,Improvement,0
2400,3.2823529411764705,170,1,HADOOP-2540,HADOOP,pre_ai,Bug,1
666,2.6944444444444446,36,1,HADOOP-2583,HADOOP,pre_ai,Bug,1
194,2.3529411764705883,17,1,HADOOP-2077,HADOOP,pre_ai,Improvement,0
1448,2.888888888888889,90,1,HADOOP-2570,HADOOP,pre_ai,Bug,1
267,1.6666666666666667,33,1,HADOOP-2398,HADOOP,pre_ai,New Feature,0
1669,3.182795698924731,93,1,HADOOP-2605,HADOOP,pre_ai,Bug,1
651,3.0,6,1,HADOOP-1926,HADOOP,pre_ai,Improvement,0
74,1.5,12,1,HADOOP-1970,HADOOP,pre_ai,Bug,1
346,6.083333333333333,12,1,HADOOP-1626,HADOOP,pre_ai,Improvement,0
3698,2.7346938775510203,245,5,HADOOP-1862,HADOOP,pre_ai,Bug,1
479,1.7692307692307692,65,5,HADOOP-1963,HADOOP,pre_ai,New Feature,0
1208,2.897727272727273,88,2,HADOOP-1978,HADOOP,pre_ai,Bug,1
303,2.9444444444444446,18,1,HADOOP-1695,HADOOP,pre_ai,Bug,1
2969,3.0476190476190474,231,3,HADOOP-1955,HADOOP,pre_ai,Bug,1
956,6.295454545454546,44,1,HADOOP-1961,HADOOP,pre_ai,Bug,1
3015,2.4795081967213113,244,8,HADOOP-1822,HADOOP,pre_ai,New Feature,0
1208,2.897727272727273,88,2,HADOOP-1997,HADOOP,pre_ai,Bug,1
480,2.2413793103448274,58,1,HADOOP-1968,HADOOP,pre_ai,Improvement,0
384,1.2298850574712643,87,1,HADOOP-1906,HADOOP,pre_ai,Improvement,0
681,2.5660377358490565,53,1,HADOOP-1971,HADOOP,pre_ai,Improvement,0
168,2.2142857142857144,14,1,HADOOP-1875,HADOOP,pre_ai,Bug,1
1381,3.1724137931034484,87,1,HADOOP-1874,HADOOP,pre_ai,Bug,1
1220,2.2416666666666667,120,3,HADOOP-1942,HADOOP,pre_ai,Improvement,0
1381,3.1724137931034484,87,1,HADOOP-2022,HADOOP,pre_ai,Bug,1
1201,3.0,80,1,HADOOP-2001,HADOOP,pre_ai,Bug,1
422,2.25531914893617,47,1,HADOOP-2031,HADOOP,pre_ai,Bug,1
1204,3.5076923076923077,65,1,HADOOP-2018,HADOOP,pre_ai,Bug,1
1417,2.8444444444444446,90,1,HADOOP-2016,HADOOP,pre_ai,Bug,1
438,3.6153846153846154,26,1,HADOOP-1771,HADOOP,pre_ai,Bug,1
164,1.4210526315789473,19,1,HADOOP-2053,HADOOP,pre_ai,Bug,1
515,4.0,25,1,HADOOP-2028,HADOOP,pre_ai,Bug,1
244,1.7826086956521738,23,1,HADOOP-1788,HADOOP,pre_ai,Bug,1
1386,3.1839080459770117,87,1,HADOOP-2051,HADOOP,pre_ai,Bug,1
1389,3.1954022988505746,87,1,HADOOP-1973,HADOOP,pre_ai,Bug,1
2781,2.9594594594594597,222,2,HADOOP-2044,HADOOP,pre_ai,Bug,1
2266,2.4489795918367347,196,2,HADOOP-2033,HADOOP,pre_ai,Bug,1
488,1.8888888888888888,36,5,HADOOP-2070,HADOOP,pre_ai,Bug,1
3677,3.0155642023346303,257,9,HADOOP-1855,HADOOP,pre_ai,Improvement,0
1464,2.8487394957983194,119,5,HADOOP-1604,HADOOP,pre_ai,New Feature,0
342,1.8780487804878048,41,1,HADOOP-2080,HADOOP,pre_ai,Bug,1
551,4.038461538461538,26,1,HADOOP-2048,HADOOP,pre_ai,Bug,1
371,2.3421052631578947,38,1,HADOOP-2073,HADOOP,pre_ai,Bug,1
496,2.4901960784313726,51,3,HADOOP-2046,HADOOP,pre_ai,Improvement,0
117,3.0,8,1,HADOOP-1898,HADOOP,pre_ai,Bug,1
485,2.657142857142857,35,1,HADOOP-2096,HADOOP,pre_ai,Bug,1
2930,2.9114583333333335,192,4,HADOOP-1245,HADOOP,pre_ai,Bug,1
811,3.326530612244898,49,1,HADOOP-2098,HADOOP,pre_ai,Bug,1
1579,2.8425925925925926,108,3,HADOOP-1210,HADOOP,pre_ai,Improvement,0
496,2.4901960784313726,51,3,HADOOP-2103,HADOOP,pre_ai,Bug,1
193,1.6111111111111112,18,2,HADOOP-2102,HADOOP,pre_ai,Bug,1
4386,3.0622950819672132,305,5,HADOOP-1912,HADOOP,pre_ai,New Feature,0
859,4.5625,32,1,HADOOP-2089,HADOOP,pre_ai,Bug,1
202,2.347826086956522,23,1,HADOOP-2086,HADOOP,pre_ai,Improvement,0
436,3.2083333333333335,24,3,HADOOP-1185,HADOOP,pre_ai,Improvement,0
4206,1.9530026109660574,383,34,HADOOP-1848,HADOOP,pre_ai,Improvement,0
233,4.333333333333333,12,1,HADOOP-2071,HADOOP,pre_ai,Bug,1
516,2.4901960784313726,51,1,HADOOP-1348,HADOOP,pre_ai,Bug,1
871,4.6875,32,1,HADOOP-1952,HADOOP,pre_ai,Bug,1
549,4.038461538461538,26,1,HADOOP-2174,HADOOP,pre_ai,Bug,1
490,2.293103448275862,58,1,HADOOP-2151,HADOOP,pre_ai,Bug,1
1277,2.7244897959183674,98,2,HADOOP-2121,HADOOP,pre_ai,Bug,1
1702,2.5906040268456376,149,2,HADOOP-1130,HADOOP,pre_ai,Bug,1
249,1.7179487179487178,39,1,HADOOP-2172,HADOOP,pre_ai,Bug,1
2416,3.3195266272189348,169,1,HADOOP-2078,HADOOP,pre_ai,Bug,1
259,1.5,30,1,HADOOP-1642,HADOOP,pre_ai,Bug,1
342,1.8780487804878048,41,1,HADOOP-2212,HADOOP,pre_ai,Bug,1
1848,2.300578034682081,173,4,HADOOP-1843,HADOOP,pre_ai,Improvement,0
1147,6.018867924528302,53,1,HADOOP-2113,HADOOP,pre_ai,Improvement,0
215,1.2564102564102564,39,1,HADOOP-2129,HADOOP,pre_ai,Bug,1
88,1.1875,16,1,HADOOP-2244,HADOOP,pre_ai,Bug,1
921,2.7547169811320753,53,1,HADOOP-1984,HADOOP,pre_ai,Bug,1
1316,2.4464285714285716,112,8,HADOOP-930,HADOOP,pre_ai,New Feature,0
4853,2.6228710462287106,411,8,HADOOP-713,HADOOP,pre_ai,Improvement,0
2925,3.3781094527363185,201,1,HADOOP-3491,HADOOP,pre_ai,Bug,1
127,2.111111111111111,9,2,HADOOP-3193,HADOOP,pre_ai,Improvement,0
2921,3.3781094527363185,201,1,HADOOP-3489,HADOOP,pre_ai,Bug,1
3759,3.2557251908396947,262,3,HADOOP-3509,HADOOP,pre_ai,Bug,1
1014,2.7341772151898733,79,2,HADOOP-3511,HADOOP,pre_ai,Bug,1
1540,3.723684210526316,76,3,HADOOP-3512,HADOOP,pre_ai,Improvement,0
498,3.260869565217391,23,1,HADOOP-3516,HADOOP,pre_ai,Bug,1
1383,2.9722222222222223,72,3,HADOOP-3366,HADOOP,pre_ai,Improvement,0
761,2.9607843137254903,51,1,HADOOP-3528,HADOOP,pre_ai,Bug,1
767,2.168421052631579,95,1,HADOOP-3467,HADOOP,pre_ai,Improvement,0
1413,4.09375,64,2,HADOOP-3379,HADOOP,pre_ai,Improvement,0
499,3.260869565217391,23,1,HADOOP-3542,HADOOP,pre_ai,Bug,1
5365,2.8976190476190475,420,5,HADOOP-3418,HADOOP,pre_ai,Bug,1
990,2.8133333333333335,75,1,HADOOP-3363,HADOOP,pre_ai,Bug,1
1779,2.7572815533980584,103,4,HADOOP-3517,HADOOP,pre_ai,Bug,1
501,3.260869565217391,23,1,HADOOP-3560,HADOOP,pre_ai,Bug,1
501,3.260869565217391,23,1,HADOOP-3545,HADOOP,pre_ai,Bug,1
184,3.4166666666666665,12,1,HADOOP-3561,HADOOP,pre_ai,Bug,1
56,1.0909090909090908,11,1,HADOOP-3565,HADOOP,pre_ai,Bug,1
3005,3.3364928909952605,211,2,HADOOP-3535,HADOOP,pre_ai,Improvement,0
1919,3.2540983606557377,122,1,HADOOP-3539,HADOOP,pre_ai,Bug,1
96,2.142857142857143,7,1,HADOOP-3520,HADOOP,pre_ai,Bug,1
563,3.611111111111111,36,2,HADOOP-1979,HADOOP,pre_ai,Bug,1
2677,2.1447963800904977,221,3,HADOOP-3586,HADOOP,pre_ai,Bug,1
848,2.4125,80,2,HADOOP-3580,HADOOP,pre_ai,Bug,1
3287,3.099099099099099,222,3,HADOOP-3333,HADOOP,pre_ai,Bug,1
2921,3.3781094527363185,201,1,HADOOP-3534,HADOOP,pre_ai,Bug,1
1880,3.1401869158878504,107,1,HADOOP-3546,HADOOP,pre_ai,Bug,1
88,1.9166666666666667,12,1,HADOOP-3569,HADOOP,pre_ai,Bug,1
442,1.2178217821782178,101,1,HADOOP-3599,HADOOP,pre_ai,Improvement,0
358,4.8125,16,1,HADOOP-3320,HADOOP,pre_ai,Bug,1
358,4.8125,16,1,HADOOP-3576,HADOOP,pre_ai,Bug,1
6380,2.626326963906582,471,12,HADOOP-3533,HADOOP,pre_ai,Bug,1
1159,3.918032786885246,61,1,HADOOP-3590,HADOOP,pre_ai,Bug,1
855,2.872340425531915,47,1,HADOOP-3603,HADOOP,pre_ai,Bug,1
469,4.448275862068965,29,1,HADOOP-3537,HADOOP,pre_ai,Bug,1
1010,2.475609756097561,82,1,HADOOP-3487,HADOOP,pre_ai,Bug,1
2837,2.5692307692307694,195,7,HADOOP-3598,HADOOP,pre_ai,Bug,1
3182,3.2033898305084745,236,2,HADOOP-3571,HADOOP,pre_ai,Bug,1
90,1.2,15,1,HADOOP-3645,HADOOP,pre_ai,Bug,1
2653,2.136986301369863,219,3,HADOOP-3595,HADOOP,pre_ai,Bug,1
1073,2.4578313253012047,83,2,HADOOP-3588,HADOOP,pre_ai,Bug,1
852,2.3142857142857145,70,4,HADOOP-2664,HADOOP,pre_ai,New Feature,0
803,3.0,59,4,HADOOP-3341,HADOOP,pre_ai,Improvement,0
132,1.608695652173913,23,1,HADOOP-3556,HADOOP,pre_ai,Improvement,0
2400,1.9849056603773585,265,2,HADOOP-3667,HADOOP,pre_ai,Bug,1
366,2.057142857142857,35,1,HADOOP-3640,HADOOP,pre_ai,Bug,1
680,3.25531914893617,47,1,HADOOP-3635,HADOOP,pre_ai,Bug,1
760,2.980392156862745,51,1,HADOOP-3572,HADOOP,pre_ai,Improvement,0
80,2.1666666666666665,6,1,HADOOP-3652,HADOOP,pre_ai,Bug,1
2991,3.357487922705314,207,2,HADOOP-3649,HADOOP,pre_ai,Bug,1
2205,2.524137931034483,145,5,HADOOP-3604,HADOOP,pre_ai,Bug,1
863,1.6710526315789473,76,7,HADOOP-3402,HADOOP,pre_ai,New Feature,0
2175,2.262376237623762,202,3,HADOOP-3665,HADOOP,pre_ai,Bug,1
1819,3.350515463917526,97,1,HADOOP-3875,HADOOP,pre_ai,Bug,1
707,1.65,100,4,HADOOP-3683,HADOOP,pre_ai,Bug,1
2649,3.4743589743589745,156,2,HADOOP-3864,HADOOP,pre_ai,Bug,1
545,2.5952380952380953,42,5,HADOOP-3853,HADOOP,pre_ai,Improvement,0
4932,2.813888888888889,360,7,HADOOP-657,HADOOP,pre_ai,Improvement,0
212,2.2777777777777777,18,1,HADOOP-9,HADOOP,pre_ai,Bug,1
1646,3.3047619047619046,105,3,HADOOP-3202,HADOOP,pre_ai,Improvement,0
59,1.0,3,1,HADOOP-3851,HADOOP,pre_ai,Bug,1
1640,3.0091743119266057,109,1,HADOOP-3780,HADOOP,pre_ai,Improvement,0
553,3.5,32,2,HADOOP-3852,HADOOP,pre_ai,Improvement,0
31,1.6666666666666667,3,1,HADOOP-3664,HADOOP,pre_ai,Improvement,0
7086,2.474088291746641,521,19,HADOOP-153,HADOOP,pre_ai,New Feature,0
266,2.1363636363636362,22,1,HADOOP-3773,HADOOP,pre_ai,Bug,1
1458,2.973333333333333,75,1,HADOOP-3940,HADOOP,pre_ai,Bug,1
1874,3.121495327102804,107,1,HADOOP-3947,HADOOP,pre_ai,Bug,1
3090,4.313868613138686,137,7,HADOOP-3935,HADOOP,pre_ai,Improvement,0
2952,3.455,200,1,HADOOP-3951,HADOOP,pre_ai,Bug,1
1347,3.36144578313253,83,5,HADOOP-3889,HADOOP,pre_ai,Bug,1
31,1.6666666666666667,3,1,HADOOP-3946,HADOOP,pre_ai,Bug,1
1519,3.0294117647058822,102,21,HADOOP-3585,HADOOP,pre_ai,New Feature,0
262,9.4,5,1,HADOOP-3933,HADOOP,pre_ai,Bug,1
2810,2.883248730964467,197,6,HADOOP-3905,HADOOP,pre_ai,Improvement,0
1948,5.459770114942529,87,4,HADOOP-3962,HADOOP,pre_ai,Bug,1
100,2.1666666666666665,6,1,HADOOP-3957,HADOOP,pre_ai,Bug,1
277,2.0,25,1,HADOOP-2130,HADOOP,pre_ai,Improvement,0
1249,1.8106060606060606,132,6,HADOOP-1480,HADOOP,pre_ai,New Feature,0
6356,3.7115987460815045,319,7,HADOOP-3062,HADOOP,pre_ai,Improvement,0
762,2.21505376344086,93,1,HADOOP-3785,HADOOP,pre_ai,Bug,1
743,3.0576923076923075,52,3,HADOOP-3506,HADOOP,pre_ai,Bug,1
359,2.4705882352941178,34,1,HADOOP-3705,HADOOP,pre_ai,Bug,1
2434,2.42,200,3,HADOOP-3821,HADOOP,pre_ai,Bug,1
127,2.4285714285714284,14,1,HADOOP-3944,HADOOP,pre_ai,Improvement,0
700,3.2916666666666665,48,1,HADOOP-3965,HADOOP,pre_ai,Improvement,0
856,2.6615384615384614,65,1,HADOOP-2330,HADOOP,pre_ai,Improvement,0
765,2.980392156862745,51,1,HADOOP-3995,HADOOP,pre_ai,Bug,1
803,2.195876288659794,97,2,HADOOP-4023,HADOOP,pre_ai,Bug,1
68,1.5714285714285714,7,1,HADOOP-3961,HADOOP,pre_ai,Bug,1
675,1.8771929824561404,57,6,HADOOP-2168,HADOOP,pre_ai,Bug,1
620,3.026315789473684,38,1,HADOOP-3937,HADOOP,pre_ai,Bug,1
7903,2.4798464491362764,521,111,HADOOP-3719,HADOOP,pre_ai,Improvement,0
1639,2.7969924812030076,133,14,HADOOP-3746,HADOOP,pre_ai,New Feature,0
215,2.28,25,1,HADOOP-3769,HADOOP,pre_ai,Improvement,0
6753,3.3952483801295896,463,8,HADOOP-3754,HADOOP,pre_ai,New Feature,0
3901,2.5,282,6,HADOOP-3828,HADOOP,pre_ai,New Feature,0
1873,3.121495327102804,107,1,HADOOP-4040,HADOOP,pre_ai,Bug,1
52,1.2,10,1,HADOOP-3954,HADOOP,pre_ai,Bug,1
118,1.6666666666666667,18,1,HADOOP-4046,HADOOP,pre_ai,Bug,1
7494,3.0108499095840866,553,8,HADOOP-3948,HADOOP,pre_ai,Improvement,0
4536,2.5078125,384,10,HADOOP-3698,HADOOP,pre_ai,New Feature,0
465,4.413793103448276,29,1,HADOOP-3943,HADOOP,pre_ai,Improvement,0
896,2.4591836734693877,98,2,HADOOP-3498,HADOOP,pre_ai,Improvement,0
1987,2.564516129032258,186,5,HADOOP-3941,HADOOP,pre_ai,New Feature,0
2577,2.888888888888889,180,2,HADOOP-3963,HADOOP,pre_ai,Improvement,0
11809,2.634984833164813,989,20,HADOOP-1869,HADOOP,pre_ai,New Feature,0
685,2.6923076923076925,52,3,HADOOP-3361,HADOOP,pre_ai,New Feature,0
3084,3.2457142857142856,175,5,HADOOP-3581,HADOOP,pre_ai,Improvement,0
2907,3.5321637426900585,171,4,HADOOP-4100,HADOOP,pre_ai,Bug,1
5603,2.85459940652819,337,9,HADOOP-3514,HADOOP,pre_ai,Improvement,0
1094,2.389473684210526,95,5,HADOOP-3702,HADOOP,pre_ai,New Feature,0
624,2.7254901960784315,51,4,HADOOP-4097,HADOOP,pre_ai,Bug,1
2223,3.175324675324675,154,2,HADOOP-2148,HADOOP,pre_ai,Improvement,0
901,1.9426229508196722,122,2,HADOOP-3003,HADOOP,pre_ai,Bug,1
6155,2.7937743190661477,514,13,HADOOP-2027,HADOOP,pre_ai,Bug,1
422,1.21,100,1,HADOOP-3042,HADOOP,pre_ai,Bug,1
5120,2.420918367346939,392,10,HADOOP-2116,HADOOP,pre_ai,Improvement,0
356,1.8108108108108107,37,2,HADOOP-2886,HADOOP,pre_ai,Improvement,0
470,1.5138888888888888,72,2,HADOOP-3025,HADOOP,pre_ai,Bug,1
1397,5.983606557377049,61,1,HADOOP-3012,HADOOP,pre_ai,Bug,1
2896,3.1588785046728973,214,1,HADOOP-2373,HADOOP,pre_ai,Bug,1
1991,4.559523809523809,84,1,HADOOP-3007,HADOOP,pre_ai,Bug,1
220,1.875,16,1,HADOOP-2944,HADOOP,pre_ai,Bug,1
2897,3.1588785046728973,214,1,HADOOP-3066,HADOOP,pre_ai,Bug,1
1879,3.619047619047619,105,3,HADOOP-2828,HADOOP,pre_ai,Bug,1
347,1.9705882352941178,34,1,HADOOP-2823,HADOOP,pre_ai,Bug,1
126,5.25,4,1,HADOOP-3049,HADOOP,pre_ai,Bug,1
1620,3.2718446601941746,103,1,HADOOP-3039,HADOOP,pre_ai,Bug,1
662,2.234567901234568,81,1,HADOOP-3027,HADOOP,pre_ai,Bug,1
561,3.0,35,1,HADOOP-3080,HADOOP,pre_ai,Bug,1
6597,3.1176470588235294,425,9,HADOOP-2902,HADOOP,pre_ai,Improvement,0
703,2.3625,80,3,HADOOP-3046,HADOOP,pre_ai,Improvement,0
662,3.6944444444444446,36,1,HADOOP-3056,HADOOP,pre_ai,Bug,1
6091,3.192399049881235,421,4,HADOOP-2119,HADOOP,pre_ai,Bug,1
180,3.3333333333333335,12,1,HADOOP-3070,HADOOP,pre_ai,Bug,1
102,1.4705882352941178,17,1,HADOOP-3094,HADOOP,pre_ai,Bug,1
1808,3.234782608695652,115,1,HADOOP-3067,HADOOP,pre_ai,Bug,1
124,1.2380952380952381,21,2,HADOOP-3073,HADOOP,pre_ai,Bug,1
4520,3.212218649517685,311,2,HADOOP-3065,HADOOP,pre_ai,Bug,1
3267,3.1554621848739495,238,3,HADOOP-3084,HADOOP,pre_ai,Bug,1
495,3.6774193548387095,31,1,HADOOP-3107,HADOOP,pre_ai,Bug,1
703,1.5245901639344261,122,2,HADOOP-3064,HADOOP,pre_ai,Bug,1
893,2.9682539682539684,63,1,HADOOP-3092,HADOOP,pre_ai,Improvement,0
1483,5.694444444444445,72,2,HADOOP-3098,HADOOP,pre_ai,Bug,1
1419,5.857142857142857,63,1,HADOOP-3114,HADOOP,pre_ai,Bug,1
813,2.072289156626506,83,2,HADOOP-3108,HADOOP,pre_ai,Bug,1
136,2.75,8,1,HADOOP-3104,HADOOP,pre_ai,Bug,1
772,3.404255319148936,47,1,HADOOP-2854,HADOOP,pre_ai,Improvement,0
256,1.4523809523809523,42,1,HADOOP-3128,HADOOP,pre_ai,Bug,1
4545,3.067605633802817,355,12,HADOOP-2563,HADOOP,pre_ai,Improvement,0
3018,2.369918699186992,246,6,HADOOP-2919,HADOOP,pre_ai,Improvement,0
488,2.0,56,2,HADOOP-2818,HADOOP,pre_ai,Bug,1
4274,2.8137535816618913,349,3,HADOOP-2831,HADOOP,pre_ai,Improvement,0
586,2.7169811320754715,53,2,HADOOP-3093,HADOOP,pre_ai,Bug,1
2785,3.817204301075269,186,4,HADOOP-2839,HADOOP,pre_ai,Improvement,0
7820,2.4654002713704206,737,12,HADOOP-2634,HADOOP,pre_ai,Improvement,0
788,3.176470588235294,51,1,HADOOP-3118,HADOOP,pre_ai,Bug,1
780,3.3541666666666665,48,1,HADOOP-3010,HADOOP,pre_ai,Bug,1
805,3.8444444444444446,45,1,HADOOP-3099,HADOOP,pre_ai,Improvement,0
5239,2.2136279926335174,543,13,HADOOP-3001,HADOOP,pre_ai,New Feature,0
481,4.037037037037037,27,1,HADOOP-3161,HADOOP,pre_ai,Bug,1
480,3.5714285714285716,28,1,HADOOP-3089,HADOOP,pre_ai,Bug,1
868,2.5942028985507246,69,5,HADOOP-2826,HADOOP,pre_ai,Bug,1
5400,3.096676737160121,331,7,HADOOP-3140,HADOOP,pre_ai,Bug,1
1822,3.25,116,1,HADOOP-3146,HADOOP,pre_ai,Bug,1
1417,5.951612903225806,62,1,HADOOP-3165,HADOOP,pre_ai,Bug,1
2723,3.201005025125628,199,1,HADOOP-3138,HADOOP,pre_ai,Bug,1
3390,3.253012048192771,249,3,HADOOP-3159,HADOOP,pre_ai,Bug,1
69,1.8888888888888888,9,1,HADOOP-3041,HADOOP,pre_ai,Bug,1
2891,3.1348837209302327,215,1,HADOOP-3083,HADOOP,pre_ai,Bug,1
505,3.75,28,1,HADOOP-3168,HADOOP,pre_ai,Bug,1
840,2.5849056603773586,53,1,HADOOP-3166,HADOOP,pre_ai,Bug,1
4879,3.528428093645485,299,2,HADOOP-3050,HADOOP,pre_ai,Bug,1
1131,1.9315068493150684,146,3,HADOOP-3139,HADOOP,pre_ai,Bug,1
4128,3.479553903345725,269,6,HADOOP-2841,HADOOP,pre_ai,Improvement,0
232,2.4615384615384617,26,1,HADOOP-4154,HADOOP,pre_ai,Bug,1
2471,2.860294117647059,136,4,HADOOP-3446,HADOOP,pre_ai,Improvement,0
915,2.75,68,1,HADOOP-4054,HADOOP,pre_ai,Bug,1
3004,3.4390243902439024,205,1,HADOOP-4071,HADOOP,pre_ai,Bug,1
1306,3.915492957746479,71,1,HADOOP-4147,HADOOP,pre_ai,Bug,1
2495,3.7142857142857144,133,3,HADOOP-4112,HADOOP,pre_ai,Bug,1
2085,3.176470588235294,136,1,HADOOP-3831,HADOOP,pre_ai,Bug,1
2074,3.021897810218978,137,2,HADOOP-4155,HADOOP,pre_ai,Bug,1
217,1.76,25,1,HADOOP-4099,HADOOP,pre_ai,Bug,1
2726,2.3783783783783785,222,10,HADOOP-4151,HADOOP,pre_ai,Improvement,0
1575,4.149425287356322,87,1,HADOOP-3245,HADOOP,pre_ai,New Feature,0
324,3.923076923076923,13,2,HADOOP-3570,HADOOP,pre_ai,Bug,1
3133,2.2714285714285714,280,5,HADOOP-4129,HADOOP,pre_ai,Bug,1
66,1.3636363636363635,11,1,HADOOP-4174,HADOOP,pre_ai,Improvement,0
2261,6.013698630136986,73,1,HADOOP-4139,HADOOP,pre_ai,Bug,1
86,3.5,6,1,HADOOP-3911,HADOOP,pre_ai,Bug,1
1275,3.1325301204819276,83,2,HADOOP-3623,HADOOP,pre_ai,Bug,1
3134,3.515527950310559,161,2,HADOOP-4125,HADOOP,pre_ai,Bug,1
1278,2.4505494505494507,91,2,HADOOP-4087,HADOOP,pre_ai,Bug,1
105,1.0,2,1,HADOOP-4197,HADOOP,pre_ai,Bug,1
35465,2.686435331230284,3170,328,HADOOP-3601,HADOOP,pre_ai,Wish,0
938,2.284090909090909,88,4,HADOOP-4186,HADOOP,pre_ai,Sub-task,0
1592,2.3795180722891565,166,5,HADOOP-4184,HADOOP,pre_ai,Sub-task,0
2036,2.382857142857143,175,1,HADOOP-4195,HADOOP,pre_ai,Bug,1
1374,3.2465753424657535,73,4,HADOOP-3722,HADOOP,pre_ai,Improvement,0
4898,2.4262734584450403,373,9,HADOOP-3829,HADOOP,pre_ai,New Feature,0
1372,2.1056338028169015,142,30,HADOOP-4138,HADOOP,pre_ai,Improvement,0
1002,2.681159420289855,69,1,HADOOP-2403,HADOOP,pre_ai,Bug,1
479,5.125,16,1,HADOOP-4121,HADOOP,pre_ai,Bug,1
7311,2.8849721706864564,539,18,HADOOP-3930,HADOOP,pre_ai,Improvement,0
634,1.4017094017094016,117,2,HADOOP-4083,HADOOP,pre_ai,Improvement,0
3230,3.1018518518518516,216,4,HADOOP-4194,HADOOP,pre_ai,Improvement,0
6650,3.2579908675799087,438,7,HADOOP-4176,HADOOP,pre_ai,New Feature,0
6668,2.62708719851577,539,55,HADOOP-4084,HADOOP,pre_ai,New Feature,0
8507,2.324074074074074,756,20,HADOOP-249,HADOOP,pre_ai,Improvement,0
218,2.3157894736842106,19,6,HADOOP-4070,HADOOP,pre_ai,New Feature,0
3403,3.259259259259259,189,4,HADOOP-3638,HADOOP,pre_ai,Improvement,0
777,1.6666666666666667,78,6,HADOOP-2536,HADOOP,pre_ai,New Feature,0
1593,3.392857142857143,84,3,HADOOP-2165,HADOOP,pre_ai,Improvement,0
3018,3.4154589371980677,207,1,HADOOP-4077,HADOOP,pre_ai,Bug,1
4857,2.8526912181303117,353,8,HADOOP-4124,HADOOP,pre_ai,Improvement,0
525,4.071428571428571,28,1,HADOOP-3592,HADOOP,pre_ai,Bug,1
761,2.40625,64,2,HADOOP-2816,HADOOP,pre_ai,Improvement,0
282,3.1875,16,1,HADOOP-3019,HADOOP,pre_ai,New Feature,0
520,2.5,46,1,HADOOP-4062,HADOOP,pre_ai,Improvement,0
155,5.8,5,1,HADOOP-4120,HADOOP,pre_ai,New Feature,0
157,6.0,5,1,HADOOP-4205,HADOOP,pre_ai,Improvement,0
410,3.5789473684210527,19,2,HADOOP-4247,HADOOP,pre_ai,Bug,1
918,2.5753424657534247,73,6,HADOOP-4269,HADOOP,pre_ai,Bug,1
936,3.1587301587301586,63,2,HADOOP-4254,HADOOP,pre_ai,Bug,1
1892,2.827338129496403,139,2,HADOOP-4275,HADOOP,pre_ai,Bug,1
324,2.76,25,1,HADOOP-4173,HADOOP,pre_ai,Bug,1
878,2.825,80,1,HADOOP-3614,HADOOP,pre_ai,Bug,1
971,2.7301587301587302,63,2,HADOOP-4189,HADOOP,pre_ai,Bug,1
10506,2.8288177339901477,812,17,HADOOP-3938,HADOOP,pre_ai,New Feature,0
43,1.6,5,1,HADOOP-3180,HADOOP,pre_ai,Improvement,0
712,2.94,50,1,HADOOP-4274,HADOOP,pre_ai,Bug,1
519,2.5,46,1,HADOOP-4262,HADOOP,pre_ai,Bug,1
1445,2.725,120,3,HADOOP-4178,HADOOP,pre_ai,Improvement,0
2037,2.382857142857143,175,1,HADOOP-5219,HADOOP,pre_ai,Bug,1
49,1.8,5,1,HADOOP-5241,HADOOP,pre_ai,Bug,1
89,1.1875,16,1,HADOOP-5142,HADOOP,pre_ai,Bug,1
670,2.5526315789473686,76,1,HADOOP-5280,HADOOP,pre_ai,Bug,1
5679,3.1256830601092895,366,6,HADOOP-4293,HADOOP,pre_ai,Bug,1
413,1.4545454545454546,55,3,HADOOP-5300,HADOOP,pre_ai,Bug,1
2417,3.46242774566474,173,2,HADOOP-5272,HADOOP,pre_ai,Bug,1
415,2.5806451612903225,31,1,HADOOP-5042,HADOOP,pre_ai,New Feature,0
2310,3.3759398496240602,133,1,HADOOP-5264,HADOOP,pre_ai,Improvement,0
771,4.142857142857143,42,2,HADOOP-5154,HADOOP,pre_ai,Bug,1
91,4.333333333333333,3,1,HADOOP-5301,HADOOP,pre_ai,Bug,1
158,2.2142857142857144,14,3,HADOOP-5033,HADOOP,pre_ai,Improvement,0
85,1.4444444444444444,9,1,HADOOP-5277,HADOOP,pre_ai,New Feature,0
44,4.5,2,1,HADOOP-5313,HADOOP,pre_ai,Bug,1
2260,3.090909090909091,154,1,HADOOP-5306,HADOOP,pre_ai,Bug,1
417,2.5806451612903225,31,1,HADOOP-5118,HADOOP,pre_ai,Improvement,0
815,3.422222222222222,45,3,HADOOP-5302,HADOOP,pre_ai,Bug,1
654,3.342857142857143,35,2,HADOOP-4893,HADOOP,pre_ai,Improvement,0
290,3.3529411764705883,17,1,HADOOP-4989,HADOOP,pre_ai,New Feature,0
307,7.714285714285714,7,1,HADOOP-5029,HADOOP,pre_ai,Improvement,0
255,8.833333333333334,6,1,HADOOP-5051,HADOOP,pre_ai,Bug,1
57,3.0,4,1,HADOOP-5308,HADOOP,pre_ai,Bug,1
218,1.2285714285714286,35,1,HADOOP-5111,HADOOP,pre_ai,Bug,1
411,6.666666666666667,12,1,HADOOP-5146,HADOOP,pre_ai,Bug,1
1354,6.976190476190476,42,1,HADOOP-5326,HADOOP,pre_ai,Bug,1
552,4.48,25,3,HADOOP-5023,HADOOP,pre_ai,Improvement,0
1978,3.186046511627907,129,1,HADOOP-4638,HADOOP,pre_ai,Bug,1
2647,3.2025316455696204,158,2,HADOOP-4744,HADOOP,pre_ai,Bug,1
143,1.6666666666666667,18,1,HADOOP-4546,HADOOP,pre_ai,Improvement,0
221,4.111111111111111,9,1,HADOOP-5087,HADOOP,pre_ai,Bug,1
310,4.5,8,1,HADOOP-5370,HADOOP,pre_ai,Improvement,0
171,2.7777777777777777,9,1,HADOOP-5373,HADOOP,pre_ai,Improvement,0
73,4.333333333333333,3,1,HADOOP-5274,HADOOP,pre_ai,Bug,1
3099,3.4739336492890995,211,1,HADOOP-5383,HADOOP,pre_ai,Bug,1
441,3.1153846153846154,26,1,HADOOP-5057,HADOOP,pre_ai,Bug,1
1037,2.488372093023256,86,1,HADOOP-5145,HADOOP,pre_ai,Bug,1
186,4.2,10,1,HADOOP-5401,HADOOP,pre_ai,Bug,1
68,11.0,1,1,HADOOP-5360,HADOOP,pre_ai,Improvement,0
6935,3.18125,480,9,HADOOP-4103,HADOOP,pre_ai,New Feature,0
4704,3.1495016611295683,301,4,HADOOP-5338,HADOOP,pre_ai,Bug,1
2648,2.970731707317073,205,2,HADOOP-5376,HADOOP,pre_ai,Bug,1
443,3.1153846153846154,26,1,HADOOP-5397,HADOOP,pre_ai,Bug,1
554,4.115384615384615,26,2,HADOOP-5411,HADOOP,pre_ai,Improvement,0
106,7.0,2,1,HADOOP-5387,HADOOP,pre_ai,New Feature,0
441,3.423076923076923,26,1,HADOOP-5347,HADOOP,pre_ai,Bug,1
263,2.4210526315789473,19,2,HADOOP-5432,HADOOP,pre_ai,Bug,1
1577,2.7903225806451615,124,4,HADOOP-5258,HADOOP,pre_ai,New Feature,0
3263,2.986842105263158,228,3,HADOOP-5456,HADOOP,pre_ai,Bug,1
2229,3.3214285714285716,140,1,HADOOP-3998,HADOOP,pre_ai,Bug,1
695,5.137931034482759,29,1,HADOOP-5379,HADOOP,pre_ai,Improvement,0
1944,2.3024390243902437,205,4,HADOOP-5332,HADOOP,pre_ai,Improvement,0
4062,3.4803149606299213,254,2,HADOOP-5327,HADOOP,pre_ai,Bug,1
2204,3.4173228346456694,127,1,HADOOP-5440,HADOOP,pre_ai,Bug,1
2340,3.1337579617834397,157,1,HADOOP-5395,HADOOP,pre_ai,Improvement,0
122,1.1538461538461537,13,2,HADOOP-5446,HADOOP,pre_ai,Bug,1
2004,3.147286821705426,129,5,HADOOP-4664,HADOOP,pre_ai,Improvement,0
1031,2.5833333333333335,72,1,HADOOP-5449,HADOOP,pre_ai,Bug,1
3319,3.4529147982062782,223,3,HADOOP-4756,HADOOP,pre_ai,New Feature,0
2247,4.712765957446808,94,1,HADOOP-5465,HADOOP,pre_ai,Bug,1
1058,2.589041095890411,73,1,HADOOP-4783,HADOOP,pre_ai,Bug,1
127,2.272727272727273,11,1,HADOOP-5490,HADOOP,pre_ai,Bug,1
1879,3.152173913043478,92,1,HADOOP-5493,HADOOP,pre_ai,Bug,1
329,4.052631578947368,19,1,HADOOP-5505,HADOOP,pre_ai,Bug,1
2257,3.2777777777777777,144,1,HADOOP-5414,HADOOP,pre_ai,Bug,1
144,1.6666666666666667,15,1,HADOOP-5511,HADOOP,pre_ai,Bug,1
61,2.0,6,1,HADOOP-5483,HADOOP,pre_ai,Bug,1
145,1.2580645161290323,31,1,HADOOP-5281,HADOOP,pre_ai,Bug,1
1037,2.488372093023256,86,1,HADOOP-5463,HADOOP,pre_ai,Bug,1
3358,3.2024291497975708,247,2,HADOOP-5479,HADOOP,pre_ai,Bug,1
779,2.2268041237113403,97,1,HADOOP-5259,HADOOP,pre_ai,Bug,1
4208,3.276978417266187,278,4,HADOOP-5514,HADOOP,pre_ai,Improvement,0
10670,2.7378984651711926,847,32,HADOOP-4539,HADOOP,pre_ai,New Feature,0
554,2.763157894736842,38,2,HADOOP-5516,HADOOP,pre_ai,Bug,1
145,11.5,2,1,HADOOP-5471,HADOOP,pre_ai,Bug,1
418,2.8,35,1,HADOOP-5486,HADOOP,pre_ai,Bug,1
940,4.243243243243243,37,2,HADOOP-4842,HADOOP,pre_ai,Improvement,0
239,5.428571428571429,7,1,HADOOP-5534,HADOOP,pre_ai,Bug,1
4292,2.356902356902357,297,6,HADOOP-5382,HADOOP,pre_ai,Bug,1
1098,2.643835616438356,73,1,HADOOP-5328,HADOOP,pre_ai,Bug,1
2045,2.4057142857142857,175,1,HADOOP-5196,HADOOP,pre_ai,Improvement,0
813,2.24,100,1,HADOOP-4655,HADOOP,pre_ai,Bug,1
210,3.0833333333333335,12,1,HADOOP-5507,HADOOP,pre_ai,Bug,1
568,2.5510204081632653,49,1,HADOOP-5417,HADOOP,pre_ai,Bug,1
628,3.75,32,1,HADOOP-5520,HADOOP,pre_ai,Improvement,0
3087,3.4265402843601898,211,1,HADOOP-5549,HADOOP,pre_ai,Bug,1
2004,3.2153846153846155,130,1,HADOOP-5231,HADOOP,pre_ai,Bug,1
667,2.5526315789473686,76,1,HADOOP-5374,HADOOP,pre_ai,Bug,1
389,2.1333333333333333,30,1,HADOOP-5210,HADOOP,pre_ai,Bug,1
335,1.4339622641509433,53,1,HADOOP-5191,HADOOP,pre_ai,Bug,1
2051,2.403409090909091,176,1,HADOOP-5423,HADOOP,pre_ai,Improvement,0
4115,3.3544776119402986,268,3,HADOOP-5565,HADOOP,pre_ai,Bug,1
435,1.75,52,4,HADOOP-5331,HADOOP,pre_ai,Improvement,0
109,2.5,10,1,HADOOP-5459,HADOOP,pre_ai,Bug,1
531,5.75,16,1,HADOOP-5149,HADOOP,pre_ai,Bug,1
997,2.746268656716418,67,9,HADOOP-5363,HADOOP,pre_ai,New Feature,0
726,2.8870967741935485,62,1,HADOOP-4365,HADOOP,pre_ai,Improvement,0
457,3.0,37,1,HADOOP-4780,HADOOP,pre_ai,Bug,1
2180,2.4,165,5,HADOOP-5194,HADOOP,pre_ai,Bug,1
1742,4.061855670103093,97,1,HADOOP-5322,HADOOP,pre_ai,Bug,1
127,2.4285714285714284,14,1,HADOOP-5571,HADOOP,pre_ai,Bug,1
824,2.26,100,1,HADOOP-5588,HADOOP,pre_ai,Bug,1
3091,3.4360189573459716,211,1,HADOOP-5551,HADOOP,pre_ai,Bug,1
2436,3.454022988505747,174,2,HADOOP-5473,HADOOP,pre_ai,Bug,1
334,2.193548387096774,31,1,HADOOP-5198,HADOOP,pre_ai,Bug,1
357,1.6,40,1,HADOOP-5576,HADOOP,pre_ai,Bug,1
2827,3.303370786516854,178,1,HADOOP-5464,HADOOP,pre_ai,Bug,1
543,2.5625,32,2,HADOOP-4374,HADOOP,pre_ai,Bug,1
7161,3.0102459016393444,488,7,HADOOP-2827,HADOOP,pre_ai,Bug,1
6779,3.270042194092827,474,5,HADOOP-2413,HADOOP,pre_ai,Bug,1
1744,4.072164948453608,97,1,HADOOP-5607,HADOOP,pre_ai,Bug,1
11,1.0,1,1,HADOOP-5528,HADOOP,pre_ai,New Feature,0
1705,2.4276315789473686,152,4,HADOOP-5577,HADOOP,pre_ai,Bug,1
2537,3.2054054054054055,185,2,HADOOP-4045,HADOOP,pre_ai,Bug,1
3160,3.4331797235023043,217,1,HADOOP-5595,HADOOP,pre_ai,Improvement,0
3091,3.4502369668246446,211,1,HADOOP-5605,HADOOP,pre_ai,Bug,1
2356,3.080745341614907,161,1,HADOOP-5337,HADOOP,pre_ai,Bug,1
1047,4.583333333333333,48,1,HADOOP-5227,HADOOP,pre_ai,Bug,1
4116,3.453488372093023,258,2,HADOOP-5548,HADOOP,pre_ai,Bug,1
886,1.9586776859504131,121,5,HADOOP-5450,HADOOP,pre_ai,Improvement,0
349,4.866666666666666,15,1,HADOOP-5603,HADOOP,pre_ai,Improvement,0
3306,3.4148471615720526,229,2,HADOOP-3810,HADOOP,pre_ai,Bug,1
1147,1.8909090909090909,110,10,HADOOP-5469,HADOOP,pre_ai,New Feature,0
6599,2.344884488448845,606,12,HADOOP-5585,HADOOP,pre_ai,Bug,1
5969,3.1452784503631963,413,4,HADOOP-5394,HADOOP,pre_ai,Bug,1
373,6.3,10,2,HADOOP-5485,HADOOP,pre_ai,Improvement,0
3223,3.4566210045662102,219,1,HADOOP-5581,HADOOP,pre_ai,Bug,1
2181,3.689873417721519,158,2,HADOOP-4339,HADOOP,pre_ai,Improvement,0
3426,3.1504065040650406,246,6,HADOOP-4584,HADOOP,pre_ai,Bug,1
226,1.6451612903225807,31,1,HADOOP-4697,HADOOP,pre_ai,Bug,1
1082,2.802325581395349,86,1,HADOOP-3986,HADOOP,pre_ai,Bug,1
528,2.948717948717949,39,2,HADOOP-4422,HADOOP,pre_ai,Bug,1
877,2.2409638554216866,83,2,HADOOP-4659,HADOOP,pre_ai,Bug,1
3434,3.173228346456693,254,4,HADOOP-4061,HADOOP,pre_ai,Bug,1
1169,2.638888888888889,72,2,HADOOP-4614,HADOOP,pre_ai,Bug,1
4229,2.6615384615384614,260,5,HADOOP-2774,HADOOP,pre_ai,Improvement,0
1323,2.47787610619469,113,4,HADOOP-4513,HADOOP,pre_ai,Bug,1
801,2.2244897959183674,98,1,HADOOP-4677,HADOOP,pre_ai,Bug,1
3013,3.4326923076923075,208,1,HADOOP-4669,HADOOP,pre_ai,Bug,1
1762,3.2325581395348837,86,1,HADOOP-4732,HADOOP,pre_ai,Bug,1
5682,2.8593406593406594,455,12,HADOOP-4704,HADOOP,pre_ai,Bug,1
1599,2.802197802197802,91,4,HADOOP-4649,HADOOP,pre_ai,Improvement,0
2628,2.8095238095238093,147,3,HADOOP-4714,HADOOP,pre_ai,Bug,1
2351,4.337349397590361,83,6,HADOOP-3770,HADOOP,pre_ai,Improvement,0
1458,2.973333333333333,75,1,HADOOP-4726,HADOOP,pre_ai,Bug,1
2095,3.0492957746478875,142,2,HADOOP-4420,HADOOP,pre_ai,Bug,1
3132,3.8793103448275863,174,2,HADOOP-4679,HADOOP,pre_ai,Bug,1
547,2.0,59,5,HADOOP-4758,HADOOP,pre_ai,Improvement,0
6472,3.865168539325843,356,6,HADOOP-4734,HADOOP,pre_ai,Bug,1
778,2.2061855670103094,97,1,HADOOP-3750,HADOOP,pre_ai,Improvement,0
884,2.9508196721311477,61,1,HADOOP-4558,HADOOP,pre_ai,Bug,1
771,2.195876288659794,97,1,HADOOP-3497,HADOOP,pre_ai,Bug,1
8702,2.696562032884903,669,17,HADOOP-4035,HADOOP,pre_ai,Bug,1
1229,2.7524752475247523,101,2,HADOOP-4746,HADOOP,pre_ai,Bug,1
1390,6.15,60,1,HADOOP-4747,HADOOP,pre_ai,Improvement,0
2559,2.7064676616915424,201,3,HADOOP-4508,HADOOP,pre_ai,Bug,1
1065,2.5952380952380953,84,2,HADOOP-4576,HADOOP,pre_ai,Bug,1
3428,3.026431718061674,227,3,HADOOP-4654,HADOOP,pre_ai,Bug,1
1589,3.989010989010989,91,1,HADOOP-4623,HADOOP,pre_ai,Bug,1
904,3.0,61,1,HADOOP-4445,HADOOP,pre_ai,Bug,1
7105,3.146017699115044,452,7,HADOOP-4305,HADOOP,pre_ai,Improvement,0
4355,3.1272727272727274,275,2,HADOOP-4785,HADOOP,pre_ai,Bug,1
845,1.7378640776699028,103,2,HADOOP-4717,HADOOP,pre_ai,Bug,1
952,3.0,82,1,HADOOP-4778,HADOOP,pre_ai,Bug,1
1190,2.835294117647059,85,14,HADOOP-4179,HADOOP,pre_ai,New Feature,0
1148,3.506849315068493,73,1,HADOOP-4029,HADOOP,pre_ai,New Feature,0
3218,3.926553672316384,177,2,HADOOP-4702,HADOOP,pre_ai,Bug,1
132,2.1538461538461537,13,1,HADOOP-4731,HADOOP,pre_ai,Bug,1
172,2.0,13,1,HADOOP-4805,HADOOP,pre_ai,Bug,1
355,2.3783783783783785,37,1,HADOOP-4806,HADOOP,pre_ai,Bug,1
3328,3.2263374485596708,243,2,HADOOP-4795,HADOOP,pre_ai,Bug,1
3032,3.323943661971831,213,2,HADOOP-4823,HADOOP,pre_ai,Sub-task,0
517,1.7627118644067796,59,2,HADOOP-4737,HADOOP,pre_ai,Bug,1
943,2.8266666666666667,75,2,HADOOP-4836,HADOOP,pre_ai,Bug,1
15,1.0,3,1,HADOOP-4844,HADOOP,pre_ai,Bug,1
421,2.4444444444444446,27,2,HADOOP-4706,HADOOP,pre_ai,Bug,1
1548,3.763157894736842,76,5,HADOOP-4620,HADOOP,pre_ai,Bug,1
1774,3.159090909090909,88,1,HADOOP-4683,HADOOP,pre_ai,Bug,1
726,3.4615384615384617,39,2,HADOOP-4855,HADOOP,pre_ai,Bug,1
3582,3.4795081967213113,244,2,HADOOP-4820,HADOOP,pre_ai,Bug,1
2251,3.2913385826771653,127,1,HADOOP-4699,HADOOP,pre_ai,Improvement,0
6846,2.9803149606299213,508,6,HADOOP-4826,HADOOP,pre_ai,New Feature,0
810,1.3898305084745763,118,6,HADOOP-4631,HADOOP,pre_ai,Improvement,0
11722,3.1374570446735395,582,122,HADOOP-4709,HADOOP,pre_ai,Bug,1
81,3.0,7,1,HADOOP-4226,HADOOP,pre_ai,Improvement,0
482,1.7692307692307692,52,2,HADOOP-4309,HADOOP,pre_ai,Bug,1
909,1.6590909090909092,132,11,HADOOP-4210,HADOOP,pre_ai,Bug,1
761,2.40625,64,2,HADOOP-4281,HADOOP,pre_ai,Bug,1
6273,2.8580246913580245,486,24,HADOOP-4838,HADOOP,pre_ai,Improvement,0
2100,2.559322033898305,177,9,HADOOP-4204,HADOOP,pre_ai,Bug,1
816,3.888888888888889,45,1,HADOOP-4318,HADOOP,pre_ai,Bug,1
1739,3.1744186046511627,86,1,HADOOP-4246,HADOOP,pre_ai,Bug,1
352,1.95,40,1,HADOOP-4326,HADOOP,pre_ai,Bug,1
67,1.1666666666666667,12,1,HADOOP-4325,HADOOP,pre_ai,Bug,1
9795,2.632331902718169,699,17,HADOOP-4232,HADOOP,pre_ai,Bug,1
5219,2.7406483790523692,401,6,HADOOP-4209,HADOOP,pre_ai,Bug,1
1756,3.2093023255813953,86,1,HADOOP-4163,HADOOP,pre_ai,Bug,1
4261,2.719063545150502,299,7,HADOOP-4253,HADOOP,pre_ai,Bug,1
129,10.0,2,1,HADOOP-4256,HADOOP,pre_ai,Bug,1
309,1.7272727272727273,22,1,HADOOP-4267,HADOOP,pre_ai,Bug,1
922,2.791044776119403,67,1,HADOOP-4225,HADOOP,pre_ai,Bug,1
3347,3.3943661971830985,213,2,HADOOP-4018,HADOOP,pre_ai,Bug,1
717,2.94,50,1,HADOOP-4288,HADOOP,pre_ai,Bug,1
10666,2.807277628032345,742,15,HADOOP-4261,HADOOP,pre_ai,Bug,1
976,2.9571428571428573,70,1,HADOOP-4395,HADOOP,pre_ai,Bug,1
532,4.142857142857143,28,1,HADOOP-4014,HADOOP,pre_ai,Bug,1
553,1.9166666666666667,60,7,HADOOP-4380,HADOOP,pre_ai,Bug,1
3302,3.2154471544715446,246,3,HADOOP-4351,HADOOP,pre_ai,Bug,1
976,2.9571428571428573,70,1,HADOOP-4407,HADOOP,pre_ai,Bug,1
1513,4.023255813953488,86,1,HADOOP-4287,HADOOP,pre_ai,Bug,1
8312,3.395872420262664,533,8,HADOOP-4393,HADOOP,pre_ai,Bug,1
3963,3.1473684210526316,285,3,HADOOP-4361,HADOOP,pre_ai,Bug,1
356,1.9268292682926829,41,1,HADOOP-4292,HADOOP,pre_ai,Bug,1
540,4.068965517241379,29,1,HADOOP-4410,HADOOP,pre_ai,Bug,1
143,1.3666666666666667,30,2,HADOOP-4408,HADOOP,pre_ai,Bug,1
3491,3.4272727272727272,220,3,HADOOP-4236,HADOOP,pre_ai,Bug,1
1403,6.2,60,1,HADOOP-4335,HADOOP,pre_ai,Bug,1
2179,3.3252032520325203,123,1,HADOOP-3155,HADOOP,pre_ai,Bug,1
938,2.764705882352941,68,2,HADOOP-4425,HADOOP,pre_ai,Bug,1
2208,3.3093525179856114,139,1,HADOOP-4278,HADOOP,pre_ai,Bug,1
549,3.6206896551724137,29,1,HADOOP-4449,HADOOP,pre_ai,Bug,1
1575,4.149425287356322,87,1,HADOOP-4457,HADOOP,pre_ai,Bug,1
262,1.6451612903225807,31,2,HADOOP-4238,HADOOP,pre_ai,Bug,1
4244,3.311355311355311,273,4,HADOOP-4423,HADOOP,pre_ai,Bug,1
1136,3.5416666666666665,72,1,HADOOP-4404,HADOOP,pre_ai,Bug,1
90,1.2,15,1,HADOOP-4369,HADOOP,pre_ai,Bug,1
4596,3.171511627906977,344,4,HADOOP-4430,HADOOP,pre_ai,Bug,1
239,2.3333333333333335,21,2,HADOOP-4284,HADOOP,pre_ai,New Feature,0
1793,3.6315789473684212,114,3,HADOOP-4149,HADOOP,pre_ai,Bug,1
2975,2.944186046511628,215,2,HADOOP-4296,HADOOP,pre_ai,Bug,1
2757,2.246031746031746,252,3,HADOOP-4439,HADOOP,pre_ai,Bug,1
6401,3.390625,384,6,HADOOP-3136,HADOOP,pre_ai,Improvement,0
2546,2.5714285714285716,161,2,HADOOP-4845,HADOOP,pre_ai,Bug,1
161,1.8125,16,1,HADOOP-4545,HADOOP,pre_ai,Improvement,0
685,3.0,34,3,HADOOP-4753,HADOOP,pre_ai,Improvement,0
409,1.8695652173913044,46,1,HADOOP-4879,HADOOP,pre_ai,Bug,1
3013,3.423076923076923,208,1,HADOOP-4810,HADOOP,pre_ai,Bug,1
884,3.245614035087719,57,1,HADOOP-4797,HADOOP,pre_ai,Bug,1
84,2.0,12,1,HADOOP-4771,HADOOP,pre_ai,Bug,1
2781,3.3863636363636362,176,2,HADOOP-4895,HADOOP,pre_ai,Improvement,0
154,1.391304347826087,23,1,HADOOP-4774,HADOOP,pre_ai,Bug,1
2967,3.3689320388349513,206,1,HADOOP-4904,HADOOP,pre_ai,Bug,1
913,3.0491803278688523,61,1,HADOOP-4876,HADOOP,pre_ai,Bug,1
386,5.571428571428571,14,2,HADOOP-4827,HADOOP,pre_ai,Improvement,0
105,2.0,7,1,HADOOP-4892,HADOOP,pre_ai,Bug,1
2974,3.367149758454106,207,1,HADOOP-1980,HADOOP,pre_ai,Bug,1
4443,3.118705035971223,278,3,HADOOP-4869,HADOOP,pre_ai,Bug,1
1870,3.141304347826087,92,1,HADOOP-4716,HADOOP,pre_ai,Bug,1
1868,3.141509433962264,106,1,HADOOP-4924,HADOOP,pre_ai,Bug,1
1079,2.5697674418604652,86,2,HADOOP-4854,HADOOP,pre_ai,Bug,1
919,2.08974358974359,78,9,HADOOP-4909,HADOOP,pre_ai,Improvement,0
98,3.8333333333333335,6,1,HADOOP-4896,HADOOP,pre_ai,Bug,1
1653,3.9893617021276597,94,1,HADOOP-4956,HADOOP,pre_ai,Bug,1
2973,3.367149758454106,207,1,HADOOP-4935,HADOOP,pre_ai,Bug,1
362,2.4054054054054053,37,1,HADOOP-4951,HADOOP,pre_ai,Bug,1
364,2.4054054054054053,37,1,HADOOP-4961,HADOOP,pre_ai,Bug,1
3751,2.2162162162162162,370,5,HADOOP-4941,HADOOP,pre_ai,Sub-task,0
937,3.1475409836065573,61,1,HADOOP-4979,HADOOP,pre_ai,Bug,1
636,7.555555555555555,18,3,HADOOP-4268,HADOOP,pre_ai,New Feature,0
167,1.4,25,1,HADOOP-4830,HADOOP,pre_ai,Bug,1
2245,4.702127659574468,94,1,HADOOP-4971,HADOOP,pre_ai,Bug,1
1100,2.6436781609195403,87,2,HADOOP-4980,HADOOP,pre_ai,Improvement,0
2185,3.013245033112583,151,1,HADOOP-4966,HADOOP,pre_ai,Bug,1
314,2.4,20,2,HADOOP-4925,HADOOP,pre_ai,Bug,1
806,3.4761904761904763,42,3,HADOOP-4947,HADOOP,pre_ai,Bug,1
2976,3.3768115942028984,207,1,HADOOP-4910,HADOOP,pre_ai,Bug,1
4873,1.8902654867256636,565,16,HADOOP-4940,HADOOP,pre_ai,Sub-task,0
321,2.5135135135135136,37,4,HADOOP-4950,HADOOP,pre_ai,Improvement,0
5995,3.307125307125307,407,4,HADOOP-4985,HADOOP,pre_ai,Bug,1
795,3.78,50,2,HADOOP-4789,HADOOP,pre_ai,Improvement,0
580,3.3488372093023258,43,3,HADOOP-4943,HADOOP,pre_ai,Bug,1
823,2.125,88,2,HADOOP-2337,HADOOP,pre_ai,Bug,1
5352,3.6233062330623307,369,8,HADOOP-3953,HADOOP,pre_ai,Improvement,0
735,1.9113924050632911,79,3,HADOOP-5017,HADOOP,pre_ai,Bug,1
949,3.03125,64,1,HADOOP-4977,HADOOP,pre_ai,Bug,1
940,2.96875,64,1,HADOOP-4988,HADOOP,pre_ai,Bug,1
2153,3.3583333333333334,120,1,HADOOP-4906,HADOOP,pre_ai,Bug,1
218,1.2285714285714286,35,1,HADOOP-5065,HADOOP,pre_ai,Bug,1
54,1.6666666666666667,9,2,HADOOP-4794,HADOOP,pre_ai,Improvement,0
21339,2.9318181818181817,1672,200,HADOOP-4230,HADOOP,pre_ai,Improvement,0
2221,3.307142857142857,140,1,HADOOP-3894,HADOOP,pre_ai,Improvement,0
974,3.0481927710843375,83,1,HADOOP-4997,HADOOP,pre_ai,Bug,1
1581,4.094117647058823,85,4,HADOOP-4918,HADOOP,pre_ai,Bug,1
68,1.8571428571428572,7,1,HADOOP-5077,HADOOP,pre_ai,Bug,1
2185,3.013245033112583,151,1,HADOOP-4818,HADOOP,pre_ai,Bug,1
69,2.142857142857143,7,1,HADOOP-4843,HADOOP,pre_ai,Improvement,0
428,3.16,25,1,HADOOP-4993,HADOOP,pre_ai,Bug,1
810,1.3898305084745763,118,6,HADOOP-4828,HADOOP,pre_ai,Improvement,0
2484,3.098684210526316,152,2,HADOOP-4967,HADOOP,pre_ai,Bug,1
1429,2.6396396396396398,111,3,HADOOP-5048,HADOOP,pre_ai,Bug,1
1760,3.2325581395348837,86,1,HADOOP-5002,HADOOP,pre_ai,Bug,1
422,1.6415094339622642,53,4,HADOOP-5070,HADOOP,pre_ai,Bug,1
635,2.5277777777777777,72,1,HADOOP-4983,HADOOP,pre_ai,Bug,1
1929,3.262295081967213,122,1,HADOOP-3914,HADOOP,pre_ai,Bug,1
64,1.5,4,1,HADOOP-4466,HADOOP,pre_ai,Bug,1
137,4.0,6,1,HADOOP-4440,HADOOP,pre_ai,Improvement,0
688,2.309090909090909,55,4,HADOOP-4431,HADOOP,pre_ai,Improvement,0
101,2.0,12,1,HADOOP-4510,HADOOP,pre_ai,Bug,1
1552,3.326530612244898,98,2,HADOOP-4525,HADOOP,pre_ai,Bug,1
556,3.7027027027027026,37,1,HADOOP-4526,HADOOP,pre_ai,Bug,1
4678,3.3898916967509027,277,6,HADOOP-4346,HADOOP,pre_ai,Bug,1
3205,3.653179190751445,173,2,HADOOP-4533,HADOOP,pre_ai,Bug,1
274,1.8421052631578947,38,1,HADOOP-4483,HADOOP,pre_ai,Bug,1
2866,1.7393767705382437,353,17,HADOOP-4276,HADOOP,pre_ai,Improvement,0
1020,2.5277777777777777,72,1,HADOOP-4498,HADOOP,pre_ai,Bug,1
143,1.6153846153846154,13,3,HADOOP-4340,HADOOP,pre_ai,Bug,1
3434,3.1739130434782608,253,3,HADOOP-3461,HADOOP,pre_ai,Improvement,0
1039,3.7358490566037736,53,1,HADOOP-4388,HADOOP,pre_ai,Bug,1
215,2.727272727272727,11,1,HADOOP-4437,HADOOP,pre_ai,Improvement,0
613,2.088888888888889,45,2,HADOOP-4572,HADOOP,pre_ai,Improvement,0
1170,3.1639344262295084,61,11,HADOOP-4433,HADOOP,pre_ai,Improvement,0
689,3.6818181818181817,44,3,HADOOP-4530,HADOOP,pre_ai,Bug,1
3067,3.4471153846153846,208,1,HADOOP-4597,HADOOP,pre_ai,Bug,1
136,2.8,10,1,HADOOP-4187,HADOOP,pre_ai,Sub-task,0
270,2.2222222222222223,36,1,HADOOP-4599,HADOOP,pre_ai,Improvement,0
1406,6.166666666666667,60,1,HADOOP-3121,HADOOP,pre_ai,Bug,1
5473,3.5714285714285716,336,5,HADOOP-4453,HADOOP,pre_ai,Improvement,0
440,2.4324324324324325,37,1,HADOOP-4377,HADOOP,pre_ai,Bug,1
4342,3.1973684210526314,304,13,HADOOP-4575,HADOOP,pre_ai,New Feature,0
6296,3.1632183908045977,435,5,HADOOP-3883,HADOOP,pre_ai,Bug,1
728,3.1,50,1,HADOOP-4446,HADOOP,pre_ai,Bug,1
4116,3.173469387755102,294,3,HADOOP-4583,HADOOP,pre_ai,Bug,1
3246,3.139344262295082,244,2,HADOOP-4556,HADOOP,pre_ai,Bug,1
222,2.35,20,1,HADOOP-4282,HADOOP,pre_ai,Bug,1
3930,3.0866666666666664,300,3,HADOOP-4618,HADOOP,pre_ai,Improvement,0
2906,3.3575757575757574,165,3,HADOOP-4595,HADOOP,pre_ai,Bug,1
2369,3.1858974358974357,156,2,HADOOP-4567,HADOOP,pre_ai,Improvement,0
777,3.3469387755102042,49,1,HADOOP-4552,HADOOP,pre_ai,Bug,1
4709,3.2724137931034485,290,4,HADOOP-3923,HADOOP,pre_ai,Improvement,0
112,1.8333333333333333,6,1,HADOOP-4622,HADOOP,pre_ai,New Feature,0
4011,3.3663003663003663,273,8,HADOOP-4435,HADOOP,pre_ai,Improvement,0
210,3.0,9,1,HADOOP-4589,HADOOP,pre_ai,Bug,1
132,2.1538461538461537,13,1,HADOOP-4471,HADOOP,pre_ai,Bug,1
421,2.891891891891892,37,1,HADOOP-4650,HADOOP,pre_ai,Bug,1
64,1.7142857142857142,7,1,HADOOP-4608,HADOOP,pre_ai,Bug,1
531,2.5217391304347827,46,1,HADOOP-3844,HADOOP,pre_ai,Improvement,0
2987,3.3864734299516908,207,1,HADOOP-4643,HADOOP,pre_ai,Bug,1
114,2.4444444444444446,9,1,HADOOP-4141,HADOOP,pre_ai,Bug,1
1559,1.8673469387755102,196,3,HADOOP-4188,HADOOP,pre_ai,Sub-task,0
1626,3.625,80,5,HADOOP-4612,HADOOP,pre_ai,Sub-task,0
2394,3.2554744525547443,137,2,HADOOP-4523,HADOOP,pre_ai,Improvement,0
2866,2.9330708661417324,254,5,HADOOP-4185,HADOOP,pre_ai,Sub-task,0
487,2.8,35,2,HADOOP-4661,HADOOP,pre_ai,New Feature,0
425,1.1826923076923077,104,1,HADOOP-4668,HADOOP,pre_ai,Improvement,0
3190,3.4474885844748857,219,2,HADOOP-4598,HADOOP,pre_ai,Bug,1
560,3.7027027027027026,37,1,HADOOP-4647,HADOOP,pre_ai,Bug,1
4140,3.883177570093458,214,2,HADOOP-4703,HADOOP,pre_ai,Bug,1
605,2.6595744680851063,47,2,HADOOP-4640,HADOOP,pre_ai,Improvement,0
547,3.861111111111111,36,1,HADOOP-4666,HADOOP,pre_ai,Improvement,0
226,2.6818181818181817,22,1,HADOOP-4429,HADOOP,pre_ai,Bug,1
4791,3.1470588235294117,340,4,HADOOP-5009,HADOOP,pre_ai,Bug,1
9640,3.0809160305343513,655,9,HADOOP-1650,HADOOP,pre_ai,Improvement,0
589,4.111111111111111,36,1,HADOOP-5075,HADOOP,pre_ai,Bug,1
359,2.4705882352941178,34,1,HADOOP-4975,HADOOP,pre_ai,Bug,1
3085,3.400943396226415,212,2,HADOOP-5037,HADOOP,pre_ai,Sub-task,0
1599,5.671232876712328,73,2,HADOOP-5086,HADOOP,pre_ai,Improvement,0
938,2.7794117647058822,68,1,HADOOP-4999,HADOOP,pre_ai,Bug,1
110,2.7142857142857144,7,1,HADOOP-4955,HADOOP,pre_ai,Bug,1
195,3.0714285714285716,14,1,HADOOP-4970,HADOOP,pre_ai,Improvement,0
576,7.571428571428571,14,2,HADOOP-4862,HADOOP,pre_ai,Bug,1
1386,3.6265060240963853,83,5,HADOOP-4671,HADOOP,pre_ai,Bug,1
2712,3.772972972972973,185,3,HADOOP-5045,HADOOP,pre_ai,Sub-task,0
3399,3.510917030567686,229,3,HADOOP-5097,HADOOP,pre_ai,Sub-task,0
4295,3.0669291338582676,254,9,HADOOP-2721,HADOOP,pre_ai,Improvement,0
4731,3.1577380952380953,336,4,HADOOP-5034,HADOOP,pre_ai,New Feature,0
1397,6.2,60,1,HADOOP-5085,HADOOP,pre_ai,Bug,1
687,2.857142857142857,42,3,HADOOP-5138,HADOOP,pre_ai,Bug,1
870,2.579710144927536,69,2,HADOOP-5094,HADOOP,pre_ai,Improvement,0
1925,3.1914893617021276,94,1,HADOOP-3327,HADOOP,pre_ai,Bug,1
84,3.3333333333333335,3,1,HADOOP-4960,HADOOP,pre_ai,Bug,1
2244,4.702127659574468,94,1,HADOOP-5114,HADOOP,pre_ai,Test,0
466,6.666666666666667,9,1,HADOOP-5161,HADOOP,pre_ai,Bug,1
9499,2.9734395750332006,753,10,HADOOP-4368,HADOOP,pre_ai,New Feature,0
3980,3.349090909090909,275,1,HADOOP-5124,HADOOP,pre_ai,Improvement,0
958,2.704225352112676,71,2,HADOOP-5193,HADOOP,pre_ai,Bug,1
141,1.7777777777777777,18,1,HADOOP-4565,HADOOP,pre_ai,Improvement,0
736,3.5681818181818183,44,2,HADOOP-3741,HADOOP,pre_ai,New Feature,0
156,4.5,4,1,HADOOP-4859,HADOOP,pre_ai,Improvement,0
126,3.75,4,1,HADOOP-4959,HADOOP,pre_ai,Bug,1
178,2.076923076923077,13,1,HADOOP-5038,HADOOP,pre_ai,Improvement,0
321,4.875,8,2,HADOOP-5039,HADOOP,pre_ai,Bug,1
89,4.333333333333333,3,1,HADOOP-5100,HADOOP,pre_ai,Bug,1
2917,3.0761421319796955,197,4,HADOOP-5212,HADOOP,pre_ai,Bug,1
886,3.2280701754385963,57,1,HADOOP-5127,HADOOP,pre_ai,Improvement,0
823,2.652173913043478,46,9,HADOOP-5018,HADOOP,pre_ai,New Feature,0
2140,2.0076045627376424,263,6,HADOOP-4942,HADOOP,pre_ai,Sub-task,0
1913,3.1496062992125986,127,1,HADOOP-5166,HADOOP,pre_ai,Bug,1
6426,1.9463087248322148,745,13,HADOOP-4779,HADOOP,pre_ai,Bug,1
662,2.486842105263158,76,1,HADOOP-5067,HADOOP,pre_ai,Bug,1
3231,3.899441340782123,179,3,HADOOP-5192,HADOOP,pre_ai,Bug,1
1022,2.5555555555555554,72,1,HADOOP-4933,HADOOP,pre_ai,Bug,1
2946,3.0646766169154227,201,4,HADOOP-4760,HADOOP,pre_ai,Bug,1
1039,3.1547619047619047,84,1,HADOOP-5225,HADOOP,pre_ai,Bug,1
239,5.571428571428571,7,1,HADOOP-4873,HADOOP,pre_ai,Bug,1
890,3.2280701754385963,57,1,HADOOP-5206,HADOOP,pre_ai,Bug,1
2986,3.3864734299516908,207,1,HADOOP-5134,HADOOP,pre_ai,Bug,1
3323,3.240740740740741,216,3,HADOOP-4885,HADOOP,pre_ai,Improvement,0
726,2.8870967741935485,62,1,HADOOP-5254,HADOOP,pre_ai,Bug,1
1091,3.8,55,1,HADOOP-4692,HADOOP,pre_ai,Bug,1
37,3.0,3,1,HADOOP-5255,HADOOP,pre_ai,Bug,1
3240,2.174757281553398,309,25,HADOOP-1722,HADOOP,pre_ai,Improvement,0
589,4.083333333333333,36,1,HADOOP-5214,HADOOP,pre_ai,Bug,1
2529,3.4507042253521125,142,3,HADOOP-5269,HADOOP,pre_ai,Bug,1
5478,2.8902147971360383,419,5,HADOOP-5233,HADOOP,pre_ai,Bug,1
3732,3.3266129032258065,248,3,HADOOP-5247,HADOOP,pre_ai,Bug,1
1725,4.051546391752577,97,1,HADOOP-5282,HADOOP,pre_ai,Bug,1
3168,3.4285714285714284,217,3,HADOOP-5120,HADOOP,pre_ai,Sub-task,0
2572,5.108695652173913,92,4,HADOOP-5222,HADOOP,pre_ai,Improvement,0
490,3.3703703703703702,27,2,HADOOP-5052,HADOOP,pre_ai,New Feature,0
2208,3.4330708661417324,127,1,HADOOP-4963,HADOOP,pre_ai,Bug,1
237,1.8148148148148149,27,1,HADOOP-5292,HADOOP,pre_ai,Bug,1
4141,2.9123867069486407,331,3,HADOOP-5509,HADOOP,pre_ai,Improvement,0
1495,2.61,100,6,HADOOP-4927,HADOOP,pre_ai,New Feature,0
2662,2.8120805369127515,149,3,HADOOP-5494,HADOOP,pre_ai,Improvement,0
3089,3.4360189573459716,211,1,HADOOP-5644,HADOOP,pre_ai,Bug,1
1895,3.1595744680851063,94,1,HADOOP-5652,HADOOP,pre_ai,Bug,1
1043,4.645833333333333,48,1,HADOOP-5671,HADOOP,pre_ai,Bug,1
719,2.870967741935484,62,1,HADOOP-4944,HADOOP,pre_ai,Improvement,0
2766,2.973821989528796,191,4,HADOOP-5396,HADOOP,pre_ai,Improvement,0
815,4.590909090909091,44,2,HADOOP-5638,HADOOP,pre_ai,Improvement,0
43,1.4,5,1,HADOOP-5691,HADOOP,pre_ai,Bug,1
1163,2.8461538461538463,65,1,HADOOP-5661,HADOOP,pre_ai,Bug,1
4426,3.0034722222222223,288,8,HADOOP-4490,HADOOP,pre_ai,Sub-task,0
3233,3.4724770642201834,218,1,HADOOP-5650,HADOOP,pre_ai,Bug,1
4922,4.100877192982456,228,5,HADOOP-5625,HADOOP,pre_ai,Improvement,0
1972,2.8289473684210527,152,9,HADOOP-5467,HADOOP,pre_ai,New Feature,0
271,1.9310344827586208,29,1,HADOOP-5688,HADOOP,pre_ai,Bug,1
1163,2.8461538461538463,65,1,HADOOP-5709,HADOOP,pre_ai,Bug,1
207,2.0,22,1,HADOOP-5705,HADOOP,pre_ai,Improvement,0
175,2.8125,16,1,HADOOP-5589,HADOOP,pre_ai,Improvement,0
1406,6.216666666666667,60,1,HADOOP-4674,HADOOP,pre_ai,Bug,1
351,4.933333333333334,15,1,HADOOP-5734,HADOOP,pre_ai,Bug,1
3143,3.464788732394366,213,1,HADOOP-5711,HADOOP,pre_ai,Bug,1
266,2.6875,16,2,HADOOP-5752,HADOOP,pre_ai,New Feature,0
153,1.56,25,1,HADOOP-5213,HADOOP,pre_ai,Bug,1
442,2.5833333333333335,36,1,HADOOP-5656,HADOOP,pre_ai,Bug,1
7,1.0,1,1,HADOOP-5613,HADOOP,pre_ai,Improvement,0
5908,2.588807785888078,411,16,HADOOP-5488,HADOOP,pre_ai,Bug,1
6116,2.8651399491094147,393,7,HADOOP-5717,HADOOP,pre_ai,Improvement,0
1697,2.153284671532847,137,8,HADOOP-5266,HADOOP,pre_ai,Improvement,0
1889,3.3622047244094486,127,3,HADOOP-5738,HADOOP,pre_ai,Bug,1
562,2.25,48,3,HADOOP-5364,HADOOP,pre_ai,Improvement,0
313,2.757575757575758,33,2,HADOOP-5596,HADOOP,pre_ai,Improvement,0
2654,2.6601941747572817,206,3,HADOOP-5733,HADOOP,pre_ai,Improvement,0
123,2.4444444444444446,9,1,HADOOP-3426,HADOOP,pre_ai,Bug,1
47,1.3333333333333333,9,1,HADOOP-5727,HADOOP,pre_ai,Improvement,0
230,3.2142857142857144,14,1,HADOOP-5745,HADOOP,pre_ai,New Feature,0
244,1.8181818181818181,33,2,HADOOP-5500,HADOOP,pre_ai,Improvement,0
819,2.0675675675675675,74,2,HADOOP-5726,HADOOP,pre_ai,Improvement,0
676,2.3207547169811322,53,1,HADOOP-5718,HADOOP,pre_ai,Bug,1
309,2.739130434782609,23,1,HADOOP-5719,HADOOP,pre_ai,Bug,1
972,4.653061224489796,49,1,HADOOP-5015,HADOOP,pre_ai,Improvement,0
2059,2.409090909090909,176,1,HADOOP-5476,HADOOP,pre_ai,Bug,1
219,2.4444444444444446,18,1,HADOOP-5349,HADOOP,pre_ai,Bug,1
5301,3.257396449704142,338,3,HADOOP-4372,HADOOP,pre_ai,Improvement,0
1751,4.051020408163265,98,1,HADOOP-5636,HADOOP,pre_ai,Bug,1
2457,2.888888888888889,198,1,HADOOP-5643,HADOOP,pre_ai,New Feature,0
251,2.5294117647058822,17,1,HADOOP-5771,HADOOP,pre_ai,Improvement,0
4580,2.7790697674418605,344,7,HADOOP-5419,HADOOP,pre_ai,Improvement,0
1056,4.625,48,1,HADOOP-5675,HADOOP,pre_ai,Improvement,0
6364,2.559686888454012,511,18,HADOOP-5679,HADOOP,pre_ai,Bug,1
841,2.622950819672131,61,2,HADOOP-5641,HADOOP,pre_ai,Bug,1
7789,3.2566735112936347,487,5,HADOOP-5737,HADOOP,pre_ai,Bug,1
955,4.63265306122449,49,1,HADOOP-5780,HADOOP,pre_ai,Bug,1
1820,2.6232876712328768,146,5,HADOOP-5808,HADOOP,pre_ai,Bug,1
738,1.8255813953488371,86,3,HADOOP-5714,HADOOP,pre_ai,New Feature,0
110,1.6666666666666667,18,4,HADOOP-5203,HADOOP,pre_ai,Bug,1
1217,2.904255319148936,94,2,HADOOP-5823,HADOOP,pre_ai,Bug,1
624,6.25,12,3,HADOOP-5824,HADOOP,pre_ai,Bug,1
2457,2.888888888888889,198,1,HADOOP-5818,HADOOP,pre_ai,Bug,1
407,3.56,25,2,HADOOP-5820,HADOOP,pre_ai,Bug,1
2779,3.2261306532663316,199,5,HADOOP-5721,HADOOP,pre_ai,Improvement,0
1271,2.198675496688742,151,8,HADOOP-5842,HADOOP,pre_ai,Bug,1
11187,3.0,789,22,HADOOP-4359,HADOOP,pre_ai,New Feature,0
1846,3.1549295774647885,142,2,HADOOP-5314,HADOOP,pre_ai,Bug,1
17,1.0,2,2,HADOOP-5855,HADOOP,pre_ai,Bug,1
4278,2.548302872062663,383,12,HADOOP-5838,HADOOP,pre_ai,Improvement,0
8607,2.8895800933125972,643,7,HADOOP-5854,HADOOP,pre_ai,Improvement,0
525,5.464285714285714,28,3,HADOOP-5582,HADOOP,pre_ai,Bug,1
435,2.41025641025641,39,1,HADOOP-5369,HADOOP,pre_ai,Improvement,0
2185,2.2549019607843137,204,5,HADOOP-5835,HADOOP,pre_ai,Bug,1
339,2.2,25,1,HADOOP-5853,HADOOP,pre_ai,Bug,1
3008,3.453125,192,10,HADOOP-5829,HADOOP,pre_ai,Bug,1
3325,2.8905109489051095,274,7,HADOOP-5866,HADOOP,pre_ai,Bug,1
2787,2.952830188679245,212,2,HADOOP-5873,HADOOP,pre_ai,Improvement,0
1343,4.851063829787234,47,6,HADOOP-5857,HADOOP,pre_ai,Improvement,0
2556,3.023121387283237,173,1,HADOOP-5801,HADOOP,pre_ai,Bug,1
1129,1.7065868263473054,167,4,HADOOP-5841,HADOOP,pre_ai,Bug,1
858,2.2242990654205608,107,1,HADOOP-4829,HADOOP,pre_ai,New Feature,0
2443,3.4915254237288136,177,2,HADOOP-5850,HADOOP,pre_ai,Bug,1
926,2.8208955223880596,67,1,HADOOP-5728,HADOOP,pre_ai,Bug,1
9574,2.8341085271317827,645,10,HADOOP-5572,HADOOP,pre_ai,Improvement,0
238,2.130434782608696,23,1,HADOOP-5877,HADOOP,pre_ai,Bug,1
2602,2.0844594594594597,296,6,HADOOP-5687,HADOOP,pre_ai,Improvement,0
925,4.428571428571429,35,1,HADOOP-5252,HADOOP,pre_ai,Bug,1
1161,3.8620689655172415,58,1,HADOOP-5890,HADOOP,pre_ai,Improvement,0
2499,3.0,168,7,HADOOP-5710,HADOOP,pre_ai,Bug,1
9008,2.4504830917874396,828,14,HADOOP-5438,HADOOP,pre_ai,Improvement,0
1065,4.645833333333333,48,1,HADOOP-5472,HADOOP,pre_ai,Bug,1
972,4.653061224489796,49,1,HADOOP-5782,HADOOP,pre_ai,Bug,1
127,7.333333333333333,3,1,HADOOP-5809,HADOOP,pre_ai,Bug,1
244,8.3,10,1,HADOOP-5816,HADOOP,pre_ai,Bug,1
925,2.671875,64,2,HADOOP-5759,HADOOP,pre_ai,Bug,1
1821,2.9430894308943087,123,18,HADOOP-5815,HADOOP,pre_ai,New Feature,0
8695,2.8557993730407523,638,10,HADOOP-5881,HADOOP,pre_ai,Bug,1
1364,3.7285714285714286,70,2,HADOOP-5635,HADOOP,pre_ai,Bug,1
1273,2.91,100,1,HADOOP-5175,HADOOP,pre_ai,New Feature,0
1888,4.928571428571429,98,2,HADOOP-4861,HADOOP,pre_ai,New Feature,0
712,3.3617021276595747,47,1,HADOOP-5856,HADOOP,pre_ai,Bug,1
438,3.0285714285714285,35,1,HADOOP-4864,HADOOP,pre_ai,Bug,1
613,2.5434782608695654,46,2,HADOOP-5883,HADOOP,pre_ai,Bug,1
534,2.1707317073170733,41,1,HADOOP-5895,HADOOP,pre_ai,Bug,1
454,2.7222222222222223,36,1,HADOOP-5805,HADOOP,pre_ai,Bug,1
1069,4.666666666666667,48,1,HADOOP-5620,HADOOP,pre_ai,Improvement,0
3428,2.835978835978836,189,3,HADOOP-5539,HADOOP,pre_ai,Bug,1
101,5.25,4,1,HADOOP-5932,HADOOP,pre_ai,Bug,1
1207,2.9692307692307693,65,1,HADOOP-5664,HADOOP,pre_ai,Improvement,0
211,2.769230769230769,13,1,HADOOP-5896,HADOOP,pre_ai,Improvement,0
1065,3.5285714285714285,70,1,HADOOP-5899,HADOOP,pre_ai,Bug,1
972,4.653061224489796,49,1,HADOOP-5944,HADOOP,pre_ai,Bug,1
25,1.0,7,1,HADOOP-5951,HADOOP,pre_ai,Bug,1
401,3.619047619047619,21,1,HADOOP-5891,HADOOP,pre_ai,Bug,1
253,2.0,27,1,HADOOP-5953,HADOOP,pre_ai,Bug,1
2655,3.0568181818181817,176,2,HADOOP-5784,HADOOP,pre_ai,Improvement,0
1792,4.009708737864078,103,2,HADOOP-5908,HADOOP,pre_ai,Bug,1
1859,3.0104166666666665,96,1,HADOOP-5882,HADOOP,pre_ai,Bug,1
4919,2.9705882352941178,340,3,HADOOP-5924,HADOOP,pre_ai,Bug,1
684,2.5098039215686274,51,3,HADOOP-5836,HADOOP,pre_ai,Bug,1
784,2.6774193548387095,62,2,HADOOP-5861,HADOOP,pre_ai,Bug,1
830,3.4130434782608696,46,6,HADOOP-5844,HADOOP,pre_ai,New Feature,0
1074,4.666666666666667,48,1,HADOOP-5762,HADOOP,pre_ai,Bug,1
537,3.5454545454545454,33,1,HADOOP-5746,HADOOP,pre_ai,Bug,1
437,7.25,12,1,HADOOP-2838,HADOOP,pre_ai,Improvement,0
2288,3.24,150,1,HADOOP-5859,HADOOP,pre_ai,Bug,1
1164,3.8620689655172415,58,1,HADOOP-5961,HADOOP,pre_ai,Improvement,0
898,2.0375,80,2,HADOOP-5884,HADOOP,pre_ai,Bug,1
3143,3.464788732394366,213,1,HADOOP-5937,HADOOP,pre_ai,Bug,1
437,7.25,12,1,HADOOP-5981,HADOOP,pre_ai,Bug,1
941,2.3157894736842106,76,5,HADOOP-5420,HADOOP,pre_ai,Bug,1
1108,2.6582278481012658,79,11,HADOOP-4768,HADOOP,pre_ai,New Feature,0
533,1.828125,64,5,HADOOP-6031,HADOOP,pre_ai,Bug,1
294,2.55,20,1,HADOOP-5980,HADOOP,pre_ai,Bug,1
2555,3.155688622754491,167,1,HADOOP-5921,HADOOP,pre_ai,Bug,1
364,2.4054054054054053,37,1,HADOOP-6017,HADOOP,pre_ai,Bug,1
3517,3.262672811059908,217,5,HADOOP-4041,HADOOP,pre_ai,Bug,1
1121,2.6315789473684212,76,1,HADOOP-5920,HADOOP,pre_ai,Bug,1
7442,2.862778730703259,583,10,HADOOP-2141,HADOOP,pre_ai,Improvement,0
159,2.1176470588235294,17,1,HADOOP-6004,HADOOP,pre_ai,Bug,1
1094,2.6,85,1,HADOOP-6079,HADOOP,pre_ai,Bug,1
3433,2.907563025210084,238,8,HADOOP-5913,HADOOP,pre_ai,New Feature,0
364,2.5789473684210527,38,1,HADOOP-6109,HADOOP,pre_ai,Improvement,0
1420,6.283333333333333,60,1,HADOOP-6080,HADOOP,pre_ai,New Feature,0
1202,2.8076923076923075,104,2,HADOOP-2366,HADOOP,pre_ai,Bug,1
806,2.734375,64,1,HADOOP-6947,HADOOP,pre_ai,Bug,1
572,2.5714285714285716,49,1,HADOOP-6724,HADOOP,pre_ai,Bug,1
596,3.735294117647059,34,1,HADOOP-7006,HADOOP,pre_ai,Bug,1
1070,2.0625,128,1,HADOOP-7010,HADOOP,pre_ai,Improvement,0
79,2.7142857142857144,7,1,HADOOP-6663,HADOOP,pre_ai,Bug,1
147,1.6,25,1,HADOOP-7009,HADOOP,pre_ai,Improvement,0
2237,2.3383084577114426,201,1,HADOOP-6991,HADOOP,pre_ai,Bug,1
180,3.888888888888889,9,1,HADOOP-6996,HADOOP,pre_ai,New Feature,0
2944,1.9361022364217253,313,14,HADOOP-3315,HADOOP,pre_ai,New Feature,0
270,2.7,20,1,HADOOP-7011,HADOOP,pre_ai,Bug,1
30,2.0,1,1,HADOOP-6818,HADOOP,pre_ai,Improvement,0
155,2.6153846153846154,13,1,HADOOP-6975,HADOOP,pre_ai,Bug,1
71,1.1666666666666667,12,1,HADOOP-6926,HADOOP,pre_ai,Bug,1
546,2.0961538461538463,52,1,HADOOP-6758,HADOOP,pre_ai,Bug,1
1074,2.054263565891473,129,1,HADOOP-7024,HADOOP,pre_ai,Test,0
259,2.4615384615384617,13,2,HADOOP-4675,HADOOP,pre_ai,Improvement,0
669,2.3214285714285716,84,3,HADOOP-6899,HADOOP,pre_ai,Bug,1
174,1.5357142857142858,28,1,HADOOP-7032,HADOOP,pre_ai,Improvement,0
184,1.9523809523809523,21,1,HADOOP-7013,HADOOP,pre_ai,Improvement,0
432,2.017543859649123,57,1,HADOOP-7015,HADOOP,pre_ai,Bug,1
248,2.0833333333333335,24,1,HADOOP-6683,HADOOP,pre_ai,Sub-task,0
2149,2.0306122448979593,196,9,HADOOP-6903,HADOOP,pre_ai,Improvement,0
2844,1.9676375404530744,309,6,HADOOP-7023,HADOOP,pre_ai,Improvement,0
1307,2.7523809523809524,105,6,HADOOP-7001,HADOOP,pre_ai,Task,0
94,2.4545454545454546,11,1,HADOOP-7057,HADOOP,pre_ai,Bug,1
283,2.45,20,1,HADOOP-6939,HADOOP,pre_ai,Bug,1
94,2.090909090909091,11,1,HADOOP-7058,HADOOP,pre_ai,Improvement,0
2054,2.6013071895424837,153,5,HADOOP-6764,HADOOP,pre_ai,Improvement,0
484,2.1724137931034484,58,2,HADOOP-6298,HADOOP,pre_ai,Improvement,0
1638,2.8405797101449277,138,2,HADOOP-7082,HADOOP,pre_ai,Bug,1
2646,2.756521739130435,230,4,HADOOP-6578,HADOOP,pre_ai,Improvement,0
785,2.453125,64,1,HADOOP-7070,HADOOP,pre_ai,Bug,1
103,4.166666666666667,6,1,HADOOP-6995,HADOOP,pre_ai,Improvement,0
2269,2.323529411764706,204,1,HADOOP-7087,HADOOP,pre_ai,Bug,1
2266,2.3186274509803924,204,1,HADOOP-7102,HADOOP,pre_ai,Bug,1
822,2.8125,64,1,HADOOP-7101,HADOOP,pre_ai,Bug,1
779,2.2982456140350878,57,3,HADOOP-7093,HADOOP,pre_ai,Bug,1
1090,2.739130434782609,92,2,HADOOP-7046,HADOOP,pre_ai,Bug,1
528,1.8615384615384616,65,2,HADOOP-7110,HADOOP,pre_ai,Improvement,0
1010,2.8214285714285716,84,1,HADOOP-7118,HADOOP,pre_ai,Bug,1
278,1.9375,32,1,HADOOP-7122,HADOOP,pre_ai,Bug,1
429,2.0,57,1,HADOOP-7126,HADOOP,pre_ai,Bug,1
380,2.2666666666666666,30,2,HADOOP-6642,HADOOP,pre_ai,Bug,1
133,1.6666666666666667,15,1,HADOOP-7129,HADOOP,pre_ai,Bug,1
2451,2.2758620689655173,232,3,HADOOP-6432,HADOOP,pre_ai,New Feature,0
152,3.0833333333333335,12,1,HADOOP-7096,HADOOP,pre_ai,Improvement,0
2266,2.3186274509803924,204,1,HADOOP-7048,HADOOP,pre_ai,Improvement,0
1377,3.5625,80,1,HADOOP-7140,HADOOP,pre_ai,Bug,1
1015,2.8,85,1,HADOOP-7145,HADOOP,pre_ai,Bug,1
109,1.3333333333333333,18,1,HADOOP-7153,HADOOP,pre_ai,Improvement,0
242,3.0,13,1,HADOOP-7112,HADOOP,pre_ai,Improvement,0
62,1.0,11,1,HADOOP-6754,HADOOP,pre_ai,Bug,1
1436,5.348484848484849,66,2,HADOOP-7114,HADOOP,pre_ai,Improvement,0
1534,6.21875,64,1,HADOOP-7162,HADOOP,pre_ai,Bug,1
1108,2.0074626865671643,134,1,HADOOP-7178,HADOOP,pre_ai,Bug,1
303,1.9655172413793103,29,2,HADOOP-7445,HADOOP,pre_ai,Improvement,0
526,2.7096774193548385,31,6,HADOOP-7961,HADOOP,pre_ai,Sub-task,0
40,1.0,4,3,HADOOP-7455,HADOOP,pre_ai,Sub-task,0
911,2.859154929577465,71,1,HADOOP-7472,HADOOP,pre_ai,Improvement,0
421,2.735294117647059,34,4,HADOOP-7499,HADOOP,pre_ai,Bug,1
66,1.7142857142857142,7,1,HADOOP-6158,HADOOP,pre_ai,Task,0
141,1.7222222222222223,18,1,HADOOP-6622,HADOOP,pre_ai,Bug,1
83,1.7777777777777777,9,1,HADOOP-7531,HADOOP,pre_ai,Improvement,0
81,1.5,14,1,HADOOP-7529,HADOOP,pre_ai,Bug,1
1433,3.441860465116279,86,1,HADOOP-7545,HADOOP,pre_ai,Bug,1
65,1.4166666666666667,12,1,HADOOP-7493,HADOOP,pre_ai,New Feature,0
269,1.0857142857142856,35,3,HADOOP-7264,HADOOP,pre_ai,Improvement,0
8365,2.6175595238095237,672,14,HADOOP-7515,HADOOP,pre_ai,Sub-task,0
454,3.607142857142857,28,1,HADOOP-7243,HADOOP,pre_ai,Bug,1
1311,2.3962264150943398,106,2,HADOOP-7539,HADOOP,pre_ai,Bug,1
377,3.1363636363636362,22,2,HADOOP-7576,HADOOP,pre_ai,Bug,1
598,2.217391304347826,46,1,HADOOP-7593,HADOOP,pre_ai,Bug,1
1463,2.3716814159292037,113,18,HADOOP-7579,HADOOP,pre_ai,Task,0
558,2.0444444444444443,45,1,HADOOP-7594,HADOOP,pre_ai,New Feature,0
1048,2.5591397849462365,93,3,HADOOP-7552,HADOOP,pre_ai,Improvement,0
1891,1.7320754716981133,265,17,HADOOP-7547,HADOOP,pre_ai,Bug,1
291,2.1923076923076925,26,1,HADOOP-7580,HADOOP,pre_ai,Bug,1
3150,2.7532467532467533,231,6,HADOOP-7524,HADOOP,pre_ai,Sub-task,0
346,3.3529411764705883,17,2,HADOOP-7507,HADOOP,pre_ai,Bug,1
1222,2.510869565217391,92,14,HADOOP-7119,HADOOP,pre_ai,New Feature,0
2265,2.3186274509803924,204,1,HADOOP-7568,HADOOP,pre_ai,Bug,1
962,1.6989247311827957,93,4,HADOOP-7607,HADOOP,pre_ai,Improvement,0
101,1.5833333333333333,12,1,HADOOP-7608,HADOOP,pre_ai,Bug,1
613,2.1875,48,1,HADOOP-7639,HADOOP,pre_ai,Bug,1
122,1.9,10,3,HADOOP-7635,HADOOP,pre_ai,Improvement,0
294,2.230769230769231,26,1,HADOOP-7575,HADOOP,pre_ai,Bug,1
2182,1.648936170212766,188,2,HADOOP-6223,HADOOP,pre_ai,Sub-task,0
206,3.0714285714285716,14,1,HADOOP-6344,HADOOP,pre_ai,Bug,1
497,1.8571428571428572,70,3,HADOOP-6313,HADOOP,pre_ai,New Feature,0
381,2.0,37,1,HADOOP-6343,HADOOP,pre_ai,Improvement,0
422,2.0,33,2,HADOOP-6337,HADOOP,pre_ai,New Feature,0
1506,6.222222222222222,63,1,HADOOP-6314,HADOOP,pre_ai,Bug,1
1086,2.902439024390244,82,2,HADOOP-6367,HADOOP,pre_ai,Improvement,0
802,2.8955223880597014,67,1,HADOOP-6269,HADOOP,pre_ai,Bug,1
1507,6.222222222222222,63,1,HADOOP-6375,HADOOP,pre_ai,Bug,1
2113,2.412087912087912,182,1,HADOOP-6307,HADOOP,pre_ai,Improvement,0
232,2.608695652173913,23,1,HADOOP-6400,HADOOP,pre_ai,Improvement,0
154,1.7407407407407407,27,1,HADOOP-6396,HADOOP,pre_ai,Bug,1
510,2.8333333333333335,36,1,HADOOP-6254,HADOOP,pre_ai,Bug,1
362,2.44,25,1,HADOOP-6428,HADOOP,pre_ai,Bug,1
1146,2.943820224719101,89,2,HADOOP-6346,HADOOP,pre_ai,Task,0
184,1.4285714285714286,21,1,HADOOP-6422,HADOOP,pre_ai,Sub-task,0
78,2.0,6,1,HADOOP-6433,HADOOP,pre_ai,New Feature,0
1512,6.238095238095238,63,1,HADOOP-6414,HADOOP,pre_ai,Bug,1
139,1.6666666666666667,18,1,HADOOP-5958,HADOOP,pre_ai,Bug,1
452,2.1142857142857143,35,1,HADOOP-6441,HADOOP,pre_ai,Bug,1
143,1.4666666666666666,15,3,HADOOP-6415,HADOOP,pre_ai,New Feature,0
3745,2.338368580060423,331,13,HADOOP-6323,HADOOP,pre_ai,New Feature,0
468,2.135135135135135,37,1,HADOOP-6434,HADOOP,pre_ai,Improvement,0
119,2.4444444444444446,9,1,HADOOP-6452,HADOOP,pre_ai,Bug,1
184,1.4285714285714286,21,1,HADOOP-6435,HADOOP,pre_ai,Improvement,0
896,3.2241379310344827,58,1,HADOOP-6460,HADOOP,pre_ai,Bug,1
3745,2.338368580060423,331,13,HADOOP-6443,HADOOP,pre_ai,Improvement,0
1727,2.6412213740458017,131,9,HADOOP-4656,HADOOP,pre_ai,Improvement,0
911,2.094736842105263,95,3,HADOOP-3205,HADOOP,pre_ai,Bug,1
3745,2.338368580060423,331,13,HADOOP-6420,HADOOP,pre_ai,Improvement,0
116,1.3181818181818181,22,1,HADOOP-6315,HADOOP,pre_ai,Bug,1
1542,2.624,125,3,HADOOP-6408,HADOOP,pre_ai,New Feature,0
1008,2.659090909090909,88,3,HADOOP-6489,HADOOP,pre_ai,Bug,1
263,1.4516129032258065,31,5,HADOOP-6492,HADOOP,pre_ai,Improvement,0
32,1.0,7,1,HADOOP-6497,HADOOP,pre_ai,New Feature,0
125,1.4285714285714286,14,2,HADOOP-6495,HADOOP,pre_ai,Bug,1
569,2.5510204081632653,49,1,HADOOP-6498,HADOOP,pre_ai,Bug,1
3239,2.444055944055944,286,15,HADOOP-6299,HADOOP,pre_ai,Improvement,0
375,2.121212121212121,33,1,HADOOP-6517,HADOOP,pre_ai,New Feature,0
90,1.5,10,1,HADOOP-6520,HADOOP,pre_ai,Bug,1
384,2.1818181818181817,33,1,HADOOP-6518,HADOOP,pre_ai,Improvement,0
545,2.0681818181818183,44,1,HADOOP-6386,HADOOP,pre_ai,Bug,1
3057,2.670995670995671,231,15,HADOOP-6419,HADOOP,pre_ai,New Feature,0
5423,2.2030075187969924,532,45,HADOOP-6155,HADOOP,pre_ai,Task,0
582,3.7058823529411766,34,1,HADOOP-6531,HADOOP,pre_ai,Improvement,0
384,2.1818181818181817,33,1,HADOOP-6538,HADOOP,pre_ai,Sub-task,0
471,1.9777777777777779,45,4,HADOOP-6547,HADOOP,pre_ai,New Feature,0
450,2.142857142857143,42,1,HADOOP-6552,HADOOP,pre_ai,Bug,1
199,2.090909090909091,22,1,HADOOP-6522,HADOOP,pre_ai,Bug,1
2578,2.924324324324324,185,7,HADOOP-6510,HADOOP,pre_ai,New Feature,0
220,2.4444444444444446,18,1,HADOOP-6534,HADOOP,pre_ai,Improvement,0
858,2.8412698412698414,63,3,HADOOP-6548,HADOOP,pre_ai,Bug,1
1183,2.515151515151515,99,2,HADOOP-6559,HADOOP,pre_ai,Improvement,0
555,2.066666666666667,60,1,HADOOP-6560,HADOOP,pre_ai,Bug,1
192,1.4090909090909092,22,1,HADOOP-6570,HADOOP,pre_ai,Bug,1
558,2.0491803278688523,61,1,HADOOP-6558,HADOOP,pre_ai,Bug,1
274,2.4444444444444446,18,1,HADOOP-6551,HADOOP,pre_ai,Bug,1
1136,3.7384615384615385,65,1,HADOOP-6572,HADOOP,pre_ai,Bug,1
1234,3.7384615384615385,65,2,HADOOP-6577,HADOOP,pre_ai,Bug,1
1053,2.5043478260869567,115,1,HADOOP-6545,HADOOP,pre_ai,Bug,1
1211,3.6231884057971016,69,2,HADOOP-6583,HADOOP,pre_ai,Improvement,0
372,2.5384615384615383,39,1,HADOOP-7131,HADOOP,pre_ai,Improvement,0
1370,3.5185185185185186,81,1,HADOOP-7159,HADOOP,pre_ai,Improvement,0
789,2.484375,64,1,HADOOP-6912,HADOOP,pre_ai,Bug,1
847,3.1923076923076925,52,2,HADOOP-7133,HADOOP,pre_ai,Improvement,0
86,1.1666666666666667,6,1,HADOOP-7156,HADOOP,pre_ai,Bug,1
89,2.2857142857142856,7,1,HADOOP-7177,HADOOP,pre_ai,Improvement,0
35,1.0,5,1,HADOOP-7166,HADOOP,pre_ai,Improvement,0
236,2.9375,16,1,HADOOP-7175,HADOOP,pre_ai,Bug,1
12377,2.8119022316684377,941,23,HADOOP-6421,HADOOP,pre_ai,New Feature,0
105,1.7692307692307692,13,1,HADOOP-7180,HADOOP,pre_ai,Improvement,0
2084,2.9872611464968153,157,4,HADOOP-6949,HADOOP,pre_ai,Improvement,0
1438,5.363636363636363,66,2,HADOOP-7204,HADOOP,pre_ai,Bug,1
1535,6.21875,64,1,HADOOP-7193,HADOOP,pre_ai,Improvement,0
1538,6.234375,64,1,HADOOP-7174,HADOOP,pre_ai,Bug,1
178,2.0,12,1,HADOOP-7187,HADOOP,pre_ai,Bug,1
100,2.5454545454545454,11,1,HADOOP-7194,HADOOP,pre_ai,Bug,1
138,4.125,8,1,HADOOP-7210,HADOOP,pre_ai,Bug,1
1827,4.653061224489796,98,5,HADOOP-7202,HADOOP,pre_ai,Improvement,0
1775,4.858695652173913,92,4,HADOOP-7216,HADOOP,pre_ai,Bug,1
1075,2.054263565891473,129,1,HADOOP-6898,HADOOP,pre_ai,Bug,1
3065,1.8695652173913044,345,6,HADOOP-6994,HADOOP,pre_ai,Improvement,0
2203,1.7377777777777779,225,35,HADOOP-7190,HADOOP,pre_ai,Bug,1
2783,2.0738255033557045,298,5,HADOOP-7223,HADOOP,pre_ai,Bug,1
1875,4.476190476190476,105,5,HADOOP-7224,HADOOP,pre_ai,Improvement,0
934,2.27027027027027,74,1,HADOOP-7171,HADOOP,pre_ai,Bug,1
48,1.2,5,1,HADOOP-7231,HADOOP,pre_ai,Bug,1
789,2.484375,64,1,HADOOP-7229,HADOOP,pre_ai,Bug,1
1574,6.136363636363637,66,1,HADOOP-7207,HADOOP,pre_ai,Bug,1
119,2.5714285714285716,7,1,HADOOP-7172,HADOOP,pre_ai,Bug,1
1864,4.1,110,5,HADOOP-7233,HADOOP,pre_ai,Improvement,0
595,2.217391304347826,46,5,HADOOP-7232,HADOOP,pre_ai,Bug,1
1487,5.753846153846154,65,1,HADOOP-7241,HADOOP,pre_ai,Improvement,0
1066,2.4634146341463414,82,2,HADOOP-7143,HADOOP,pre_ai,Bug,1
1726,4.217821782178218,101,4,HADOOP-7235,HADOOP,pre_ai,Improvement,0
588,1.5961538461538463,52,5,HADOOP-7247,HADOOP,pre_ai,Improvement,0
1809,3.8508771929824563,114,6,HADOOP-7236,HADOOP,pre_ai,Improvement,0
1415,5.014285714285714,70,3,HADOOP-7250,HADOOP,pre_ai,Improvement,0
138,1.7,20,1,HADOOP-7183,HADOOP,pre_ai,Bug,1
156,1.0833333333333333,12,2,HADOOP-7245,HADOOP,pre_ai,Bug,1
1756,3.6607142857142856,112,6,HADOOP-7249,HADOOP,pre_ai,Improvement,0
1223,5.137931034482759,58,3,HADOOP-7251,HADOOP,pre_ai,Improvement,0
98,1.9090909090909092,11,1,HADOOP-7265,HADOOP,pre_ai,Improvement,0
1208,5.017543859649122,57,3,HADOOP-7238,HADOOP,pre_ai,Improvement,0
5163,1.6981450252951096,593,15,HADOOP-7257,HADOOP,pre_ai,New Feature,0
920,2.2567567567567566,74,1,HADOOP-7268,HADOOP,pre_ai,Bug,1
1977,3.263157894736842,133,11,HADOOP-7271,HADOOP,pre_ai,Improvement,0
1422,3.5853658536585367,82,1,HADOOP-7272,HADOOP,pre_ai,Improvement,0
765,2.2794117647058822,68,3,HADOOP-6920,HADOOP,pre_ai,Sub-task,0
58,1.75,4,2,HADOOP-7214,HADOOP,pre_ai,New Feature,0
1049,5.22,50,3,HADOOP-7275,HADOOP,pre_ai,Improvement,0
3818,1.828978622327791,421,76,HADOOP-6919,HADOOP,pre_ai,Sub-task,0
989,4.764705882352941,51,3,HADOOP-7237,HADOOP,pre_ai,Improvement,0
941,4.510204081632653,49,3,HADOOP-7267,HADOOP,pre_ai,Improvement,0
781,2.492063492063492,63,1,HADOOP-7189,HADOOP,pre_ai,Improvement,0
90,2.4545454545454546,11,1,HADOOP-7274,HADOOP,pre_ai,Bug,1
862,4.5227272727272725,44,3,HADOOP-7285,HADOOP,pre_ai,Improvement,0
177,1.7857142857142858,28,1,HADOOP-7296,HADOOP,pre_ai,Bug,1
1345,3.5316455696202533,79,1,HADOOP-7282,HADOOP,pre_ai,Bug,1
1483,2.814516129032258,124,2,HADOOP-7300,HADOOP,pre_ai,Bug,1
1284,2.9072164948453607,97,7,HADOOP-7286,HADOOP,pre_ai,Improvement,0
41,1.25,8,1,HADOOP-7301,HADOOP,pre_ai,Improvement,0
104,1.4166666666666667,12,1,HADOOP-6832,HADOOP,pre_ai,New Feature,0
765,2.2794117647058822,68,3,HADOOP-7306,HADOOP,pre_ai,Improvement,0
149,1.6,25,1,HADOOP-7318,HADOOP,pre_ai,Bug,1
1015,2.891566265060241,83,1,HADOOP-7287,HADOOP,pre_ai,Bug,1
126,1.4285714285714286,21,1,HADOOP-6114,HADOOP,pre_ai,Bug,1
584,2.5294117647058822,51,1,HADOOP-6099,HADOOP,pre_ai,Improvement,0
1422,6.283333333333333,60,1,HADOOP-6139,HADOOP,pre_ai,Bug,1
1425,6.283333333333333,60,1,HADOOP-6145,HADOOP,pre_ai,Bug,1
1096,1.7777777777777777,72,3,HADOOP-6148,HADOOP,pre_ai,Improvement,0
1783,2.119047619047619,210,3,HADOOP-6138,HADOOP,pre_ai,Bug,1
378,1.972972972972973,37,1,HADOOP-6132,HADOOP,pre_ai,Bug,1
1092,1.875,128,1,HADOOP-6150,HADOOP,pre_ai,Improvement,0
194,1.5,24,5,HADOOP-6120,HADOOP,pre_ai,New Feature,0
205,3.142857142857143,14,1,HADOOP-6180,HADOOP,pre_ai,Bug,1
217,2.9285714285714284,14,1,HADOOP-6176,HADOOP,pre_ai,Test,0
205,2.5238095238095237,21,1,HADOOP-6177,HADOOP,pre_ai,Bug,1
2053,1.8008130081300813,246,6,HADOOP-6169,HADOOP,pre_ai,Bug,1
341,1.471698113207547,53,1,HADOOP-6201,HADOOP,pre_ai,Improvement,0
80,1.0,18,2,HADOOP-6182,HADOOP,pre_ai,Improvement,0
1096,1.7777777777777777,72,3,HADOOP-6166,HADOOP,pre_ai,Improvement,0
211,2.769230769230769,13,1,HADOOP-6213,HADOOP,pre_ai,Sub-task,0
822,2.788732394366197,71,1,HADOOP-6184,HADOOP,pre_ai,Bug,1
211,2.769230769230769,13,1,HADOOP-6215,HADOOP,pre_ai,Bug,1
825,2.788732394366197,71,1,HADOOP-6227,HADOOP,pre_ai,Bug,1
3745,2.338368580060423,331,13,HADOOP-6165,HADOOP,pre_ai,New Feature,0
977,2.902439024390244,82,1,HADOOP-6105,HADOOP,pre_ai,Improvement,0
401,1.9821428571428572,56,2,HADOOP-6229,HADOOP,pre_ai,Bug,1
269,2.0,31,1,HADOOP-6230,HADOOP,pre_ai,Sub-task,0
492,2.7777777777777777,36,1,HADOOP-6009,HADOOP,pre_ai,Bug,1
1709,5.64935064935065,77,2,HADOOP-6203,HADOOP,pre_ai,Improvement,0
939,2.1176470588235294,119,2,HADOOP-6235,HADOOP,pre_ai,New Feature,0
973,2.925925925925926,81,1,HADOOP-6252,HADOOP,pre_ai,Improvement,0
2105,2.3977900552486187,181,1,HADOOP-6196,HADOOP,pre_ai,Bug,1
151,1.6666666666666667,27,1,HADOOP-6246,HADOOP,pre_ai,Improvement,0
635,1.5227272727272727,88,7,HADOOP-5879,HADOOP,pre_ai,Improvement,0
85,2.125,8,1,HADOOP-6216,HADOOP,pre_ai,Improvement,0
541,2.25,44,2,HADOOP-6151,HADOOP,pre_ai,Bug,1
2120,2.6809815950920246,163,16,HADOOP-4012,HADOOP,pre_ai,New Feature,0
825,2.203883495145631,103,1,HADOOP-6231,HADOOP,pre_ai,Bug,1
281,1.4324324324324325,37,4,HADOOP-6170,HADOOP,pre_ai,Sub-task,0
765,2.5,82,1,HADOOP-6270,HADOOP,pre_ai,New Feature,0
1810,2.3853658536585365,205,3,HADOOP-6271,HADOOP,pre_ai,Improvement,0
1752,2.353233830845771,201,4,HADOOP-6240,HADOOP,pre_ai,Bug,1
417,2.0,33,1,HADOOP-6285,HADOOP,pre_ai,Bug,1
653,2.59375,64,1,HADOOP-6286,HADOOP,pre_ai,Bug,1
576,3.757575757575758,33,1,HADOOP-6283,HADOOP,pre_ai,Bug,1
143,2.25,8,1,HADOOP-6279,HADOOP,pre_ai,Improvement,0
997,2.8780487804878048,82,1,HADOOP-6312,HADOOP,pre_ai,Improvement,0
546,2.05,60,1,HADOOP-6097,HADOOP,pre_ai,Bug,1
442,3.0,38,2,HADOOP-6334,HADOOP,pre_ai,Bug,1
47,6.0,1,1,HADOOP-7621,HADOOP,pre_ai,Bug,1
470,2.8620689655172415,29,2,HADOOP-7674,HADOOP,pre_ai,Bug,1
258,1.088235294117647,34,3,HADOOP-7646,HADOOP,pre_ai,Bug,1
613,2.1875,48,1,HADOOP-7662,HADOOP,pre_ai,Bug,1
133,1.6666666666666667,15,1,HADOOP-7687,HADOOP,pre_ai,Improvement,0
617,2.2083333333333335,48,1,HADOOP-6220,HADOOP,pre_ai,Bug,1
3676,2.4144927536231884,345,16,HADOOP-6233,HADOOP,pre_ai,Improvement,0
470,2.263157894736842,38,1,HADOOP-7716,HADOOP,pre_ai,Improvement,0
648,2.111111111111111,54,1,HADOOP-7703,HADOOP,pre_ai,Bug,1
2672,3.165745856353591,181,3,HADOOP-7469,HADOOP,pre_ai,Sub-task,0
235,7.666666666666667,6,1,HADOOP-7704,HADOOP,pre_ai,Bug,1
475,1.851063829787234,47,1,HADOOP-7695,HADOOP,pre_ai,Bug,1
110,1.5555555555555556,9,1,HADOOP-7705,HADOOP,pre_ai,New Feature,0
351,2.923076923076923,26,1,HADOOP-7749,HADOOP,pre_ai,Improvement,0
773,2.1,80,2,HADOOP-7602,HADOOP,pre_ai,Bug,1
236,7.666666666666667,6,1,HADOOP-7769,HADOOP,pre_ai,Bug,1
620,2.183673469387755,49,1,HADOOP-7764,HADOOP,pre_ai,Bug,1
271,2.1538461538461537,26,2,HADOOP-7761,HADOOP,pre_ai,Improvement,0
214,1.5517241379310345,29,1,HADOOP-7778,HADOOP,pre_ai,Bug,1
1099,1.5,114,2,HADOOP-7770,HADOOP,pre_ai,Bug,1
756,3.2241379310344827,58,6,HADOOP-7772,HADOOP,pre_ai,Improvement,0
150,2.5,10,1,HADOOP-7774,HADOOP,pre_ai,Sub-task,0
1864,1.7256637168141593,226,3,HADOOP-7773,HADOOP,pre_ai,Sub-task,0
756,2.4347826086956523,69,4,HADOOP-7771,HADOOP,pre_ai,Bug,1
307,2.066666666666667,30,1,HADOOP-7785,HADOOP,pre_ai,Improvement,0
843,2.353846153846154,65,1,HADOOP-7786,HADOOP,pre_ai,Improvement,0
5368,2.7506702412868633,373,10,HADOOP-7792,HADOOP,pre_ai,Improvement,0
3223,2.73728813559322,236,5,HADOOP-7776,HADOOP,pre_ai,Sub-task,0
1506,2.442953020134228,149,1,HADOOP-7664,HADOOP,pre_ai,Improvement,0
1360,5.027777777777778,36,55,HADOOP-7782,HADOOP,pre_ai,Bug,1
2302,3.2733333333333334,150,5,HADOOP-6543,HADOOP,pre_ai,Improvement,0
581,2.064516129032258,62,1,HADOOP-6467,HADOOP,pre_ai,Improvement,0
125,1.9411764705882353,17,1,HADOOP-6596,HADOOP,pre_ai,Improvement,0
2135,3.12,125,8,HADOOP-6568,HADOOP,pre_ai,Sub-task,0
269,2.4210526315789473,19,1,HADOOP-6573,HADOOP,pre_ai,New Feature,0
888,3.245614035087719,57,1,HADOOP-1849,HADOOP,pre_ai,Improvement,0
1592,3.619565217391304,92,3,HADOOP-6589,HADOOP,pre_ai,Improvement,0
1638,3.1346153846153846,104,6,HADOOP-6599,HADOOP,pre_ai,Improvement,0
1360,2.682242990654206,107,9,HADOOP-6537,HADOOP,pre_ai,Improvement,0
11675,2.392857142857143,868,81,HADOOP-7590,HADOOP,pre_ai,Sub-task,0
591,2.0634920634920637,63,1,HADOOP-6591,HADOOP,pre_ai,Bug,1
193,1.2,20,1,HADOOP-6546,HADOOP,pre_ai,Bug,1
1513,6.140625,64,1,HADOOP-6593,HADOOP,pre_ai,Bug,1
202,2.0434782608695654,23,1,HADOOP-6609,HADOOP,pre_ai,Bug,1
594,2.0793650793650795,63,1,HADOOP-6645,HADOOP,pre_ai,Bug,1
235,2.088235294117647,34,2,HADOOP-6566,HADOOP,pre_ai,New Feature,0
3043,3.048888888888889,225,1,HADOOP-6569,HADOOP,pre_ai,Improvement,0
1064,2.5130434782608697,115,1,HADOOP-6640,HADOOP,pre_ai,Bug,1
1984,2.9285714285714284,140,4,HADOOP-6580,HADOOP,pre_ai,New Feature,0
1054,2.6702127659574466,94,1,HADOOP-6439,HADOOP,pre_ai,Bug,1
298,4.25,20,5,HADOOP-6658,HADOOP,pre_ai,Sub-task,0
162,1.0,40,1,HADOOP-6690,HADOOP,pre_ai,Bug,1
187,1.0,32,1,HADOOP-6719,HADOOP,pre_ai,Bug,1
1301,3.5324675324675323,77,2,HADOOP-6686,HADOOP,pre_ai,Improvement,0
8331,2.660431654676259,695,26,HADOOP-6471,HADOOP,pre_ai,Improvement,0
449,2.7435897435897436,39,1,HADOOP-6657,HADOOP,pre_ai,Improvement,0
1218,2.4710743801652892,121,2,HADOOP-6521,HADOOP,pre_ai,Bug,1
67,1.4285714285714286,7,1,HADOOP-6717,HADOOP,pre_ai,Improvement,0
196,1.4545454545454546,22,1,HADOOP-6667,HADOOP,pre_ai,Improvement,0
326,2.6285714285714286,35,3,HADOOP-6710,HADOOP,pre_ai,Bug,1
907,3.2203389830508473,59,1,HADOOP-6713,HADOOP,pre_ai,Improvement,0
455,3.6923076923076925,26,1,HADOOP-6703,HADOOP,pre_ai,Bug,1
238,3.1052631578947367,19,1,HADOOP-6722,HADOOP,pre_ai,Bug,1
866,2.579710144927536,69,1,HADOOP-6678,HADOOP,pre_ai,Improvement,0
88,3.4285714285714284,7,1,HADOOP-6634,HADOOP,pre_ai,Bug,1
3745,2.338368580060423,331,13,HADOOP-6698,HADOOP,pre_ai,Bug,1
519,2.236842105263158,38,1,HADOOP-6515,HADOOP,pre_ai,Improvement,0
874,2.557142857142857,70,1,HADOOP-6563,HADOOP,pre_ai,Test,0
1974,2.2429378531073447,177,10,HADOOP-6677,HADOOP,pre_ai,Bug,1
874,2.557142857142857,70,1,HADOOP-6730,HADOOP,pre_ai,Bug,1
871,2.557142857142857,70,1,HADOOP-6727,HADOOP,pre_ai,Bug,1
66,1.5555555555555556,9,1,HADOOP-6669,HADOOP,pre_ai,Bug,1
468,2.8,40,1,HADOOP-6623,HADOOP,pre_ai,Improvement,0
587,3.7058823529411766,34,1,HADOOP-6631,HADOOP,pre_ai,Bug,1
68,1.5714285714285714,7,1,HADOOP-6763,HADOOP,pre_ai,Bug,1
752,4.257142857142857,35,1,HADOOP-6612,HADOOP,pre_ai,Bug,1
332,3.2142857142857144,14,2,HADOOP-6761,HADOOP,pre_ai,Improvement,0
1520,6.15625,64,1,HADOOP-6627,HADOOP,pre_ai,Bug,1
1306,3.5866666666666664,75,1,HADOOP-6781,HADOOP,pre_ai,Bug,1
1527,6.171875,64,1,HADOOP-6714,HADOOP,pre_ai,Improvement,0
270,2.35,20,1,HADOOP-6778,HADOOP,pre_ai,Bug,1
339,2.2,25,1,HADOOP-6760,HADOOP,pre_ai,Bug,1
711,2.8518518518518516,54,1,HADOOP-6723,HADOOP,pre_ai,Bug,1
381,2.1944444444444446,36,3,HADOOP-6644,HADOOP,pre_ai,Bug,1
2082,2.8835616438356166,146,4,HADOOP-6581,HADOOP,pre_ai,New Feature,0
589,2.1956521739130435,46,1,HADOOP-6461,HADOOP,pre_ai,Bug,1
1096,2.9186046511627906,86,3,HADOOP-6791,HADOOP,pre_ai,Improvement,0
1921,2.287958115183246,191,4,HADOOP-6787,HADOOP,pre_ai,Bug,1
1276,2.855769230769231,104,3,HADOOP-7215,HADOOP,pre_ai,Bug,1
433,3.3214285714285716,28,3,HADOOP-7258,HADOOP,pre_ai,Bug,1
238,7.666666666666667,6,1,HADOOP-7329,HADOOP,pre_ai,Improvement,0
7176,2.855917667238422,583,15,HADOOP-6585,HADOOP,pre_ai,Improvement,0
939,2.0470588235294116,85,8,HADOOP-7320,HADOOP,pre_ai,Improvement,0
2390,2.852216748768473,203,4,HADOOP-7322,HADOOP,pre_ai,Bug,1
1369,3.5185185185185186,81,1,HADOOP-7146,HADOOP,pre_ai,Bug,1
1096,1.7777777777777777,72,3,HADOOP-7333,HADOOP,pre_ai,Improvement,0
207,1.8095238095238095,21,1,HADOOP-7330,HADOOP,pre_ai,Bug,1
62,1.25,8,1,HADOOP-7208,HADOOP,pre_ai,Bug,1
568,1.4,5,1,HADOOP-7337,HADOOP,pre_ai,Improvement,0
589,2.1956521739130435,46,1,HADOOP-7351,HADOOP,pre_ai,Bug,1
592,2.1956521739130435,46,1,HADOOP-7355,HADOOP,pre_ai,Improvement,0
366,1.537037037037037,54,5,HADOOP-7316,HADOOP,pre_ai,Improvement,0
1973,1.6974358974358974,195,8,HADOOP-7284,HADOOP,pre_ai,Bug,1
2390,2.852216748768473,203,4,HADOOP-7342,HADOOP,pre_ai,Bug,1
739,2.62,50,3,HADOOP-7144,HADOOP,pre_ai,New Feature,0
1412,3.5365853658536586,82,1,HADOOP-7346,HADOOP,pre_ai,Improvement,0
691,1.7875,80,6,HADOOP-7353,HADOOP,pre_ai,Bug,1
208,3.727272727272727,11,2,HADOOP-7323,HADOOP,pre_ai,Improvement,0
1094,2.0,133,1,HADOOP-1886,HADOOP,pre_ai,Improvement,0
938,2.223684210526316,76,1,HADOOP-7375,HADOOP,pre_ai,Improvement,0
781,2.661290322580645,62,1,HADOOP-7389,HADOOP,pre_ai,Bug,1
337,3.107142857142857,28,3,HADOOP-7379,HADOOP,pre_ai,Improvement,0
1446,2.150442477876106,113,15,HADOOP-7341,HADOOP,pre_ai,Bug,1
199,1.8214285714285714,28,1,HADOOP-7377,HADOOP,pre_ai,Bug,1
272,1.1111111111111112,36,10,HADOOP-6929,HADOOP,pre_ai,Improvement,0
449,2.0,40,5,HADOOP-7206,HADOOP,pre_ai,New Feature,0
115,1.4,20,1,HADOOP-310,HADOOP,pre_ai,Improvement,0
4112,2.6529968454258674,317,15,HADOOP-7385,HADOOP,pre_ai,Bug,1
122,2.75,12,1,HADOOP-7429,HADOOP,pre_ai,Improvement,0
912,2.8732394366197185,71,1,HADOOP-7428,HADOOP,pre_ai,Bug,1
128,2.8333333333333335,12,1,HADOOP-7437,HADOOP,pre_ai,Bug,1
597,2.217391304347826,46,1,HADOOP-7440,HADOOP,pre_ai,Bug,1
598,2.217391304347826,46,1,HADOOP-7448,HADOOP,pre_ai,Improvement,0
1912,4.122448979591836,98,4,HADOOP-7090,HADOOP,pre_ai,Bug,1
473,2.8,40,1,HADOOP-7451,HADOOP,pre_ai,Improvement,0
1097,2.007518796992481,133,1,HADOOP-7327,HADOOP,pre_ai,Bug,1
177,1.3703703703703705,27,2,HADOOP-7449,HADOOP,pre_ai,Improvement,0
509,1.934782608695652,46,6,HADOOP-7324,HADOOP,pre_ai,Bug,1
92,2.0,8,1,HADOOP-7430,HADOOP,pre_ai,Improvement,0
270,2.0,27,1,HADOOP-7444,HADOOP,pre_ai,Improvement,0
377,1.5897435897435896,39,8,HADOOP-7380,HADOOP,pre_ai,Sub-task,0
844,1.90625,32,2,HADOOP-7443,HADOOP,pre_ai,New Feature,0
1137,2.8,90,2,HADOOP-7465,HADOOP,pre_ai,Sub-task,0
120,4.2,5,1,HADOOP-7434,HADOOP,pre_ai,Improvement,0
528,1.8615384615384616,65,2,HADOOP-7432,HADOOP,pre_ai,Improvement,0
1018,2.823529411764706,85,1,HADOOP-2081,HADOOP,pre_ai,Bug,1
202,2.4375,16,3,HADOOP-7314,HADOOP,pre_ai,Improvement,0
303,2.230769230769231,26,3,HADOOP-7460,HADOOP,pre_ai,Improvement,0
240,1.5666666666666667,30,2,HADOOP-6385,HADOOP,pre_ai,New Feature,0
1217,2.924731182795699,93,5,HADOOP-7463,HADOOP,pre_ai,Improvement,0
112,2.111111111111111,9,1,HADOOP-7485,HADOOP,pre_ai,Improvement,0
119,2.1,10,1,HADOOP-7378,HADOOP,pre_ai,Improvement,0
594,2.0491803278688523,61,2,HADOOP-6649,HADOOP,pre_ai,Bug,1
1250,2.6372549019607843,102,3,HADOOP-7474,HADOOP,pre_ai,Improvement,0
1408,3.4166666666666665,84,3,HADOOP-6586,HADOOP,pre_ai,New Feature,0
531,2.16,50,1,HADOOP-6687,HADOOP,pre_ai,Bug,1
1990,3.0074074074074075,135,5,HADOOP-6674,HADOOP,pre_ai,Improvement,0
54,3.6666666666666665,3,1,HADOOP-6603,HADOOP,pre_ai,Bug,1
545,2.176470588235294,51,1,HADOOP-6814,HADOOP,pre_ai,Improvement,0
863,2.2098765432098766,81,3,HADOOP-6526,HADOOP,pre_ai,Improvement,0
419,2.236842105263158,38,2,HADOOP-6620,HADOOP,pre_ai,Bug,1
1326,3.6533333333333333,75,1,HADOOP-6613,HADOOP,pre_ai,Bug,1
198,2.6666666666666665,18,1,HADOOP-6682,HADOOP,pre_ai,Bug,1
36,2.0,2,1,HADOOP-6652,HADOOP,pre_ai,Bug,1
618,2.05,40,2,HADOOP-6748,HADOOP,pre_ai,Bug,1
3463,2.127659574468085,376,8,HADOOP-6826,HADOOP,pre_ai,Bug,1
1767,2.4276315789473686,152,2,HADOOP-6815,HADOOP,pre_ai,Bug,1
1015,1.8879310344827587,116,1,HADOOP-6584,HADOOP,pre_ai,Improvement,0
886,2.182795698924731,93,7,HADOOP-6835,HADOOP,pre_ai,Improvement,0
576,2.230769230769231,52,1,HADOOP-6853,HADOOP,pre_ai,Bug,1
189,3.6666666666666665,6,2,HADOOP-6845,HADOOP,pre_ai,Improvement,0
98,1.6,10,1,HADOOP-6648,HADOOP,pre_ai,Bug,1
86,6.5,2,1,HADOOP-6647,HADOOP,pre_ai,Bug,1
964,2.0166666666666666,120,1,HADOOP-6859,HADOOP,pre_ai,Improvement,0
1150,1.8613138686131387,137,1,HADOOP-6834,HADOOP,pre_ai,Bug,1
1299,2.6320754716981134,106,2,HADOOP-6670,HADOOP,pre_ai,Bug,1
6269,2.977578475336323,446,7,HADOOP-6632,HADOOP,pre_ai,Improvement,0
594,3.735294117647059,34,1,HADOOP-6536,HADOOP,pre_ai,Bug,1
129,3.0,6,1,HADOOP-6861,HADOOP,pre_ai,Improvement,0
67,3.25,4,1,HADOOP-6805,HADOOP,pre_ai,Improvement,0
52,1.7142857142857142,7,1,HADOOP-6877,HADOOP,pre_ai,Improvement,0
139,1.7,20,1,HADOOP-6881,HADOOP,pre_ai,Bug,1
8711,2.6970149253731344,670,13,HADOOP-6870,HADOOP,pre_ai,New Feature,0
1625,2.577777777777778,135,4,HADOOP-6656,HADOOP,pre_ai,Bug,1
57,4.0,3,1,HADOOP-6633,HADOOP,pre_ai,Improvement,0
2069,2.158139534883721,215,5,HADOOP-6873,HADOOP,pre_ai,Bug,1
2487,1.9530685920577617,277,4,HADOOP-6890,HADOOP,pre_ai,Improvement,0
571,2.1333333333333333,45,1,HADOOP-6892,HADOOP,pre_ai,New Feature,0
1476,2.652542372881356,118,2,HADOOP-6706,HADOOP,pre_ai,Bug,1
130,3.1666666666666665,12,1,HADOOP-6862,HADOOP,pre_ai,Improvement,0
2941,2.085526315789474,304,6,HADOOP-6900,HADOOP,pre_ai,Bug,1
756,2.296875,64,2,HADOOP-6715,HADOOP,pre_ai,Bug,1
281,2.45,20,1,HADOOP-6905,HADOOP,pre_ai,Improvement,0
756,2.403225806451613,62,1,HADOOP-6693,HADOOP,pre_ai,Improvement,0
882,2.7611940298507465,67,3,HADOOP-6885,HADOOP,pre_ai,Bug,1
237,2.923076923076923,13,1,HADOOP-6482,HADOOP,pre_ai,Bug,1
1169,2.2222222222222223,99,2,HADOOP-6906,HADOOP,pre_ai,Bug,1
233,1.8275862068965518,29,1,HADOOP-6925,HADOOP,pre_ai,Bug,1
877,2.8529411764705883,68,1,HADOOP-6833,HADOOP,pre_ai,Bug,1
7682,2.868705035971223,556,17,HADOOP-6884,HADOOP,pre_ai,Improvement,0
132,3.2222222222222223,9,1,HADOOP-6932,HADOOP,pre_ai,Bug,1
763,2.4126984126984126,63,1,HADOOP-6913,HADOOP,pre_ai,Bug,1
1174,2.6122448979591835,98,2,HADOOP-6907,HADOOP,pre_ai,Bug,1
51,1.3333333333333333,12,1,HADOOP-6928,HADOOP,pre_ai,Bug,1
897,2.8194444444444446,72,1,HADOOP-6938,HADOOP,pre_ai,Bug,1
697,1.5810810810810811,74,5,HADOOP-6930,HADOOP,pre_ai,Bug,1
415,1.9821428571428572,56,1,HADOOP-6940,HADOOP,pre_ai,Bug,1
196,2.5238095238095237,21,1,HADOOP-6922,HADOOP,pre_ai,Bug,1
768,2.4285714285714284,63,1,HADOOP-6965,HADOOP,pre_ai,Bug,1
1450,3.6419753086419755,81,2,HADOOP-6951,HADOOP,pre_ai,Bug,1
104,1.1,20,1,HADOOP-6856,HADOOP,pre_ai,Improvement,0
3103,2.1258503401360542,294,5,HADOOP-6984,HADOOP,pre_ai,Bug,1
234,2.923076923076923,13,1,HADOOP-6472,HADOOP,pre_ai,New Feature,0
480,3.25,24,4,HADOOP-7938,HADOOP,pre_ai,Sub-task,0
424,1.8936170212765957,47,1,HADOOP-8006,HADOOP,pre_ai,Bug,1
426,1.9148936170212767,47,1,HADOOP-8001,HADOOP,pre_ai,Bug,1
393,1.0769230769230769,78,2,HADOOP-8015,HADOOP,pre_ai,Improvement,0
1875,2.1511627906976742,172,5,HADOOP-7991,HADOOP,pre_ai,Sub-task,0
199,7.0,6,1,HADOOP-8027,HADOOP,pre_ai,Improvement,0
2299,2.3028846153846154,208,1,HADOOP-7997,HADOOP,pre_ai,Bug,1
2910,1.8720238095238095,336,7,HADOOP-8042,HADOOP,pre_ai,Bug,1
135,3.4285714285714284,7,1,HADOOP-8041,HADOOP,pre_ai,Sub-task,0
155,1.875,16,1,HADOOP-8048,HADOOP,pre_ai,Improvement,0
85,1.2941176470588236,17,1,HADOOP-8052,HADOOP,pre_ai,Bug,1
1509,3.3260869565217392,92,1,HADOOP-8070,HADOOP,pre_ai,Improvement,0
933,2.9027777777777777,72,1,HADOOP-8071,HADOOP,pre_ai,Improvement,0
1255,2.766990291262136,103,2,HADOOP-6502,HADOOP,pre_ai,Bug,1
399,1.85,40,3,HADOOP-8068,HADOOP,pre_ai,Sub-task,0
218,2.125,24,1,HADOOP-8074,HADOOP,pre_ai,Bug,1
302,1.2321428571428572,56,2,HADOOP-8054,HADOOP,pre_ai,Bug,1
278,1.9310344827586208,29,3,HADOOP-8046,HADOOP,pre_ai,Bug,1
313,1.7083333333333333,24,1,HADOOP-8084,HADOOP,pre_ai,Improvement,0
370,2.909090909090909,22,1,HADOOP-7680,HADOOP,pre_ai,Bug,1
239,2.0,22,1,HADOOP-8050,HADOOP,pre_ai,Bug,1
1845,2.9661016949152543,118,2,HADOOP-8085,HADOOP,pre_ai,Improvement,0
968,1.694736842105263,95,3,HADOOP-7693,HADOOP,pre_ai,Improvement,0
100,1.75,8,2,HADOOP-8116,HADOOP,pre_ai,Sub-task,0
683,2.3,50,2,HADOOP-8098,HADOOP,pre_ai,Improvement,0
374,2.5384615384615383,39,1,HADOOP-7940,HADOOP,pre_ai,Bug,1
58,3.0,3,1,HADOOP-8118,HADOOP,pre_ai,Improvement,0
6267,2.1465721040189125,423,39,HADOOP-7994,HADOOP,pre_ai,Sub-task,0
3664,2.670175438596491,285,5,HADOOP-8124,HADOOP,pre_ai,Improvement,0
420,3.212121212121212,33,2,HADOOP-8131,HADOOP,pre_ai,Bug,1
55,1.3333333333333333,9,2,HADOOP-8135,HADOOP,pre_ai,New Feature,0
430,2.606060606060606,33,2,HADOOP-8140,HADOOP,pre_ai,Bug,1
510,2.6666666666666665,42,2,HADOOP-8141,HADOOP,pre_ai,Improvement,0
218,1.8620689655172413,29,1,HADOOP-8146,HADOOP,pre_ai,Bug,1
294,2.230769230769231,26,1,HADOOP-7900,HADOOP,pre_ai,Bug,1
1098,2.143884892086331,139,2,HADOOP-8164,HADOOP,pre_ai,Sub-task,0
1266,2.827272727272727,110,1,HADOOP-8167,HADOOP,pre_ai,Bug,1
2932,6.225806451612903,124,2,HADOOP-8175,HADOOP,pre_ai,Sub-task,0
443,3.054054054054054,37,2,HADOOP-8176,HADOOP,pre_ai,Bug,1
60,3.3333333333333335,3,1,HADOOP-8177,HADOOP,pre_ai,Bug,1
246,3.0,13,1,HADOOP-8183,HADOOP,pre_ai,Improvement,0
178,2.7142857142857144,7,1,HADOOP-8121,HADOOP,pre_ai,New Feature,0
178,2.7142857142857144,7,1,HADOOP-8189,HADOOP,pre_ai,Bug,1
360,2.892857142857143,28,1,HADOOP-6941,HADOOP,pre_ai,Bug,1
219,3.3333333333333335,12,1,HADOOP-8191,HADOOP,pre_ai,Bug,1
385,1.6896551724137931,29,3,HADOOP-7788,HADOOP,pre_ai,New Feature,0
1274,2.827272727272727,110,1,HADOOP-8157,HADOOP,pre_ai,Test,0
1266,2.827272727272727,110,1,HADOOP-8197,HADOOP,pre_ai,Bug,1
91,2.5714285714285716,7,1,HADOOP-8154,HADOOP,pre_ai,Bug,1
110,2.875,8,1,HADOOP-7806,HADOOP,pre_ai,New Feature,0
2379,2.6470588235294117,170,3,HADOOP-8184,HADOOP,pre_ai,Improvement,0
203,2.8333333333333335,6,2,HADOOP-7030,HADOOP,pre_ai,New Feature,0
490,2.823529411764706,34,1,HADOOP-8163,HADOOP,pre_ai,Improvement,0
962,2.8545454545454545,55,10,HADOOP-8193,HADOOP,pre_ai,Improvement,0
181,1.5789473684210527,19,1,HADOOP-8204,HADOOP,pre_ai,Bug,1
486,4.4,30,1,HADOOP-8159,HADOOP,pre_ai,Bug,1
1193,2.4175824175824174,91,5,HADOOP-8206,HADOOP,pre_ai,New Feature,0
693,1.7536231884057971,69,2,HADOOP-8218,HADOOP,pre_ai,Bug,1
126,7.0,3,1,HADOOP-8208,HADOOP,pre_ai,Bug,1
566,2.5348837209302326,43,1,HADOOP-8212,HADOOP,pre_ai,Improvement,0
866,2.4328358208955225,67,2,HADOOP-8220,HADOOP,pre_ai,Bug,1
875,2.4477611940298507,67,2,HADOOP-8228,HADOOP,pre_ai,Test,0
394,3.1,30,1,HADOOP-8238,HADOOP,pre_ai,Bug,1
735,2.775,40,4,HADOOP-8236,HADOOP,pre_ai,Improvement,0
628,2.9782608695652173,46,2,HADOOP-8210,HADOOP,pre_ai,Sub-task,0
37441,2.1949199337382663,3622,345,HADOOP-6668,HADOOP,pre_ai,Sub-task,0
1722,2.0592105263157894,152,5,HADOOP-8242,HADOOP,pre_ai,Improvement,0
694,2.6511627906976742,43,4,HADOOP-8243,HADOOP,pre_ai,Bug,1
1192,2.404494382022472,89,5,HADOOP-8215,HADOOP,pre_ai,Improvement,0
146,2.3333333333333335,9,2,HADOOP-8007,HADOOP,pre_ai,Improvement,0
161,2.0,10,1,HADOOP-8179,HADOOP,pre_ai,Bug,1
935,2.4927536231884058,69,2,HADOOP-8245,HADOOP,pre_ai,Bug,1
360,2.892857142857143,28,1,HADOOP-8251,HADOOP,pre_ai,Bug,1
261,2.65,20,1,HADOOP-8086,HADOOP,pre_ai,Improvement,0
1686,1.8157894736842106,228,2,HADOOP-8014,HADOOP,pre_ai,Bug,1
1322,2.4148936170212765,94,4,HADOOP-8077,HADOOP,pre_ai,Improvement,0
657,2.0833333333333335,72,1,HADOOP-8261,HADOOP,pre_ai,Bug,1
426,2.064516129032258,31,2,HADOOP-8246,HADOOP,pre_ai,Improvement,0
306,1.6666666666666667,24,1,HADOOP-8263,HADOOP,pre_ai,Bug,1
453,3.088235294117647,34,1,HADOOP-8264,HADOOP,pre_ai,Bug,1
1214,3.477777777777778,90,4,HADOOP-8269,HADOOP,pre_ai,Bug,1
1325,2.9702970297029703,101,2,HADOOP-7510,HADOOP,pre_ai,Improvement,0
3301,2.2056451612903225,248,12,HADOOP-8247,HADOOP,pre_ai,Improvement,0
1059,2.808988764044944,89,1,HADOOP-8286,HADOOP,pre_ai,Improvement,0
1381,2.111111111111111,117,3,HADOOP-8280,HADOOP,pre_ai,Improvement,0
262,1.8709677419354838,31,1,HADOOP-8288,HADOOP,pre_ai,Bug,1
9214,2.904,625,9,HADOOP-8209,HADOOP,pre_ai,Improvement,0
206,3.909090909090909,11,1,HADOOP-7350,HADOOP,pre_ai,Improvement,0
1273,2.783505154639175,97,2,HADOOP-8152,HADOOP,pre_ai,Improvement,0
241,2.769230769230769,13,2,HADOOP-8309,HADOOP,pre_ai,Bug,1
3954,2.617940199335548,301,6,HADOOP-8227,HADOOP,pre_ai,Improvement,0
358,2.32,25,1,HADOOP-8306,HADOOP,pre_ai,Improvement,0
6520,2.492723492723493,481,19,HADOOP-8285,HADOOP,pre_ai,Improvement,0
912,2.8732394366197185,71,1,HADOOP-8294,HADOOP,pre_ai,Bug,1
118,4.2,5,1,HADOOP-8296,HADOOP,pre_ai,Bug,1
541,3.0833333333333335,36,1,HADOOP-8310,HADOOP,pre_ai,Bug,1
40,2.0,3,1,HADOOP-8321,HADOOP,pre_ai,Bug,1
559,2.0444444444444443,45,1,HADOOP-8314,HADOOP,pre_ai,Bug,1
6063,1.9649122807017543,627,12,HADOOP-7549,HADOOP,pre_ai,Improvement,0
593,2.0392156862745097,51,1,HADOOP-8334,HADOOP,pre_ai,Bug,1
1155,1.916083916083916,143,1,HADOOP-8325,HADOOP,pre_ai,Bug,1
7424,3.3375,480,5,HADOOP-8230,HADOOP,pre_ai,Improvement,0
1515,2.8046875,128,2,HADOOP-8335,HADOOP,pre_ai,Improvement,0
1266,2.827272727272727,110,1,HADOOP-8172,HADOOP,pre_ai,Bug,1
349,2.4594594594594597,37,2,HADOOP-8275,HADOOP,pre_ai,Bug,1
248,5.571428571428571,7,1,HADOOP-8338,HADOOP,pre_ai,Bug,1
3473,1.8467153284671534,274,2,HADOOP-8185,HADOOP,pre_ai,Improvement,0
1155,1.916083916083916,143,1,HADOOP-8342,HADOOP,pre_ai,Bug,1
2400,2.4027777777777777,216,8,HADOOP-8339,HADOOP,pre_ai,Bug,1
1693,3.343137254901961,102,2,HADOOP-8347,HADOOP,pre_ai,Bug,1
211,2.8,10,2,HADOOP-8346,HADOOP,pre_ai,Bug,1
1127,2.781609195402299,87,5,HADOOP-8350,HADOOP,pre_ai,Improvement,0
1190,1.9383561643835616,146,1,HADOOP-8356,HADOOP,pre_ai,Improvement,0
223,3.2666666666666666,15,1,HADOOP-8355,HADOOP,pre_ai,Bug,1
3507,2.3846153846153846,234,15,HADOOP-8279,HADOOP,pre_ai,Improvement,0
1154,2.6666666666666665,69,5,HADOOP-8343,HADOOP,pre_ai,New Feature,0
1527,4.968253968253968,63,2,HADOOP-8327,HADOOP,pre_ai,Bug,1
4843,2.61323155216285,393,5,HADOOP-8349,HADOOP,pre_ai,Bug,1
1169,2.8217821782178216,101,1,HADOOP-8359,HADOOP,pre_ai,Task,0
339,1.2380952380952381,63,2,HADOOP-8328,HADOOP,pre_ai,Bug,1
47,6.0,1,1,HADOOP-8586,HADOOP,pre_ai,Bug,1
62,1.0,1,3,HADOOP-3886,HADOOP,pre_ai,Bug,1
876,3.017857142857143,56,6,HADOOP-8521,HADOOP,pre_ai,Improvement,0
2657,3.338129496402878,139,10,HADOOP-8341,HADOOP,pre_ai,Bug,1
656,2.0694444444444446,72,1,HADOOP-8587,HADOOP,pre_ai,Bug,1
955,2.732394366197183,71,1,HADOOP-8585,HADOOP,pre_ai,Bug,1
1273,2.827272727272727,110,1,HADOOP-8362,HADOOP,pre_ai,Improvement,0
85,4.0,6,1,HADOOP-7818,HADOOP,pre_ai,Bug,1
2358,2.323809523809524,210,1,HADOOP-8531,HADOOP,pre_ai,Improvement,0
459,1.7222222222222223,54,4,HADOOP-8541,HADOOP,pre_ai,Improvement,0
73,2.5714285714285716,7,1,HADOOP-8423,HADOOP,pre_ai,Bug,1
843,1.8157894736842106,114,1,HADOOP-8599,HADOOP,pre_ai,Bug,1
2120,2.6809815950920246,163,16,HADOOP-7823,HADOOP,pre_ai,New Feature,0
1633,3.33,100,1,HADOOP-8609,HADOOP,pre_ai,Improvement,0
843,1.8157894736842106,114,1,HADOOP-8612,HADOOP,pre_ai,Bug,1
843,1.8333333333333333,114,1,HADOOP-8606,HADOOP,pre_ai,Bug,1
48,2.25,4,1,HADOOP-8551,HADOOP,pre_ai,Bug,1
1096,1.7777777777777777,72,3,HADOOP-8617,HADOOP,pre_ai,Bug,1
659,3.1041666666666665,48,2,HADOOP-8613,HADOOP,pre_ai,Bug,1
251,1.0740740740740742,54,1,HADOOP-8627,HADOOP,pre_ai,Bug,1
1157,1.937062937062937,143,1,HADOOP-8634,HADOOP,pre_ai,Bug,1
48,1.6,5,1,HADOOP-8550,HADOOP,pre_ai,Bug,1
1162,1.9305555555555556,144,1,HADOOP-8635,HADOOP,pre_ai,Improvement,0
251,1.0740740740740742,54,1,HADOOP-8637,HADOOP,pre_ai,Bug,1
468,2.7857142857142856,42,2,HADOOP-8633,HADOOP,pre_ai,Bug,1
489,2.3947368421052633,38,6,HADOOP-8644,HADOOP,pre_ai,New Feature,0
27,1.3333333333333333,3,1,HADOOP-8699,HADOOP,pre_ai,Bug,1
500,1.7702702702702702,74,4,HADOOP-7754,HADOOP,pre_ai,Sub-task,0
3315,2.029220779220779,308,28,HADOOP-8593,HADOOP,pre_ai,Improvement,0
176,2.1333333333333333,15,1,HADOOP-8703,HADOOP,pre_ai,Bug,1
157,3.1666666666666665,12,1,HADOOP-8654,HADOOP,pre_ai,Bug,1
2510,2.3969849246231156,199,7,HADOOP-8700,HADOOP,pre_ai,Improvement,0
50,1.1,10,1,HADOOP-8710,HADOOP,pre_ai,Improvement,0
7831,2.6125574272588055,653,8,HADOOP-8689,HADOOP,pre_ai,Improvement,0
4766,1.7874493927125505,494,12,HADOOP-7967,HADOOP,pre_ai,Bug,1
70,1.5,8,2,HADOOP-8611,HADOOP,pre_ai,Bug,1
10687,1.9970845481049562,1029,19,HADOOP-8240,HADOOP,pre_ai,Improvement,0
885,2.0470588235294116,85,5,HADOOP-8239,HADOOP,pre_ai,Improvement,0
1366,3.569620253164557,79,1,HADOOP-8711,HADOOP,pre_ai,Improvement,0
46,1.0,3,1,HADOOP-8075,HADOOP,pre_ai,Improvement,0
252,3.5714285714285716,7,2,HADOOP-8721,HADOOP,pre_ai,Bug,1
1286,2.828828828828829,111,1,HADOOP-8632,HADOOP,pre_ai,Bug,1
176,3.5,12,1,HADOOP-8655,HADOOP,pre_ai,Bug,1
872,2.563380281690141,71,1,HADOOP-8725,HADOOP,pre_ai,Bug,1
2152,2.045045045045045,222,2,HADOOP-8709,HADOOP,pre_ai,Bug,1
134,1.5238095238095237,21,1,HADOOP-8619,HADOOP,pre_ai,Improvement,0
134,2.9166666666666665,12,1,HADOOP-8614,HADOOP,pre_ai,Bug,1
318,2.081081081081081,37,1,HADOOP-8732,HADOOP,pre_ai,Bug,1
1296,2.8053097345132745,113,1,HADOOP-8031,HADOOP,pre_ai,Bug,1
78,3.0,4,1,HADOOP-8748,HADOOP,pre_ai,Improvement,0
2024,2.1595092024539877,163,4,HADOOP-8726,HADOOP,pre_ai,Bug,1
133,1.5238095238095237,21,1,HADOOP-8684,HADOOP,pre_ai,Bug,1
1268,2.827272727272727,110,1,HADOOP-8727,HADOOP,pre_ai,Bug,1
1296,2.8053097345132745,113,1,HADOOP-8749,HADOOP,pre_ai,Bug,1
299,2.5,24,2,HADOOP-8770,HADOOP,pre_ai,Bug,1
252,2.0555555555555554,18,1,HADOOP-8431,HADOOP,pre_ai,Bug,1
141,4.0,5,1,HADOOP-6614,HADOOP,pre_ai,Improvement,0
529,1.82,50,1,HADOOP-8754,HADOOP,pre_ai,Improvement,0
142,4.0,5,1,HADOOP-7843,HADOOP,pre_ai,Bug,1
1488,3.4444444444444446,90,1,HADOOP-7358,HADOOP,pre_ai,Improvement,0
937,2.1973684210526314,76,1,HADOOP-7859,HADOOP,pre_ai,Bug,1
764,2.596774193548387,62,1,HADOOP-7865,HADOOP,pre_ai,Bug,1
2524,2.8505747126436782,174,3,HADOOP-7858,HADOOP,pre_ai,Improvement,0
812,2.6,65,1,HADOOP-7854,HADOOP,pre_ai,Bug,1
381,1.3333333333333333,60,1,HADOOP-7879,HADOOP,pre_ai,Bug,1
1185,2.688888888888889,90,3,HADOOP-7853,HADOOP,pre_ai,Bug,1
14,1.5,2,1,HADOOP-7875,HADOOP,pre_ai,Improvement,0
72,1.6,10,1,HADOOP-7876,HADOOP,pre_ai,New Feature,0
192,1.5517241379310345,29,1,HADOOP-7886,HADOOP,pre_ai,Improvement,0
496,2.806451612903226,31,3,HADOOP-7887,HADOOP,pre_ai,Bug,1
311,1.826086956521739,23,2,HADOOP-7897,HADOOP,pre_ai,Bug,1
37,1.3333333333333333,6,1,HADOOP-7758,HADOOP,pre_ai,Improvement,0
1676,2.5759493670886076,158,1,HADOOP-7851,HADOOP,pre_ai,Bug,1
1960,1.9707112970711298,239,3,HADOOP-6886,HADOOP,pre_ai,Improvement,0
850,2.5588235294117645,68,2,HADOOP-7902,HADOOP,pre_ai,Bug,1
279,1.826086956521739,23,1,HADOOP-7862,HADOOP,pre_ai,Sub-task,0
2137,2.349462365591398,186,3,HADOOP-7908,HADOOP,pre_ai,Bug,1
1316,2.4056603773584904,106,2,HADOOP-7810,HADOOP,pre_ai,Bug,1
1798,3.0625,112,2,HADOOP-7913,HADOOP,pre_ai,Sub-task,0
100,1.75,8,2,HADOOP-7896,HADOOP,pre_ai,Sub-task,0
1503,3.3516483516483517,91,1,HADOOP-7892,HADOOP,pre_ai,Bug,1
10,1.0,1,1,HADOOP-7921,HADOOP,pre_ai,Sub-task,0
234,1.5483870967741935,31,1,HADOOP-7928,HADOOP,pre_ai,Sub-task,0
1637,3.36734693877551,98,2,HADOOP-7922,HADOOP,pre_ai,Sub-task,0
351,2.107142857142857,28,1,HADOOP-7931,HADOOP,pre_ai,Bug,1
190,2.3076923076923075,13,2,HADOOP-7925,HADOOP,pre_ai,Sub-task,0
1062,2.789473684210526,76,2,HADOOP-7932,HADOOP,pre_ai,Sub-task,0
135,1.6666666666666667,9,1,HADOOP-7348,HADOOP,pre_ai,Improvement,0
3417,2.1807580174927113,343,2,HADOOP-6840,HADOOP,pre_ai,Improvement,0
331,2.923076923076923,26,1,HADOOP-7808,HADOOP,pre_ai,New Feature,0
2628,3.1137724550898205,167,4,HADOOP-7949,HADOOP,pre_ai,Bug,1
47,1.75,4,1,HADOOP-7957,HADOOP,pre_ai,Improvement,0
306,2.5,20,5,HADOOP-7924,HADOOP,pre_ai,Sub-task,0
110,1.6666666666666667,18,4,HADOOP-7960,HADOOP,pre_ai,Bug,1
2270,2.317073170731707,205,1,HADOOP-7937,HADOOP,pre_ai,New Feature,0
552,1.6206896551724137,58,1,HADOOP-7963,HADOOP,pre_ai,Bug,1
806,2.2839506172839505,81,5,HADOOP-7970,HADOOP,pre_ai,Sub-task,0
304,3.0,17,3,HADOOP-7972,HADOOP,pre_ai,Sub-task,0
75,1.0,13,1,HADOOP-7920,HADOOP,pre_ai,Bug,1
822,2.6153846153846154,65,1,HADOOP-7982,HADOOP,pre_ai,Bug,1
478,1.872340425531915,47,1,HADOOP-7968,HADOOP,pre_ai,Bug,1
339,2.76,25,1,HADOOP-7992,HADOOP,pre_ai,Sub-task,0
552,3.0652173913043477,46,2,HADOOP-7964,HADOOP,pre_ai,Bug,1
64,2.2,5,1,HADOOP-7328,HADOOP,pre_ai,Improvement,0
772,2.661290322580645,62,1,HADOOP-7987,HADOOP,pre_ai,Improvement,0
1037,2.8275862068965516,87,1,HADOOP-7993,HADOOP,pre_ai,Bug,1
403,1.9333333333333333,45,1,HADOOP-7998,HADOOP,pre_ai,Bug,1
264,2.75,24,1,HADOOP-7988,HADOOP,pre_ai,Bug,1
329,2.8214285714285716,28,1,HADOOP-8002,HADOOP,pre_ai,Bug,1
457,3.0833333333333335,24,4,HADOOP-7983,HADOOP,pre_ai,Sub-task,0
1689,1.9784172661870503,139,11,HADOOP-7965,HADOOP,pre_ai,Sub-task,0
469,1.9152542372881356,59,1,HADOOP-9146,HADOOP,pre_ai,Bug,1
46,2.3333333333333335,3,1,HADOOP-9041,HADOOP,pre_ai,Bug,1
851,2.579710144927536,69,1,HADOOP-8561,HADOOP,pre_ai,Improvement,0
198,1.5862068965517242,29,1,HADOOP-9147,HADOOP,pre_ai,Improvement,0
109,1.7692307692307692,13,1,HADOOP-9152,HADOOP,pre_ai,Bug,1
3172,2.953488372093023,215,4,HADOOP-9140,HADOOP,pre_ai,Sub-task,0
293,1.8333333333333333,36,2,HADOOP-9105,HADOOP,pre_ai,Bug,1
50,14.0,1,1,HADOOP-9162,HADOOP,pre_ai,Improvement,0
1572,1.4724770642201834,218,4,HADOOP-9153,HADOOP,pre_ai,Improvement,0
53,1.2222222222222223,9,1,HADOOP-9169,HADOOP,pre_ai,Bug,1
594,2.0392156862745097,51,1,HADOOP-9181,HADOOP,pre_ai,Bug,1
2331,2.2804232804232805,189,5,HADOOP-9173,HADOOP,pre_ai,Bug,1
676,2.58,50,1,HADOOP-9183,HADOOP,pre_ai,Bug,1
52,1.0833333333333333,12,1,HADOOP-9097,HADOOP,pre_ai,Bug,1
469,3.0277777777777777,36,1,HADOOP-9203,HADOOP,pre_ai,Bug,1
160,1.0,1,2,HADOOP-9178,HADOOP,pre_ai,Bug,1
4427,2.008888888888889,450,8,HADOOP-9155,HADOOP,pre_ai,Bug,1
595,2.0392156862745097,51,1,HADOOP-8816,HADOOP,pre_ai,Bug,1
1112,2.9178082191780823,73,2,HADOOP-9106,HADOOP,pre_ai,Improvement,0
1031,2.409090909090909,88,2,HADOOP-9212,HADOOP,pre_ai,Bug,1
205,3.727272727272727,11,1,HADOOP-9216,HADOOP,pre_ai,Improvement,0
534,3.3055555555555554,36,1,HADOOP-8849,HADOOP,pre_ai,Improvement,0
446,1.826086956521739,46,5,HADOOP-8924,HADOOP,pre_ai,Improvement,0
1196,2.74,100,2,HADOOP-9266,HADOOP,pre_ai,Bug,1
812,2.765625,64,1,HADOOP-8418,HADOOP,pre_ai,Bug,1
720,3.8780487804878048,41,1,HADOOP-9270,HADOOP,pre_ai,Bug,1
77,1.9166666666666667,12,1,HADOOP-9276,HADOOP,pre_ai,Improvement,0
383,2.375,24,1,HADOOP-9252,HADOOP,pre_ai,Bug,1
144,2.25,12,1,HADOOP-9289,HADOOP,pre_ai,Bug,1
814,2.2195121951219514,82,2,HADOOP-9278,HADOOP,pre_ai,Bug,1
1678,3.323529411764706,102,1,HADOOP-9070,HADOOP,pre_ai,Sub-task,0
1048,2.5058823529411764,85,1,HADOOP-9283,HADOOP,pre_ai,New Feature,0
130,1.25,24,1,HADOOP-9124,HADOOP,pre_ai,Bug,1
975,2.210526315789474,76,1,HADOOP-9277,HADOOP,pre_ai,Improvement,0
1049,2.5058823529411764,85,1,HADOOP-9305,HADOOP,pre_ai,Bug,1
59,9.0,1,1,HADOOP-9117,HADOOP,pre_ai,Improvement,0
331,1.7916666666666667,24,1,HADOOP-9218,HADOOP,pre_ai,Sub-task,0
269,1.5142857142857142,35,2,HADOOP-9154,HADOOP,pre_ai,Bug,1
185,2.0526315789473686,19,1,HADOOP-7487,HADOOP,pre_ai,Bug,1
1483,3.422222222222222,90,1,HADOOP-9336,HADOOP,pre_ai,Improvement,0
678,1.2962962962962963,135,3,HADOOP-9349,HADOOP,pre_ai,Bug,1
284,3.3636363636363638,22,1,HADOOP-8372,HADOOP,pre_ai,Bug,1
352,5.333333333333333,3,2,HADOOP-8340,HADOOP,pre_ai,Improvement,0
3411,2.042134831460674,356,9,HADOOP-9323,HADOOP,pre_ai,Bug,1
131,1.7777777777777777,18,1,HADOOP-8388,HADOOP,pre_ai,Improvement,0
2602,3.096590909090909,176,2,HADOOP-8366,HADOOP,pre_ai,Improvement,0
133,1.8888888888888888,9,1,HADOOP-8395,HADOOP,pre_ai,Bug,1
637,1.9047619047619047,84,3,HADOOP-8361,HADOOP,pre_ai,Improvement,0
261,2.65,20,1,HADOOP-8400,HADOOP,pre_ai,Bug,1
217,1.6666666666666667,33,3,HADOOP-8398,HADOOP,pre_ai,Improvement,0
208,3.909090909090909,11,1,HADOOP-8406,HADOOP,pre_ai,Bug,1
1248,2.4444444444444446,90,2,HADOOP-8405,HADOOP,pre_ai,Bug,1
444,2.52,25,1,HADOOP-8329,HADOOP,pre_ai,Bug,1
630,1.5633802816901408,71,1,HADOOP-8408,HADOOP,pre_ai,Bug,1
310,1.6666666666666667,24,1,HADOOP-8367,HADOOP,pre_ai,Improvement,0
395,2.4878048780487805,41,1,HADOOP-8323,HADOOP,pre_ai,Improvement,0
435,1.9655172413793103,58,1,HADOOP-7659,HADOOP,pre_ai,Improvement,0
1941,1.829875518672199,241,3,HADOOP-8422,HADOOP,pre_ai,Bug,1
1185,2.8155339805825244,103,1,HADOOP-6871,HADOOP,pre_ai,Bug,1
250,8.166666666666666,6,1,HADOOP-8452,HADOOP,pre_ai,Bug,1
386,6.5,10,1,HADOOP-8411,HADOOP,pre_ai,Bug,1
742,3.1041666666666665,48,3,HADOOP-8358,HADOOP,pre_ai,Improvement,0
364,2.590909090909091,22,1,HADOOP-8374,HADOOP,pre_ai,Bug,1
9161,3.011824324324324,592,8,HADOOP-8234,HADOOP,pre_ai,Sub-task,0
5211,2.7738693467336684,398,6,HADOOP-8235,HADOOP,pre_ai,Sub-task,0
1686,1.8157894736842106,228,2,HADOOP-8430,HADOOP,pre_ai,Improvement,0
231,2.5,18,1,HADOOP-7338,HADOOP,pre_ai,Improvement,0
197,3.5,8,1,HADOOP-8381,HADOOP,pre_ai,Sub-task,0
442,2.52,25,1,HADOOP-8501,HADOOP,pre_ai,Bug,1
500,2.933333333333333,30,4,HADOOP-8458,HADOOP,pre_ai,New Feature,0
13550,2.813880126182965,951,24,HADOOP-8223,HADOOP,pre_ai,Sub-task,0
335,2.607142857142857,28,2,HADOOP-8465,HADOOP,pre_ai,New Feature,0
819,2.8840579710144927,69,1,HADOOP-8023,HADOOP,pre_ai,New Feature,0
827,1.9439252336448598,107,4,HADOOP-8507,HADOOP,pre_ai,Bug,1
111,2.4285714285714284,14,1,HADOOP-8512,HADOOP,pre_ai,Bug,1
220,3.2,15,1,HADOOP-8249,HADOOP,pre_ai,Bug,1
1185,2.8529411764705883,102,1,HADOOP-8524,HADOOP,pre_ai,Improvement,0
40,1.0,1,2,HADOOP-8059,HADOOP,pre_ai,Improvement,0
119,2.3,10,1,HADOOP-8168,HADOOP,pre_ai,Bug,1
136,1.8888888888888888,9,1,HADOOP-8449,HADOOP,pre_ai,Bug,1
145,1.3333333333333333,3,2,HADOOP-8463,HADOOP,pre_ai,Improvement,0
1560,2.7265625,128,3,HADOOP-6802,HADOOP,pre_ai,Improvement,0
825,2.911764705882353,68,1,HADOOP-8534,HADOOP,pre_ai,Bug,1
231,3.357142857142857,14,1,HADOOP-8110,HADOOP,pre_ai,Bug,1
380,1.3333333333333333,60,1,HADOOP-8414,HADOOP,pre_ai,Bug,1
56,2.2,5,1,HADOOP-8566,HADOOP,pre_ai,Bug,1
1216,2.7452830188679247,106,1,HADOOP-8573,HADOOP,pre_ai,Bug,1
1439,2.7457627118644066,118,2,HADOOP-8525,HADOOP,pre_ai,Improvement,0
181,10.75,4,1,HADOOP-8775,HADOOP,pre_ai,Bug,1
100,1.6,10,2,HADOOP-8662,HADOOP,pre_ai,Improvement,0
208,2.0833333333333335,12,1,HADOOP-8597,HADOOP,pre_ai,New Feature,0
55,1.25,8,1,HADOOP-8801,HADOOP,pre_ai,Bug,1
1321,2.8017241379310347,116,1,HADOOP-8821,HADOOP,pre_ai,Bug,1
1866,2.661290322580645,124,3,HADOOP-8780,HADOOP,pre_ai,Bug,1
615,2.0980392156862746,51,1,HADOOP-7688,HADOOP,pre_ai,Improvement,0
586,2.1555555555555554,45,1,HADOOP-8786,HADOOP,pre_ai,Bug,1
1831,1.8465909090909092,176,5,HADOOP-8819,HADOOP,pre_ai,Bug,1
50,1.25,8,1,HADOOP-8812,HADOOP,pre_ai,Improvement,0
209,2.0833333333333335,12,1,HADOOP-8833,HADOOP,pre_ai,Bug,1
188,2.9375,16,1,HADOOP-7256,HADOOP,pre_ai,Bug,1
70,2.4,5,1,HADOOP-8588,HADOOP,pre_ai,Improvement,0
244,3.2666666666666666,15,1,HADOOP-8843,HADOOP,pre_ai,Bug,1
220,4.0,9,1,HADOOP-8855,HADOOP,pre_ai,Bug,1
151,2.5833333333333335,12,1,HADOOP-8866,HADOOP,pre_ai,Improvement,0
890,2.9054054054054053,74,2,HADOOP-8694,HADOOP,pre_ai,Bug,1
807,2.734375,64,1,HADOOP-8836,HADOOP,pre_ai,Bug,1
7054,2.865497076023392,513,9,HADOOP-8457,HADOOP,pre_ai,Bug,1
559,3.7714285714285714,35,1,HADOOP-8871,HADOOP,pre_ai,Bug,1
797,1.391304347826087,92,2,HADOOP-8616,HADOOP,pre_ai,Bug,1
1647,3.33,100,1,HADOOP-8783,HADOOP,pre_ai,Sub-task,0
142,2.142857142857143,7,1,HADOOP-8881,HADOOP,pre_ai,Bug,1
447,1.8409090909090908,44,4,HADOOP-8756,HADOOP,pre_ai,Bug,1
487,2.85,40,1,HADOOP-8804,HADOOP,pre_ai,Improvement,0
226,2.75,12,2,HADOOP-8878,HADOOP,pre_ai,Bug,1
949,2.9014084507042255,71,1,HADOOP-8784,HADOOP,pre_ai,Sub-task,0
1390,2.109677419354839,155,2,HADOOP-8910,HADOOP,pre_ai,Bug,1
1187,1.9722222222222223,144,1,HADOOP-8906,HADOOP,pre_ai,Bug,1
1074,2.207920792079208,101,15,HADOOP-8920,HADOOP,pre_ai,Improvement,0
299,2.2083333333333335,24,3,HADOOP-8929,HADOOP,pre_ai,Improvement,0
198,3.625,8,1,HADOOP-8883,HADOOP,pre_ai,Bug,1
268,8.666666666666666,6,1,HADOOP-8922,HADOOP,pre_ai,Improvement,0
792,3.2,20,2,HADOOP-8926,HADOOP,pre_ai,Improvement,0
484,2.825,40,1,HADOOP-8931,HADOOP,pre_ai,Improvement,0
559,3.7714285714285714,35,1,HADOOP-8868,HADOOP,pre_ai,Bug,1
325,2.8846153846153846,26,1,HADOOP-8882,HADOOP,pre_ai,Bug,1
577,2.108695652173913,46,1,HADOOP-6496,HADOOP,pre_ai,Bug,1
65,1.25,12,1,HADOOP-8861,HADOOP,pre_ai,Bug,1
1010,2.6702127659574466,94,2,HADOOP-8763,HADOOP,pre_ai,Bug,1
127,7.0,3,1,HADOOP-8951,HADOOP,pre_ai,Improvement,0
2413,1.8307692307692307,260,34,HADOOP-8911,HADOOP,pre_ai,Bug,1
323,3.4761904761904763,21,1,HADOOP-8900,HADOOP,pre_ai,Bug,1
435,1.9655172413793103,58,1,HADOOP-8962,HADOOP,pre_ai,Bug,1
374,2.9545454545454546,22,1,HADOOP-8811,HADOOP,pre_ai,Bug,1
105,1.9,10,1,HADOOP-9556,HADOOP,pre_ai,Bug,1
105,1.9,10,1,HADOOP-9553,HADOOP,pre_ai,Bug,1
2237,2.7054794520547945,146,6,HADOOP-8899,HADOOP,pre_ai,Bug,1
179,2.4375,16,1,HADOOP-9549,HADOOP,pre_ai,Bug,1
684,2.6,50,1,HADOOP-9459,HADOOP,pre_ai,Bug,1
604,3.027027027027027,37,2,HADOOP-9485,HADOOP,pre_ai,Bug,1
687,2.6875,48,1,HADOOP-9220,HADOOP,pre_ai,Bug,1
162,1.8461538461538463,13,2,HADOOP-9560,HADOOP,pre_ai,Improvement,0
15,1.0,1,1,HADOOP-9563,HADOOP,pre_ai,Bug,1
16,1.0,1,1,HADOOP-9523,HADOOP,pre_ai,Improvement,0
743,1.626086956521739,115,5,HADOOP-9616,HADOOP,pre_ai,Bug,1
2249,1.610655737704918,244,6,HADOOP-8957,HADOOP,pre_ai,Bug,1
2249,1.610655737704918,244,6,HADOOP-9131,HADOOP,pre_ai,Bug,1
2249,1.610655737704918,244,6,HADOOP-8982,HADOOP,pre_ai,Bug,1
2249,1.610655737704918,244,6,HADOOP-8958,HADOOP,pre_ai,Bug,1
86,1.3571428571428572,14,1,HADOOP-9604,HADOOP,pre_ai,Improvement,0
2249,1.610655737704918,244,6,HADOOP-9526,HADOOP,pre_ai,Bug,1
2796,3.120879120879121,182,2,HADOOP-9630,HADOOP,pre_ai,Sub-task,0
1495,2.701492537313433,134,2,HADOOP-9582,HADOOP,pre_ai,Bug,1
434,2.6,25,1,HADOOP-9637,HADOOP,pre_ai,Bug,1
2478,2.9207317073170733,164,3,HADOOP-9421,HADOOP,pre_ai,Sub-task,0
482,2.4482758620689653,29,2,HADOOP-9439,HADOOP,pre_ai,Bug,1
559,2.1578947368421053,38,2,HADOOP-9656,HADOOP,pre_ai,Bug,1
1953,3.208695652173913,115,2,HADOOP-9676,HADOOP,pre_ai,Improvement,0
805,3.872340425531915,47,1,HADOOP-9681,HADOOP,pre_ai,Bug,1
165,4.444444444444445,9,1,HADOOP-9504,HADOOP,pre_ai,Bug,1
59,1.6666666666666667,9,1,HADOOP-9307,HADOOP,pre_ai,Bug,1
684,2.0140845070422535,71,1,HADOOP-8440,HADOOP,pre_ai,Bug,1
678,1.975,80,2,HADOOP-9417,HADOOP,pre_ai,Sub-task,0
3748,2.3045112781954886,266,3,HADOOP-9418,HADOOP,pre_ai,Sub-task,0
1084,2.9740259740259742,77,1,HADOOP-9703,HADOOP,pre_ai,Bug,1
244,1.7857142857142858,14,2,HADOOP-9241,HADOOP,pre_ai,Improvement,0
2931,2.690909090909091,220,3,HADOOP-9618,HADOOP,pre_ai,New Feature,0
2959,3.0964467005076144,197,2,HADOOP-9683,HADOOP,pre_ai,Sub-task,0
1544,1.7580645161290323,124,11,HADOOP-9734,HADOOP,pre_ai,Improvement,0
419,3.1153846153846154,26,1,HADOOP-9738,HADOOP,pre_ai,Bug,1
2932,6.225806451612903,124,2,HADOOP-8873,HADOOP,pre_ai,Improvement,0
1242,2.041322314049587,121,10,HADOOP-9164,HADOOP,pre_ai,Improvement,0
3589,3.2183406113537116,229,6,HADOOP-9717,HADOOP,pre_ai,Improvement,0
887,2.638888888888889,72,1,HADOOP-9748,HADOOP,pre_ai,Sub-task,0
15124,2.2497551420176296,1021,65,HADOOP-9649,HADOOP,pre_ai,Improvement,0
1062,2.973333333333333,75,1,HADOOP-9720,HADOOP,pre_ai,Sub-task,0
3924,3.1685823754789273,261,6,HADOOP-9688,HADOOP,pre_ai,Improvement,0
2991,3.0646766169154227,201,3,HADOOP-9691,HADOOP,pre_ai,Improvement,0
3032,3.0637254901960786,204,2,HADOOP-9751,HADOOP,pre_ai,Improvement,0
3573,2.844,250,4,HADOOP-9716,HADOOP,pre_ai,Improvement,0
4371,2.558282208588957,326,6,HADOOP-9754,HADOOP,pre_ai,Improvement,0
1421,2.0833333333333335,156,8,HADOOP-9760,HADOOP,pre_ai,Improvement,0
364,2.590909090909091,22,1,HADOOP-8954,HADOOP,pre_ai,Bug,1
792,3.2,20,2,HADOOP-8971,HADOOP,pre_ai,Improvement,0
1292,2.6574074074074074,108,3,HADOOP-8872,HADOOP,pre_ai,Bug,1
302,2.0285714285714285,35,1,HADOOP-8955,HADOOP,pre_ai,Bug,1
130,2.7142857142857144,7,1,HADOOP-8960,HADOOP,pre_ai,Bug,1
2164,2.414285714285714,210,7,HADOOP-8947,HADOOP,pre_ai,Task,0
1443,2.547008547008547,117,3,HADOOP-8567,HADOOP,pre_ai,New Feature,0
808,2.8823529411764706,68,1,HADOOP-8995,HADOOP,pre_ai,Bug,1
1483,3.449438202247191,89,1,HADOOP-8986,HADOOP,pre_ai,Bug,1
549,3.9375,32,1,HADOOP-8949,HADOOP,pre_ai,Task,0
4874,3.009771986970684,307,3,HADOOP-8968,HADOOP,pre_ai,Improvement,0
100,2.0,9,1,HADOOP-8956,HADOOP,pre_ai,Bug,1
1040,2.734375,64,5,HADOOP-8988,HADOOP,pre_ai,New Feature,0
3806,2.91044776119403,268,4,HADOOP-9010,HADOOP,pre_ai,Sub-task,0
948,2.9014084507042255,71,1,HADOOP-9012,HADOOP,pre_ai,Sub-task,0
1364,2.6055045871559632,109,2,HADOOP-9009,HADOOP,pre_ai,Sub-task,0
995,2.5316455696202533,79,1,HADOOP-9013,HADOOP,pre_ai,Sub-task,0
211,5.5,8,1,HADOOP-9014,HADOOP,pre_ai,Sub-task,0
1669,3.303921568627451,102,1,HADOOP-9015,HADOOP,pre_ai,Sub-task,0
558,3.169811320754717,53,2,HADOOP-8953,HADOOP,pre_ai,Bug,1
104,1.9,10,1,HADOOP-8975,HADOOP,pre_ai,Bug,1
1572,1.398936170212766,188,4,HADOOP-8589,HADOOP,pre_ai,Bug,1
123,1.9230769230769231,13,1,HADOOP-9020,HADOOP,pre_ai,Sub-task,0
398,2.4444444444444446,18,3,HADOOP-7115,HADOOP,pre_ai,Bug,1
554,3.5142857142857142,35,1,HADOOP-8963,HADOOP,pre_ai,Bug,1
671,2.8846153846153846,52,3,HADOOP-8977,HADOOP,pre_ai,Bug,1
2660,2.9833333333333334,180,2,HADOOP-9021,HADOOP,pre_ai,Sub-task,0
246,1.5365853658536586,41,1,HADOOP-9022,HADOOP,pre_ai,Bug,1
728,2.152542372881356,59,2,HADOOP-8998,HADOOP,pre_ai,Improvement,0
737,2.152542372881356,59,2,HADOOP-6607,HADOOP,pre_ai,Bug,1
5035,3.2486486486486488,370,4,HADOOP-8820,HADOOP,pre_ai,New Feature,0
1956,2.6451612903225805,155,2,HADOOP-9035,HADOOP,pre_ai,Sub-task,0
973,2.210526315789474,76,1,HADOOP-9075,HADOOP,pre_ai,Improvement,0
789,2.01,100,3,HADOOP-8456,HADOOP,pre_ai,Bug,1
649,2.1,70,1,HADOOP-8992,HADOOP,pre_ai,Improvement,0
304,2.2222222222222223,27,1,HADOOP-9038,HADOOP,pre_ai,Test,0
469,3.0277777777777777,36,1,HADOOP-9093,HADOOP,pre_ai,Improvement,0
284,3.3636363636363638,22,1,HADOOP-9095,HADOOP,pre_ai,Bug,1
1497,1.9183673469387754,147,3,HADOOP-9049,HADOOP,pre_ai,Bug,1
40,1.1666666666666667,6,1,HADOOP-9108,HADOOP,pre_ai,Bug,1
1638,2.8405797101449277,138,2,HADOOP-9115,HADOOP,pre_ai,Bug,1
191,3.4545454545454546,11,1,HADOOP-9102,HADOOP,pre_ai,Bug,1
240,2.0,26,1,HADOOP-9103,HADOOP,pre_ai,Bug,1
714,2.0,69,4,HADOOP-9090,HADOOP,pre_ai,New Feature,0
60,2.25,4,1,HADOOP-9054,HADOOP,pre_ai,New Feature,0
991,2.9444444444444446,72,1,HADOOP-6762,HADOOP,pre_ai,Bug,1
1644,2.5555555555555554,144,4,HADOOP-9061,HADOOP,pre_ai,Bug,1
1297,2.425531914893617,94,2,HADOOP-9126,HADOOP,pre_ai,Bug,1
150,2.357142857142857,14,1,HADOOP-9113,HADOOP,pre_ai,Bug,1
793,1.8169014084507042,71,7,HADOOP-9098,HADOOP,pre_ai,Bug,1
35,1.5,4,1,HADOOP-9135,HADOOP,pre_ai,Bug,1
814,3.4918032786885247,61,2,HADOOP-9144,HADOOP,pre_ai,Bug,1
3195,3.8333333333333335,180,13,HADOOP-9056,HADOOP,pre_ai,Improvement,0
885,2.625,72,1,HADOOP-9352,HADOOP,pre_ai,Improvement,0
335,1.7916666666666667,24,1,HADOOP-9163,HADOOP,pre_ai,Sub-task,0
1897,2.540372670807453,161,5,HADOOP-9081,HADOOP,pre_ai,Improvement,0
169,1.7894736842105263,19,1,HADOOP-9337,HADOOP,pre_ai,Bug,1
1284,3.1325301204819276,83,3,HADOOP-9356,HADOOP,pre_ai,Improvement,0
328,3.3076923076923075,26,1,HADOOP-9373,HADOOP,pre_ai,Bug,1
2734,2.9468085106382977,188,2,HADOOP-9343,HADOOP,pre_ai,Improvement,0
164,2.0,10,1,HADOOP-9209,HADOOP,pre_ai,New Feature,0
328,3.3076923076923075,26,1,HADOOP-9376,HADOOP,pre_ai,Bug,1
328,3.3076923076923075,26,1,HADOOP-9365,HADOOP,pre_ai,Bug,1
294,3.7142857142857144,14,1,HADOOP-9374,HADOOP,pre_ai,Improvement,0
328,3.3076923076923075,26,1,HADOOP-9364,HADOOP,pre_ai,Bug,1
137,2.8,10,1,HADOOP-9369,HADOOP,pre_ai,Bug,1
672,2.0136986301369864,73,4,HADOOP-8462,HADOOP,pre_ai,Improvement,0
2732,3.0597826086956523,184,2,HADOOP-9151,HADOOP,pre_ai,Sub-task,0
227,2.789473684210526,19,1,HADOOP-9388,HADOOP,pre_ai,Bug,1
1766,2.585714285714286,140,4,HADOOP-8973,HADOOP,pre_ai,Bug,1
538,2.8,45,2,HADOOP-9318,HADOOP,pre_ai,Improvement,0
153,2.0714285714285716,14,1,HADOOP-9387,HADOOP,pre_ai,Bug,1
59,9.0,1,1,HADOOP-9399,HADOOP,pre_ai,Bug,1
153,2.0714285714285716,14,1,HADOOP-9353,HADOOP,pre_ai,Bug,1
3146,2.9380952380952383,210,3,HADOOP-9380,HADOOP,pre_ai,Sub-task,0
1298,3.111111111111111,90,3,HADOOP-9261,HADOOP,pre_ai,Bug,1
1298,3.111111111111111,90,3,HADOOP-9259,HADOOP,pre_ai,Improvement,0
1298,3.111111111111111,90,3,HADOOP-9228,HADOOP,pre_ai,Bug,1
1298,3.111111111111111,90,3,HADOOP-9265,HADOOP,pre_ai,Bug,1
1298,3.111111111111111,90,3,HADOOP-9227,HADOOP,pre_ai,Improvement,0
1298,3.111111111111111,90,3,HADOOP-9258,HADOOP,pre_ai,Sub-task,0
431,2.1379310344827585,29,3,HADOOP-9430,HADOOP,pre_ai,Bug,1
3328,2.7154471544715446,246,3,HADOOP-9194,HADOOP,pre_ai,New Feature,0
199,3.0,8,1,HADOOP-9125,HADOOP,pre_ai,Bug,1
1684,3.3106796116504853,103,1,HADOOP-9358,HADOOP,pre_ai,Bug,1
142,2.3333333333333335,12,1,HADOOP-9401,HADOOP,pre_ai,Improvement,0
267,4.611111111111111,18,1,HADOOP-9451,HADOOP,pre_ai,Bug,1
769,2.8378378378378377,37,3,HADOOP-9437,HADOOP,pre_ai,Bug,1
3536,1.7493975903614458,415,5,HADOOP-9150,HADOOP,pre_ai,Bug,1
767,2.7058823529411766,51,1,HADOOP-8731,HADOOP,pre_ai,Bug,1
1629,2.317073170731707,123,5,HADOOP-9486,HADOOP,pre_ai,Bug,1
1629,2.317073170731707,123,5,HADOOP-9488,HADOOP,pre_ai,Bug,1
1563,5.871428571428571,70,2,HADOOP-9502,HADOOP,pre_ai,Bug,1
4784,3.0364741641337387,329,3,HADOOP-9458,HADOOP,pre_ai,Bug,1
995,2.904109589041096,73,1,HADOOP-9503,HADOOP,pre_ai,Improvement,0
91,2.2222222222222223,9,1,HADOOP-9490,HADOOP,pre_ai,Bug,1
1324,3.176470588235294,85,4,HADOOP-9524,HADOOP,pre_ai,Bug,1
204,3.0,8,1,HADOOP-9322,HADOOP,pre_ai,Improvement,0
881,2.1444444444444444,90,3,HADOOP-9338,HADOOP,pre_ai,Improvement,0
1389,2.585185185185185,135,1,HADOOP-8608,HADOOP,pre_ai,Improvement,0
854,2.8461538461538463,65,1,HADOOP-9537,HADOOP,pre_ai,Bug,1
105,1.9,10,1,HADOOP-9043,HADOOP,pre_ai,Bug,1
105,1.9,10,1,HADOOP-9483,HADOOP,pre_ai,Improvement,0
4596,3.5404411764705883,272,11,HADOOP-9413,HADOOP,pre_ai,Bug,1
174,2.3636363636363638,11,1,HADOOP-9511,HADOOP,pre_ai,Improvement,0
3649,2.701388888888889,288,3,HADOOP-9544,HADOOP,pre_ai,Bug,1
368,2.4545454545454546,33,3,HADOOP-9763,HADOOP,pre_ai,New Feature,0
2108,2.933333333333333,150,2,HADOOP-9762,HADOOP,pre_ai,Improvement,0
4267,2.5108359133126936,323,9,HADOOP-9425,HADOOP,pre_ai,Sub-task,0
186,1.9166666666666667,24,1,HADOOP-9770,HADOOP,pre_ai,Improvement,0
422,2.0172413793103448,58,1,HADOOP-9507,HADOOP,pre_ai,Bug,1
3337,3.165137614678899,218,3,HADOOP-9698,HADOOP,pre_ai,Sub-task,0
2516,2.2586206896551726,232,4,HADOOP-9756,HADOOP,pre_ai,Improvement,0
157,3.625,8,1,HADOOP-9786,HADOOP,pre_ai,Bug,1
46,2.0,4,1,HADOOP-9787,HADOOP,pre_ai,Bug,1
201,2.8333333333333335,12,2,HADOOP-9803,HADOOP,pre_ai,Improvement,0
598,2.1964285714285716,56,4,HADOOP-9792,HADOOP,pre_ai,Improvement,0
387,1.8928571428571428,28,3,HADOOP-9319,HADOOP,pre_ai,Improvement,0
3353,3.1545454545454548,220,3,HADOOP-9816,HADOOP,pre_ai,Bug,1
2969,2.9902439024390244,205,3,HADOOP-9832,HADOOP,pre_ai,Sub-task,0
2222,1.8833333333333333,240,3,HADOOP-9817,HADOOP,pre_ai,Bug,1
253,1.7878787878787878,33,2,HADOOP-9821,HADOOP,pre_ai,Improvement,0
1453,3.1894736842105265,95,2,HADOOP-9850,HADOOP,pre_ai,Bug,1
3146,3.2436548223350252,197,5,HADOOP-9790,HADOOP,pre_ai,Bug,1
677,2.041095890410959,73,1,HADOOP-9757,HADOOP,pre_ai,Bug,1
3467,3.1048034934497815,229,3,HADOOP-9820,HADOOP,pre_ai,Bug,1
4596,3.5404411764705883,272,11,HADOOP-9551,HADOOP,pre_ai,Bug,1
506,2.0833333333333335,60,1,HADOOP-9858,HADOOP,pre_ai,Bug,1
796,3.409090909090909,44,2,HADOOP-9789,HADOOP,pre_ai,New Feature,0
1339,2.980952380952381,105,3,HADOOP-9527,HADOOP,pre_ai,Bug,1
250,2.230769230769231,13,1,HADOOP-9740,HADOOP,pre_ai,Bug,1
2646,2.756521739130435,230,4,HADOOP-9855,HADOOP,pre_ai,Improvement,0
245,1.7307692307692308,26,3,HADOOP-9872,HADOOP,pre_ai,Bug,1
1590,2.743119266055046,109,5,HADOOP-9446,HADOOP,pre_ai,Improvement,0
84,13.0,1,1,HADOOP-9845,HADOOP,pre_ai,Improvement,0
251,2.6923076923076925,13,1,HADOOP-9381,HADOOP,pre_ai,Bug,1
293,2.6842105263157894,19,1,HADOOP-9868,HADOOP,pre_ai,Bug,1
148,4.111111111111111,9,1,HADOOP-9865,HADOOP,pre_ai,Bug,1
2475,2.9207317073170733,164,3,HADOOP-9880,HADOOP,pre_ai,Bug,1
382,2.6,15,1,HADOOP-9860,HADOOP,pre_ai,Improvement,0
1394,2.573529411764706,136,1,HADOOP-9686,HADOOP,pre_ai,Improvement,0
1398,2.6,135,1,HADOOP-9487,HADOOP,pre_ai,Improvement,0
162,3.75,8,1,HADOOP-9886,HADOOP,pre_ai,Improvement,0
178,4.181818181818182,11,1,HADOOP-9887,HADOOP,pre_ai,Bug,1
220,4.0,9,1,HADOOP-9899,HADOOP,pre_ai,Bug,1
129,2.7777777777777777,9,1,HADOOP-9906,HADOOP,pre_ai,Bug,1
421,2.2916666666666665,48,1,HADOOP-9894,HADOOP,pre_ai,Bug,1
391,2.6666666666666665,15,1,HADOOP-9889,HADOOP,pre_ai,Bug,1
578,2.456140350877193,57,2,HADOOP-9909,HADOOP,pre_ai,Improvement,0
3634,2.488721804511278,266,6,HADOOP-9784,HADOOP,pre_ai,Improvement,0
795,2.4347826086956523,92,2,HADOOP-9774,HADOOP,pre_ai,Bug,1
839,3.9583333333333335,48,1,HADOOP-9924,HADOOP,pre_ai,Bug,1
2426,2.0677966101694913,177,4,HADOOP-9918,HADOOP,pre_ai,Improvement,0
1048,2.858974358974359,78,1,HADOOP-9916,HADOOP,pre_ai,Bug,1
101,1.1,20,1,HADOOP-9908,HADOOP,pre_ai,Bug,1
215,1.7,30,1,HADOOP-9932,HADOOP,pre_ai,Bug,1
392,2.1818181818181817,33,1,HADOOP-9958,HADOOP,pre_ai,Bug,1
61,1.0,4,1,HADOOP-9945,HADOOP,pre_ai,Improvement,0
702,1.9833333333333334,60,3,HADOOP-8704,HADOOP,pre_ai,Improvement,0
156,4.444444444444445,9,1,HADOOP-9929,HADOOP,pre_ai,Bug,1
246,1.2702702702702702,37,3,HADOOP-9669,HADOOP,pre_ai,Improvement,0
148,2.142857142857143,7,1,HADOOP-9977,HADOOP,pre_ai,Bug,1
173,4.5,10,1,HADOOP-9981,HADOOP,pre_ai,Bug,1
705,1.9864864864864864,74,1,HADOOP-9776,HADOOP,pre_ai,Bug,1
252,3.6666666666666665,15,1,HADOOP-10301,HADOOP,pre_ai,Bug,1
335,2.6818181818181817,22,1,HADOOP-10451,HADOOP,pre_ai,Improvement,0
701,2.982456140350877,57,2,HADOOP-10345,HADOOP,pre_ai,Improvement,0
1275,2.8876404494382024,89,5,HADOOP-9998,HADOOP,pre_ai,Improvement,0
2012,2.887323943661972,142,1,HADOOP-10455,HADOOP,pre_ai,Bug,1
15,1.0,2,1,HADOOP-10454,HADOOP,pre_ai,Improvement,0
158,2.0,15,1,HADOOP-10462,HADOOP,pre_ai,Bug,1
1499,2.4295302013422817,149,1,HADOOP-10456,HADOOP,pre_ai,Bug,1
1123,2.659090909090909,88,1,HADOOP-10466,HADOOP,pre_ai,Improvement,0
994,2.264367816091954,87,5,HADOOP-10459,HADOOP,pre_ai,Bug,1
1124,2.659090909090909,88,1,HADOOP-10475,HADOOP,pre_ai,Bug,1
909,3.4318181818181817,44,5,HADOOP-10104,HADOOP,pre_ai,Sub-task,0
152,2.0,13,1,HADOOP-10432,HADOOP,pre_ai,Improvement,0
737,2.2711864406779663,59,3,HADOOP-10427,HADOOP,pre_ai,Improvement,0
620,2.1923076923076925,52,2,HADOOP-10429,HADOOP,pre_ai,Improvement,0
361,3.4444444444444446,18,1,HADOOP-10428,HADOOP,pre_ai,Improvement,0
553,2.0961538461538463,52,1,HADOOP-10490,HADOOP,pre_ai,Bug,1
295,1.7058823529411764,34,1,HADOOP-10431,HADOOP,pre_ai,Improvement,0
281,2.6315789473684212,19,3,HADOOP-10496,HADOOP,pre_ai,Bug,1
130,3.4444444444444446,9,1,HADOOP-10498,HADOOP,pre_ai,New Feature,0
2737,3.0310880829015545,193,3,HADOOP-10499,HADOOP,pre_ai,Sub-task,0
966,2.484848484848485,66,2,HADOOP-10522,HADOOP,pre_ai,Bug,1
82,2.2222222222222223,9,1,HADOOP-10526,HADOOP,pre_ai,Bug,1
1176,2.471264367816092,87,4,HADOOP-10430,HADOOP,pre_ai,Improvement,0
860,2.0606060606060606,66,2,HADOOP-10251,HADOOP,pre_ai,Bug,1
671,2.192982456140351,57,2,HADOOP-10534,HADOOP,pre_ai,Bug,1
135,3.2,10,1,HADOOP-10539,HADOOP,pre_ai,Improvement,0
5014,2.275294117647059,425,39,HADOOP-10485,HADOOP,pre_ai,Improvement,0
323,2.0952380952380953,21,1,HADOOP-10540,HADOOP,pre_ai,Bug,1
94,2.5714285714285716,7,1,HADOOP-10322,HADOOP,pre_ai,Improvement,0
1640,2.423076923076923,104,4,HADOOP-10535,HADOOP,pre_ai,Improvement,0
3017,1.855305466237942,311,4,HADOOP-10546,HADOOP,pre_ai,Sub-task,0
1326,4.450980392156863,51,3,HADOOP-10508,HADOOP,pre_ai,Bug,1
4584,1.5482142857142858,560,8,HADOOP-10520,HADOOP,pre_ai,Sub-task,0
52,1.4,10,1,HADOOP-10543,HADOOP,pre_ai,Bug,1
235,3.3846153846153846,13,2,HADOOP-10521,HADOOP,pre_ai,Sub-task,0
194,5.428571428571429,7,1,HADOOP-10548,HADOOP,pre_ai,Sub-task,0
1500,2.4295302013422817,149,1,HADOOP-10549,HADOOP,pre_ai,Improvement,0
65,1.5,4,2,HADOOP-10568,HADOOP,pre_ai,Bug,1
143,4.166666666666667,6,1,HADOOP-10575,HADOOP,pre_ai,Sub-task,0
195,4.625,8,2,HADOOP-10567,HADOOP,pre_ai,Sub-task,0
410,2.7333333333333334,15,1,HADOOP-10541,HADOOP,pre_ai,Bug,1
135,3.2,10,1,HADOOP-10471,HADOOP,pre_ai,Sub-task,0
163,3.3333333333333335,12,1,HADOOP-10467,HADOOP,pre_ai,Sub-task,0
1126,2.659090909090909,88,1,HADOOP-10581,HADOOP,pre_ai,Bug,1
253,4.222222222222222,9,1,HADOOP-10158,HADOOP,pre_ai,Bug,1
165,3.75,8,1,HADOOP-10585,HADOOP,pre_ai,Bug,1
1129,2.3076923076923075,91,3,HADOOP-10583,HADOOP,pre_ai,Bug,1
532,2.3392857142857144,56,2,HADOOP-10401,HADOOP,pre_ai,Bug,1
636,2.0943396226415096,53,1,HADOOP-10588,HADOOP,pre_ai,Bug,1
388,3.347826086956522,23,1,HADOOP-10586,HADOOP,pre_ai,Bug,1
1566,1.9406779661016949,118,14,HADOOP-10433,HADOOP,pre_ai,Improvement,0
824,4.7631578947368425,38,1,HADOOP-10614,HADOOP,pre_ai,Improvement,0
1132,2.659090909090909,88,1,HADOOP-10489,HADOOP,pre_ai,Bug,1
209,2.4,15,1,HADOOP-10612,HADOOP,pre_ai,Bug,1
55,6.0,2,1,HADOOP-10621,HADOOP,pre_ai,Sub-task,0
5976,2.1766848816029145,549,50,HADOOP-10474,HADOOP,pre_ai,Improvement,0
1511,2.4496644295302015,149,1,HADOOP-10625,HADOOP,pre_ai,Bug,1
772,3.3214285714285716,56,3,HADOOP-10566,HADOOP,pre_ai,Sub-task,0
149,2.142857142857143,7,1,HADOOP-10639,HADOOP,pre_ai,Bug,1
1010,2.0833333333333335,72,12,HADOOP-10603,HADOOP,pre_ai,Sub-task,0
334,2.5625,16,4,HADOOP-10448,HADOOP,pre_ai,Sub-task,0
797,2.2580645161290325,62,8,HADOOP-10628,HADOOP,pre_ai,Sub-task,0
285,1.5384615384615385,13,3,HADOOP-10635,HADOOP,pre_ai,Sub-task,0
861,2.0405405405405403,74,8,HADOOP-10632,HADOOP,pre_ai,Sub-task,0
1039,2.4625,80,4,HADOOP-10177,HADOOP,pre_ai,Bug,1
269,1.8709677419354838,31,1,HADOOP-10146,HADOOP,pre_ai,Bug,1
333,3.5238095238095237,21,2,HADOOP-10213,HADOOP,pre_ai,Bug,1
876,2.0759493670886076,79,1,HADOOP-10252,HADOOP,pre_ai,Bug,1
308,3.764705882352941,17,2,HADOOP-10241,HADOOP,pre_ai,Bug,1
1495,2.445945945945946,148,1,HADOOP-10248,HADOOP,pre_ai,Improvement,0
584,2.1538461538461537,65,1,HADOOP-9652,HADOOP,pre_ai,Improvement,0
254,3.25,16,1,HADOOP-10203,HADOOP,pre_ai,Bug,1
159,2.3333333333333335,15,1,HADOOP-10277,HADOOP,pre_ai,Bug,1
327,2.88,25,2,HADOOP-10250,HADOOP,pre_ai,Bug,1
70,7.0,1,1,HADOOP-10288,HADOOP,pre_ai,Bug,1
1113,2.602272727272727,88,1,HADOOP-10274,HADOOP,pre_ai,Improvement,0
718,2.210526315789474,57,1,HADOOP-10292,HADOOP,pre_ai,Bug,1
247,1.5,14,2,HADOOP-10305,HADOOP,pre_ai,Bug,1
1971,2.9705882352941178,136,1,HADOOP-10310,HADOOP,pre_ai,Bug,1
1295,2.415929203539823,113,8,HADOOP-10295,HADOOP,pre_ai,Improvement,0
204,5.75,8,1,HADOOP-10270,HADOOP,pre_ai,Bug,1
104,2.3636363636363638,11,1,HADOOP-10085,HADOOP,pre_ai,Bug,1
688,2.054054054054054,74,1,HADOOP-10112,HADOOP,pre_ai,Bug,1
6262,2.6997792494481234,453,17,HADOOP-10255,HADOOP,pre_ai,Bug,1
39,2.0,3,1,HADOOP-10343,HADOOP,pre_ai,Improvement,0
204,3.0,8,1,HADOOP-10249,HADOOP,pre_ai,Bug,1
865,2.8484848484848486,66,2,HADOOP-10326,HADOOP,pre_ai,Bug,1
264,1.6666666666666667,33,1,HADOOP-10346,HADOOP,pre_ai,Bug,1
2238,2.7529411764705882,170,2,HADOOP-10342,HADOOP,pre_ai,Bug,1
230,6.333333333333333,9,1,HADOOP-10352,HADOOP,pre_ai,Bug,1
783,1.9896907216494846,97,2,HADOOP-10354,HADOOP,pre_ai,Bug,1
378,4.45,20,2,HADOOP-10361,HADOOP,pre_ai,Bug,1
105,1.1,20,1,HADOOP-10368,HADOOP,pre_ai,Bug,1
2563,2.5254237288135593,177,5,HADOOP-9478,HADOOP,pre_ai,Bug,1
336,3.473684210526316,19,1,HADOOP-9454,HADOOP,pre_ai,Improvement,0
47,2.3333333333333335,3,1,HADOOP-10353,HADOOP,pre_ai,Bug,1
20,1.0,1,1,HADOOP-10374,HADOOP,pre_ai,Improvement,0
146,2.909090909090909,11,1,HADOOP-10314,HADOOP,pre_ai,Bug,1
45,1.2,5,1,HADOOP-10378,HADOOP,pre_ai,Bug,1
1070,2.447058823529412,85,2,HADOOP-10379,HADOOP,pre_ai,Improvement,0
1651,3.1192660550458715,109,3,HADOOP-10070,HADOOP,pre_ai,Bug,1
345,2.727272727272727,22,1,HADOOP-10211,HADOOP,pre_ai,Improvement,0
625,3.1666666666666665,24,2,HADOOP-10393,HADOOP,pre_ai,Sub-task,0
407,2.3461538461538463,26,5,HADOOP-10386,HADOOP,pre_ai,Improvement,0
29,1.1666666666666667,6,1,HADOOP-10337,HADOOP,pre_ai,Bug,1
1719,1.8282208588957056,163,3,HADOOP-10399,HADOOP,pre_ai,Sub-task,0
608,2.0588235294117645,51,1,HADOOP-10332,HADOOP,pre_ai,Bug,1
3179,2.860869565217391,230,3,HADOOP-10407,HADOOP,pre_ai,Sub-task,0
2056,2.8299319727891157,147,2,HADOOP-10221,HADOOP,pre_ai,Improvement,0
511,4.0,25,1,HADOOP-10418,HADOOP,pre_ai,Bug,1
1115,2.6136363636363638,88,1,HADOOP-10015,HADOOP,pre_ai,Bug,1
1236,1.4511278195488722,133,3,HADOOP-10191,HADOOP,pre_ai,Bug,1
86,4.0,4,1,HADOOP-10422,HADOOP,pre_ai,Bug,1
239,2.1538461538461537,13,1,HADOOP-10426,HADOOP,pre_ai,Sub-task,0
582,1.1018518518518519,108,2,HADOOP-10425,HADOOP,pre_ai,Bug,1
239,2.1538461538461537,13,1,HADOOP-10439,HADOOP,pre_ai,Sub-task,0
813,1.7731958762886597,97,1,HADOOP-10440,HADOOP,pre_ai,Bug,1
2177,2.8811188811188813,143,5,HADOOP-10280,HADOOP,pre_ai,Sub-task,0
50,1.1111111111111112,9,1,HADOOP-10441,HADOOP,pre_ai,Bug,1
292,3.2222222222222223,18,1,HADOOP-10237,HADOOP,pre_ai,Bug,1
927,3.037037037037037,54,4,HADOOP-10449,HADOOP,pre_ai,Sub-task,0
72,2.3333333333333335,6,1,HADOOP-10006,HADOOP,pre_ai,Bug,1
225,2.411764705882353,17,1,HADOOP-9964,HADOOP,pre_ai,Bug,1
728,1.925,80,1,HADOOP-10003,HADOOP,pre_ai,Bug,1
689,2.7083333333333335,48,1,HADOOP-8315,HADOOP,pre_ai,Improvement,0
3568,2.4827586206896552,319,14,HADOOP-10437,HADOOP,pre_ai,Sub-task,0
331,2.923076923076923,26,1,HADOOP-10009,HADOOP,pre_ai,Bug,1
1661,2.111940298507463,134,1,HADOOP-10017,HADOOP,pre_ai,Sub-task,0
1499,2.2481203007518795,133,3,HADOOP-10012,HADOOP,pre_ai,Bug,1
5572,2.1810344827586206,464,8,HADOOP-10020,HADOOP,pre_ai,Sub-task,0
255,2.769230769230769,13,1,HADOOP-10030,HADOOP,pre_ai,Bug,1
231,2.8421052631578947,19,1,HADOOP-10031,HADOOP,pre_ai,Bug,1
3523,1.84765625,256,13,HADOOP-10022,HADOOP,pre_ai,Bug,1
797,1.7708333333333333,96,1,HADOOP-10029,HADOOP,pre_ai,Bug,1
294,2.909090909090909,33,1,HADOOP-9897,HADOOP,pre_ai,Improvement,0
392,2.1818181818181817,33,1,HADOOP-10039,HADOOP,pre_ai,Bug,1
122,4.555555555555555,9,2,HADOOP-9291,HADOOP,pre_ai,Test,0
3198,2.621495327102804,214,2,HADOOP-10005,HADOOP,pre_ai,Improvement,0
262,3.7857142857142856,14,1,HADOOP-9598,HADOOP,pre_ai,Test,0
812,1.7731958762886597,97,1,HADOOP-9016,HADOOP,pre_ai,Bug,1
241,2.2222222222222223,9,2,HADOOP-10079,HADOOP,pre_ai,Improvement,0
2984,3.0146341463414634,205,2,HADOOP-9898,HADOOP,pre_ai,Bug,1
480,2.4,40,1,HADOOP-9594,HADOOP,pre_ai,Improvement,0
220,3.888888888888889,9,1,HADOOP-10078,HADOOP,pre_ai,Bug,1
143,2.25,12,1,HADOOP-10095,HADOOP,pre_ai,Improvement,0
2059,3.16,125,2,HADOOP-9956,HADOOP,pre_ai,Sub-task,0
1869,1.9908256880733946,218,2,HADOOP-10091,HADOOP,pre_ai,Bug,1
273,3.5,14,1,HADOOP-10094,HADOOP,pre_ai,Bug,1
1538,3.1470588235294117,102,1,HADOOP-10107,HADOOP,pre_ai,Sub-task,0
1603,3.1470588235294117,102,2,HADOOP-9955,HADOOP,pre_ai,Sub-task,0
101,2.1818181818181817,11,1,HADOOP-9114,HADOOP,pre_ai,Bug,1
134,1.75,16,1,HADOOP-10111,HADOOP,pre_ai,Improvement,0
218,2.55,20,1,HADOOP-10126,HADOOP,pre_ai,Bug,1
541,1.7719298245614035,57,1,HADOOP-10132,HADOOP,pre_ai,Improvement,0
887,1.560747663551402,107,8,HADOOP-10047,HADOOP,pre_ai,New Feature,0
83,1.75,12,1,HADOOP-10135,HADOOP,pre_ai,Bug,1
575,2.15625,64,1,HADOOP-10130,HADOOP,pre_ai,Bug,1
936,2.9027777777777777,72,1,HADOOP-10081,HADOOP,pre_ai,Bug,1
1220,2.8625,80,2,HADOOP-10127,HADOOP,pre_ai,Bug,1
1538,3.1470588235294117,102,1,HADOOP-10148,HADOOP,pre_ai,Sub-task,0
1988,2.9416058394160585,137,2,HADOOP-10044,HADOOP,pre_ai,Improvement,0
654,2.5849056603773586,53,3,HADOOP-10142,HADOOP,pre_ai,Bug,1
225,2.411764705882353,17,1,HADOOP-10168,HADOOP,pre_ai,Bug,1
1967,2.9558823529411766,136,1,HADOOP-10106,HADOOP,pre_ai,Bug,1
896,2.6301369863013697,73,1,HADOOP-10164,HADOOP,pre_ai,Improvement,0
342,2.727272727272727,22,1,HADOOP-10172,HADOOP,pre_ai,Improvement,0
135,2.2,10,1,HADOOP-10169,HADOOP,pre_ai,Improvement,0
801,1.78125,96,1,HADOOP-10175,HADOOP,pre_ai,Bug,1
625,2.36,50,4,HADOOP-10141,HADOOP,pre_ai,Bug,1
267,3.1666666666666665,18,3,HADOOP-10187,HADOOP,pre_ai,Sub-task,0
1410,1.755813953488372,172,1,HADOOP-10192,HADOOP,pre_ai,Sub-task,0
349,2.772727272727273,22,1,HADOOP-10173,HADOOP,pre_ai,Improvement,0
414,1.7777777777777777,36,1,HADOOP-10198,HADOOP,pre_ai,Improvement,0
66,1.7142857142857142,7,1,HADOOP-10193,HADOOP,pre_ai,Bug,1
536,2.8043478260869565,46,1,HADOOP-10208,HADOOP,pre_ai,Improvement,0
690,2.7083333333333335,48,1,HADOOP-10214,HADOOP,pre_ai,Bug,1
836,2.2027027027027026,74,4,HADOOP-10201,HADOOP,pre_ai,Sub-task,0
1492,2.45578231292517,147,1,HADOOP-10178,HADOOP,pre_ai,Bug,1
2212,2.82,150,3,HADOOP-9420,HADOOP,pre_ai,Bug,1
399,2.7333333333333334,15,1,HADOOP-10223,HADOOP,pre_ai,Bug,1
792,2.0306122448979593,98,2,HADOOP-10220,HADOOP,pre_ai,Sub-task,0
197,1.7096774193548387,31,1,HADOOP-10228,HADOOP,pre_ai,Improvement,0
1086,2.8625,80,1,HADOOP-10236,HADOOP,pre_ai,Bug,1
577,2.106382978723404,47,2,HADOOP-10611,HADOOP,pre_ai,Bug,1
164,3.75,8,1,HADOOP-10630,HADOOP,pre_ai,Bug,1
525,2.2222222222222223,45,2,HADOOP-10653,HADOOP,pre_ai,Sub-task,0
75,2.75,4,1,HADOOP-9704,HADOOP,pre_ai,New Feature,0
491,2.292682926829268,41,1,HADOOP-10662,HADOOP,pre_ai,Sub-task,0
548,2.891891891891892,37,1,HADOOP-10647,HADOOP,pre_ai,Bug,1
151,2.142857142857143,7,1,HADOOP-10658,HADOOP,pre_ai,Bug,1
206,3.0,8,1,HADOOP-10656,HADOOP,pre_ai,Bug,1
484,2.339622641509434,53,1,HADOOP-10622,HADOOP,pre_ai,Bug,1
560,3.0277777777777777,36,2,HADOOP-10561,HADOOP,pre_ai,Improvement,0
2886,2.5445026178010473,191,12,HADOOP-10376,HADOOP,pre_ai,Improvement,0
346,2.53125,32,1,HADOOP-10678,HADOOP,pre_ai,Bug,1
1470,1.695187165775401,187,1,HADOOP-10688,HADOOP,pre_ai,Improvement,0
162,3.625,8,1,HADOOP-10657,HADOOP,pre_ai,Bug,1
3170,2.7854077253218885,233,2,HADOOP-10683,HADOOP,pre_ai,Bug,1
253,4.222222222222222,9,1,HADOOP-10702,HADOOP,pre_ai,Bug,1
3316,2.816901408450704,213,18,HADOOP-10691,HADOOP,pre_ai,Improvement,0
399,3.6315789473684212,19,4,HADOOP-10666,HADOOP,pre_ai,Improvement,0
577,3.111111111111111,36,2,HADOOP-10557,HADOOP,pre_ai,Improvement,0
101,3.0,5,1,HADOOP-10590,HADOOP,pre_ai,Bug,1
102,3.2,5,1,HADOOP-10660,HADOOP,pre_ai,Bug,1
1087,2.2857142857142856,84,3,HADOOP-10607,HADOOP,pre_ai,New Feature,0
64,1.8333333333333333,6,1,HADOOP-10279,HADOOP,pre_ai,Sub-task,0
1615,2.288135593220339,118,7,HADOOP-10696,HADOOP,pre_ai,Improvement,0
881,2.0963855421686746,83,4,HADOOP-9559,HADOOP,pre_ai,Bug,1
411,2.7333333333333334,15,1,HADOOP-10479,HADOOP,pre_ai,Sub-task,0
195,2.4,20,1,HADOOP-10659,HADOOP,pre_ai,Sub-task,0
129,1.5384615384615385,13,2,HADOOP-10713,HADOOP,pre_ai,Sub-task,0
256,3.6666666666666665,15,1,HADOOP-10665,HADOOP,pre_ai,Improvement,0
835,2.2,70,1,HADOOP-10746,HADOOP,pre_ai,Bug,1
321,2.6129032258064515,31,2,HADOOP-10652,HADOOP,pre_ai,Sub-task,0
1247,2.8518518518518516,81,2,HADOOP-10747,HADOOP,pre_ai,Improvement,0
99,3.75,4,1,HADOOP-10715,HADOOP,pre_ai,Task,0
301,3.130434782608696,23,1,HADOOP-9705,HADOOP,pre_ai,Bug,1
109,2.25,8,2,HADOOP-8943,HADOOP,pre_ai,Improvement,0
5550,1.5787671232876712,584,6,HADOOP-10674,HADOOP,pre_ai,Improvement,0
232,3.7142857142857144,14,2,HADOOP-10565,HADOOP,pre_ai,Sub-task,0
261,3.0,5,2,HADOOP-10649,HADOOP,pre_ai,Sub-task,0
75,2.0,6,1,HADOOP-10739,HADOOP,pre_ai,Bug,1
313,3.7222222222222223,18,1,HADOOP-10710,HADOOP,pre_ai,Bug,1
2082,4.9480519480519485,77,5,HADOOP-10701,HADOOP,pre_ai,Bug,1
475,2.342857142857143,35,1,HADOOP-10695,HADOOP,pre_ai,Improvement,0
117,2.5,10,1,HADOOP-10767,HADOOP,pre_ai,Improvement,0
317,1.3142857142857143,35,4,HADOOP-10693,HADOOP,pre_ai,Sub-task,0
185,1.0714285714285714,28,2,HADOOP-10719,HADOOP,pre_ai,New Feature,0
1622,2.2644628099173554,121,6,HADOOP-10757,HADOOP,pre_ai,Improvement,0
39,1.25,4,1,HADOOP-10769,HADOOP,pre_ai,Improvement,0
323,2.0,33,1,HADOOP-10782,HADOOP,pre_ai,Improvement,0
223,1.44,25,2,HADOOP-10803,HADOOP,pre_ai,Sub-task,0
81,1.0,17,1,HADOOP-10812,HADOOP,pre_ai,Improvement,0
167,2.3125,16,1,HADOOP-10507,HADOOP,pre_ai,Bug,1
528,2.097560975609756,41,1,HADOOP-10808,HADOOP,pre_ai,Improvement,0
529,2.097560975609756,41,1,HADOOP-10815,HADOOP,pre_ai,Improvement,0
754,2.566666666666667,60,2,HADOOP-10736,HADOOP,pre_ai,Improvement,0
137,1.5,14,2,HADOOP-10831,HADOOP,pre_ai,Bug,1
338,2.6666666666666665,24,1,HADOOP-10834,HADOOP,pre_ai,Improvement,0
213,2.7333333333333334,15,1,HADOOP-10468,HADOOP,pre_ai,Bug,1
663,1.5405405405405406,37,6,HADOOP-10734,HADOOP,pre_ai,Sub-task,0
2814,2.5308056872037916,211,3,HADOOP-10673,HADOOP,pre_ai,Bug,1
394,1.7272727272727273,22,4,HADOOP-10735,HADOOP,pre_ai,Sub-task,0
77,1.6666666666666667,9,1,HADOOP-10824,HADOOP,pre_ai,Improvement,0
1606,1.3333333333333333,195,3,HADOOP-10845,HADOOP,pre_ai,Improvement,0
414,3.608695652173913,23,1,HADOOP-10816,HADOOP,pre_ai,Bug,1
532,2.234042553191489,47,2,HADOOP-10839,HADOOP,pre_ai,Improvement,0
236,3.7,10,1,HADOOP-10732,HADOOP,pre_ai,Bug,1
338,2.75,24,1,HADOOP-10733,HADOOP,pre_ai,Bug,1
601,3.225,40,1,HADOOP-10610,HADOOP,pre_ai,Improvement,0
114,1.1538461538461537,13,1,HADOOP-10841,HADOOP,pre_ai,Improvement,0
113,1.1538461538461537,13,1,HADOOP-10842,HADOOP,pre_ai,Bug,1
380,2.3043478260869565,23,3,HADOOP-10750,HADOOP,pre_ai,Improvement,0
846,1.5,106,8,HADOOP-10591,HADOOP,pre_ai,Bug,1
608,2.4642857142857144,28,5,HADOOP-10755,HADOOP,pre_ai,Improvement,0
120,3.8333333333333335,6,1,HADOOP-10866,HADOOP,pre_ai,Bug,1
1919,1.9406779661016949,118,10,HADOOP-10720,HADOOP,pre_ai,Improvement,0
343,2.259259259259259,27,3,HADOOP-10870,HADOOP,pre_ai,Sub-task,0
54,6.0,1,1,HADOOP-10826,HADOOP,pre_ai,Improvement,0
423,2.4545454545454546,44,1,HADOOP-10855,HADOOP,pre_ai,Improvement,0
2527,2.0310880829015545,193,5,HADOOP-10853,HADOOP,pre_ai,Sub-task,0
456,1.9583333333333333,48,1,HADOOP-10872,HADOOP,pre_ai,Bug,1
827,1.9836065573770492,61,3,HADOOP-10881,HADOOP,pre_ai,Improvement,0
1171,2.8,80,4,HADOOP-10882,HADOOP,pre_ai,Task,0
4159,1.5153374233128833,489,5,HADOOP-10887,HADOOP,pre_ai,Bug,1
49,3.5,4,1,HADOOP-10894,HADOOP,pre_ai,Sub-task,0
142,1.125,16,1,HADOOP-10891,HADOOP,pre_ai,Improvement,0
980,2.0153846153846153,65,6,HADOOP-10756,HADOOP,pre_ai,Improvement,0
4698,1.9695817490494296,526,9,HADOOP-10686,HADOOP,pre_ai,Bug,1
331,3.736842105263158,19,1,HADOOP-11068,HADOOP,pre_ai,Improvement,0
968,3.3529411764705883,68,2,HADOOP-10840,HADOOP,pre_ai,Bug,1
114,2.4545454545454546,11,1,HADOOP-11221,HADOOP,pre_ai,Bug,1
203,2.5,22,1,HADOOP-11254,HADOOP,pre_ai,Bug,1
3778,4.227848101265823,158,10,HADOOP-11195,HADOOP,pre_ai,Improvement,0
870,2.189189189189189,74,2,HADOOP-11260,HADOOP,pre_ai,Bug,1
511,2.309090909090909,55,1,HADOOP-11271,HADOOP,pre_ai,Bug,1
3496,1.5216284987277353,393,3,HADOOP-10987,HADOOP,pre_ai,Improvement,0
1194,3.2285714285714286,70,3,HADOOP-11272,HADOOP,pre_ai,Bug,1
1193,4.186440677966102,59,6,HADOOP-10714,HADOOP,pre_ai,Bug,1
1397,2.8,85,5,HADOOP-11187,HADOOP,pre_ai,Bug,1
104,1.8571428571428572,7,1,HADOOP-11289,HADOOP,pre_ai,Bug,1
1121,2.855421686746988,83,1,HADOOP-11291,HADOOP,pre_ai,Improvement,0
1566,2.752688172043011,93,6,HADOOP-11286,HADOOP,pre_ai,Bug,1
737,3.3846153846153846,39,1,HADOOP-11157,HADOOP,pre_ai,Bug,1
549,3.21875,32,1,HADOOP-11311,HADOOP,pre_ai,Bug,1
184,5.875,8,1,HADOOP-11309,HADOOP,pre_ai,Bug,1
667,3.176470588235294,34,1,HADOOP-11201,HADOOP,pre_ai,Bug,1
968,1.8442622950819672,122,10,HADOOP-8989,HADOOP,pre_ai,New Feature,0
156,1.48,25,1,HADOOP-11323,HADOOP,pre_ai,Improvement,0
193,1.625,24,1,HADOOP-11322,HADOOP,pre_ai,Bug,1
415,3.608695652173913,23,1,HADOOP-11173,HADOOP,pre_ai,Improvement,0
345,3.0,15,1,HADOOP-11333,HADOOP,pre_ai,Bug,1
266,1.625,24,1,HADOOP-11337,HADOOP,pre_ai,Bug,1
288,2.7,20,2,HADOOP-11341,HADOOP,pre_ai,New Feature,0
244,1.9565217391304348,23,1,HADOOP-11301,HADOOP,pre_ai,Improvement,0
220,2.875,16,1,HADOOP-11342,HADOOP,pre_ai,Bug,1
35,1.0,6,2,HADOOP-11356,HADOOP,pre_ai,Improvement,0
226,4.111111111111111,9,1,HADOOP-11332,HADOOP,pre_ai,Bug,1
270,1.6666666666666667,24,1,HADOOP-11355,HADOOP,pre_ai,Bug,1
30,2.0,2,1,HADOOP-11343,HADOOP,pre_ai,Bug,1
100,1.6666666666666667,12,1,HADOOP-11354,HADOOP,pre_ai,Bug,1
1184,2.6666666666666665,93,1,HADOOP-11287,HADOOP,pre_ai,Bug,1
87,5.5,4,1,HADOOP-11367,HADOOP,pre_ai,Sub-task,0
2282,3.2153846153846155,130,3,HADOOP-11369,HADOOP,pre_ai,Sub-task,0
690,2.488372093023256,43,1,HADOOP-11368,HADOOP,pre_ai,Bug,1
388,3.3076923076923075,26,2,HADOOP-11372,HADOOP,pre_ai,Sub-task,0
457,2.225806451612903,31,5,HADOOP-11379,HADOOP,pre_ai,Sub-task,0
44,1.3333333333333333,3,1,HADOOP-11378,HADOOP,pre_ai,Sub-task,0
622,2.2238805970149254,67,1,HADOOP-11349,HADOOP,pre_ai,Bug,1
1575,3.1714285714285713,105,2,HADOOP-11381,HADOOP,pre_ai,Sub-task,0
2462,2.6838709677419357,155,17,HADOOP-10134,HADOOP,pre_ai,Bug,1
2411,2.35,200,6,HADOOP-11386,HADOOP,pre_ai,Bug,1
189,6.0,8,1,HADOOP-11211,HADOOP,pre_ai,Bug,1
10538,2.3559322033898304,944,28,HADOOP-10482,HADOOP,pre_ai,Sub-task,0
198,2.1333333333333333,15,1,HADOOP-11238,HADOOP,pre_ai,Bug,1
52,1.8333333333333333,6,1,HADOOP-10852,HADOOP,pre_ai,Bug,1
2341,2.174193548387097,155,9,HADOOP-11015,HADOOP,pre_ai,Improvement,0
621,2.3846153846153846,39,1,HADOOP-11069,HADOOP,pre_ai,Bug,1
1108,1.9625,80,4,HADOOP-11071,HADOOP,pre_ai,Test,0
13724,2.4668534080298787,1071,34,HADOOP-11389,HADOOP,pre_ai,Sub-task,0
96,25.0,1,1,HADOOP-11057,HADOOP,pre_ai,Improvement,0
1122,4.9375,48,1,HADOOP-11035,HADOOP,pre_ai,Bug,1
294,3.7142857142857144,14,1,HADOOP-9989,HADOOP,pre_ai,Bug,1
120,2.1818181818181817,11,1,HADOOP-11077,HADOOP,pre_ai,Bug,1
165,1.85,20,1,HADOOP-11085,HADOOP,pre_ai,Bug,1
177,3.0,11,1,HADOOP-11083,HADOOP,pre_ai,Bug,1
426,3.590909090909091,22,1,HADOOP-11088,HADOOP,pre_ai,Test,0
669,2.018181818181818,55,4,HADOOP-10758,HADOOP,pre_ai,Improvement,0
298,2.388888888888889,18,1,HADOOP-10868,HADOOP,pre_ai,Sub-task,0
895,4.475,40,3,HADOOP-11091,HADOOP,pre_ai,Bug,1
76,3.75,4,1,HADOOP-11099,HADOOP,pre_ai,Bug,1
2558,1.9357798165137614,218,3,HADOOP-11096,HADOOP,pre_ai,Bug,1
114,2.25,8,1,HADOOP-11016,HADOOP,pre_ai,Improvement,0
499,2.341463414634146,41,1,HADOOP-11040,HADOOP,pre_ai,Bug,1
627,2.35,40,1,HADOOP-10982,HADOOP,pre_ai,Improvement,0
931,3.492063492063492,63,1,HADOOP-10946,HADOOP,pre_ai,Bug,1
603,3.4,45,1,HADOOP-10131,HADOOP,pre_ai,Bug,1
426,1.9090909090909092,44,1,HADOOP-11017,HADOOP,pre_ai,Improvement,0
465,1.7777777777777777,36,3,HADOOP-10970,HADOOP,pre_ai,Improvement,0
60,1.0,5,1,HADOOP-11064,HADOOP,pre_ai,Bug,1
973,1.6666666666666667,84,1,HADOOP-11101,HADOOP,pre_ai,Improvement,0
192,3.1,10,1,HADOOP-11048,HADOOP,pre_ai,Bug,1
487,3.027027027027027,37,1,HADOOP-11143,HADOOP,pre_ai,Bug,1
801,2.152941176470588,85,4,HADOOP-11009,HADOOP,pre_ai,Improvement,0
181,5.625,8,1,HADOOP-11049,HADOOP,pre_ai,Bug,1
297,2.526315789473684,19,1,HADOOP-11130,HADOOP,pre_ai,Bug,1
961,3.381818181818182,55,2,HADOOP-11110,HADOOP,pre_ai,Bug,1
174,1.1481481481481481,27,1,HADOOP-11156,HADOOP,pre_ai,Bug,1
634,2.4,40,1,HADOOP-11113,HADOOP,pre_ai,Bug,1
297,2.526315789473684,19,1,HADOOP-11160,HADOOP,pre_ai,Bug,1
779,2.418181818181818,55,2,HADOOP-11151,HADOOP,pre_ai,Bug,1
361,2.107142857142857,28,2,HADOOP-11169,HADOOP,pre_ai,Bug,1
882,2.0,85,4,HADOOP-10681,HADOOP,pre_ai,Bug,1
501,2.3333333333333335,54,1,HADOOP-11172,HADOOP,pre_ai,Improvement,0
1243,2.5,104,2,HADOOP-11117,HADOOP,pre_ai,Bug,1
839,3.9583333333333335,48,1,HADOOP-11179,HADOOP,pre_ai,Bug,1
785,3.3333333333333335,42,2,HADOOP-11133,HADOOP,pre_ai,Bug,1
687,2.441860465116279,43,1,HADOOP-11174,HADOOP,pre_ai,Bug,1
686,2.4651162790697674,43,1,HADOOP-11176,HADOOP,pre_ai,Bug,1
3652,2.023489932885906,298,5,HADOOP-11161,HADOOP,pre_ai,Bug,1
458,1.9583333333333333,48,1,HADOOP-11198,HADOOP,pre_ai,Bug,1
99,3.75,4,1,HADOOP-11181,HADOOP,pre_ai,Bug,1
1050,2.4615384615384617,78,2,HADOOP-11122,HADOOP,pre_ai,Bug,1
673,2.3777777777777778,45,3,HADOOP-11207,HADOOP,pre_ai,Bug,1
73,1.75,8,1,HADOOP-11231,HADOOP,pre_ai,Improvement,0
1098,2.4523809523809526,84,2,HADOOP-11170,HADOOP,pre_ai,Bug,1
161,2.3333333333333335,12,1,HADOOP-11236,HADOOP,pre_ai,Bug,1
157,2.0833333333333335,12,1,HADOOP-11243,HADOOP,pre_ai,Bug,1
2259,2.1029411764705883,204,4,HADOOP-11321,HADOOP,pre_ai,Bug,1
187,2.9375,16,1,HADOOP-11421,HADOOP,pre_ai,Improvement,0
1245,3.2533333333333334,75,1,HADOOP-10689,HADOOP,pre_ai,Bug,1
3471,2.6330645161290325,248,6,HADOOP-11416,HADOOP,pre_ai,Improvement,0
31,1.5,4,1,HADOOP-10809,HADOOP,pre_ai,Improvement,0
315,2.7,20,1,HADOOP-11188,HADOOP,pre_ai,Improvement,0
1464,3.1818181818181817,99,1,HADOOP-11248,HADOOP,pre_ai,Bug,1
111,1.6363636363636365,11,1,HADOOP-11427,HADOOP,pre_ai,Improvement,0
276,7.571428571428571,7,1,HADOOP-11385,HADOOP,pre_ai,Bug,1
1594,2.0,134,2,HADOOP-11409,HADOOP,pre_ai,Bug,1
2836,2.83,200,9,HADOOP-10728,HADOOP,pre_ai,New Feature,0
767,2.2028985507246377,69,4,HADOOP-11422,HADOOP,pre_ai,Improvement,0
2010,4.204081632653061,98,4,HADOOP-11429,HADOOP,pre_ai,Sub-task,0
73,3.25,4,1,HADOOP-11414,HADOOP,pre_ai,Bug,1
1622,2.5095541401273884,157,1,HADOOP-11399,HADOOP,pre_ai,Improvement,0
1305,5.127272727272727,55,1,HADOOP-11283,HADOOP,pre_ai,Bug,1
73,3.25,4,1,HADOOP-11448,HADOOP,pre_ai,Improvement,0
762,3.1914893617021276,47,2,HADOOP-11455,HADOOP,pre_ai,Improvement,0
1010,4.659090909090909,44,3,HADOOP-11446,HADOOP,pre_ai,Bug,1
170,2.5833333333333335,12,1,HADOOP-11390,HADOOP,pre_ai,Improvement,0
206,2.125,16,1,HADOOP-11402,HADOOP,pre_ai,Bug,1
261,1.8387096774193548,31,1,HADOOP-11445,HADOOP,pre_ai,Bug,1
1680,2.816666666666667,120,3,HADOOP-11459,HADOOP,pre_ai,Bug,1
295,3.875,16,2,HADOOP-10651,HADOOP,pre_ai,Sub-task,0
681,2.409090909090909,44,1,HADOOP-11470,HADOOP,pre_ai,Bug,1
151,2.8181818181818183,11,1,HADOOP-11400,HADOOP,pre_ai,Bug,1
2298,2.2023121387283235,173,6,HADOOP-11032,HADOOP,pre_ai,Improvement,0
173,2.5,10,1,HADOOP-11483,HADOOP,pre_ai,Improvement,0
90,6.0,3,1,HADOOP-11318,HADOOP,pre_ai,Bug,1
195,1.393939393939394,33,1,HADOOP-8757,HADOOP,pre_ai,Improvement,0
846,2.1944444444444446,72,1,HADOOP-11350,HADOOP,pre_ai,Bug,1
1789,2.068702290076336,131,6,HADOOP-11465,HADOOP,pre_ai,Sub-task,0
377,2.925925925925926,27,1,HADOOP-10542,HADOOP,pre_ai,Bug,1
872,4.972972972972973,37,2,HADOOP-11261,HADOOP,pre_ai,Improvement,0
666,2.260869565217391,46,1,HADOOP-10668,HADOOP,pre_ai,Test,0
918,5.135135135135135,37,2,HADOOP-11171,HADOOP,pre_ai,Improvement,0
132,2.8461538461538463,13,1,HADOOP-11327,HADOOP,pre_ai,Bug,1
1637,2.535031847133758,157,1,HADOOP-11209,HADOOP,pre_ai,Bug,1
187,6.0,8,1,HADOOP-11500,HADOOP,pre_ai,Bug,1
49,1.1666666666666667,6,1,HADOOP-11507,HADOOP,pre_ai,Bug,1
702,2.5348837209302326,43,1,HADOOP-11482,HADOOP,pre_ai,Bug,1
333,4.071428571428571,14,3,HADOOP-11419,HADOOP,pre_ai,Improvement,0
1282,5.166666666666667,54,1,HADOOP-11450,HADOOP,pre_ai,Bug,1
6326,1.6342141863699582,719,9,HADOOP-11490,HADOOP,pre_ai,New Feature,0
196,2.357142857142857,14,1,HADOOP-11499,HADOOP,pre_ai,Bug,1
294,3.7142857142857144,14,1,HADOOP-11509,HADOOP,pre_ai,Bug,1
226,3.0,9,1,HADOOP-10626,HADOOP,pre_ai,Improvement,0
1948,2.576923076923077,156,3,HADOOP-6221,HADOOP,pre_ai,Bug,1
301,2.85,20,2,HADOOP-11469,HADOOP,pre_ai,Bug,1
505,2.9583333333333335,24,2,HADOOP-11316,HADOOP,pre_ai,Bug,1
1458,3.1333333333333333,90,1,HADOOP-11441,HADOOP,pre_ai,Improvement,0
1494,3.242424242424242,99,1,HADOOP-11523,HADOOP,pre_ai,Bug,1
202,1.625,8,5,HADOOP-9907,HADOOP,pre_ai,Bug,1
2248,2.8958333333333335,144,2,HADOOP-9137,HADOOP,pre_ai,Bug,1
2558,2.0427807486631018,187,1,HADOOP-11498,HADOOP,pre_ai,Improvement,0
614,2.5,50,1,HADOOP-11432,HADOOP,pre_ai,Test,0
165,1.3157894736842106,19,7,HADOOP-11514,HADOOP,pre_ai,Sub-task,0
509,4.0,25,1,HADOOP-11494,HADOOP,pre_ai,Bug,1
69,1.2727272727272727,11,2,HADOOP-11534,HADOOP,pre_ai,Sub-task,0
150,2.3333333333333335,12,1,HADOOP-10902,HADOOP,pre_ai,Improvement,0
380,2.48,25,2,HADOOP-10181,HADOOP,pre_ai,Bug,1
488,2.611111111111111,36,2,HADOOP-10900,HADOOP,pre_ai,Bug,1
414,3.608695652173913,23,1,HADOOP-10793,HADOOP,pre_ai,Improvement,0
68,6.5,2,1,HADOOP-10903,HADOOP,pre_ai,Improvement,0
338,2.75,24,1,HADOOP-10928,HADOOP,pre_ai,Bug,1
2222,2.0977011494252875,174,2,HADOOP-10886,HADOOP,pre_ai,Sub-task,0
343,2.7916666666666665,24,1,HADOOP-10927,HADOOP,pre_ai,Bug,1
767,1.9473684210526316,57,2,HADOOP-10937,HADOOP,pre_ai,Bug,1
978,2.3733333333333335,75,3,HADOOP-10936,HADOOP,pre_ai,Improvement,0
166,2.25,8,1,HADOOP-10933,HADOOP,pre_ai,Sub-task,0
1128,2.65,80,3,HADOOP-10918,HADOOP,pre_ai,Bug,1
225,3.0,9,1,HADOOP-10905,HADOOP,pre_ai,Sub-task,0
1582,2.487012987012987,154,1,HADOOP-10929,HADOOP,pre_ai,Bug,1
622,3.263157894736842,38,2,HADOOP-10919,HADOOP,pre_ai,Bug,1
511,3.2666666666666666,30,1,HADOOP-10224,HADOOP,pre_ai,Bug,1
1583,2.487012987012987,154,1,HADOOP-10402,HADOOP,pre_ai,Bug,1
1266,2.1097560975609757,82,6,HADOOP-10862,HADOOP,pre_ai,Bug,1
294,3.7142857142857144,14,1,HADOOP-10820,HADOOP,pre_ai,Bug,1
49,2.0,5,1,HADOOP-10851,HADOOP,pre_ai,Bug,1
942,2.981818181818182,55,5,HADOOP-10835,HADOOP,pre_ai,Improvement,0
365,1.9444444444444444,36,2,HADOOP-10838,HADOOP,pre_ai,Improvement,0
324,2.0,31,3,HADOOP-10281,HADOOP,pre_ai,Sub-task,0
156,1.1176470588235294,17,1,HADOOP-10967,HADOOP,pre_ai,Improvement,0
240,3.263157894736842,19,1,HADOOP-10964,HADOOP,pre_ai,Bug,1
782,2.38,50,2,HADOOP-10698,HADOOP,pre_ai,Improvement,0
275,3.0,6,2,HADOOP-10650,HADOOP,pre_ai,Sub-task,0
1877,2.169491525423729,118,9,HADOOP-10770,HADOOP,pre_ai,Improvement,0
111,1.5,14,1,HADOOP-10059,HADOOP,pre_ai,Bug,1
340,3.3333333333333335,21,6,HADOOP-10335,HADOOP,pre_ai,Improvement,0
2390,2.323809523809524,210,1,HADOOP-8896,HADOOP,pre_ai,Improvement,0
849,2.9298245614035086,57,4,HADOOP-10893,HADOOP,pre_ai,New Feature,0
184,4.9,10,1,HADOOP-10957,HADOOP,pre_ai,Bug,1
350,1.96875,32,4,HADOOP-10282,HADOOP,pre_ai,Sub-task,0
171,3.4444444444444446,9,1,HADOOP-11005,HADOOP,pre_ai,Bug,1
313,3.7222222222222223,18,1,HADOOP-10911,HADOOP,pre_ai,Bug,1
647,2.5,40,3,HADOOP-10880,HADOOP,pre_ai,Bug,1
82,1.5555555555555556,9,1,HADOOP-10833,HADOOP,pre_ai,Improvement,0
247,2.230769230769231,13,1,HADOOP-11012,HADOOP,pre_ai,Bug,1
1935,2.1265822784810124,158,6,HADOOP-10994,HADOOP,pre_ai,Task,0
102,1.1,20,1,HADOOP-11041,HADOOP,pre_ai,Improvement,0
334,1.18,50,5,HADOOP-10990,HADOOP,pre_ai,Improvement,0
89,2.0,7,1,HADOOP-11056,HADOOP,pre_ai,Bug,1
726,2.18,50,3,HADOOP-10863,HADOOP,pre_ai,Improvement,0
59,3.5,2,1,HADOOP-11054,HADOOP,pre_ai,Improvement,0
663,3.176470588235294,34,1,HADOOP-11529,HADOOP,pre_ai,Bug,1
743,3.325,40,1,HADOOP-11492,HADOOP,pre_ai,Task,0
514,2.4318181818181817,44,1,HADOOP-10062,HADOOP,pre_ai,Bug,1
871,5.052631578947368,38,1,HADOOP-11463,HADOOP,pre_ai,Task,0
186,2.0588235294117645,17,1,HADOOP-9044,HADOOP,pre_ai,New Feature,0
1657,2.56687898089172,157,1,HADOOP-6964,HADOOP,pre_ai,Improvement,0
70,4.5,4,2,HADOOP-11541,HADOOP,pre_ai,Sub-task,0
1640,2.5448717948717947,156,1,HADOOP-11506,HADOOP,pre_ai,Improvement,0
70,2.4,5,1,HADOOP-11512,HADOOP,pre_ai,Bug,1
592,3.4318181818181817,44,1,HADOOP-10953,HADOOP,pre_ai,Bug,1
412,4.0344827586206895,29,5,HADOOP-11542,HADOOP,pre_ai,Sub-task,0
302,1.9705882352941178,34,1,HADOOP-11586,HADOOP,pre_ai,Improvement,0
1698,2.6139240506329116,158,1,HADOOP-9869,HADOOP,pre_ai,Improvement,0
3829,1.5232558139534884,430,8,HADOOP-11510,HADOOP,pre_ai,New Feature,0
496,3.054054054054054,37,1,HADOOP-11589,HADOOP,pre_ai,Improvement,0
209,1.6363636363636365,22,1,HADOOP-11000,HADOOP,pre_ai,Bug,1
382,2.5172413793103448,29,3,HADOOP-11467,HADOOP,pre_ai,Bug,1
162,2.8333333333333335,12,1,HADOOP-11570,HADOOP,pre_ai,Sub-task,0
576,2.3636363636363638,44,2,HADOOP-11600,HADOOP,pre_ai,Sub-task,0
120,4.2,5,1,HADOOP-11575,HADOOP,pre_ai,Improvement,0
2043,2.895104895104895,143,1,HADOOP-11295,HADOOP,pre_ai,Bug,1
919,5.052631578947368,38,2,HADOOP-11521,HADOOP,pre_ai,Sub-task,0
1126,2.8674698795180724,83,1,HADOOP-11599,HADOOP,pre_ai,Improvement,0
358,2.9166666666666665,24,1,HADOOP-11545,HADOOP,pre_ai,Bug,1
620,2.4705882352941178,51,1,HADOOP-11595,HADOOP,pre_ai,Bug,1
217,2.6875,16,1,HADOOP-9087,HADOOP,pre_ai,Bug,1
360,2.9375,16,1,HADOOP-11604,HADOOP,pre_ai,Bug,1
877,5.105263157894737,38,1,HADOOP-11607,HADOOP,pre_ai,Improvement,0
134,1.5,12,1,HADOOP-11612,HADOOP,pre_ai,Task,0
67,2.2,5,1,HADOOP-10478,HADOOP,pre_ai,Sub-task,0
911,4.604651162790698,43,2,HADOOP-11584,HADOOP,pre_ai,Sub-task,0
458,2.8,30,1,HADOOP-11619,HADOOP,pre_ai,Bug,1
335,3.125,24,1,HADOOP-11632,HADOOP,pre_ai,Improvement,0
1466,3.1666666666666665,90,1,HADOOP-11629,HADOOP,pre_ai,Bug,1
1048,2.2777777777777777,72,2,HADOOP-11620,HADOOP,pre_ai,Improvement,0
657,2.3508771929824563,57,1,HADOOP-11569,HADOOP,pre_ai,Improvement,0
182,1.8888888888888888,18,1,HADOOP-11657,HADOOP,pre_ai,Improvement,0
402,1.0506329113924051,79,1,HADOOP-11605,HADOOP,pre_ai,Bug,1
379,3.909090909090909,11,2,HADOOP-11658,HADOOP,pre_ai,Improvement,0
177,1.9411764705882353,17,1,HADOOP-11666,HADOOP,pre_ai,Bug,1
113,3.1,10,1,HADOOP-11643,HADOOP,pre_ai,Sub-task,0
1254,4.622641509433962,53,3,HADOOP-11183,HADOOP,pre_ai,Sub-task,0
708,2.3333333333333335,60,2,HADOOP-11674,HADOOP,pre_ai,Bug,1
934,2.9583333333333335,48,3,HADOOP-11648,HADOOP,pre_ai,Improvement,0
952,5.157894736842105,38,2,HADOOP-11670,HADOOP,pre_ai,Sub-task,0
4464,2.652037617554859,319,12,HADOOP-11642,HADOOP,pre_ai,Improvement,0
421,2.7333333333333334,15,1,HADOOP-11686,HADOOP,pre_ai,Bug,1
321,1.5263157894736843,38,15,HADOOP-11646,HADOOP,pre_ai,Sub-task,0
1332,2.857142857142857,84,2,HADOOP-11226,HADOOP,pre_ai,Improvement,0
1965,2.337748344370861,151,3,HADOOP-11693,HADOOP,pre_ai,Bug,1
245,3.5555555555555554,9,1,HADOOP-9477,HADOOP,pre_ai,New Feature,0
185,1.9444444444444444,18,1,HADOOP-11710,HADOOP,pre_ai,Sub-task,0
294,4.333333333333333,3,2,HADOOP-11711,HADOOP,pre_ai,Improvement,0
187,3.3333333333333335,9,1,HADOOP-11714,HADOOP,pre_ai,Improvement,0
1510,2.089655172413793,145,8,HADOOP-10027,HADOOP,pre_ai,Bug,1
752,3.375,40,1,HADOOP-11722,HADOOP,pre_ai,Bug,1
1526,1.712041884816754,191,1,HADOOP-11659,HADOOP,pre_ai,Improvement,0
835,2.1,70,1,HADOOP-10703,HADOOP,pre_ai,Bug,1
27,1.0,4,3,HADOOP-11707,HADOOP,pre_ai,Sub-task,0
5488,3.1644562334217508,377,11,HADOOP-11720,HADOOP,pre_ai,Bug,1
14,1.0,2,1,HADOOP-11709,HADOOP,pre_ai,Improvement,0
188,1.4444444444444444,27,2,HADOOP-11447,HADOOP,pre_ai,Improvement,0
481,2.1,30,8,HADOOP-11647,HADOOP,pre_ai,Sub-task,0
358,2.9166666666666665,24,1,HADOOP-11609,HADOOP,pre_ai,Bug,1
787,3.3333333333333335,42,2,HADOOP-11014,HADOOP,pre_ai,Bug,1
56,2.25,4,1,HADOOP-10670,HADOOP,pre_ai,Improvement,0
214,4.222222222222222,9,1,HADOOP-11724,HADOOP,pre_ai,Bug,1
294,3.7142857142857144,14,1,HADOOP-11719,HADOOP,pre_ai,Improvement,0
342,3.5714285714285716,21,1,HADOOP-11748,HADOOP,pre_ai,Bug,1
296,2.238095238095238,21,1,HADOOP-11760,HADOOP,pre_ai,Bug,1
5836,2.6911111111111112,450,7,HADOOP-11741,HADOOP,pre_ai,Improvement,0
274,4.25,4,2,HADOOP-11664,HADOOP,pre_ai,Sub-task,0
1259,2.402061855670103,97,3,HADOOP-11754,HADOOP,pre_ai,Bug,1
683,2.3380281690140845,71,1,HADOOP-9805,HADOOP,pre_ai,Improvement,0
254,4.571428571428571,14,1,HADOOP-11785,HADOOP,pre_ai,Improvement,0
6,1.0,2,2,HADOOP-11377,HADOOP,pre_ai,Sub-task,0
257,1.75,20,4,HADOOP-11757,HADOOP,pre_ai,Bug,1
317,2.44,25,10,HADOOP-11805,HADOOP,pre_ai,Sub-task,0
258,4.4,10,2,HADOOP-11717,HADOOP,pre_ai,Improvement,0
307,4.5,20,4,HADOOP-11814,HADOOP,pre_ai,Task,0
253,1.4705882352941178,34,8,HADOOP-11645,HADOOP,pre_ai,Sub-task,0
883,2.0675675675675675,74,1,HADOOP-11815,HADOOP,pre_ai,Bug,1
240,2.933333333333333,15,5,HADOOP-11818,HADOOP,pre_ai,Sub-task,0
1729,2.66875,160,1,HADOOP-9642,HADOOP,pre_ai,New Feature,0
339,3.619047619047619,21,1,HADOOP-11837,HADOOP,pre_ai,Bug,1
273,4.25,4,2,HADOOP-11841,HADOOP,pre_ai,Sub-task,0
465,3.260869565217391,23,2,HADOOP-11704,HADOOP,pre_ai,Bug,1
1513,1.3846153846153846,195,5,HADOOP-11812,HADOOP,pre_ai,Improvement,0
80,1.7777777777777777,9,1,HADOOP-11859,HADOOP,pre_ai,Bug,1
1188,2.4,105,9,HADOOP-11827,HADOOP,pre_ai,Improvement,0
343,3.6666666666666665,21,1,HADOOP-11868,HADOOP,pre_ai,Bug,1
221,4.444444444444445,9,1,HADOOP-11864,HADOOP,pre_ai,Bug,1
6979,2.154398563734291,557,8,HADOOP-11852,HADOOP,pre_ai,Sub-task,0
600,3.1463414634146343,41,1,HADOOP-11730,HADOOP,pre_ai,Bug,1
7320,2.036890645586298,759,21,HADOOP-11850,HADOOP,pre_ai,Sub-task,0
2114,2.5434782608695654,184,5,HADOOP-11627,HADOOP,pre_ai,Improvement,0
348,4.444444444444445,18,1,HADOOP-11876,HADOOP,pre_ai,Bug,1
1816,3.6216216216216215,74,5,HADOOP-11802,HADOOP,pre_ai,Bug,1
419,1.7142857142857142,42,7,HADOOP-11893,HADOOP,pre_ai,Improvement,0
1182,2.6559139784946235,93,1,HADOOP-12081,HADOOP,pre_ai,Improvement,0
696,3.1714285714285713,35,1,HADOOP-12214,HADOOP,pre_ai,Improvement,0
376,1.95,40,1,HADOOP-11762,HADOOP,pre_ai,Bug,1
3773,2.909090909090909,264,3,HADOOP-11962,HADOOP,pre_ai,Bug,1
702,3.1714285714285713,35,1,HADOOP-12017,HADOOP,pre_ai,Bug,1
1497,3.2525252525252526,99,1,HADOOP-12239,HADOOP,pre_ai,Bug,1
701,2.5833333333333335,60,12,HADOOP-12060,HADOOP,pre_ai,Sub-task,0
588,2.111111111111111,45,1,HADOOP-12184,HADOOP,pre_ai,Sub-task,0
105,2.090909090909091,11,1,HADOOP-12189,HADOOP,pre_ai,Improvement,0
1754,1.727699530516432,213,1,HADOOP-12009,HADOOP,pre_ai,Improvement,0
269,2.4,25,1,HADOOP-12175,HADOOP,pre_ai,Bug,1
23,1.5,2,1,HADOOP-10945,HADOOP,pre_ai,Bug,1
193,3.1,10,1,HADOOP-12271,HADOOP,pre_ai,Improvement,0
277,2.48,25,1,HADOOP-12183,HADOOP,pre_ai,Improvement,0
1428,4.459016393442623,61,4,HADOOP-12269,HADOOP,pre_ai,Sub-task,0
9562,1.5897693079237714,997,10,HADOOP-12161,HADOOP,pre_ai,Improvement,0
182,1.1724137931034482,29,1,HADOOP-12304,HADOOP,pre_ai,Bug,1
207,2.8,15,1,HADOOP-11932,HADOOP,pre_ai,Bug,1
123,1.9230769230769231,13,1,HADOOP-12318,HADOOP,pre_ai,Improvement,0
704,2.3472222222222223,72,1,HADOOP-12258,HADOOP,pre_ai,Bug,1
592,3.4318181818181817,44,1,HADOOP-12295,HADOOP,pre_ai,Improvement,0
116,1.4666666666666666,15,1,HADOOP-12322,HADOOP,pre_ai,Bug,1
1094,1.972972972972973,111,2,HADOOP-12317,HADOOP,pre_ai,Bug,1
541,2.6666666666666665,45,3,HADOOP-12050,HADOOP,pre_ai,Improvement,0
128,1.8,15,1,HADOOP-12347,HADOOP,pre_ai,Bug,1
258,3.125,16,1,HADOOP-12352,HADOOP,pre_ai,Bug,1
853,3.9183673469387754,49,1,HADOOP-10365,HADOOP,pre_ai,Bug,1
198,4.8,5,1,HADOOP-10318,HADOOP,pre_ai,Bug,1
1132,2.8452380952380953,84,1,HADOOP-12213,HADOOP,pre_ai,Bug,1
409,2.769230769230769,13,2,HADOOP-12358,HADOOP,pre_ai,Improvement,0
101,1.1,20,1,HADOOP-12388,HADOOP,pre_ai,Bug,1
665,3.275,40,2,HADOOP-12384,HADOOP,pre_ai,Improvement,0
123,1.9230769230769231,13,1,HADOOP-12324,HADOOP,pre_ai,Improvement,0
760,2.25,68,2,HADOOP-12348,HADOOP,pre_ai,Bug,1
2436,2.129032258064516,186,2,HADOOP-11894,HADOOP,pre_ai,Improvement,0
1967,2.337748344370861,151,3,HADOOP-11959,HADOOP,pre_ai,Bug,1
487,1.9318181818181819,44,3,HADOOP-11934,HADOOP,pre_ai,Bug,1
254,3.2666666666666666,15,1,HADOOP-12042,HADOOP,pre_ai,Bug,1
44,2.0,4,1,HADOOP-12011,HADOOP,pre_ai,Sub-task,0
519,2.381818181818182,55,1,HADOOP-11924,HADOOP,pre_ai,Bug,1
514,2.0714285714285716,28,3,HADOOP-12043,HADOOP,pre_ai,Improvement,0
110,2.9,10,1,HADOOP-12056,HADOOP,pre_ai,Bug,1
1468,2.865168539325843,89,2,HADOOP-12055,HADOOP,pre_ai,Improvement,0
557,2.6,40,4,HADOOP-12059,HADOOP,pre_ai,Improvement,0
135,3.0,12,1,HADOOP-12065,HADOOP,pre_ai,Sub-task,0
417,2.0851063829787235,47,1,HADOOP-12054,HADOOP,pre_ai,Bug,1
689,2.3661971830985915,71,1,HADOOP-11347,HADOOP,pre_ai,Bug,1
609,2.1940298507462686,67,1,HADOOP-7817,HADOOP,pre_ai,Bug,1
1130,2.925925925925926,81,1,HADOOP-12052,HADOOP,pre_ai,Bug,1
2128,3.0930232558139537,129,3,HADOOP-12073,HADOOP,pre_ai,Bug,1
522,2.381818181818182,55,1,HADOOP-12074,HADOOP,pre_ai,Bug,1
254,3.5555555555555554,9,1,HADOOP-12001,HADOOP,pre_ai,Bug,1
272,2.0869565217391304,23,1,HADOOP-12076,HADOOP,pre_ai,Bug,1
2448,2.3457943925233646,214,1,HADOOP-7139,HADOOP,pre_ai,Improvement,0
2222,2.1256830601092895,183,3,HADOOP-12078,HADOOP,pre_ai,Bug,1
207,1.6470588235294117,34,1,HADOOP-12100,HADOOP,pre_ai,Bug,1
197,2.769230769230769,13,1,HADOOP-12103,HADOOP,pre_ai,Bug,1
514,2.4318181818181817,44,1,HADOOP-11958,HADOOP,pre_ai,Bug,1
352,3.590909090909091,22,1,HADOOP-12049,HADOOP,pre_ai,Improvement,0
161,2.5,12,1,HADOOP-12119,HADOOP,pre_ai,Bug,1
1493,3.242424242424242,99,1,HADOOP-12089,HADOOP,pre_ai,Bug,1
1543,1.7046632124352332,193,1,HADOOP-12154,HADOOP,pre_ai,Bug,1
187,4.9,10,1,HADOOP-10798,HADOOP,pre_ai,Bug,1
261,2.36,25,1,HADOOP-12124,HADOOP,pre_ai,Bug,1
1387,2.2941176470588234,119,7,HADOOP-11203,HADOOP,pre_ai,Improvement,0
2248,2.8980891719745223,157,2,HADOOP-12171,HADOOP,pre_ai,Bug,1
1453,3.522222222222222,90,3,HADOOP-12159,HADOOP,pre_ai,Bug,1
49,2.25,4,1,HADOOP-12172,HADOOP,pre_ai,Improvement,0
602,3.369565217391304,46,1,HADOOP-12173,HADOOP,pre_ai,Bug,1
689,2.3380281690140845,71,1,HADOOP-12045,HADOOP,pre_ai,Improvement,0
604,3.369565217391304,46,1,HADOOP-12185,HADOOP,pre_ai,Improvement,0
1676,2.5759493670886076,158,1,HADOOP-12117,HADOOP,pre_ai,Bug,1
48,1.6,5,1,HADOOP-12193,HADOOP,pre_ai,Improvement,0
211,5.571428571428571,7,1,HADOOP-12194,HADOOP,pre_ai,Improvement,0
1058,1.6483516483516483,91,1,HADOOP-11878,HADOOP,pre_ai,Bug,1
816,2.9074074074074074,54,4,HADOOP-5732,HADOOP,pre_ai,New Feature,0
1757,1.8676470588235294,204,2,HADOOP-12201,HADOOP,pre_ai,Bug,1
1566,2.310077519379845,129,9,HADOOP-12180,HADOOP,pre_ai,Improvement,0
618,1.9259259259259258,54,4,HADOOP-12210,HADOOP,pre_ai,Improvement,0
82,2.0,10,1,HADOOP-12191,HADOOP,pre_ai,Bug,1
757,2.0806451612903225,62,4,HADOOP-12211,HADOOP,pre_ai,Improvement,0
99,5.0,4,1,HADOOP-10615,HADOOP,pre_ai,Bug,1
761,2.595744680851064,47,1,HADOOP-12088,HADOOP,pre_ai,Bug,1
364,1.3559322033898304,59,3,HADOOP-12209,HADOOP,pre_ai,Bug,1
469,1.7317073170731707,41,1,HADOOP-12051,HADOOP,pre_ai,Bug,1
203,2.5454545454545454,22,1,HADOOP-12413,HADOOP,pre_ai,Improvement,0
67,1.3,10,1,HADOOP-12416,HADOOP,pre_ai,Bug,1
422,2.0625,48,1,HADOOP-12386,HADOOP,pre_ai,Bug,1
1682,2.5822784810126582,158,1,HADOOP-12404,HADOOP,pre_ai,Improvement,0
1278,2.5294117647058822,85,9,HADOOP-12087,HADOOP,pre_ai,Bug,1
155,3.111111111111111,9,2,HADOOP-12360,HADOOP,pre_ai,New Feature,0
310,2.2962962962962963,27,1,HADOOP-12252,HADOOP,pre_ai,Bug,1
907,5.2105263157894735,38,1,HADOOP-11918,HADOOP,pre_ai,Sub-task,0
278,2.48,25,1,HADOOP-12442,HADOOP,pre_ai,Improvement,0
5559,3.3115942028985508,276,12,HADOOP-12428,HADOOP,pre_ai,Improvement,0
8216,1.832142857142857,840,8,HADOOP-12446,HADOOP,pre_ai,Task,0
1094,2.22972972972973,74,1,HADOOP-10296,HADOOP,pre_ai,Bug,1
312,2.3333333333333335,27,1,HADOOP-8437,HADOOP,pre_ai,Bug,1
3892,2.8967741935483873,155,4,HADOOP-12447,HADOOP,pre_ai,Bug,1
156,2.1666666666666665,12,1,HADOOP-11098,HADOOP,pre_ai,Bug,1
1094,1.972972972972973,111,2,HADOOP-12441,HADOOP,pre_ai,Bug,1
1731,1.9857142857142858,70,3,HADOOP-12458,HADOOP,pre_ai,Improvement,0
129,3.4,5,1,HADOOP-10949,HADOOP,pre_ai,New Feature,0
1198,2.6774193548387095,93,1,HADOOP-12284,HADOOP,pre_ai,Improvement,0
2985,3.0894736842105264,190,2,HADOOP-12350,HADOOP,pre_ai,Improvement,0
272,2.740740740740741,27,1,HADOOP-12465,HADOOP,pre_ai,Bug,1
199,1.4242424242424243,33,1,HADOOP-11104,HADOOP,pre_ai,Improvement,0
2894,2.4097560975609755,205,8,HADOOP-12478,HADOOP,pre_ai,Bug,1
4119,2.657439446366782,289,10,HADOOP-10775,HADOOP,pre_ai,Improvement,0
289,4.076923076923077,13,2,HADOOP-12479,HADOOP,pre_ai,Bug,1
225,4.2,10,1,HADOOP-12481,HADOOP,pre_ai,Improvement,0
262,3.6363636363636362,11,1,HADOOP-11628,HADOOP,pre_ai,Bug,1
1200,2.6881720430107525,93,1,HADOOP-12450,HADOOP,pre_ai,Improvement,0
2155,2.824675324675325,154,1,HADOOP-12483,HADOOP,pre_ai,Bug,1
257,3.5294117647058822,17,2,HADOOP-10941,HADOOP,pre_ai,Bug,1
300,3.0,14,1,HADOOP-12460,HADOOP,pre_ai,Improvement,0
684,2.328125,64,1,HADOOP-12495,HADOOP,pre_ai,Bug,1
1294,2.9130434782608696,92,2,HADOOP-12464,HADOOP,pre_ai,Bug,1
2456,2.350467289719626,214,1,HADOOP-9692,HADOOP,pre_ai,Bug,1
1524,3.1666666666666665,90,1,HADOOP-12334,HADOOP,pre_ai,Improvement,0
1516,3.11,100,1,HADOOP-12484,HADOOP,pre_ai,Bug,1
794,3.7346938775510203,49,6,HADOOP-12436,HADOOP,pre_ai,Improvement,0
92,1.0,4,6,HADOOP-12507,HADOOP,pre_ai,Sub-task,0
4044,2.6993865030674846,326,3,HADOOP-12457,HADOOP,pre_ai,Sub-task,0
1128,2.902439024390244,82,1,HADOOP-12178,HADOOP,pre_ai,Bug,1
179,3.75,8,1,HADOOP-12494,HADOOP,pre_ai,Bug,1
3053,3.163157894736842,190,2,HADOOP-11685,HADOOP,pre_ai,Bug,1
2347,2.903225806451613,155,7,HADOOP-12040,HADOOP,pre_ai,Sub-task,0
509,3.96,25,1,HADOOP-12385,HADOOP,pre_ai,Improvement,0
2064,3.1515151515151514,132,8,HADOOP-12327,HADOOP,pre_ai,Sub-task,0
2919,1.8445229681978799,283,30,HADOOP-7266,HADOOP,pre_ai,Improvement,0
982,2.742857142857143,70,7,HADOOP-12047,HADOOP,pre_ai,Sub-task,0
1567,3.1941747572815533,103,1,HADOOP-12533,HADOOP,pre_ai,Bug,1
1678,3.28125,96,2,HADOOP-12508,HADOOP,pre_ai,Bug,1
175,1.368421052631579,19,1,HADOOP-12553,HADOOP,pre_ai,Bug,1
46,1.0,8,3,HADOOP-12544,HADOOP,pre_ai,Sub-task,0
252,1.9166666666666667,24,1,HADOOP-12482,HADOOP,pre_ai,Bug,1
338,2.727272727272727,22,1,HADOOP-12567,HADOOP,pre_ai,Task,0
148,2.1176470588235294,17,1,HADOOP-11857,HADOOP,pre_ai,Improvement,0
1963,3.5647058823529414,85,5,HADOOP-11821,HADOOP,pre_ai,Bug,1
1037,2.4054054054054053,74,6,HADOOP-11870,HADOOP,pre_ai,Bug,1
15,1.0,2,1,HADOOP-11491,HADOOP,pre_ai,Bug,1
80,1.8571428571428572,7,1,HADOOP-11891,HADOOP,pre_ai,Bug,1
112,1.4,15,1,HADOOP-9658,HADOOP,pre_ai,Bug,1
150,2.3333333333333335,12,1,HADOOP-11120,HADOOP,pre_ai,Bug,1
667,2.260869565217391,46,1,HADOOP-11328,HADOOP,pre_ai,Bug,1
37,1.5,4,1,HADOOP-11912,HADOOP,pre_ai,Bug,1
199,1.894736842105263,19,1,HADOOP-11877,HADOOP,pre_ai,Bug,1
125,1.3157894736842106,19,1,HADOOP-6842,HADOOP,pre_ai,Improvement,0
719,1.0291970802919708,137,2,HADOOP-7165,HADOOP,pre_ai,Bug,1
554,1.8461538461538463,39,11,HADOOP-11920,HADOOP,pre_ai,Sub-task,0
126,2.5833333333333335,12,2,HADOOP-11566,HADOOP,pre_ai,Sub-task,0
668,3.176470588235294,34,1,HADOOP-9723,HADOOP,pre_ai,Improvement,0
294,2.909090909090909,33,1,HADOOP-8174,HADOOP,pre_ai,Bug,1
2917,2.1913043478260867,230,10,HADOOP-11775,HADOOP,pre_ai,Bug,1
1507,3.2,90,1,HADOOP-11960,HADOOP,pre_ai,Improvement,0
2216,1.2516778523489933,298,4,HADOOP-11713,HADOOP,pre_ai,Improvement,0
1505,5.0,62,2,HADOOP-11939,HADOOP,pre_ai,Improvement,0
767,3.192982456140351,57,9,HADOOP-11938,HADOOP,pre_ai,Sub-task,0
229,2.4210526315789473,19,1,HADOOP-10971,HADOOP,pre_ai,New Feature,0
1204,2.7311827956989245,93,2,HADOOP-11103,HADOOP,pre_ai,Improvement,0
1181,2.4554455445544554,101,9,HADOOP-1540,HADOOP,pre_ai,Improvement,0
753,3.35,40,1,HADOOP-11973,HADOOP,pre_ai,Bug,1
1124,2.9135802469135803,81,1,HADOOP-11772,HADOOP,pre_ai,Sub-task,0
1543,1.7046632124352332,193,1,HADOOP-12016,HADOOP,pre_ai,Bug,1
135,3.0,12,1,HADOOP-12029,HADOOP,pre_ai,Sub-task,0
846,3.7586206896551726,58,8,HADOOP-11847,HADOOP,pre_ai,Sub-task,0
12444,2.8821510297482837,874,14,HADOOP-11970,HADOOP,pre_ai,Improvement,0
264,1.7878787878787878,33,1,HADOOP-8751,HADOOP,pre_ai,Bug,1
2087,2.8904109589041096,146,1,HADOOP-11242,HADOOP,pre_ai,Improvement,0
305,4.25,16,1,HADOOP-7947,HADOOP,pre_ai,New Feature,0
318,1.962962962962963,27,2,HADOOP-12771,HADOOP,pre_ai,Bug,1
338,2.5714285714285716,35,2,HADOOP-12772,HADOOP,pre_ai,Improvement,0
90,2.8333333333333335,6,1,HADOOP-12758,HADOOP,pre_ai,Improvement,0
3243,1.902061855670103,388,17,HADOOP-11969,HADOOP,pre_ai,Bug,1
1846,2.610294117647059,136,2,HADOOP-12426,HADOOP,pre_ai,New Feature,0
274,3.0625,16,1,HADOOP-12759,HADOOP,pre_ai,Improvement,0
979,5.075,40,2,HADOOP-12292,HADOOP,pre_ai,Sub-task,0
113,1.4615384615384615,13,1,HADOOP-12788,HADOOP,pre_ai,Improvement,0
1227,2.734042553191489,94,1,HADOOP-12752,HADOOP,pre_ai,Sub-task,0
78,3.75,4,1,HADOOP-12795,HADOOP,pre_ai,Bug,1
119,1.4444444444444444,9,1,HADOOP-12699,HADOOP,pre_ai,Bug,1
197,6.375,8,1,HADOOP-12776,HADOOP,pre_ai,Improvement,0
417,3.608695652173913,23,1,HADOOP-12786,HADOOP,pre_ai,Bug,1
3416,3.564766839378238,193,3,HADOOP-12780,HADOOP,pre_ai,Bug,1
1534,1.6994818652849741,193,1,HADOOP-12810,HADOOP,pre_ai,Bug,1
195,2.142857142857143,14,1,HADOOP-12817,HADOOP,pre_ai,Improvement,0
983,4.448979591836735,49,1,HADOOP-12548,HADOOP,pre_ai,New Feature,0
364,2.0833333333333335,36,1,HADOOP-10865,HADOOP,pre_ai,Improvement,0
857,2.4444444444444446,72,2,HADOOP-12828,HADOOP,pre_ai,Improvement,0
29,2.0,2,1,HADOOP-12555,HADOOP,pre_ai,Improvement,0
1643,1.7079207920792079,202,1,HADOOP-12829,HADOOP,pre_ai,Improvement,0
2561,2.661764705882353,204,4,HADOOP-12668,HADOOP,pre_ai,Improvement,0
1774,3.801980198019802,101,1,HADOOP-12535,HADOOP,pre_ai,Improvement,0
335,2.857142857142857,21,5,HADOOP-12808,HADOOP,pre_ai,Sub-task,0
177,1.4210526315789473,19,1,HADOOP-12824,HADOOP,pre_ai,Improvement,0
77,1.625,8,1,HADOOP-12711,HADOOP,pre_ai,Sub-task,0
1613,2.878260869565217,115,3,HADOOP-12716,HADOOP,pre_ai,Bug,1
465,1.9183673469387754,49,1,HADOOP-12831,HADOOP,pre_ai,Bug,1
138,4.0,6,2,HADOOP-12846,HADOOP,pre_ai,Bug,1
692,2.253731343283582,67,2,HADOOP-12622,HADOOP,pre_ai,Bug,1
986,4.448979591836735,49,1,HADOOP-12851,HADOOP,pre_ai,Bug,1
767,2.574468085106383,47,1,HADOOP-12901,HADOOP,pre_ai,Improvement,0
1596,3.3260869565217392,92,1,HADOOP-12717,HADOOP,pre_ai,Bug,1
165,2.0,13,1,HADOOP-12895,HADOOP,pre_ai,Bug,1
2198,2.7577639751552794,161,1,HADOOP-12903,HADOOP,pre_ai,Bug,1
120,2.357142857142857,14,1,HADOOP-12906,HADOOP,pre_ai,Bug,1
166,2.9,10,1,HADOOP-11404,HADOOP,pre_ai,Improvement,0
1476,2.8173076923076925,104,2,HADOOP-12923,HADOOP,pre_ai,Improvement,0
367,2.8260869565217392,23,5,HADOOP-12826,HADOOP,pre_ai,Sub-task,0
695,2.3384615384615386,65,1,HADOOP-12888,HADOOP,pre_ai,Bug,1
215,4.2,10,1,HADOOP-12929,HADOOP,pre_ai,Bug,1
409,1.8823529411764706,17,1,HADOOP-12962,HADOOP,pre_ai,Bug,1
1534,1.6994818652849741,193,1,HADOOP-12958,HADOOP,pre_ai,Bug,1
411,2.6285714285714286,35,1,HADOOP-12954,HADOOP,pre_ai,Bug,1
197,2.142857142857143,14,1,HADOOP-12886,HADOOP,pre_ai,Improvement,0
480,2.738095238095238,42,3,HADOOP-10965,HADOOP,pre_ai,Improvement,0
343,3.6666666666666665,21,1,HADOOP-12902,HADOOP,pre_ai,Bug,1
2007,3.4693877551020407,98,7,HADOOP-11393,HADOOP,pre_ai,Improvement,0
116,28.0,1,1,HADOOP-12955,HADOOP,pre_ai,Bug,1
165,1.6666666666666667,18,1,HADOOP-12950,HADOOP,pre_ai,Improvement,0
881,4.04,50,1,HADOOP-11661,HADOOP,pre_ai,Improvement,0
1864,5.473684210526316,76,2,HADOOP-11687,HADOOP,pre_ai,Improvement,0
5998,2.474120082815735,483,12,HADOOP-12916,HADOOP,pre_ai,Improvement,0
503,3.081081081081081,37,1,HADOOP-11212,HADOOP,pre_ai,Improvement,0
850,4.020408163265306,49,1,HADOOP-12967,HADOOP,pre_ai,Improvement,0
1664,2.210144927536232,138,2,HADOOP-12672,HADOOP,pre_ai,Improvement,0
1153,3.0123456790123457,81,1,HADOOP-12909,HADOOP,pre_ai,New Feature,0
3925,2.6533333333333333,300,3,HADOOP-8813,HADOOP,pre_ai,Improvement,0
683,3.1219512195121952,41,2,HADOOP-12951,HADOOP,pre_ai,Improvement,0
256,3.375,16,1,HADOOP-12444,HADOOP,pre_ai,Sub-task,0
124,2.090909090909091,11,1,HADOOP-12406,HADOOP,pre_ai,Bug,1
165,1.6666666666666667,18,1,HADOOP-12993,HADOOP,pre_ai,Bug,1
921,2.0779220779220777,77,1,HADOOP-12964,HADOOP,pre_ai,Bug,1
900,2.8484848484848486,66,5,HADOOP-12973,HADOOP,pre_ai,Sub-task,0
100,1.8571428571428572,7,1,HADOOP-12822,HADOOP,pre_ai,Improvement,0
6698,2.612781954887218,532,13,HADOOP-12994,HADOOP,pre_ai,Improvement,0
3402,2.8299595141700404,247,2,HADOOP-12969,HADOOP,pre_ai,Improvement,0
247,4.4,10,1,HADOOP-13026,HADOOP,pre_ai,Bug,1
1104,4.627450980392157,51,2,HADOOP-12963,HADOOP,pre_ai,Improvement,0
911,2.0,82,4,HADOOP-12985,HADOOP,pre_ai,Improvement,0
1009,4.872340425531915,47,1,HADOOP-12891,HADOOP,pre_ai,Improvement,0
549,1.734375,64,1,HADOOP-13052,HADOOP,pre_ai,Bug,1
100,1.8571428571428572,7,1,HADOOP-13033,HADOOP,pre_ai,Improvement,0
284,3.0,15,1,HADOOP-11418,HADOOP,pre_ai,Bug,1
204,3.3,10,1,HADOOP-5470,HADOOP,pre_ai,Improvement,0
138,2.357142857142857,14,4,HADOOP-12378,HADOOP,pre_ai,Bug,1
2387,2.3854748603351954,179,12,HADOOP-12924,HADOOP,pre_ai,Sub-task,0
19,1.0,2,1,HADOOP-13072,HADOOP,pre_ai,Bug,1
664,2.480769230769231,52,3,HADOOP-12563,HADOOP,pre_ai,New Feature,0
177,1.4210526315789473,19,1,HADOOP-13080,HADOOP,pre_ai,Bug,1
1442,2.9318181818181817,88,4,HADOOP-12957,HADOOP,pre_ai,Improvement,0
194,3.3,10,1,HADOOP-13068,HADOOP,pre_ai,Improvement,0
900,2.0933333333333333,75,1,HADOOP-12504,HADOOP,pre_ai,Improvement,0
275,3.8461538461538463,13,1,HADOOP-12469,HADOOP,pre_ai,Bug,1
126,4.4,5,1,HADOOP-13098,HADOOP,pre_ai,Bug,1
215,1.9411764705882353,17,3,HADOOP-13110,HADOOP,pre_ai,Sub-task,0
1428,2.7281553398058254,103,2,HADOOP-13103,HADOOP,pre_ai,Improvement,0
188,2.9375,16,1,HADOOP-13118,HADOOP,pre_ai,Bug,1
87,1.625,16,1,HADOOP-10694,HADOOP,pre_ai,Bug,1
1950,2.4623655913978495,186,4,HADOOP-13008,HADOOP,pre_ai,New Feature,0
189,1.375,24,5,HADOOP-12749,HADOOP,pre_ai,Sub-task,0
1075,4.8125,48,2,HADOOP-13122,HADOOP,pre_ai,Sub-task,0
5404,1.6766917293233083,532,9,HADOOP-13065,HADOOP,pre_ai,New Feature,0
2650,2.5277777777777777,180,14,HADOOP-12844,HADOOP,pre_ai,Sub-task,0
2650,2.5277777777777777,180,14,HADOOP-13028,HADOOP,pre_ai,Sub-task,0
509,2.8378378378378377,37,1,HADOOP-12581,HADOOP,pre_ai,Sub-task,0
270,1.7647058823529411,34,1,HADOOP-11180,HADOOP,pre_ai,Bug,1
55,2.6666666666666665,3,1,HADOOP-10555,HADOOP,pre_ai,Improvement,0
124,1.4,20,1,HADOOP-11901,HADOOP,pre_ai,Improvement,0
603,1.7816091954022988,87,3,HADOOP-10465,HADOOP,pre_ai,Improvement,0
901,2.0945945945945947,74,1,HADOOP-11677,HADOOP,pre_ai,Bug,1
161,1.8,15,1,HADOOP-12313,HADOOP,pre_ai,Bug,1
254,1.6,35,1,HADOOP-9822,HADOOP,pre_ai,Bug,1
821,2.2857142857142856,77,2,HADOOP-12468,HADOOP,pre_ai,Bug,1
1726,1.8933333333333333,150,2,HADOOP-12600,HADOOP,pre_ai,Improvement,0
313,2.0,31,1,HADOOP-12609,HADOOP,pre_ai,Bug,1
137,3.2222222222222223,9,1,HADOOP-12617,HADOOP,pre_ai,Bug,1
1136,2.108108108108108,74,2,HADOOP-12625,HADOOP,pre_ai,Improvement,0
116,28.0,1,1,HADOOP-12638,HADOOP,pre_ai,Bug,1
638,2.6379310344827585,58,1,HADOOP-12639,HADOOP,pre_ai,Improvement,0
568,1.868421052631579,38,3,HADOOP-12615,HADOOP,pre_ai,Bug,1
7844,2.702755905511811,508,9,HADOOP-12321,HADOOP,pre_ai,New Feature,0
309,3.0,15,1,HADOOP-12657,HADOOP,pre_ai,New Feature,0
435,2.75,16,1,HADOOP-12656,HADOOP,pre_ai,Bug,1
1576,1.7025641025641025,195,1,HADOOP-12636,HADOOP,pre_ai,Bug,1
15,1.0,3,1,HADOOP-12566,HADOOP,pre_ai,Improvement,0
703,2.5348837209302326,43,1,HADOOP-12559,HADOOP,pre_ai,Bug,1
1209,2.7204301075268815,93,1,HADOOP-12682,HADOOP,pre_ai,Bug,1
1605,3.358695652173913,92,1,HADOOP-12608,HADOOP,pre_ai,Bug,1
1251,2.913978494623656,93,1,HADOOP-11252,HADOOP,pre_ai,Bug,1
756,2.5319148936170213,47,1,HADOOP-12604,HADOOP,pre_ai,Bug,1
236,3.5833333333333335,12,4,HADOOP-12685,HADOOP,pre_ai,Sub-task,0
366,2.8846153846153846,26,1,HADOOP-12689,HADOOP,pre_ai,Bug,1
2818,3.089041095890411,146,6,HADOOP-12658,HADOOP,pre_ai,Bug,1
1542,3.116504854368932,103,1,HADOOP-12634,HADOOP,pre_ai,Bug,1
1634,1.7014925373134329,201,1,HADOOP-12663,HADOOP,pre_ai,Improvement,0
1559,3.1346153846153846,104,1,HADOOP-12678,HADOOP,pre_ai,Bug,1
513,3.0,38,2,HADOOP-12587,HADOOP,pre_ai,Bug,1
1766,3.7115384615384617,104,1,HADOOP-12551,HADOOP,pre_ai,Bug,1
904,2.0945945945945947,74,1,HADOOP-12584,HADOOP,pre_ai,Bug,1
1129,2.902439024390244,82,1,HADOOP-12653,HADOOP,pre_ai,Bug,1
95,1.6666666666666667,9,1,HADOOP-12683,HADOOP,pre_ai,Improvement,0
1027,4.354166666666667,48,4,HADOOP-11262,HADOOP,pre_ai,Sub-task,0
90,2.8333333333333335,6,1,HADOOP-12691,HADOOP,pre_ai,New Feature,0
575,5.045454545454546,22,3,HADOOP-8887,HADOOP,pre_ai,Improvement,0
105,2.625,8,1,HADOOP-12712,HADOOP,pre_ai,Bug,1
280,6.222222222222222,9,1,HADOOP-12714,HADOOP,pre_ai,Bug,1
878,2.041095890410959,73,5,HADOOP-12356,HADOOP,pre_ai,Bug,1
478,2.5853658536585367,41,2,HADOOP-12696,HADOOP,pre_ai,Test,0
107,1.6666666666666667,12,1,HADOOP-12423,HADOOP,pre_ai,Bug,1
4653,2.953488372093023,301,8,HADOOP-12635,HADOOP,pre_ai,New Feature,0
914,2.8392857142857144,56,2,HADOOP-12659,HADOOP,pre_ai,Bug,1
696,3.511627906976744,43,7,HADOOP-11828,HADOOP,pre_ai,Sub-task,0
203,3.25,12,1,HADOOP-12702,HADOOP,pre_ai,New Feature,0
74,1.4285714285714286,7,1,HADOOP-12755,HADOOP,pre_ai,Bug,1
950,3.2653061224489797,49,11,HADOOP-12041,HADOOP,pre_ai,Sub-task,0
2280,2.1055555555555556,180,6,HADOOP-12731,HADOOP,pre_ai,Improvement,0
245,2.3043478260869565,23,2,HADOOP-13146,HADOOP,pre_ai,Improvement,0
215,1.9411764705882353,17,3,HADOOP-12930,HADOOP,pre_ai,New Feature,0
267,3.769230769230769,13,1,HADOOP-13163,HADOOP,pre_ai,Bug,1
1065,3.9056603773584904,53,1,HADOOP-13158,HADOOP,pre_ai,Sub-task,0
622,2.32,50,1,HADOOP-13159,HADOOP,pre_ai,Bug,1
1741,1.704225352112676,213,2,HADOOP-13140,HADOOP,pre_ai,Sub-task,0
2382,2.464864864864865,185,8,HADOOP-12942,HADOOP,pre_ai,Bug,1
2458,2.3551401869158877,214,1,HADOOP-13138,HADOOP,pre_ai,Bug,1
585,3.6551724137931036,29,3,HADOOP-12767,HADOOP,pre_ai,Bug,1
331,3.8333333333333335,12,1,HADOOP-12782,HADOOP,pre_ai,Improvement,0
2514,2.675675675675676,185,6,HADOOP-13157,HADOOP,pre_ai,Bug,1
890,5.27027027027027,37,1,HADOOP-13154,HADOOP,pre_ai,Sub-task,0
1200,3.7288135593220337,59,2,HADOOP-12723,HADOOP,pre_ai,New Feature,0
3195,2.399159663865546,238,6,HADOOP-13168,HADOOP,pre_ai,Improvement,0
508,2.675675675675676,37,1,HADOOP-13178,HADOOP,pre_ai,Test,0
257,3.473684210526316,19,1,HADOOP-13145,HADOOP,pre_ai,Improvement,0
811,3.173076923076923,52,3,HADOOP-13112,HADOOP,pre_ai,Improvement,0
2182,2.9136690647482015,139,13,HADOOP-13130,HADOOP,pre_ai,Sub-task,0
224,3.1818181818181817,11,2,HADOOP-12925,HADOOP,pre_ai,Sub-task,0
1091,2.5492957746478875,71,3,HADOOP-12911,HADOOP,pre_ai,Improvement,0
643,2.2884615384615383,52,1,HADOOP-13197,HADOOP,pre_ai,Improvement,0
301,1.88,25,1,HADOOP-13132,HADOOP,pre_ai,Bug,1
4270,2.2956521739130435,345,9,HADOOP-13226,HADOOP,pre_ai,New Feature,0
183,4.0,6,1,HADOOP-13137,HADOOP,pre_ai,Bug,1
1137,3.913793103448276,58,1,HADOOP-13162,HADOOP,pre_ai,Sub-task,0
3676,2.592334494773519,287,35,HADOOP-13010,HADOOP,pre_ai,Sub-task,0
1259,3.646153846153846,65,2,HADOOP-13131,HADOOP,pre_ai,Sub-task,0
203,2.4285714285714284,14,1,HADOOP-13232,HADOOP,pre_ai,Bug,1
464,2.8684210526315788,38,2,HADOOP-13109,HADOOP,pre_ai,Improvement,0
264,3.5555555555555554,9,1,HADOOP-13105,HADOOP,pre_ai,Improvement,0
2398,2.4210526315789473,171,9,HADOOP-13171,HADOOP,pre_ai,Sub-task,0
1861,2.273381294964029,139,6,HADOOP-13155,HADOOP,pre_ai,Bug,1
1257,3.0617283950617282,81,1,HADOOP-12807,HADOOP,pre_ai,Improvement,0
342,2.3448275862068964,29,1,HADOOP-10048,HADOOP,pre_ai,Improvement,0
1313,2.9318181818181817,88,3,HADOOP-13237,HADOOP,pre_ai,Sub-task,0
149,1.4166666666666667,12,4,HADOOP-12537,HADOOP,pre_ai,New Feature,0
293,2.4814814814814814,27,1,HADOOP-13249,HADOOP,pre_ai,Bug,1
114,2.2857142857142856,14,1,HADOOP-13213,HADOOP,pre_ai,Bug,1
277,2.4166666666666665,24,2,HADOOP-13079,HADOOP,pre_ai,Bug,1
294,3.7142857142857144,14,1,HADOOP-13179,HADOOP,pre_ai,Bug,1
265,1.8709677419354838,31,1,HADOOP-13270,HADOOP,pre_ai,Bug,1
393,4.0,14,1,HADOOP-12291,HADOOP,pre_ai,Improvement,0
2246,2.7409638554216866,166,1,HADOOP-13244,HADOOP,pre_ai,Bug,1
807,3.302325581395349,43,1,HADOOP-12875,HADOOP,pre_ai,Test,0
80,1.8888888888888888,9,1,HADOOP-13284,HADOOP,pre_ai,Sub-task,0
146,1.8125,16,1,HADOOP-12975,HADOOP,pre_ai,Sub-task,0
374,2.085714285714286,35,2,HADOOP-13189,HADOOP,pre_ai,Bug,1
2606,2.8663101604278074,187,6,HADOOP-3733,HADOOP,pre_ai,Bug,1
956,2.459016393442623,61,2,HADOOP-13255,HADOOP,pre_ai,Bug,1
101,1.8,5,1,HADOOP-13242,HADOOP,pre_ai,Bug,1
92,3.2,5,1,HADOOP-12943,HADOOP,pre_ai,Improvement,0
657,2.30188679245283,53,1,HADOOP-13285,HADOOP,pre_ai,Bug,1
196,3.0625,16,1,HADOOP-13192,HADOOP,pre_ai,Bug,1
80,1.8888888888888888,9,1,HADOOP-13280,HADOOP,pre_ai,Sub-task,0
87,1.8888888888888888,9,1,HADOOP-13288,HADOOP,pre_ai,Sub-task,0
292,2.909090909090909,33,1,HADOOP-13296,HADOOP,pre_ai,Improvement,0
185,1.4736842105263157,19,2,HADOOP-13291,HADOOP,pre_ai,Sub-task,0
20,1.0,3,1,HADOOP-13019,HADOOP,pre_ai,Sub-task,0
1886,2.590909090909091,154,5,HADOOP-13227,HADOOP,pre_ai,Improvement,0
2261,2.4713375796178343,157,7,HADOOP-13203,HADOOP,pre_ai,Sub-task,0
518,2.0454545454545454,22,2,HADOOP-13263,HADOOP,pre_ai,Improvement,0
276,3.727272727272727,11,1,HADOOP-13316,HADOOP,pre_ai,Bug,1
1599,2.5161290322580645,124,3,HADOOP-13251,HADOOP,pre_ai,Bug,1
360,1.6140350877192982,57,1,HADOOP-13034,HADOOP,pre_ai,Improvement,0
294,2.909090909090909,22,1,HADOOP-9888,HADOOP,pre_ai,Bug,1
561,1.8644067796610169,59,3,HADOOP-13209,HADOOP,pre_ai,Improvement,0
135,3.4,5,1,HADOOP-13235,HADOOP,pre_ai,Improvement,0
1113,3.1343283582089554,67,5,HADOOP-12709,HADOOP,pre_ai,Improvement,0
137,1.8,15,2,HADOOP-12345,HADOOP,pre_ai,Bug,1
455,1.4761904761904763,42,5,HADOOP-13305,HADOOP,pre_ai,Sub-task,0
1515,2.6194690265486726,113,13,HADOOP-13239,HADOOP,pre_ai,Improvement,0
952,2.0875,80,1,HADOOP-13352,HADOOP,pre_ai,Bug,1
1075,1.6344086021505377,93,1,HADOOP-13315,HADOOP,pre_ai,Bug,1
245,1.8333333333333333,24,1,HADOOP-11361,HADOOP,pre_ai,Bug,1
2227,1.6728624535315986,269,8,HADOOP-13283,HADOOP,pre_ai,Sub-task,0
284,2.0384615384615383,26,1,HADOOP-13290,HADOOP,pre_ai,Improvement,0
67,2.0,4,3,HADOOP-13254,HADOOP,pre_ai,Bug,1
712,2.388888888888889,72,1,HADOOP-13073,HADOOP,pre_ai,Bug,1
132,2.8461538461538463,13,1,HADOOP-13202,HADOOP,pre_ai,Bug,1
242,1.2222222222222223,18,2,HADOOP-13368,HADOOP,pre_ai,Sub-task,0
183,1.1724137931034482,29,1,HADOOP-12991,HADOOP,pre_ai,Bug,1
1337,2.8823529411764706,85,2,HADOOP-13212,HADOOP,pre_ai,Sub-task,0
1816,2.6470588235294117,119,4,HADOOP-13139,HADOOP,pre_ai,Task,0
339,2.3870967741935485,31,1,HADOOP-13387,HADOOP,pre_ai,Bug,1
212,7.25,8,1,HADOOP-13240,HADOOP,pre_ai,Bug,1
814,3.3255813953488373,43,1,HADOOP-13392,HADOOP,pre_ai,Bug,1
160,3.9,10,2,HADOOP-13207,HADOOP,pre_ai,Sub-task,0
1223,1.255813953488372,172,2,HADOOP-13272,HADOOP,pre_ai,Improvement,0
1254,2.9047619047619047,84,1,HADOOP-13406,HADOOP,pre_ai,Bug,1
1263,2.9166666666666665,84,1,HADOOP-13188,HADOOP,pre_ai,Sub-task,0
1069,3.1206896551724137,58,2,HADOOP-13422,HADOOP,pre_ai,Bug,1
890,2.517857142857143,56,1,HADOOP-13381,HADOOP,pre_ai,Bug,1
863,1.6774193548387097,93,3,HADOOP-13354,HADOOP,pre_ai,Improvement,0
1084,1.627659574468085,94,1,HADOOP-13440,HADOOP,pre_ai,Bug,1
938,3.08955223880597,67,12,HADOOP-11540,HADOOP,pre_ai,Sub-task,0
2237,2.7218934911242605,169,1,HADOOP-13429,HADOOP,pre_ai,Sub-task,0
2300,2.5901639344262297,183,2,HADOOP-13426,HADOOP,pre_ai,Sub-task,0
707,2.6470588235294117,51,1,HADOOP-10980,HADOOP,pre_ai,Test,0
321,1.8148148148148149,27,1,HADOOP-13458,HADOOP,pre_ai,Improvement,0
534,2.280701754385965,57,1,HADOOP-13434,HADOOP,pre_ai,Bug,1
193,1.263157894736842,19,1,HADOOP-13443,HADOOP,pre_ai,Bug,1
2656,2.4948453608247423,194,1,HADOOP-13442,HADOOP,pre_ai,Improvement,0
716,2.2686567164179103,67,1,HADOOP-13467,HADOOP,pre_ai,Bug,1
25,1.0,6,1,HADOOP-13466,HADOOP,pre_ai,Improvement,0
260,3.5555555555555554,9,1,HADOOP-13353,HADOOP,pre_ai,Bug,1
10554,2.324909747292419,831,36,HADOOP-13444,HADOOP,pre_ai,Improvement,0
141,2.2,10,1,HADOOP-10823,HADOOP,pre_ai,Bug,1
1379,1.736842105263158,152,17,HADOOP-13418,HADOOP,pre_ai,Sub-task,0
724,2.298507462686567,67,1,HADOOP-13457,HADOOP,pre_ai,Bug,1
176,1.631578947368421,19,1,HADOOP-13395,HADOOP,pre_ai,Test,0
3597,3.546341463414634,205,4,HADOOP-13403,HADOOP,pre_ai,Bug,1
512,1.7173913043478262,46,1,HADOOP-13473,HADOOP,pre_ai,Bug,1
281,6.75,8,1,HADOOP-13299,HADOOP,pre_ai,Bug,1
1424,4.194805194805195,77,3,HADOOP-12747,HADOOP,pre_ai,New Feature,0
48,6.0,1,1,HADOOP-13476,HADOOP,pre_ai,Bug,1
184,3.3,10,1,HADOOP-11588,HADOOP,pre_ai,Sub-task,0
373,1.7954545454545454,44,1,HADOOP-13461,HADOOP,pre_ai,Bug,1
218,2.4705882352941178,17,1,HADOOP-13437,HADOOP,pre_ai,Bug,1
383,2.2142857142857144,14,3,HADOOP-13494,HADOOP,pre_ai,Bug,1
2356,2.414141414141414,198,5,HADOOP-13441,HADOOP,pre_ai,Bug,1
1752,1.727699530516432,213,1,HADOOP-11786,HADOOP,pre_ai,Bug,1
81,1.0,1,1,HADOOP-13405,HADOOP,pre_ai,Sub-task,0
138,2.2,10,1,HADOOP-13512,HADOOP,pre_ai,Bug,1
2281,2.36046511627907,172,5,HADOOP-13208,HADOOP,pre_ai,Sub-task,0
510,4.0,25,1,HADOOP-13503,HADOOP,pre_ai,Improvement,0
89,1.75,12,1,HADOOP-13527,HADOOP,pre_ai,Improvement,0
800,3.4523809523809526,42,1,HADOOP-13487,HADOOP,pre_ai,Bug,1
209,2.923076923076923,13,1,HADOOP-13526,HADOOP,pre_ai,Bug,1
1821,2.6547619047619047,168,1,HADOOP-13699,HADOOP,pre_ai,Bug,1
292,2.8823529411764706,17,1,HADOOP-13697,HADOOP,pre_ai,Bug,1
114,1.4,15,1,HADOOP-13684,HADOOP,pre_ai,Improvement,0
1712,2.721311475409836,122,7,HADOOP-13252,HADOOP,pre_ai,Sub-task,0
43,1.0,4,1,HADOOP-13700,HADOOP,pre_ai,Bug,1
332,2.4166666666666665,24,2,HADOOP-13705,HADOOP,pre_ai,Improvement,0
106,1.5,12,1,HADOOP-13710,HADOOP,pre_ai,Improvement,0
293,4.222222222222222,9,2,HADOOP-13024,HADOOP,pre_ai,Bug,1
192,4.454545454545454,11,1,HADOOP-13723,HADOOP,pre_ai,Bug,1
292,2.6666666666666665,21,1,HADOOP-13686,HADOOP,pre_ai,Test,0
903,1.3130434782608695,115,1,HADOOP-13721,HADOOP,pre_ai,Bug,1
1683,2.53781512605042,119,5,HADOOP-13707,HADOOP,pre_ai,Bug,1
3497,2.250871080139373,287,6,HADOOP-13419,HADOOP,pre_ai,Sub-task,0
1387,1.7697841726618706,139,2,HADOOP-13722,HADOOP,pre_ai,Improvement,0
309,2.026315789473684,38,2,HADOOP-13522,HADOOP,pre_ai,Improvement,0
3645,1.9801980198019802,303,10,HADOOP-13560,HADOOP,pre_ai,Sub-task,0
179,6.428571428571429,7,1,HADOOP-13400,HADOOP,pre_ai,Sub-task,0
2518,1.8775510204081634,294,2,HADOOP-7352,HADOOP,pre_ai,Improvement,0
115,2.375,8,1,HADOOP-13693,HADOOP,pre_ai,Improvement,0
1540,1.9917355371900827,121,29,HADOOP-13061,HADOOP,pre_ai,Sub-task,0
273,1.4516129032258065,31,5,HADOOP-13452,HADOOP,pre_ai,Sub-task,0
1861,2.188311688311688,154,2,HADOOP-13735,HADOOP,pre_ai,Sub-task,0
83,2.75,8,1,HADOOP-13737,HADOOP,pre_ai,Improvement,0
1151,1.2469135802469136,162,2,HADOOP-13236,HADOOP,pre_ai,Bug,1
2140,2.6298701298701297,154,2,HADOOP-13749,HADOOP,pre_ai,Bug,1
2743,3.2038216560509554,157,5,HADOOP-13702,HADOOP,pre_ai,Improvement,0
767,2.660377358490566,53,3,HADOOP-13626,HADOOP,pre_ai,Bug,1
459,2.676470588235294,34,3,HADOOP-13727,HADOOP,pre_ai,Sub-task,0
2037,2.4713375796178343,157,4,HADOOP-12774,HADOOP,pre_ai,Sub-task,0
73,1.0,8,3,HADOOP-11798,HADOOP,pre_ai,Sub-task,0
296,2.888888888888889,18,1,HADOOP-8299,HADOOP,pre_ai,Bug,1
1653,3.197802197802198,91,12,HADOOP-12082,HADOOP,pre_ai,Improvement,0
764,1.3529411764705883,85,1,HADOOP-13201,HADOOP,pre_ai,Bug,1
1275,1.9516129032258065,124,2,HADOOP-13770,HADOOP,pre_ai,Bug,1
240,1.7826086956521738,23,3,HADOOP-13631,HADOOP,pre_ai,Sub-task,0
3598,2.139751552795031,322,8,HADOOP-13017,HADOOP,pre_ai,Improvement,0
1453,2.372549019607843,102,2,HADOOP-10075,HADOOP,pre_ai,Improvement,0
2490,2.7325581395348837,172,4,HADOOP-10597,HADOOP,pre_ai,Sub-task,0
194,3.3,10,1,HADOOP-13410,HADOOP,pre_ai,Bug,1
1749,2.7016129032258065,124,2,HADOOP-13680,HADOOP,pre_ai,Sub-task,0
3408,2.433734939759036,249,6,HADOOP-12325,HADOOP,pre_ai,Improvement,0
2150,2.843137254901961,153,1,HADOOP-10300,HADOOP,pre_ai,Sub-task,0
1025,2.3823529411764706,68,3,HADOOP-12453,HADOOP,pre_ai,Improvement,0
1516,2.731958762886598,97,2,HADOOP-7930,HADOOP,pre_ai,Improvement,0
718,2.283582089552239,67,1,HADOOP-13797,HADOOP,pre_ai,Bug,1
1813,1.7207207207207207,222,1,HADOOP-13792,HADOOP,pre_ai,Bug,1
179,1.4230769230769231,26,2,HADOOP-13804,HADOOP,pre_ai,Bug,1
294,4.5,10,4,HADOOP-13789,HADOOP,pre_ai,Bug,1
280,2.1538461538461537,26,4,HADOOP-13782,HADOOP,pre_ai,Improvement,0
1306,2.727272727272727,99,1,HADOOP-13590,HADOOP,pre_ai,Improvement,0
312,3.5,14,1,HADOOP-13346,HADOOP,pre_ai,Bug,1
900,3.980769230769231,52,2,HADOOP-12718,HADOOP,pre_ai,Bug,1
477,1.7692307692307692,52,2,HADOOP-13720,HADOOP,pre_ai,Sub-task,0
1681,1.6956521739130435,207,1,HADOOP-13822,HADOOP,pre_ai,Sub-task,0
2343,2.638888888888889,180,2,HADOOP-13742,HADOOP,pre_ai,Improvement,0
2254,2.972972972972973,148,12,HADOOP-13660,HADOOP,pre_ai,Improvement,0
181,1.4736842105263157,19,1,HADOOP-13663,HADOOP,pre_ai,Bug,1
3200,2.41991341991342,231,13,HADOOP-13651,HADOOP,pre_ai,Sub-task,0
142,3.0,6,1,HADOOP-13050,HADOOP,pre_ai,Sub-task,0
14144,2.6883977900552485,905,34,HADOOP-13427,HADOOP,pre_ai,Improvement,0
577,1.7796610169491525,59,1,HADOOP-13766,HADOOP,pre_ai,Bug,1
3492,2.3063973063973062,297,6,HADOOP-11552,HADOOP,pre_ai,Improvement,0
716,2.5555555555555554,45,1,HADOOP-13018,HADOOP,pre_ai,Improvement,0
517,2.4318181818181817,44,1,HADOOP-11603,HADOOP,pre_ai,Improvement,0
87,1.75,4,2,HADOOP-13499,HADOOP,pre_ai,Sub-task,0
660,4.321428571428571,28,1,HADOOP-13483,HADOOP,pre_ai,Sub-task,0
1118,3.8545454545454545,55,4,HADOOP-13491,HADOOP,pre_ai,Sub-task,0
4255,2.588607594936709,316,7,HADOOP-12726,HADOOP,pre_ai,Improvement,0
991,3.608695652173913,46,4,HADOOP-13498,HADOOP,pre_ai,Sub-task,0
331,2.4583333333333335,24,2,HADOOP-13538,HADOOP,pre_ai,Improvement,0
332,2.4166666666666665,24,2,HADOOP-13534,HADOOP,pre_ai,Improvement,0
626,1.9583333333333333,48,5,HADOOP-13396,HADOOP,pre_ai,New Feature,0
54,1.0,1,1,HADOOP-13481,HADOOP,pre_ai,Sub-task,0
1154,3.435483870967742,62,6,HADOOP-13529,HADOOP,pre_ai,Sub-task,0
325,2.323529411764706,34,1,HADOOP-13552,HADOOP,pre_ai,Bug,1
923,2.050632911392405,79,2,HADOOP-12765,HADOOP,pre_ai,Bug,1
908,1.7524752475247525,101,2,HADOOP-13559,HADOOP,pre_ai,Bug,1
312,2.0,22,1,HADOOP-13375,HADOOP,pre_ai,Bug,1
2262,2.5934065934065935,182,1,HADOOP-13465,HADOOP,pre_ai,Improvement,0
2301,2.6,185,1,HADOOP-13549,HADOOP,pre_ai,Sub-task,0
2267,2.6766467065868262,167,5,HADOOP-13547,HADOOP,pre_ai,Sub-task,0
1222,2.7157894736842105,95,1,HADOOP-13558,HADOOP,pre_ai,Bug,1
302,2.8823529411764706,34,1,HADOOP-13519,HADOOP,pre_ai,Improvement,0
1123,2.855421686746988,83,1,HADOOP-13579,HADOOP,pre_ai,Bug,1
2583,2.8650306748466257,163,7,HADOOP-13447,HADOOP,pre_ai,Improvement,0
1934,3.1271186440677967,118,3,HADOOP-10940,HADOOP,pre_ai,Sub-task,0
128,1.2,15,4,HADOOP-13448,HADOOP,pre_ai,Sub-task,0
604,1.7397260273972603,73,2,HADOOP-13587,HADOOP,pre_ai,Bug,1
71,2.8,5,1,HADOOP-13588,HADOOP,pre_ai,Bug,1
608,2.125,64,2,HADOOP-13546,HADOOP,pre_ai,Sub-task,0
385,3.739130434782609,23,1,HADOOP-13580,HADOOP,pre_ai,Improvement,0
6686,2.325141776937618,529,6,HADOOP-13218,HADOOP,pre_ai,Sub-task,0
1218,3.4307692307692306,65,7,HADOOP-13609,HADOOP,pre_ai,Sub-task,0
601,4.148148148148148,27,2,HADOOP-13169,HADOOP,pre_ai,Improvement,0
848,3.297872340425532,47,3,HADOOP-13591,HADOOP,pre_ai,Sub-task,0
372,3.2666666666666666,15,1,HADOOP-13624,HADOOP,pre_ai,Sub-task,0
434,1.851063829787234,47,1,HADOOP-13601,HADOOP,pre_ai,Bug,1
44,2.3333333333333335,3,1,HADOOP-13535,HADOOP,pre_ai,Bug,1
220,1.6428571428571428,14,1,HADOOP-13638,HADOOP,pre_ai,Bug,1
29,1.25,4,1,HADOOP-13544,HADOOP,pre_ai,Sub-task,0
1028,4.666666666666667,42,5,HADOOP-13602,HADOOP,pre_ai,Bug,1
2073,2.9097222222222223,144,1,HADOOP-11780,HADOOP,pre_ai,Bug,1
1236,2.9156626506024095,83,1,HADOOP-13599,HADOOP,pre_ai,Sub-task,0
1694,2.4065040650406506,123,3,HADOOP-13164,HADOOP,pre_ai,Bug,1
2390,2.5692307692307694,195,2,HADOOP-13537,HADOOP,pre_ai,Improvement,0
230,3.8181818181818183,11,1,HADOOP-13640,HADOOP,pre_ai,Bug,1
7181,2.1280931586608443,687,14,HADOOP-13658,HADOOP,pre_ai,Improvement,0
88,1.4,10,2,HADOOP-12974,HADOOP,pre_ai,Sub-task,0
466,1.8823529411764706,17,1,HADOOP-13317,HADOOP,pre_ai,Improvement,0
253,3.4285714285714284,14,1,HADOOP-13674,HADOOP,pre_ai,Sub-task,0
1176,2.8518518518518516,81,1,HADOOP-12667,HADOOP,pre_ai,Bug,1
1841,2.563953488372093,172,2,HADOOP-13628,HADOOP,pre_ai,Improvement,0
1686,1.7004830917874396,207,1,HADOOP-13323,HADOOP,pre_ai,Improvement,0
905,2.861111111111111,72,7,HADOOP-13150,HADOOP,pre_ai,Improvement,0
1288,2.953488372093023,86,1,HADOOP-12977,HADOOP,pre_ai,Sub-task,0
73,1.4444444444444444,9,1,HADOOP-12611,HADOOP,pre_ai,Bug,1
1368,2.5625,112,3,HADOOP-13627,HADOOP,pre_ai,Sub-task,0
414,3.4074074074074074,27,1,HADOOP-13701,HADOOP,pre_ai,Sub-task,0
389,2.066666666666667,30,1,HADOOP-12579,HADOOP,pre_ai,Improvement,0
1237,2.7083333333333335,96,1,HADOOP-13641,HADOOP,pre_ai,Improvement,0
7162,2.5025041736227047,599,31,HADOOP-13678,HADOOP,pre_ai,Sub-task,0
124,1.0,21,4,HADOOP-14383,HADOOP,pre_ai,Improvement,0
1777,2.644171779141104,163,1,HADOOP-14216,HADOOP,pre_ai,Improvement,0
548,1.4430379746835442,79,8,HADOOP-14382,HADOOP,pre_ai,Improvement,0
2400,1.5106382978723405,329,3,HADOOP-14384,HADOOP,pre_ai,Sub-task,0
25,2.0,2,1,HADOOP-14373,HADOOP,pre_ai,Bug,1
4128,2.8624161073825505,298,10,HADOOP-14386,HADOOP,pre_ai,Improvement,0
2706,3.849673202614379,153,4,HADOOP-14400,HADOOP,pre_ai,Bug,1
371,2.138888888888889,36,1,HADOOP-14405,HADOOP,pre_ai,Bug,1
146,1.8125,16,1,HADOOP-14408,HADOOP,pre_ai,Improvement,0
1951,3.72972972972973,111,1,HADOOP-14361,HADOOP,pre_ai,Bug,1
106,1.5,12,1,HADOOP-14413,HADOOP,pre_ai,Improvement,0
1108,1.5629629629629629,135,5,HADOOP-14410,HADOOP,pre_ai,Bug,1
753,2.051282051282051,78,6,HADOOP-14376,HADOOP,pre_ai,Bug,1
1949,3.72972972972973,111,1,HADOOP-14416,HADOOP,pre_ai,Bug,1
960,1.3442622950819672,122,1,HADOOP-14427,HADOOP,pre_ai,Bug,1
801,2.1805555555555554,72,2,HADOOP-14412,HADOOP,pre_ai,Bug,1
1459,2.6346153846153846,104,1,HADOOP-11572,HADOOP,pre_ai,Sub-task,0
1572,2.6576576576576576,111,1,HADOOP-14432,HADOOP,pre_ai,Sub-task,0
663,3.2790697674418605,43,2,HADOOP-14449,HADOOP,pre_ai,Bug,1
678,2.25,56,1,HADOOP-14166,HADOOP,pre_ai,Bug,1
1885,2.7058823529411766,170,1,HADOOP-14399,HADOOP,pre_ai,Bug,1
1590,2.4935064935064934,154,1,HADOOP-10873,HADOOP,pre_ai,Bug,1
500,3.1481481481481484,27,1,HADOOP-14430,HADOOP,pre_ai,Bug,1
86,3.0,5,1,HADOOP-13760,HADOOP,pre_ai,Sub-task,0
500,3.1481481481481484,27,1,HADOOP-14431,HADOOP,pre_ai,Bug,1
2162,3.6048387096774195,124,3,HADOOP-14442,HADOOP,pre_ai,Improvement,0
1264,1.880952380952381,126,6,HADOOP-14407,HADOOP,pre_ai,Improvement,0
586,2.6,35,2,HADOOP-12825,HADOOP,pre_ai,Improvement,0
1420,1.8068181818181819,176,2,HADOOP-13921,HADOOP,pre_ai,Sub-task,0
2355,2.612021857923497,183,2,HADOOP-14440,HADOOP,pre_ai,Improvement,0
1573,2.6576576576576576,111,1,HADOOP-14428,HADOOP,pre_ai,Bug,1
3635,3.5679611650485437,206,2,HADOOP-14478,HADOOP,pre_ai,Bug,1
178,1.75,20,1,HADOOP-14487,HADOOP,pre_ai,Sub-task,0
3044,2.3962962962962964,270,3,HADOOP-14035,HADOOP,pre_ai,Sub-task,0
562,2.033333333333333,30,4,HADOOP-14476,HADOOP,pre_ai,Sub-task,0
12263,2.4574358974358974,975,23,HADOOP-14456,HADOOP,pre_ai,Bug,1
401,1.8863636363636365,44,1,HADOOP-14504,HADOOP,pre_ai,Sub-task,0
389,2.1,30,1,HADOOP-14511,HADOOP,pre_ai,Bug,1
621,2.8095238095238093,21,2,HADOOP-13854,HADOOP,pre_ai,Sub-task,0
1781,3.8316831683168315,101,1,HADOOP-14512,HADOOP,pre_ai,Bug,1
402,4.142857142857143,14,1,HADOOP-14465,HADOOP,pre_ai,Improvement,0
75,1.4444444444444444,9,1,HADOOP-14310,HADOOP,pre_ai,Improvement,0
2703,2.4771573604060912,197,7,HADOOP-13174,HADOOP,pre_ai,Sub-task,0
1788,2.6503067484662575,163,1,HADOOP-14501,HADOOP,pre_ai,Bug,1
187,1.55,20,2,HADOOP-14523,HADOOP,pre_ai,Improvement,0
4167,2.3819742489270386,233,6,HADOOP-14503,HADOOP,pre_ai,Improvement,0
2102,2.761904761904762,147,2,HADOOP-14488,HADOOP,pre_ai,Sub-task,0
67,7.0,1,1,HADOOP-14289,HADOOP,pre_ai,Sub-task,0
5532,1.5672131147540984,610,6,HADOOP-14394,HADOOP,pre_ai,Sub-task,0
3879,1.6422976501305484,383,2,HADOOP-14395,HADOOP,pre_ai,Sub-task,0
1270,1.417989417989418,189,2,HADOOP-14538,HADOOP,pre_ai,Sub-task,0
186,1.631578947368421,19,1,HADOOP-14540,HADOOP,pre_ai,Bug,1
1589,2.1984126984126986,126,8,HADOOP-14524,HADOOP,pre_ai,Improvement,0
181,4.0,6,1,HADOOP-14533,HADOOP,pre_ai,Bug,1
503,2.9375,32,1,HADOOP-14429,HADOOP,pre_ai,Bug,1
234,3.1052631578947367,19,1,HADOOP-14542,HADOOP,pre_ai,Sub-task,0
2771,2.9545454545454546,132,6,HADOOP-14296,HADOOP,pre_ai,Sub-task,0
2107,2.7430555555555554,144,5,HADOOP-14135,HADOOP,pre_ai,Sub-task,0
354,2.8125,16,1,HADOOP-14214,HADOOP,pre_ai,Bug,1
49,6.0,1,1,HADOOP-14195,HADOOP,pre_ai,Bug,1
4183,2.8815789473684212,304,11,HADOOP-12940,HADOOP,pre_ai,Sub-task,0
578,1.0485436893203883,103,2,HADOOP-14211,HADOOP,pre_ai,Bug,1
241,2.3333333333333335,15,2,HADOOP-13966,HADOOP,pre_ai,Sub-task,0
3621,1.9015384615384616,325,8,HADOOP-13715,HADOOP,pre_ai,Sub-task,0
2336,2.386046511627907,215,3,HADOOP-14038,HADOOP,pre_ai,Sub-task,0
242,1.6470588235294117,34,1,HADOOP-14223,HADOOP,pre_ai,Bug,1
610,2.129032258064516,62,2,HADOOP-13362,HADOOP,pre_ai,Bug,1
5491,2.4610091743119265,436,20,HADOOP-10101,HADOOP,pre_ai,Improvement,0
1882,2.7251908396946565,131,2,HADOOP-14236,HADOOP,pre_ai,Sub-task,0
5042,2.120833333333333,240,15,HADOOP-14250,HADOOP,pre_ai,Improvement,0
4915,2.490358126721763,363,10,HADOOP-14271,HADOOP,pre_ai,Bug,1
3086,2.646551724137931,232,12,HADOOP-14267,HADOOP,pre_ai,Improvement,0
83,5.0,3,1,HADOOP-14272,HADOOP,pre_ai,Bug,1
1932,3.7181818181818183,110,1,HADOOP-14273,HADOOP,pre_ai,Bug,1
566,2.875,32,1,HADOOP-14282,HADOOP,pre_ai,Sub-task,0
2232,2.5575757575757576,165,3,HADOOP-13926,HADOOP,pre_ai,Sub-task,0
2349,2.7267080745341614,161,2,HADOOP-14172,HADOOP,pre_ai,Sub-task,0
119,1.0,17,1,HADOOP-14104,HADOOP,pre_ai,Improvement,0
608,2.9705882352941178,34,1,HADOOP-14215,HADOOP,pre_ai,Sub-task,0
657,2.880952380952381,42,1,HADOOP-14144,HADOOP,pre_ai,Sub-task,0
185,1.894736842105263,19,3,HADOOP-14276,HADOOP,pre_ai,Improvement,0
627,1.8679245283018868,53,2,HADOOP-14174,HADOOP,pre_ai,Sub-task,0
609,2.9705882352941178,34,1,HADOOP-14288,HADOOP,pre_ai,Sub-task,0
101,1.1,20,1,HADOOP-14066,HADOOP,pre_ai,Bug,1
199,2.3636363636363638,11,1,HADOOP-13665,HADOOP,pre_ai,Sub-task,0
87,1.1666666666666667,12,2,HADOOP-14225,HADOOP,pre_ai,Improvement,0
423,3.259259259259259,27,1,HADOOP-14248,HADOOP,pre_ai,Improvement,0
448,3.1379310344827585,29,2,HADOOP-14301,HADOOP,pre_ai,Sub-task,0
331,2.1904761904761907,21,2,HADOOP-14246,HADOOP,pre_ai,Improvement,0
1539,2.6636363636363636,110,1,HADOOP-14255,HADOOP,pre_ai,Sub-task,0
2164,3.6504065040650406,123,3,HADOOP-14274,HADOOP,pre_ai,Improvement,0
109,1.5,8,1,HADOOP-14317,HADOOP,pre_ai,Bug,1
294,2.3333333333333335,3,2,HADOOP-14241,HADOOP,pre_ai,Sub-task,0
2460,2.7517241379310344,145,5,HADOOP-14324,HADOOP,pre_ai,Sub-task,0
3527,2.8024193548387095,248,12,HADOOP-11794,HADOOP,pre_ai,Improvement,0
478,2.6538461538461537,26,4,HADOOP-14261,HADOOP,pre_ai,Sub-task,0
1625,3.04,125,2,HADOOP-12856,HADOOP,pre_ai,Improvement,0
2918,2.6407766990291264,206,5,HADOOP-14266,HADOOP,pre_ai,Sub-task,0
1106,2.1758241758241756,91,1,HADOOP-14340,HADOOP,pre_ai,Improvement,0
1853,2.275,160,4,HADOOP-14341,HADOOP,pre_ai,Bug,1
409,2.2564102564102564,39,2,HADOOP-14323,HADOOP,pre_ai,Sub-task,0
2467,3.507142857142857,140,4,HADOOP-14351,HADOOP,pre_ai,Bug,1
199,2.0,19,1,HADOOP-14346,HADOOP,pre_ai,Bug,1
2018,2.382978723404255,141,9,HADOOP-11614,HADOOP,pre_ai,Sub-task,0
451,1.5813953488372092,43,10,HADOOP-13200,HADOOP,pre_ai,Sub-task,0
182,1.4736842105263157,19,1,HADOOP-14354,HADOOP,pre_ai,Bug,1
223,2.6363636363636362,11,2,HADOOP-14309,HADOOP,pre_ai,Improvement,0
1837,1.7174887892376682,223,1,HADOOP-14363,HADOOP,pre_ai,Bug,1
629,3.4468085106382977,47,1,HADOOP-14369,HADOOP,pre_ai,Bug,1
1116,2.208791208791209,91,1,HADOOP-14352,HADOOP,pre_ai,Improvement,0
3231,2.3586497890295357,237,5,HADOOP-13453,HADOOP,pre_ai,Sub-task,0
2752,2.1203703703703702,216,5,HADOOP-14207,HADOOP,pre_ai,Bug,1
147,3.1666666666666665,6,1,HADOOP-12804,HADOOP,pre_ai,Sub-task,0
1674,1.3103448275862069,203,2,HADOOP-13820,HADOOP,pre_ai,Bug,1
2489,2.3518518518518516,216,1,HADOOP-1381,HADOOP,pre_ai,Improvement,0
1264,1.2640449438202248,178,2,HADOOP-13828,HADOOP,pre_ai,Task,0
1435,2.560747663551402,107,2,HADOOP-13823,HADOOP,pre_ai,Sub-task,0
4886,1.998046875,512,9,HADOOP-10776,HADOOP,pre_ai,Improvement,0
903,2.508771929824561,57,1,HADOOP-13838,HADOOP,pre_ai,Bug,1
610,3.0697674418604652,43,1,HADOOP-13830,HADOOP,pre_ai,Bug,1
950,1.3388429752066116,121,1,HADOOP-13840,HADOOP,pre_ai,Task,0
158,2.076923076923077,13,1,HADOOP-13850,HADOOP,pre_ai,Sub-task,0
370,3.1739130434782608,23,1,HADOOP-13857,HADOOP,pre_ai,Sub-task,0
142,1.0,5,1,HADOOP-13855,HADOOP,pre_ai,Sub-task,0
520,1.8571428571428572,49,1,HADOOP-13257,HADOOP,pre_ai,Sub-task,0
409,1.4242424242424243,33,2,HADOOP-13847,HADOOP,pre_ai,Bug,1
3477,3.5303030303030303,198,3,HADOOP-13675,HADOOP,pre_ai,Bug,1
7183,2.5905797101449277,552,12,HADOOP-13706,HADOOP,pre_ai,Sub-task,0
320,2.5555555555555554,18,2,HADOOP-13864,HADOOP,pre_ai,Bug,1
389,2.0,19,4,HADOOP-13793,HADOOP,pre_ai,Sub-task,0
2993,2.3879003558718863,281,7,HADOOP-13861,HADOOP,pre_ai,Bug,1
228,5.375,8,1,HADOOP-13842,HADOOP,pre_ai,Sub-task,0
445,1.0454545454545454,88,1,HADOOP-13867,HADOOP,pre_ai,Bug,1
3076,2.0,221,9,HADOOP-13827,HADOOP,pre_ai,Improvement,0
279,2.423076923076923,26,1,HADOOP-13824,HADOOP,pre_ai,Bug,1
319,4.166666666666667,12,1,HADOOP-13565,HADOOP,pre_ai,Bug,1
776,2.9607843137254903,51,2,HADOOP-13871,HADOOP,pre_ai,Sub-task,0
614,3.264705882352941,34,2,HADOOP-13890,HADOOP,pre_ai,Bug,1
745,2.4,35,4,HADOOP-13899,HADOOP,pre_ai,Sub-task,0
2848,2.4925373134328357,201,12,HADOOP-13449,HADOOP,pre_ai,Sub-task,0
1607,3.347826086956522,92,1,HADOOP-13831,HADOOP,pre_ai,Bug,1
686,2.3529411764705883,34,3,HADOOP-13455,HADOOP,pre_ai,Sub-task,0
743,2.323529411764706,68,1,HADOOP-13709,HADOOP,pre_ai,Improvement,0
227,1.6111111111111112,36,2,HADOOP-13508,HADOOP,pre_ai,Bug,1
297,3.7142857142857144,14,1,HADOOP-13883,HADOOP,pre_ai,Bug,1
2960,1.8714285714285714,140,5,HADOOP-13932,HADOOP,pre_ai,Bug,1
676,2.75,32,3,HADOOP-13934,HADOOP,pre_ai,Sub-task,0
954,2.123076923076923,65,8,HADOOP-13578,HADOOP,pre_ai,New Feature,0
424,3.0476190476190474,21,2,HADOOP-13931,HADOOP,pre_ai,Sub-task,0
2158,2.278481012658228,158,7,HADOOP-13597,HADOOP,pre_ai,New Feature,0
405,3.0952380952380953,21,1,HADOOP-13908,HADOOP,pre_ai,Sub-task,0
755,2.7708333333333335,48,4,HADOOP-13960,HADOOP,pre_ai,Sub-task,0
502,2.9375,32,1,HADOOP-13953,HADOOP,pre_ai,Improvement,0
1288,1.270718232044199,181,2,HADOOP-13885,HADOOP,pre_ai,Task,0
1661,2.6782608695652175,115,2,HADOOP-13336,HADOOP,pre_ai,Sub-task,0
525,2.2045454545454546,44,3,HADOOP-13903,HADOOP,pre_ai,Bug,1
183,1.1724137931034482,29,1,HADOOP-13928,HADOOP,pre_ai,Bug,1
1310,3.6323529411764706,68,2,HADOOP-13933,HADOOP,pre_ai,New Feature,0
106,4.714285714285714,7,1,HADOOP-13976,HADOOP,pre_ai,Bug,1
2684,2.7433155080213902,187,6,HADOOP-13650,HADOOP,pre_ai,Sub-task,0
326,2.090909090909091,22,1,HADOOP-13965,HADOOP,pre_ai,Bug,1
1738,2.2131147540983607,122,4,HADOOP-13955,HADOOP,pre_ai,Improvement,0
434,1.851063829787234,47,1,HADOOP-14001,HADOOP,pre_ai,Bug,1
1807,2.6148148148148147,135,3,HADOOP-13589,HADOOP,pre_ai,Sub-task,0
252,2.6470588235294117,17,1,HADOOP-13496,HADOOP,pre_ai,Improvement,0
531,1.86,50,1,HADOOP-13956,HADOOP,pre_ai,Improvement,0
900,2.5357142857142856,56,1,HADOOP-13988,HADOOP,pre_ai,Bug,1
901,2.5535714285714284,56,1,HADOOP-14029,HADOOP,pre_ai,Bug,1
331,1.9090909090909092,22,2,HADOOP-13992,HADOOP,pre_ai,Bug,1
454,2.935483870967742,31,1,HADOOP-13995,HADOOP,pre_ai,Sub-task,0
2381,2.046875,192,4,HADOOP-13985,HADOOP,pre_ai,Sub-task,0
1801,2.5692307692307694,130,3,HADOOP-14020,HADOOP,pre_ai,Sub-task,0
638,2.55,40,2,HADOOP-13876,HADOOP,pre_ai,Sub-task,0
759,3.3658536585365852,41,1,HADOOP-14044,HADOOP,pre_ai,Bug,1
769,1.5739130434782609,115,6,HADOOP-13895,HADOOP,pre_ai,Bug,1
3065,2.3978494623655915,279,3,HADOOP-12097,HADOOP,pre_ai,Improvement,0
415,1.8076923076923077,26,3,HADOOP-14047,HADOOP,pre_ai,Bug,1
1335,2.75,100,1,HADOOP-13433,HADOOP,pre_ai,Bug,1
415,3.4074074074074074,27,1,HADOOP-14065,HADOOP,pre_ai,Sub-task,0
280,2.1666666666666665,24,1,HADOOP-14032,HADOOP,pre_ai,Sub-task,0
2388,2.58974358974359,195,1,HADOOP-14034,HADOOP,pre_ai,Sub-task,0
227,2.0,24,1,HADOOP-14033,HADOOP,pre_ai,Sub-task,0
45,3.0,2,1,HADOOP-13119,HADOOP,pre_ai,Bug,1
388,3.533333333333333,15,1,HADOOP-13768,HADOOP,pre_ai,Sub-task,0
27,1.0,7,1,HADOOP-14055,HADOOP,pre_ai,Bug,1
415,3.4074074074074074,27,1,HADOOP-14069,HADOOP,pre_ai,Sub-task,0
97,6.666666666666667,3,1,HADOOP-13233,HADOOP,pre_ai,Bug,1
531,1.86,50,1,HADOOP-13929,HADOOP,pre_ai,Bug,1
194,4.454545454545454,11,1,HADOOP-14072,HADOOP,pre_ai,Sub-task,0
2955,2.6785714285714284,196,7,HADOOP-13075,HADOOP,pre_ai,Sub-task,0
160,2.0714285714285716,14,1,HADOOP-14085,HADOOP,pre_ai,Sub-task,0
532,1.88,50,1,HADOOP-14049,HADOOP,pre_ai,New Feature,0
488,1.4492753623188406,69,1,HADOOP-14081,HADOOP,pre_ai,Sub-task,0
1613,2.7333333333333334,105,2,HADOOP-13805,HADOOP,pre_ai,Bug,1
168,2.3333333333333335,12,1,HADOOP-14096,HADOOP,pre_ai,Sub-task,0
807,2.3181818181818183,44,3,HADOOP-13904,HADOOP,pre_ai,Sub-task,0
1511,2.5225225225225225,111,2,HADOOP-13826,HADOOP,pre_ai,Bug,1
601,1.8846153846153846,52,2,HADOOP-14017,HADOOP,pre_ai,Bug,1
1616,2.6116504854368934,103,6,HADOOP-14041,HADOOP,pre_ai,Sub-task,0
20,1.0,2,1,HADOOP-14091,HADOOP,pre_ai,Task,0
173,2.857142857142857,14,1,HADOOP-14114,HADOOP,pre_ai,Bug,1
146,1.3478260869565217,23,1,HADOOP-14097,HADOOP,pre_ai,Improvement,0
4795,2.0364025695931476,467,5,HADOOP-13321,HADOOP,pre_ai,Improvement,0
1225,2.2674418604651163,86,3,HADOOP-13817,HADOOP,pre_ai,Improvement,0
2151,2.74468085106383,141,2,HADOOP-14110,HADOOP,pre_ai,Sub-task,0
494,1.9824561403508771,57,1,HADOOP-14116,HADOOP,pre_ai,Bug,1
148,1.3478260869565217,23,1,HADOOP-14119,HADOOP,pre_ai,Bug,1
3367,2.085616438356164,292,5,HADOOP-14028,HADOOP,pre_ai,Bug,1
1264,2.75,68,4,HADOOP-14130,HADOOP,pre_ai,Sub-task,0
627,2.682926829268293,41,1,HADOOP-14094,HADOOP,pre_ai,Sub-task,0
2761,2.364485981308411,214,2,HADOOP-6801,HADOOP,pre_ai,Bug,1
1924,3.7247706422018347,109,1,HADOOP-14048,HADOOP,pre_ai,New Feature,0
1878,3.669724770642202,109,1,HADOOP-14150,HADOOP,pre_ai,Improvement,0
525,2.793103448275862,29,1,HADOOP-14027,HADOOP,pre_ai,Sub-task,0
3739,3.4200913242009134,219,7,HADOOP-13930,HADOOP,pre_ai,Improvement,0
785,1.644736842105263,76,11,HADOOP-13037,HADOOP,pre_ai,Improvement,0
1242,2.903225806451613,93,1,HADOOP-14062,HADOOP,pre_ai,Bug,1
305,4.25,16,1,HADOOP-14156,HADOOP,pre_ai,Bug,1
56,1.0,1,1,HADOOP-14173,HADOOP,pre_ai,Sub-task,0
702,2.744186046511628,43,2,HADOOP-14181,HADOOP,pre_ai,Sub-task,0
1680,2.711864406779661,118,1,HADOOP-14036,HADOOP,pre_ai,Sub-task,0
1180,1.2337662337662338,154,2,HADOOP-14169,HADOOP,pre_ai,Improvement,0
1538,2.6636363636363636,110,1,HADOOP-14059,HADOOP,pre_ai,Bug,1
4523,2.4207492795389047,347,14,HADOOP-13914,HADOOP,pre_ai,Sub-task,0
1541,2.6636363636363636,110,1,HADOOP-14204,HADOOP,pre_ai,Bug,1
4623,2.911764705882353,306,11,HADOOP-13945,HADOOP,pre_ai,Improvement,0
3012,1.4594594594594594,370,9,HADOOP-9631,HADOOP,pre_ai,Bug,1
1713,2.567901234567901,162,1,HADOOP-14213,HADOOP,pre_ai,Improvement,0
1979,2.6176470588235294,136,2,HADOOP-14120,HADOOP,pre_ai,Sub-task,0
409,2.1379310344827585,29,1,HADOOP-14760,HADOOP,pre_ai,Bug,1
660,1.8727272727272728,55,3,HADOOP-14627,HADOOP,pre_ai,Improvement,0
4213,2.2146596858638743,191,7,HADOOP-14741,HADOOP,pre_ai,Improvement,0
7709,3.4427645788336934,463,10,HADOOP-14726,HADOOP,pre_ai,Task,0
5522,2.2641083521444694,443,18,HADOOP-14749,HADOOP,pre_ai,Sub-task,0
2166,2.6258992805755397,139,5,HADOOP-14773,HADOOP,pre_ai,Bug,1
2132,3.47008547008547,117,4,HADOOP-14660,HADOOP,pre_ai,Sub-task,0
1122,2.208791208791209,91,1,HADOOP-14560,HADOOP,pre_ai,New Feature,0
3661,3.624390243902439,205,2,HADOOP-14769,HADOOP,pre_ai,Sub-task,0
194,1.0571428571428572,35,1,HADOOP-14398,HADOOP,pre_ai,Sub-task,0
392,3.6,15,1,HADOOP-14194,HADOOP,pre_ai,Sub-task,0
435,3.392857142857143,28,1,HADOOP-14787,HADOOP,pre_ai,Sub-task,0
3217,2.153284671532847,274,12,HADOOP-14777,HADOOP,pre_ai,Sub-task,0
3248,2.07,200,11,HADOOP-14705,HADOOP,pre_ai,Improvement,0
1362,2.6333333333333333,90,4,HADOOP-14687,HADOOP,pre_ai,Bug,1
1757,2.568862275449102,167,1,HADOOP-14251,HADOOP,pre_ai,Improvement,0
1596,3.3260869565217392,92,1,HADOOP-13743,HADOOP,pre_ai,Sub-task,0
119,1.0,17,1,HADOOP-14814,HADOOP,pre_ai,Bug,1
463,1.2058823529411764,68,1,HADOOP-14802,HADOOP,pre_ai,Sub-task,0
1979,3.794642857142857,112,1,HADOOP-14820,HADOOP,pre_ai,Bug,1
701,1.7222222222222223,72,2,HADOOP-14688,HADOOP,pre_ai,Improvement,0
9213,2.232590529247911,718,32,HADOOP-13345,HADOOP,pre_ai,New Feature,0
424,2.9285714285714284,28,1,HADOOP-14774,HADOOP,pre_ai,Sub-task,0
3087,1.75,312,6,HADOOP-12077,HADOOP,pre_ai,New Feature,0
1138,2.230769230769231,91,1,HADOOP-14850,HADOOP,pre_ai,Improvement,0
1880,2.0817610062893084,159,4,HADOOP-14849,HADOOP,pre_ai,Improvement,0
2870,2.3607305936073057,219,6,HADOOP-13421,HADOOP,pre_ai,Sub-task,0
649,1.8727272727272728,55,2,HADOOP-14844,HADOOP,pre_ai,Improvement,0
487,1.3214285714285714,56,2,HADOOP-14847,HADOOP,pre_ai,Sub-task,0
1251,2.436893203883495,103,5,HADOOP-14839,HADOOP,pre_ai,Improvement,0
1123,2.208791208791209,91,1,HADOOP-14857,HADOOP,pre_ai,Sub-task,0
148,1.7058823529411764,17,1,HADOOP-14864,HADOOP,pre_ai,Improvement,0
5542,2.6184538653366585,401,9,HADOOP-14520,HADOOP,pre_ai,Improvement,0
2121,2.6357142857142857,140,3,HADOOP-14738,HADOOP,pre_ai,Sub-task,0
196,7.0,5,1,HADOOP-14670,HADOOP,pre_ai,Improvement,0
1716,3.4361702127659575,94,1,HADOOP-14553,HADOOP,pre_ai,Sub-task,0
217,4.2,10,1,HADOOP-14799,HADOOP,pre_ai,Sub-task,0
1716,3.4361702127659575,94,1,HADOOP-14583,HADOOP,pre_ai,Sub-task,0
254,2.611111111111111,18,1,HADOOP-14894,HADOOP,pre_ai,Sub-task,0
161,2.2941176470588234,17,1,HADOOP-14905,HADOOP,pre_ai,Bug,1
517,2.4318181818181817,44,1,HADOOP-14892,HADOOP,pre_ai,Sub-task,0
1129,2.1485148514851486,101,3,HADOOP-14904,HADOOP,pre_ai,Bug,1
389,2.1,30,1,HADOOP-14893,HADOOP,pre_ai,Sub-task,0
2132,2.220779220779221,154,6,HADOOP-14901,HADOOP,pre_ai,Bug,1
2274,4.040650406504065,123,1,HADOOP-14768,HADOOP,pre_ai,Sub-task,0
79,2.6666666666666665,6,1,HADOOP-14915,HADOOP,pre_ai,Bug,1
216,2.7333333333333334,15,1,HADOOP-14908,HADOOP,pre_ai,Improvement,0
553,1.4415584415584415,77,8,HADOOP-14891,HADOOP,pre_ai,Bug,1
64,2.2,5,1,HADOOP-14459,HADOOP,pre_ai,Bug,1
1546,2.380952380952381,84,3,HADOOP-14521,HADOOP,pre_ai,Improvement,0
670,2.3181818181818183,44,3,HADOOP-14920,HADOOP,pre_ai,Improvement,0
2371,3.931297709923664,131,1,HADOOP-14899,HADOOP,pre_ai,Sub-task,0
4634,2.7236024844720497,322,8,HADOOP-14220,HADOOP,pre_ai,Sub-task,0
169,1.9523809523809523,21,1,HADOOP-14910,HADOOP,pre_ai,Bug,1
247,2.0,28,1,HADOOP-14912,HADOOP,pre_ai,Bug,1
2416,3.9696969696969697,132,1,HADOOP-14913,HADOOP,pre_ai,Sub-task,0
1899,2.6647398843930636,173,1,HADOOP-13556,HADOOP,pre_ai,Bug,1
2451,3.985074626865672,134,2,HADOOP-14935,HADOOP,pre_ai,Sub-task,0
340,2.8181818181818183,22,2,HADOOP-14949,HADOOP,pre_ai,Bug,1
2600,1.5942028985507246,276,5,HADOOP-13055,HADOOP,pre_ai,New Feature,0
1251,2.913978494623656,93,1,HADOOP-14958,HADOOP,pre_ai,Bug,1
1915,2.6954022988505746,174,1,HADOOP-14938,HADOOP,pre_ai,Improvement,0
1206,2.5272727272727273,55,2,HADOOP-14880,HADOOP,pre_ai,Improvement,0
313,2.380952380952381,21,1,HADOOP-14942,HADOOP,pre_ai,Bug,1
509,1.9411764705882353,34,3,HADOOP-14944,HADOOP,pre_ai,Improvement,0
35,5.0,2,1,HADOOP-14966,HADOOP,pre_ai,Bug,1
517,3.1842105263157894,38,1,HADOOP-9657,HADOOP,pre_ai,Improvement,0
1093,3.420289855072464,69,2,HADOOP-14919,HADOOP,pre_ai,Bug,1
2186,4.554347826086956,92,5,HADOOP-14957,HADOOP,pre_ai,Sub-task,0
260,1.6,15,3,HADOOP-15013,HADOOP,pre_ai,Bug,1
134,1.3333333333333333,6,1,HADOOP-15025,HADOOP,pre_ai,Bug,1
2296,2.69375,160,2,HADOOP-14987,HADOOP,pre_ai,Improvement,0
556,2.488888888888889,45,1,HADOOP-14872,HADOOP,pre_ai,Improvement,0
133,1.4761904761904763,21,1,HADOOP-14929,HADOOP,pre_ai,Bug,1
365,1.878787878787879,33,3,HADOOP-14960,HADOOP,pre_ai,Improvement,0
167,1.36,25,1,HADOOP-8522,HADOOP,pre_ai,Bug,1
2200,1.6866197183098592,284,2,HADOOP-15031,HADOOP,pre_ai,Bug,1
734,2.4754098360655736,61,2,HADOOP-15008,HADOOP,pre_ai,Bug,1
276,2.0869565217391304,23,1,HADOOP-15023,HADOOP,pre_ai,Improvement,0
510,2.0172413793103448,58,1,HADOOP-14982,HADOOP,pre_ai,Bug,1
1108,3.1904761904761907,63,4,HADOOP-14993,HADOOP,pre_ai,Sub-task,0
552,4.0,18,2,HADOOP-15024,HADOOP,pre_ai,Sub-task,0
186,1.9411764705882353,17,1,HADOOP-15067,HADOOP,pre_ai,Bug,1
1292,3.4705882352941178,68,8,HADOOP-14964,HADOOP,pre_ai,Improvement,0
303,2.9473684210526314,19,1,HADOOP-15042,HADOOP,pre_ai,Bug,1
1576,2.11875,160,3,HADOOP-14600,HADOOP,pre_ai,Bug,1
175,2.4166666666666665,12,1,HADOOP-14985,HADOOP,pre_ai,Bug,1
2681,2.076923076923077,234,2,HADOOP-14475,HADOOP,pre_ai,Sub-task,0
2184,2.4146341463414633,164,3,HADOOP-15039,HADOOP,pre_ai,Improvement,0
30,4.0,1,1,HADOOP-15056,HADOOP,pre_ai,Improvement,0
2897,3.0,181,6,HADOOP-15012,HADOOP,pre_ai,Improvement,0
58,1.0,1,1,HADOOP-15104,HADOOP,pre_ai,Improvement,0
664,2.480769230769231,52,3,HADOOP-15059,HADOOP,pre_ai,Bug,1
2956,2.6785714285714284,196,7,HADOOP-13204,HADOOP,pre_ai,Improvement,0
763,2.3653846153846154,52,3,HADOOP-14914,HADOOP,pre_ai,Improvement,0
1113,3.1904761904761907,63,4,HADOOP-15111,HADOOP,pre_ai,Improvement,0
3630,2.414814814814815,270,5,HADOOP-15085,HADOOP,pre_ai,Bug,1
4206,1.6634382566585957,413,4,HADOOP-15106,HADOOP,pre_ai,Improvement,0
718,2.5555555555555554,45,1,HADOOP-15123,HADOOP,pre_ai,Bug,1
1177,1.6456692913385826,127,2,HADOOP-14965,HADOOP,pre_ai,Sub-task,0
2656,2.723404255319149,188,2,HADOOP-15113,HADOOP,pre_ai,Sub-task,0
2037,2.526666666666667,150,3,HADOOP-13282,HADOOP,pre_ai,Sub-task,0
5279,2.8027027027027027,370,7,HADOOP-15086,HADOOP,pre_ai,Sub-task,0
208,2.0,20,1,HADOOP-15149,HADOOP,pre_ai,Task,0
90,2.75,8,1,HADOOP-15117,HADOOP,pre_ai,Test,0
161,2.272727272727273,11,1,HADOOP-15152,HADOOP,pre_ai,Bug,1
161,2.272727272727273,11,1,HADOOP-15155,HADOOP,pre_ai,Bug,1
5294,2.803234501347709,371,7,HADOOP-15156,HADOOP,pre_ai,Sub-task,0
13418,1.8929173693086003,1186,76,HADOOP-13786,HADOOP,pre_ai,New Feature,0
83,2.75,8,1,HADOOP-13738,HADOOP,pre_ai,Improvement,0
197,2.25,16,1,HADOOP-15060,HADOOP,pre_ai,Bug,1
2916,2.0329218106995883,243,3,HADOOP-15161,HADOOP,pre_ai,Sub-task,0
1183,2.2454545454545456,110,2,HADOOP-15033,HADOOP,pre_ai,Improvement,0
242,1.2380952380952381,21,1,HADOOP-15172,HADOOP,pre_ai,Bug,1
1337,2.1666666666666665,114,3,HADOOP-15157,HADOOP,pre_ai,Improvement,0
2695,2.458128078817734,203,4,HADOOP-15079,HADOOP,pre_ai,Sub-task,0
1039,3.0923076923076924,65,6,HADOOP-15027,HADOOP,pre_ai,Sub-task,0
3309,2.68018018018018,222,6,HADOOP-15141,HADOOP,pre_ai,Sub-task,0
290,2.357142857142857,28,1,HADOOP-15150,HADOOP,pre_ai,Bug,1
293,2.8181818181818183,22,1,HADOOP-12751,HADOOP,pre_ai,Bug,1
682,2.267857142857143,56,1,HADOOP-15121,HADOOP,pre_ai,Bug,1
568,2.450980392156863,51,2,HADOOP-14788,HADOOP,pre_ai,Bug,1
2040,2.5033112582781456,151,3,HADOOP-15189,HADOOP,pre_ai,Improvement,0
1072,4.137931034482759,58,1,HADOOP-15170,HADOOP,pre_ai,Improvement,0
17,1.5,2,1,HADOOP-15198,HADOOP,pre_ai,Bug,1
1551,2.6933333333333334,75,3,HADOOP-15214,HADOOP,pre_ai,Sub-task,0
772,3.159090909090909,44,3,HADOOP-14077,HADOOP,pre_ai,Improvement,0
4777,2.467236467236467,351,8,HADOOP-13974,HADOOP,pre_ai,Sub-task,0
2600,2.190311418685121,289,3,HADOOP-15204,HADOOP,pre_ai,Improvement,0
675,1.912280701754386,57,2,HADOOP-13972,HADOOP,pre_ai,Improvement,0
3799,2.4398496240601504,266,9,HADOOP-15176,HADOOP,pre_ai,Sub-task,0
280,2.032258064516129,31,1,HADOOP-15206,HADOOP,pre_ai,Bug,1
3015,2.706730769230769,208,6,HADOOP-14507,HADOOP,pre_ai,Sub-task,0
268,4.181818181818182,11,1,HADOOP-12897,HADOOP,pre_ai,Improvement,0
8488,2.0546875,640,18,HADOOP-15223,HADOOP,pre_ai,Bug,1
281,2.032258064516129,31,1,HADOOP-6852,HADOOP,pre_ai,Bug,1
317,2.411764705882353,17,2,HADOOP-15236,HADOOP,pre_ai,Bug,1
49,3.0,2,1,HADOOP-15255,HADOOP,pre_ai,Improvement,0
9798,3.0326678765880217,551,16,HADOOP-10571,HADOOP,pre_ai,Bug,1
53,4.0,2,1,HADOOP-15266,HADOOP,pre_ai,Improvement,0
523,3.210526315789474,38,1,HADOOP-15178,HADOOP,pre_ai,Improvement,0
231,2.4285714285714284,14,1,HADOOP-14959,HADOOP,pre_ai,Improvement,0
2427,2.6666666666666665,198,2,HADOOP-15007,HADOOP,pre_ai,Improvement,0
40,1.0,4,1,HADOOP-15275,HADOOP,pre_ai,Bug,1
4569,2.8446215139442232,251,8,HADOOP-15254,HADOOP,pre_ai,Bug,1
3102,2.2863070539419086,241,9,HADOOP-15274,HADOOP,pre_ai,Sub-task,0
1895,1.7142857142857142,231,1,HADOOP-15271,HADOOP,pre_ai,Sub-task,0
4433,2.2271386430678466,339,12,HADOOP-13761,HADOOP,pre_ai,Sub-task,0
281,1.7837837837837838,37,1,HADOOP-15289,HADOOP,pre_ai,Bug,1
1819,2.776,125,1,HADOOP-15267,HADOOP,pre_ai,Sub-task,0
384,2.272727272727273,33,2,HADOOP-15292,HADOOP,pre_ai,Bug,1
755,2.0259740259740258,77,2,HADOOP-15273,HADOOP,pre_ai,Bug,1
55,3.0,3,1,HADOOP-14696,HADOOP,pre_ai,Test,0
1131,2.208791208791209,91,1,HADOOP-15311,HADOOP,pre_ai,Improvement,0
1360,2.5327868852459017,122,1,HADOOP-15294,HADOOP,pre_ai,Sub-task,0
3172,2.0327868852459017,244,4,HADOOP-15297,HADOOP,pre_ai,Sub-task,0
424,1.7777777777777777,45,3,HADOOP-15305,HADOOP,pre_ai,Bug,1
233,1.625,16,1,HADOOP-15234,HADOOP,pre_ai,Bug,1
691,2.6818181818181817,44,4,HADOOP-15262,HADOOP,pre_ai,Sub-task,0
2229,2.4518072289156625,166,9,HADOOP-15209,HADOOP,pre_ai,Improvement,0
2476,2.048458149779736,227,3,HADOOP-14547,HADOOP,pre_ai,Sub-task,0
282,2.08,25,1,HADOOP-14527,HADOOP,pre_ai,Sub-task,0
771,2.8727272727272726,55,1,HADOOP-14543,HADOOP,pre_ai,Bug,1
1643,3.3548387096774195,93,1,HADOOP-14461,HADOOP,pre_ai,Bug,1
1676,3.3020833333333335,96,2,HADOOP-14546,HADOOP,pre_ai,Sub-task,0
32,1.0,5,1,HADOOP-14479,HADOOP,pre_ai,Bug,1
1753,3.3333333333333335,99,2,HADOOP-14609,HADOOP,pre_ai,Sub-task,0
743,3.7037037037037037,54,1,HADOOP-14611,HADOOP,pre_ai,Improvement,0
1845,2.864,125,1,HADOOP-14423,HADOOP,pre_ai,Sub-task,0
424,2.9285714285714284,28,1,HADOOP-14596,HADOOP,pre_ai,Sub-task,0
2426,3.572463768115942,138,3,HADOOP-14601,HADOOP,pre_ai,Sub-task,0
67,1.5555555555555556,9,1,HADOOP-14615,HADOOP,pre_ai,Sub-task,0
254,2.611111111111111,18,1,HADOOP-14617,HADOOP,pre_ai,Sub-task,0
973,2.072289156626506,83,1,HADOOP-13414,HADOOP,pre_ai,Bug,1
283,2.7777777777777777,27,2,HADOOP-14571,HADOOP,pre_ai,Sub-task,0
284,2.9565217391304346,23,1,HADOOP-14499,HADOOP,pre_ai,Sub-task,0
330,1.8888888888888888,27,1,HADOOP-14563,HADOOP,pre_ai,Bug,1
56,6.0,1,1,HADOOP-10829,HADOOP,pre_ai,Bug,1
393,2.9130434782608696,23,3,HADOOP-14638,HADOOP,pre_ai,Sub-task,0
2821,3.3067484662576687,163,11,HADOOP-14443,HADOOP,pre_ai,Improvement,0
3129,2.73972602739726,219,6,HADOOP-14457,HADOOP,pre_ai,Sub-task,0
540,2.2982456140350878,57,1,HADOOP-14586,HADOOP,pre_ai,Bug,1
190,5.166666666666667,6,1,HADOOP-14658,HADOOP,pre_ai,Bug,1
4953,2.6456043956043955,364,8,HADOOP-14535,HADOOP,pre_ai,Improvement,0
817,2.772727272727273,44,7,HADOOP-14640,HADOOP,pre_ai,Improvement,0
1332,2.74,100,1,HADOOP-14659,HADOOP,pre_ai,Improvement,0
2709,3.276073619631902,163,6,HADOOP-14642,HADOOP,pre_ai,Sub-task,0
1662,3.3763440860215055,93,1,HADOOP-14518,HADOOP,pre_ai,Sub-task,0
1246,2.903225806451613,93,1,HADOOP-14578,HADOOP,pre_ai,Bug,1
11350,2.662878787878788,528,104,HADOOP-11875,HADOOP,pre_ai,Sub-task,0
550,1.9019607843137254,51,1,HADOOP-14678,HADOOP,pre_ai,Sub-task,0
1784,1.338095238095238,210,3,HADOOP-14455,HADOOP,pre_ai,Improvement,0
347,2.3055555555555554,36,1,HADOOP-14690,HADOOP,pre_ai,Improvement,0
4109,1.6174334140435835,413,3,HADOOP-14397,HADOOP,pre_ai,Sub-task,0
1797,2.652439024390244,164,1,HADOOP-14701,HADOOP,pre_ai,Bug,1
194,1.0571428571428572,35,1,HADOOP-14495,HADOOP,pre_ai,Sub-task,0
223,1.625,32,1,HADOOP-14683,HADOOP,pre_ai,Bug,1
35,1.5,4,1,HADOOP-14706,HADOOP,pre_ai,Improvement,0
267,3.3333333333333335,18,1,HADOOP-14722,HADOOP,pre_ai,Bug,1
1802,2.652439024390244,164,1,HADOOP-14727,HADOOP,pre_ai,Bug,1
571,1.8214285714285714,56,2,HADOOP-14730,HADOOP,pre_ai,Bug,1
249,3.3529411764705883,17,1,HADOOP-14680,HADOOP,pre_ai,Bug,1
107,2.1666666666666665,6,2,HADOOP-14598,HADOOP,pre_ai,Bug,1
238,3.0714285714285716,14,1,HADOOP-14633,HADOOP,pre_ai,Sub-task,0
1813,2.782258064516129,124,1,HADOOP-14505,HADOOP,pre_ai,Sub-task,0
99,2.25,8,1,HADOOP-14743,HADOOP,pre_ai,Bug,1
6540,2.754424778761062,452,8,HADOOP-10392,HADOOP,pre_ai,Sub-task,0
1765,2.5602409638554215,166,1,HADOOP-14260,HADOOP,pre_ai,Improvement,0
2003,2.6084656084656084,189,1,HADOOP-15331,HADOOP,pre_ai,Bug,1
144,1.2608695652173914,23,2,HADOOP-14067,HADOOP,pre_ai,Bug,1
2141,2.6666666666666665,198,1,HADOOP-15295,HADOOP,pre_ai,Improvement,0
1356,2.3793103448275863,87,3,HADOOP-15299,HADOOP,pre_ai,Bug,1
45,2.0,6,1,HADOOP-15313,HADOOP,pre_ai,Test,0
681,1.8409090909090908,44,2,HADOOP-15312,HADOOP,pre_ai,Improvement,0
2950,3.380434782608696,184,2,HADOOP-15320,HADOOP,pre_ai,Bug,1
2434,2.742574257425743,202,2,HADOOP-12862,HADOOP,pre_ai,Bug,1
590,3.8421052631578947,38,1,HADOOP-15317,HADOOP,pre_ai,Bug,1
681,1.8409090909090908,44,2,HADOOP-15355,HADOOP,pre_ai,Bug,1
1088,2.780821917808219,73,1,HADOOP-14758,HADOOP,pre_ai,Sub-task,0
2357,2.5783132530120483,166,5,HADOOP-14759,HADOOP,pre_ai,Sub-task,0
75,1.4545454545454546,11,1,HADOOP-15366,HADOOP,pre_ai,Bug,1
4093,2.226890756302521,357,5,HADOOP-15340,HADOOP,pre_ai,Bug,1
1981,2.6129032258064515,186,1,HADOOP-15357,HADOOP,pre_ai,Bug,1
128,1.375,8,1,HADOOP-15346,HADOOP,pre_ai,Sub-task,0
3760,1.9170731707317072,410,6,HADOOP-12502,HADOOP,pre_ai,Bug,1
1482,3.103896103896104,77,6,HADOOP-14999,HADOOP,pre_ai,Sub-task,0
80,1.0909090909090908,11,1,HADOOP-15379,HADOOP,pre_ai,Bug,1
94,3.0,3,1,HADOOP-15394,HADOOP,pre_ai,Improvement,0
3759,2.5294117647058822,204,4,HADOOP-15396,HADOOP,pre_ai,Bug,1
1201,2.7466666666666666,75,4,HADOOP-14756,HADOOP,pre_ai,Sub-task,0
863,2.542372881355932,59,2,HADOOP-15390,HADOOP,pre_ai,Bug,1
65,1.2857142857142858,7,1,HADOOP-15404,HADOOP,pre_ai,Sub-task,0
1362,2.5245901639344264,122,1,HADOOP-15402,HADOOP,pre_ai,Bug,1
41,2.5,2,1,HADOOP-15411,HADOOP,pre_ai,Bug,1
312,2.8076923076923075,26,1,HADOOP-13756,HADOOP,pre_ai,Sub-task,0
456,2.2580645161290325,31,1,HADOOP-15239,HADOOP,pre_ai,Sub-task,0
226,2.857142857142857,14,1,HADOOP-15377,HADOOP,pre_ai,Improvement,0
303,4.1875,16,1,HADOOP-12071,HADOOP,pre_ai,Bug,1
1362,2.5245901639344264,122,1,HADOOP-15382,HADOOP,pre_ai,Improvement,0
913,2.508771929824561,57,1,HADOOP-14841,HADOOP,pre_ai,Improvement,0
328,2.8461538461538463,26,1,HADOOP-13649,HADOOP,pre_ai,Sub-task,0
336,2.923076923076923,26,1,HADOOP-15420,HADOOP,pre_ai,Sub-task,0
653,1.8392857142857142,56,2,HADOOP-15356,HADOOP,pre_ai,Improvement,0
46604,2.292620865139949,3930,180,HADOOP-14539,HADOOP,pre_ai,Sub-task,0
915,2.5892857142857144,56,1,HADOOP-15441,HADOOP,pre_ai,Improvement,0
718,1.2395833333333333,96,1,HADOOP-15442,HADOOP,pre_ai,Bug,1
2007,2.984848484848485,132,3,HADOOP-15250,HADOOP,pre_ai,Improvement,0
63,2.5,4,1,HADOOP-15469,HADOOP,pre_ai,Sub-task,0
4040,2.4316770186335406,322,30,HADOOP-15446,HADOOP,pre_ai,Bug,1
355,2.4615384615384617,26,2,HADOOP-15478,HADOOP,pre_ai,Bug,1
2444,2.6818181818181817,198,2,HADOOP-15474,HADOOP,pre_ai,Bug,1
187,2.0526315789473686,19,1,HADOOP-15450,HADOOP,pre_ai,Bug,1
1197,2.223404255319149,94,1,HADOOP-15457,HADOOP,pre_ai,Improvement,0
590,3.8421052631578947,38,1,HADOOP-15486,HADOOP,pre_ai,Improvement,0
586,1.853658536585366,41,2,HADOOP-15473,HADOOP,pre_ai,Bug,1
1148,4.714285714285714,42,2,HADOOP-15477,HADOOP,pre_ai,Improvement,0
669,2.260869565217391,46,1,HADOOP-15449,HADOOP,pre_ai,Improvement,0
254,2.8333333333333335,18,1,HADOOP-15455,HADOOP,pre_ai,Bug,1
44,1.6666666666666667,3,1,HADOOP-15217,HADOOP,pre_ai,Bug,1
936,4.09433962264151,53,1,HADOOP-15513,HADOOP,pre_ai,Sub-task,0
770,2.2739726027397262,73,1,HADOOP-15512,HADOOP,pre_ai,Improvement,0
1091,4.206896551724138,58,1,HADOOP-15516,HADOOP,pre_ai,Sub-task,0
7068,2.033333333333333,660,7,HADOOP-15507,HADOOP,pre_ai,Improvement,0
313,1.4090909090909092,22,6,HADOOP-15499,HADOOP,pre_ai,Improvement,0
79,3.4285714285714284,7,1,HADOOP-15506,HADOOP,pre_ai,Sub-task,0
2654,2.861244019138756,209,3,HADOOP-15465,HADOOP,pre_ai,Sub-task,0
34,2.6666666666666665,3,1,HADOOP-15307,HADOOP,pre_ai,Bug,1
1865,3.114503816793893,131,2,HADOOP-15522,HADOOP,pre_ai,Sub-task,0
2008,2.6141732283464565,127,3,HADOOP-15537,HADOOP,pre_ai,Sub-task,0
90,3.0,4,1,HADOOP-15504,HADOOP,pre_ai,Bug,1
1263,2.284090909090909,88,3,HADOOP-15523,HADOOP,pre_ai,Bug,1
2409,3.984848484848485,132,1,HADOOP-15533,HADOOP,pre_ai,Sub-task,0
2148,2.6818181818181817,198,1,HADOOP-15551,HADOOP,pre_ai,Improvement,0
213,2.857142857142857,14,1,HADOOP-15549,HADOOP,pre_ai,Bug,1
1654,1.507936507936508,189,3,HADOOP-14396,HADOOP,pre_ai,Sub-task,0
1094,2.7945205479452055,73,1,HADOOP-15416,HADOOP,pre_ai,Sub-task,0
413,2.5945945945945947,37,2,HADOOP-15423,HADOOP,pre_ai,Sub-task,0
3816,2.085714285714286,280,10,HADOOP-15550,HADOOP,pre_ai,Bug,1
167,2.9,10,1,HADOOP-15483,HADOOP,pre_ai,Task,0
144,2.875,8,1,HADOOP-14313,HADOOP,pre_ai,Improvement,0
4440,2.2123893805309733,339,68,HADOOP-15540,HADOOP,pre_ai,Sub-task,0
1126,4.203389830508475,59,1,HADOOP-15536,HADOOP,pre_ai,Sub-task,0
346,2.3793103448275863,29,1,HADOOP-15548,HADOOP,pre_ai,Bug,1
32,1.5,4,1,HADOOP-15574,HADOOP,pre_ai,Bug,1
2136,2.5792079207920793,202,1,HADOOP-15554,HADOOP,pre_ai,Improvement,0
1574,2.5163934426229506,122,2,HADOOP-9747,HADOOP,pre_ai,Bug,1
1571,2.0504201680672267,119,5,HADOOP-15560,HADOOP,pre_ai,Sub-task,0
1102,2.7945205479452055,73,1,HADOOP-15215,HADOOP,pre_ai,Sub-task,0
1848,1.9533333333333334,150,2,HADOOP-15571,HADOOP,pre_ai,Bug,1
931,2.6296296296296298,54,1,HADOOP-15591,HADOOP,pre_ai,Improvement,0
944,2.2948717948717947,78,2,HADOOP-15384,HADOOP,pre_ai,Sub-task,0
463,3.0,29,1,HADOOP-15541,HADOOP,pre_ai,Bug,1
845,2.75,48,1,HADOOP-15349,HADOOP,pre_ai,Sub-task,0
6248,2.8797653958944283,341,24,HADOOP-15531,HADOOP,pre_ai,Improvement,0
65,1.2,5,1,HADOOP-15598,HADOOP,pre_ai,Improvement,0
956,2.621212121212121,66,3,HADOOP-15596,HADOOP,pre_ai,Improvement,0
250,1.6129032258064515,31,1,HADOOP-15586,HADOOP,pre_ai,Improvement,0
435,2.2333333333333334,30,1,HADOOP-15609,HADOOP,pre_ai,Improvement,0
298,3.066666666666667,15,1,HADOOP-15612,HADOOP,pre_ai,Improvement,0
123,2.272727272727273,11,1,HADOOP-15395,HADOOP,pre_ai,Bug,1
757,2.225806451612903,62,2,HADOOP-15611,HADOOP,pre_ai,Improvement,0
1396,2.512,125,1,HADOOP-15593,HADOOP,pre_ai,Bug,1
387,1.972972972972973,37,1,HADOOP-15637,HADOOP,pre_ai,Bug,1
1255,2.913978494623656,93,1,HADOOP-15476,HADOOP,pre_ai,Improvement,0
23138,2.6031468531468533,1716,68,HADOOP-15495,HADOOP,pre_ai,Improvement,0
5397,2.408333333333333,360,16,HADOOP-15583,HADOOP,pre_ai,Sub-task,0
2832,2.297674418604651,215,18,HADOOP-15659,HADOOP,pre_ai,Sub-task,0
559,1.375,40,6,HADOOP-15576,HADOOP,pre_ai,Sub-task,0
435,2.2333333333333334,30,1,HADOOP-15655,HADOOP,pre_ai,Bug,1
100,1.6,10,2,HADOOP-8807,HADOOP,pre_ai,Bug,1
1124,1.736842105263158,95,6,HADOOP-15669,HADOOP,pre_ai,Sub-task,0
222,1.8888888888888888,18,2,HADOOP-9214,HADOOP,pre_ai,Improvement,0
1416,2.5934065934065935,91,4,HADOOP-14154,HADOOP,pre_ai,Sub-task,0
2240,2.870748299319728,147,9,HADOOP-15661,HADOOP,pre_ai,Sub-task,0
707,2.3454545454545452,55,5,HADOOP-15682,HADOOP,pre_ai,Sub-task,0
303,2.6666666666666665,21,1,HADOOP-15633,HADOOP,pre_ai,Bug,1
2055,2.08974358974359,156,21,HADOOP-15660,HADOOP,pre_ai,Sub-task,0
456,1.75,28,3,HADOOP-15698,HADOOP,pre_ai,Bug,1
280,1.5294117647058822,17,3,HADOOP-15667,HADOOP,pre_ai,Sub-task,0
1230,1.9902912621359223,103,12,HADOOP-15692,HADOOP,pre_ai,Sub-task,0
1226,2.5833333333333335,84,4,HADOOP-15663,HADOOP,pre_ai,Sub-task,0
890,2.5294117647058822,68,2,HADOOP-15664,HADOOP,pre_ai,Sub-task,0
1660,1.5771812080536913,149,9,HADOOP-15107,HADOOP,pre_ai,Sub-task,0
1262,2.904255319148936,94,1,HADOOP-10219,HADOOP,pre_ai,Bug,1
1123,2.2134831460674156,89,1,HADOOP-15696,HADOOP,pre_ai,Bug,1
4160,3.639130434782609,230,4,HADOOP-15547,HADOOP,pre_ai,Improvement,0
1855,2.253968253968254,126,8,HADOOP-15707,HADOOP,pre_ai,New Feature,0
143,2.8181818181818183,11,2,HADOOP-15657,HADOOP,pre_ai,Improvement,0
2083,2.2,145,10,HADOOP-15703,HADOOP,pre_ai,Sub-task,0
115,3.8,5,1,HADOOP-16044,HADOOP,pre_ai,Sub-task,0
802,3.4651162790697674,43,1,HADOOP-16019,HADOOP,pre_ai,Improvement,0
40,1.0,7,1,HADOOP-15941,HADOOP,pre_ai,Sub-task,0
805,3.2444444444444445,45,1,HADOOP-16048,HADOOP,pre_ai,Sub-task,0
227,2.4285714285714284,14,1,HADOOP-15922,HADOOP,pre_ai,Bug,1
384,2.272727272727273,33,2,HADOOP-16049,HADOOP,pre_ai,Bug,1
62,1.0,1,1,HADOOP-16041,HADOOP,pre_ai,Sub-task,0
2253,2.6363636363636362,209,1,HADOOP-16084,HADOOP,pre_ai,Bug,1
348,1.75,44,1,HADOOP-16079,HADOOP,pre_ai,Sub-task,0
11937,1.9858156028368794,987,51,HADOOP-14556,HADOOP,pre_ai,Sub-task,0
1744,3.5425531914893615,94,1,HADOOP-16074,HADOOP,pre_ai,Bug,1
2205,2.567901234567901,162,5,HADOOP-15954,HADOOP,pre_ai,Sub-task,0
378,3.9565217391304346,23,1,HADOOP-16032,HADOOP,pre_ai,Bug,1
4537,2.0489690721649483,388,18,HADOOP-16098,HADOOP,pre_ai,Bug,1
84,2.5,6,1,HADOOP-16108,HADOOP,pre_ai,Improvement,0
564,2.3877551020408165,49,1,HADOOP-16116,HADOOP,pre_ai,Bug,1
16440,1.8066528066528067,1443,40,HADOOP-15229,HADOOP,pre_ai,New Feature,0
1199,2.973684210526316,76,1,HADOOP-15843,HADOOP,pre_ai,Sub-task,0
199,2.2142857142857144,14,1,HADOOP-15813,HADOOP,pre_ai,Bug,1
1670,2.0671140939597317,149,7,HADOOP-15281,HADOOP,pre_ai,Improvement,0
1293,2.8556701030927836,97,1,HADOOP-16126,HADOOP,pre_ai,Improvement,0
2416,2.6058823529411765,170,3,HADOOP-16105,HADOOP,pre_ai,Bug,1
568,3.36,25,1,HADOOP-16125,HADOOP,pre_ai,New Feature,0
1376,2.871287128712871,101,2,HADOOP-16127,HADOOP,pre_ai,Bug,1
947,3.280701754385965,57,2,HADOOP-16136,HADOOP,pre_ai,Sub-task,0
2079,1.4081632653061225,196,9,HADOOP-16093,HADOOP,pre_ai,Sub-task,0
2950,1.5634920634920635,378,3,HADOOP-16107,HADOOP,pre_ai,Bug,1
254,2.8333333333333335,18,1,HADOOP-16067,HADOOP,pre_ai,Bug,1
203,1.0,8,2,HADOOP-16018,HADOOP,pre_ai,Bug,1
1820,2.455223880597015,134,2,HADOOP-15889,HADOOP,pre_ai,New Feature,0
639,2.230769230769231,52,4,HADOOP-16140,HADOOP,pre_ai,Improvement,0
623,1.6027397260273972,73,1,HADOOP-16150,HADOOP,pre_ai,Bug,1
531,3.1794871794871793,39,1,HADOOP-16114,HADOOP,pre_ai,Bug,1
1272,2.4675324675324677,77,2,HADOOP-16169,HADOOP,pre_ai,Sub-task,0
1746,3.521276595744681,94,1,HADOOP-16157,HADOOP,pre_ai,Improvement,0
164,1.7333333333333334,15,1,HADOOP-16174,HADOOP,pre_ai,Bug,1
3950,2.3402061855670104,291,21,HADOOP-16068,HADOOP,pre_ai,Sub-task,0
405,2.7857142857142856,28,1,HADOOP-16109,HADOOP,pre_ai,Sub-task,0
147,3.1666666666666665,6,1,HADOOP-16055,HADOOP,pre_ai,Bug,1
749,2.0588235294117645,51,3,HADOOP-16182,HADOOP,pre_ai,Sub-task,0
2807,2.448559670781893,243,2,HADOOP-16192,HADOOP,pre_ai,Bug,1
1107,3.1578947368421053,57,3,HADOOP-16191,HADOOP,pre_ai,Sub-task,0
4312,2.0150602409638556,332,13,HADOOP-15625,HADOOP,pre_ai,Sub-task,0
85,1.4545454545454546,11,1,HADOOP-16181,HADOOP,pre_ai,Improvement,0
977,2.661764705882353,68,2,HADOOP-16196,HADOOP,pre_ai,Improvement,0
2234,2.422360248447205,161,1,HADOOP-16201,HADOOP,pre_ai,Sub-task,0
730,3.575,40,2,HADOOP-16147,HADOOP,pre_ai,Improvement,0
1141,2.5846153846153848,65,1,HADOOP-16186,HADOOP,pre_ai,Sub-task,0
480,2.3333333333333335,33,1,HADOOP-16199,HADOOP,pre_ai,Bug,1
342,1.90625,32,2,HADOOP-16058,HADOOP,pre_ai,Sub-task,0
2267,2.6132075471698113,212,1,HADOOP-16218,HADOOP,pre_ai,Sub-task,0
2828,2.5081967213114753,183,3,HADOOP-15999,HADOOP,pre_ai,Sub-task,0
303,2.8823529411764706,34,1,HADOOP-16226,HADOOP,pre_ai,Bug,1
68,1.2222222222222223,9,1,HADOOP-16233,HADOOP,pre_ai,Sub-task,0
113,1.4615384615384615,13,1,HADOOP-16011,HADOOP,pre_ai,Bug,1
1302,2.8762886597938144,97,1,HADOOP-16208,HADOOP,pre_ai,Improvement,0
963,3.183333333333333,60,1,HADOOP-16197,HADOOP,pre_ai,Sub-task,0
227,4.0,11,1,HADOOP-15823,HADOOP,pre_ai,Sub-task,0
992,2.4603174603174605,63,1,HADOOP-14445,HADOOP,pre_ai,Bug,1
1801,2.4402985074626864,134,2,HADOOP-9567,HADOOP,pre_ai,Improvement,0
110,2.4285714285714284,7,1,HADOOP-15339,HADOOP,pre_ai,Improvement,0
2827,2.194736842105263,190,9,HADOOP-16210,HADOOP,pre_ai,Sub-task,0
506,2.659090909090909,44,2,HADOOP-15885,HADOOP,pre_ai,New Feature,0
296,1.8709677419354838,31,1,HADOOP-15687,HADOOP,pre_ai,Improvement,0
1205,2.236559139784946,93,1,HADOOP-15903,HADOOP,pre_ai,Bug,1
1007,3.9473684210526314,57,2,HADOOP-15846,HADOOP,pre_ai,Sub-task,0
66,1.1428571428571428,7,1,HADOOP-15812,HADOOP,pre_ai,Sub-task,0
146,1.2962962962962963,27,3,HADOOP-15110,HADOOP,pre_ai,Sub-task,0
90,2.857142857142857,7,1,HADOOP-15869,HADOOP,pre_ai,Bug,1
795,3.2045454545454546,44,1,HADOOP-15876,HADOOP,pre_ai,Sub-task,0
1068,3.259259259259259,54,2,HADOOP-15917,HADOOP,pre_ai,Sub-task,0
1090,3.1785714285714284,56,3,HADOOP-15943,HADOOP,pre_ai,Improvement,0
1180,3.103448275862069,58,4,HADOOP-15919,HADOOP,pre_ai,Improvement,0
597,2.763157894736842,38,2,HADOOP-15358,HADOOP,pre_ai,Bug,1
395,2.590909090909091,22,1,HADOOP-15948,HADOOP,pre_ai,Bug,1
753,2.8627450980392157,51,1,HADOOP-15940,HADOOP,pre_ai,Sub-task,0
2027,2.6056338028169015,142,1,HADOOP-15932,HADOOP,pre_ai,Sub-task,0
411,2.5789473684210527,38,2,HADOOP-15798,HADOOP,pre_ai,Sub-task,0
1099,2.5396825396825395,63,1,HADOOP-15947,HADOOP,pre_ai,Bug,1
2118,2.5448275862068965,145,9,HADOOP-15872,HADOOP,pre_ai,Sub-task,0
2057,2.579310344827586,145,1,HADOOP-15370,HADOOP,pre_ai,Sub-task,0
1137,2.891891891891892,74,1,HADOOP-14927,HADOOP,pre_ai,Sub-task,0
1743,3.5425531914893615,94,1,HADOOP-15957,HADOOP,pre_ai,Improvement,0
488,3.7777777777777777,18,1,HADOOP-15950,HADOOP,pre_ai,New Feature,0
1160,2.933333333333333,75,1,HADOOP-15845,HADOOP,pre_ai,Sub-task,0
1571,3.0520833333333335,96,2,HADOOP-15968,HADOOP,pre_ai,Sub-task,0
1141,2.9054054054054053,74,1,HADOOP-15428,HADOOP,pre_ai,Sub-task,0
542,2.0689655172413794,58,2,HADOOP-15808,HADOOP,pre_ai,Improvement,0
1104,2.5714285714285716,63,1,HADOOP-15988,HADOOP,pre_ai,Sub-task,0
497,3.8333333333333335,18,1,HADOOP-15995,HADOOP,pre_ai,Bug,1
221,2.142857142857143,14,1,HADOOP-16000,HADOOP,pre_ai,Improvement,0
819,3.2888888888888888,45,1,HADOOP-15969,HADOOP,pre_ai,Sub-task,0
819,3.2888888888888888,45,1,HADOOP-15972,HADOOP,pre_ai,Sub-task,0
537,3.3055555555555554,36,2,HADOOP-16004,HADOOP,pre_ai,Sub-task,0
1983,2.618279569892473,186,1,HADOOP-15973,HADOOP,pre_ai,Bug,1
761,2.8653846153846154,52,1,HADOOP-15860,HADOOP,pre_ai,Sub-task,0
1085,4.224137931034483,58,1,HADOOP-15962,HADOOP,pre_ai,Improvement,0
992,2.4603174603174605,63,1,HADOOP-15997,HADOOP,pre_ai,Bug,1
595,3.8421052631578947,38,1,HADOOP-16028,HADOOP,pre_ai,Bug,1
1103,3.1403508771929824,57,3,HADOOP-15323,HADOOP,pre_ai,Sub-task,0
1628,3.0,82,6,HADOOP-16030,HADOOP,pre_ai,Bug,1
293,2.8181818181818183,22,1,HADOOP-15959,HADOOP,pre_ai,Improvement,0
1093,3.5,62,2,HADOOP-16040,HADOOP,pre_ai,Sub-task,0
2823,2.4886363636363638,176,6,HADOOP-15996,HADOOP,pre_ai,New Feature,0
1744,3.5425531914893615,94,1,HADOOP-16036,HADOOP,pre_ai,Bug,1
418,1.872340425531915,47,1,HADOOP-15909,HADOOP,pre_ai,Improvement,0
804,3.2444444444444445,45,1,HADOOP-15975,HADOOP,pre_ai,Sub-task,0
120,3.8,5,1,HADOOP-15662,HADOOP,pre_ai,Sub-task,0
707,2.280701754385965,57,1,HADOOP-16013,HADOOP,pre_ai,Bug,1
271,2.0,29,1,HADOOP-15481,HADOOP,pre_ai,Improvement,0
352,2.7777777777777777,9,2,HADOOP-16350,HADOOP,pre_ai,Improvement,0
596,3.8421052631578947,38,1,HADOOP-16385,HADOOP,pre_ai,Bug,1
6378,2.4578313253012047,415,6,HADOOP-16396,HADOOP,pre_ai,Improvement,0
4501,2.43,300,3,HADOOP-16409,HADOOP,pre_ai,Improvement,0
2287,3.528735632183908,87,9,HADOOP-16411,HADOOP,pre_ai,Bug,1
912,2.25974025974026,77,5,HADOOP-16381,HADOOP,pre_ai,Bug,1
2010,3.6133333333333333,75,8,HADOOP-16418,HADOOP,pre_ai,Bug,1
623,1.607843137254902,51,3,HADOOP-16357,HADOOP,pre_ai,Sub-task,0
8141,2.2888888888888888,585,17,HADOOP-16384,HADOOP,pre_ai,Sub-task,0
6908,2.4839400428265526,467,10,HADOOP-16383,HADOOP,pre_ai,Sub-task,0
456,4.625,16,1,HADOOP-16440,HADOOP,pre_ai,Bug,1
216,7.25,8,1,HADOOP-16443,HADOOP,pre_ai,Bug,1
32804,2.3621562952243127,2764,63,HADOOP-16029,HADOOP,pre_ai,Improvement,0
36,1.0,1,1,HADOOP-16404,HADOOP,pre_ai,Sub-task,0
2961,2.310185185185185,216,2,HADOOP-16380,HADOOP,pre_ai,Sub-task,0
345,3.1923076923076925,26,2,HADOOP-16431,HADOOP,pre_ai,Improvement,0
2509,2.5165876777251186,211,2,HADOOP-9844,HADOOP,pre_ai,Bug,1
1896,1.6824034334763949,233,1,HADOOP-16461,HADOOP,pre_ai,Bug,1
587,2.7333333333333334,30,1,HADOOP-16245,HADOOP,pre_ai,Bug,1
2924,2.526829268292683,205,6,HADOOP-16433,HADOOP,pre_ai,Sub-task,0
210,2.6153846153846154,13,1,HADOOP-15910,HADOOP,pre_ai,Bug,1
182,1.2413793103448276,29,2,HADOOP-16435,HADOOP,pre_ai,Bug,1
1297,2.865979381443299,97,1,HADOOP-12282,HADOOP,pre_ai,Bug,1
404,3.75,24,1,HADOOP-15681,HADOOP,pre_ai,Bug,1
2246,2.5924170616113744,211,1,HADOOP-15865,HADOOP,pre_ai,Bug,1
1782,2.1491228070175437,114,5,HADOOP-16398,HADOOP,pre_ai,New Feature,0
454,3.0606060606060606,33,1,HADOOP-16472,HADOOP,pre_ai,Sub-task,0
270,6.5,8,1,HADOOP-15942,HADOOP,pre_ai,Improvement,0
169,3.0,10,1,HADOOP-16457,HADOOP,pre_ai,Bug,1
873,3.0816326530612246,49,1,HADOOP-16479,HADOOP,pre_ai,Sub-task,0
1038,3.4754098360655736,61,2,HADOOP-16315,HADOOP,pre_ai,Sub-task,0
396,1.3,10,2,HADOOP-16499,HADOOP,pre_ai,Sub-task,0
531,3.2051282051282053,39,1,HADOOP-16453,HADOOP,pre_ai,Improvement,0
259,1.0,1,1,HADOOP-13868,HADOOP,pre_ai,Bug,1
66,2.0,6,1,HADOOP-16495,HADOOP,pre_ai,Bug,1
555,1.320754716981132,53,2,HADOOP-16500,HADOOP,pre_ai,Sub-task,0
157,1.6470588235294117,17,2,HADOOP-16391,HADOOP,pre_ai,Bug,1
1030,9.5,18,1,HADOOP-16351,HADOOP,pre_ai,Task,0
37,1.0,6,1,HADOOP-15246,HADOOP,pre_ai,Improvement,0
10150,2.1911111111111112,900,24,HADOOP-16459,HADOOP,pre_ai,Improvement,0
1096,3.767857142857143,56,3,HADOOP-16158,HADOOP,pre_ai,Improvement,0
310,1.6666666666666667,27,1,HADOOP-14784,HADOOP,pre_ai,Improvement,0
74,2.0,6,1,HADOOP-16496,HADOOP,pre_ai,Bug,1
1691,2.817204301075269,93,1,HADOOP-16416,HADOOP,pre_ai,Sub-task,0
249,4.0,10,1,HADOOP-16527,HADOOP,pre_ai,New Feature,0
45,1.25,4,2,HADOOP-16470,HADOOP,pre_ai,Sub-task,0
2725,2.5064935064935066,231,1,HADOOP-16531,HADOOP,pre_ai,Improvement,0
410,2.0526315789473686,38,1,HADOOP-16255,HADOOP,pre_ai,Bug,1
849,2.0317460317460316,63,3,HADOOP-16268,HADOOP,pre_ai,Improvement,0
657,1.8392857142857142,56,2,HADOOP-16438,HADOOP,pre_ai,Task,0
225,2.2142857142857144,14,1,HADOOP-16549,HADOOP,pre_ai,Improvement,0
387,1.6578947368421053,38,1,HADOOP-16554,HADOOP,pre_ai,Bug,1
4205,2.1379310344827585,319,11,HADOOP-16490,HADOOP,pre_ai,Sub-task,0
4369,2.3260188087774294,319,4,HADOOP-16423,HADOOP,pre_ai,Sub-task,0
294,2.6315789473684212,19,1,HADOOP-16566,HADOOP,pre_ai,Sub-task,0
8437,2.0777604976671853,643,24,HADOOP-16430,HADOOP,pre_ai,Sub-task,0
1337,3.0246913580246915,81,1,HADOOP-16547,HADOOP,pre_ai,Sub-task,0
1652,1.2,255,3,HADOOP-16582,HADOOP,pre_ai,Bug,1
2714,2.2950819672131146,183,8,HADOOP-16371,HADOOP,pre_ai,Sub-task,0
804,3.4651162790697674,43,1,HADOOP-16069,HADOOP,pre_ai,Improvement,0
1097,2.7560975609756095,82,4,HADOOP-16556,HADOOP,pre_ai,Improvement,0
4388,2.339160839160839,286,8,HADOOP-16445,HADOOP,pre_ai,Improvement,0
678,2.7346938775510203,49,1,HADOOP-15728,HADOOP,pre_ai,Sub-task,0
597,2.9655172413793105,29,2,HADOOP-15709,HADOOP,pre_ai,Sub-task,0
9081,2.4853963838664814,719,13,HADOOP-16557,HADOOP,pre_ai,Sub-task,0
671,8.727272727272727,11,1,HADOOP-15731,HADOOP,pre_ai,Sub-task,0
328,2.761904761904762,21,1,HADOOP-15677,HADOOP,pre_ai,New Feature,0
1112,2.8219178082191783,73,1,HADOOP-15635,HADOOP,pre_ai,Sub-task,0
69,4.0,4,1,HADOOP-15740,HADOOP,pre_ai,Sub-task,0
3432,2.7155555555555555,225,6,HADOOP-14833,HADOOP,pre_ai,Sub-task,0
2325,2.8492063492063493,126,3,HADOOP-14734,HADOOP,pre_ai,Sub-task,0
1334,2.375,96,6,HADOOP-15694,HADOOP,pre_ai,Sub-task,0
765,2.185185185185185,54,3,HADOOP-12760,HADOOP,pre_ai,Bug,1
303,2.6666666666666665,21,1,HADOOP-15733,HADOOP,pre_ai,Bug,1
686,2.74,50,1,HADOOP-15753,HADOOP,pre_ai,Sub-task,0
5127,2.2864864864864867,370,7,HADOOP-15426,HADOOP,pre_ai,Sub-task,0
1291,3.7681159420289854,69,4,HADOOP-15757,HADOOP,pre_ai,Sub-task,0
1408,2.3333333333333335,144,2,HADOOP-15744,HADOOP,pre_ai,Sub-task,0
300,1.9375,32,1,HADOOP-15742,HADOOP,pre_ai,Improvement,0
1500,3.0105263157894737,95,3,HADOOP-15719,HADOOP,pre_ai,Sub-task,0
644,2.6,60,1,HADOOP-15755,HADOOP,pre_ai,Bug,1
893,2.9523809523809526,42,4,HADOOP-15759,HADOOP,pre_ai,Sub-task,0
325,2.9411764705882355,17,1,HADOOP-15684,HADOOP,pre_ai,Bug,1
306,4.909090909090909,11,1,HADOOP-15772,HADOOP,pre_ai,Bug,1
333,1.911764705882353,34,2,HADOOP-15726,HADOOP,pre_ai,Improvement,0
309,2.7142857142857144,21,1,HADOOP-15736,HADOOP,pre_ai,Bug,1
212,4.636363636363637,11,1,HADOOP-15748,HADOOP,pre_ai,Sub-task,0
429,2.5945945945945947,37,1,HADOOP-15756,HADOOP,pre_ai,Sub-task,0
1099,2.1666666666666665,96,3,HADOOP-15773,HADOOP,pre_ai,Sub-task,0
1864,5.473684210526316,76,2,HADOOP-15735,HADOOP,pre_ai,Bug,1
1628,3.0,82,6,HADOOP-15671,HADOOP,pre_ai,Sub-task,0
190,3.7,10,2,HADOOP-15778,HADOOP,pre_ai,Sub-task,0
1408,2.3333333333333335,144,2,HADOOP-15407,HADOOP,pre_ai,New Feature,0
438,2.5945945945945947,37,1,HADOOP-15764,HADOOP,pre_ai,Sub-task,0
1245,2.125,104,5,HADOOP-15723,HADOOP,pre_ai,Sub-task,0
812,3.3863636363636362,44,1,HADOOP-15801,HADOOP,pre_ai,Sub-task,0
13,1.0,3,1,HADOOP-15621,HADOOP,pre_ai,Sub-task,0
739,2.7450980392156863,51,1,HADOOP-15792,HADOOP,pre_ai,Sub-task,0
34,1.5,2,1,HADOOP-15817,HADOOP,pre_ai,Bug,1
399,2.9130434782608696,23,3,HADOOP-15809,HADOOP,pre_ai,Sub-task,0
1064,2.5245901639344264,61,1,HADOOP-15827,HADOOP,pre_ai,Sub-task,0
2084,2.48993288590604,149,6,HADOOP-15795,HADOOP,pre_ai,Sub-task,0
46,1.3333333333333333,3,1,HADOOP-15835,HADOOP,pre_ai,Bug,1
2234,2.6298076923076925,208,1,HADOOP-15708,HADOOP,pre_ai,Bug,1
234,1.6666666666666667,21,1,HADOOP-15679,HADOOP,pre_ai,Bug,1
1400,2.504,125,1,HADOOP-15717,HADOOP,pre_ai,Improvement,0
751,2.840909090909091,44,1,HADOOP-15837,HADOOP,pre_ai,Sub-task,0
307,1.8125,32,1,HADOOP-15831,HADOOP,pre_ai,Improvement,0
162,1.7333333333333334,15,1,HADOOP-15851,HADOOP,pre_ai,Task,0
2297,2.4156626506024095,166,2,HADOOP-15826,HADOOP,pre_ai,Sub-task,0
131,1.9333333333333333,15,1,HADOOP-15854,HADOOP,pre_ai,Improvement,0
53,3.0,3,1,HADOOP-15861,HADOOP,pre_ai,Bug,1
513,2.878787878787879,33,1,HADOOP-11100,HADOOP,pre_ai,Improvement,0
210,2.0555555555555554,18,1,HADOOP-15859,HADOOP,pre_ai,Bug,1
120,2.111111111111111,9,1,HADOOP-15418,HADOOP,pre_ai,Bug,1
456,4.625,16,1,HADOOP-15850,HADOOP,pre_ai,Bug,1
676,3.2666666666666666,30,2,HADOOP-15607,HADOOP,pre_ai,Sub-task,0
227,1.75,24,1,HADOOP-15822,HADOOP,pre_ai,Bug,1
926,2.425,80,2,HADOOP-10848,HADOOP,pre_ai,Improvement,0
203,2.5454545454545454,22,1,HADOOP-14635,HADOOP,pre_ai,Bug,1
250,1.6129032258064515,31,1,HADOOP-12890,HADOOP,pre_ai,Bug,1
215,1.9642857142857142,28,1,HADOOP-16195,HADOOP,pre_ai,Sub-task,0
531,3.1794871794871793,39,1,HADOOP-16243,HADOOP,pre_ai,Improvement,0
507,2.8181818181818183,33,1,HADOOP-14747,HADOOP,pre_ai,Sub-task,0
745,1.763157894736842,76,4,HADOOP-16237,HADOOP,pre_ai,Sub-task,0
88,1.75,12,1,HADOOP-16249,HADOOP,pre_ai,Improvement,0
2168,2.563106796116505,206,1,HADOOP-16265,HADOOP,pre_ai,Bug,1
2695,1.7901639344262295,305,2,HADOOP-16026,HADOOP,pre_ai,Improvement,0
335,1.6842105263157894,38,3,HADOOP-16222,HADOOP,pre_ai,Sub-task,0
275,2.55,20,1,HADOOP-16242,HADOOP,pre_ai,Sub-task,0
3372,2.3031674208144794,221,8,HADOOP-16221,HADOOP,pre_ai,Sub-task,0
17700,3.000911577028259,1097,40,HADOOP-16282,HADOOP,pre_ai,Improvement,0
1026,3.0793650793650795,63,5,HADOOP-16059,HADOOP,pre_ai,Improvement,0
344,3.1176470588235294,17,1,HADOOP-16292,HADOOP,pre_ai,Improvement,0
2977,2.5265486725663715,226,2,HADOOP-16238,HADOOP,pre_ai,Improvement,0
41,2.5,2,1,HADOOP-16293,HADOOP,pre_ai,Bug,1
971,3.0384615384615383,52,3,HADOOP-16269,HADOOP,pre_ai,Sub-task,0
574,3.4,25,1,HADOOP-16299,HADOOP,pre_ai,Bug,1
722,1.2395833333333333,96,1,HADOOP-16278,HADOOP,pre_ai,Bug,1
184,3.1,10,1,HADOOP-16306,HADOOP,pre_ai,Sub-task,0
50,2.3333333333333335,3,1,HADOOP-16247,HADOOP,pre_ai,Bug,1
106,3.0,5,1,HADOOP-16307,HADOOP,pre_ai,Improvement,0
316,2.3181818181818183,22,1,HADOOP-16294,HADOOP,pre_ai,Improvement,0
2649,2.269230769230769,182,7,HADOOP-16050,HADOOP,pre_ai,Sub-task,0
110,1.7777777777777777,9,1,HADOOP-16248,HADOOP,pre_ai,Bug,1
9266,2.3753623188405797,690,24,HADOOP-16085,HADOOP,pre_ai,Sub-task,0
114,1.8888888888888888,9,3,HADOOP-16287,HADOOP,pre_ai,Sub-task,0
173,2.4615384615384617,13,1,HADOOP-16332,HADOOP,pre_ai,Sub-task,0
44867,2.4361103669970534,3733,139,HADOOP-15785,HADOOP,pre_ai,Sub-task,0
1159,2.6307692307692307,65,1,HADOOP-16118,HADOOP,pre_ai,Sub-task,0
4606,2.5977653631284916,358,4,HADOOP-13656,HADOOP,pre_ai,Sub-task,0
2191,2.4078947368421053,152,7,HADOOP-16314,HADOOP,pre_ai,Sub-task,0
41,1.5,4,1,HADOOP-16344,HADOOP,pre_ai,Improvement,0
5620,2.3146853146853146,429,12,HADOOP-16212,HADOOP,pre_ai,Sub-task,0
2648,2.8450704225352115,142,3,HADOOP-15563,HADOOP,pre_ai,Sub-task,0
278,2.0,30,1,HADOOP-16345,HADOOP,pre_ai,Bug,1
1644,2.716535433070866,127,6,HADOOP-16354,HADOOP,pre_ai,Sub-task,0
1057,3.0,80,1,HADOOP-16372,HADOOP,pre_ai,Bug,1
4542,2.3554376657824934,377,11,HADOOP-16213,HADOOP,pre_ai,Sub-task,0
206,2.25,12,1,HADOOP-16366,HADOOP,pre_ai,Sub-task,0
765,2.830188679245283,53,1,HADOOP-16376,HADOOP,pre_ai,Sub-task,0
162,2.3636363636363638,11,1,HADOOP-14807,HADOOP,pre_ai,Improvement,0
219,3.3157894736842106,19,1,HADOOP-16156,HADOOP,pre_ai,Improvement,0
229,4.0,11,1,HADOOP-16340,HADOOP,pre_ai,Sub-task,0
1318,1.625,136,2,HADOOP-16379,HADOOP,pre_ai,Sub-task,0
6406,2.5433255269320845,427,10,HADOOP-16279,HADOOP,pre_ai,Sub-task,0
112,2.5,6,1,HADOOP-14385,HADOOP,pre_ai,Improvement,0
105,2.3636363636363638,11,1,HADOOP-15989,HADOOP,pre_ai,Bug,1
2411,2.5656565656565657,198,1,HADOOP-15253,HADOOP,pre_ai,Improvement,0
948,3.152542372881356,59,1,HADOOP-16390,HADOOP,pre_ai,Bug,1
10150,2.1911111111111112,900,24,HADOOP-16266,HADOOP,pre_ai,Improvement,0
121,2.125,8,1,HADOOP-16565,HADOOP,pre_ai,Sub-task,0
12390,2.0904198062432724,929,34,HADOOP-15183,HADOOP,pre_ai,Sub-task,0
284,1.0,1,1,HADOOP-16602,HADOOP,pre_ai,Bug,1
21765,1.9629444166249375,1997,28,HADOOP-15691,HADOOP,pre_ai,New Feature,0
1149,2.4411764705882355,68,1,HADOOP-16544,HADOOP,pre_ai,Task,0
2728,2.806060606060606,165,25,HADOOP-15616,HADOOP,pre_ai,New Feature,0
766,2.830188679245283,53,1,HADOOP-16578,HADOOP,pre_ai,Sub-task,0
2983,2.25,192,5,HADOOP-16599,HADOOP,pre_ai,Improvement,0
2531,2.244565217391304,184,1,HADOOP-15729,HADOOP,pre_ai,Sub-task,0
506,1.4680851063829787,47,2,HADOOP-16207,HADOOP,pre_ai,Sub-task,0
6433,2.0899280575539567,556,9,HADOOP-16458,HADOOP,pre_ai,Sub-task,0
840,1.8630136986301369,73,6,HADOOP-16587,HADOOP,pre_ai,Sub-task,0
5382,1.6971677559912854,459,11,HADOOP-16570,HADOOP,pre_ai,Sub-task,0
1703,2.288,125,5,HADOOP-16630,HADOOP,pre_ai,Sub-task,0
2607,2.213903743315508,187,2,HADOOP-16635,HADOOP,pre_ai,Sub-task,0
1256,2.25,96,1,HADOOP-15169,HADOOP,pre_ai,Bug,1
2527,2.5179856115107913,139,5,HADOOP-16520,HADOOP,pre_ai,Sub-task,0
516,2.0344827586206895,58,1,HADOOP-16580,HADOOP,pre_ai,Bug,1
838,1.8630136986301369,73,6,HADOOP-16652,HADOOP,pre_ai,Sub-task,0
2366,3.9015151515151514,132,1,HADOOP-16640,HADOOP,pre_ai,Improvement,0
5460,2.515492957746479,355,5,HADOOP-16478,HADOOP,pre_ai,Sub-task,0
1531,2.2735849056603774,106,3,HADOOP-16152,HADOOP,pre_ai,Improvement,0
667,3.5,48,1,HADOOP-16662,HADOOP,pre_ai,Bug,1
2888,2.4174757281553396,206,7,HADOOP-16579,HADOOP,pre_ai,Improvement,0
435,3.259259259259259,27,1,HADOOP-16615,HADOOP,pre_ai,Improvement,0
487,3.1363636363636362,22,1,HADOOP-16653,HADOOP,pre_ai,Sub-task,0
69,1.4545454545454546,11,1,HADOOP-16678,HADOOP,pre_ai,Improvement,0
66,5.0,2,1,HADOOP-16681,HADOOP,pre_ai,Bug,1
3724,1.8571428571428572,301,10,HADOOP-16658,HADOOP,pre_ai,Bug,1
505,1.28125,32,2,HADOOP-16477,HADOOP,pre_ai,Sub-task,0
2422,2.539473684210526,152,4,HADOOP-16676,HADOOP,pre_ai,Bug,1
258,4.066666666666666,15,1,HADOOP-16677,HADOOP,pre_ai,Bug,1
6648,1.986820428336079,607,5,HADOOP-16665,HADOOP,pre_ai,Bug,1
76,1.3333333333333333,12,1,HADOOP-16705,HADOOP,pre_ai,Improvement,0
1468,2.3533834586466167,133,1,HADOOP-16691,HADOOP,pre_ai,Improvement,0
1351,3.037037037037037,81,1,HADOOP-16484,HADOOP,pre_ai,Sub-task,0
1531,2.2735849056603774,106,3,HADOOP-16703,HADOOP,pre_ai,Improvement,0
1470,2.3533834586466167,133,1,HADOOP-16707,HADOOP,pre_ai,Sub-task,0
2709,2.5130434782608697,230,1,HADOOP-16700,HADOOP,pre_ai,Bug,1
3614,2.4615384615384617,312,3,HADOOP-16657,HADOOP,pre_ai,Sub-task,0
203,1.3333333333333333,15,1,HADOOP-15686,HADOOP,pre_ai,Bug,1
239,1.696969696969697,33,1,HADOOP-15852,HADOOP,pre_ai,Improvement,0
39,1.75,4,1,HADOOP-16717,HADOOP,pre_ai,Improvement,0
85,1.4545454545454546,11,1,HADOOP-16708,HADOOP,pre_ai,Sub-task,0
1891,1.6738197424892705,233,1,HADOOP-16685,HADOOP,pre_ai,Bug,1
4992,2.466076696165192,339,4,HADOOP-16709,HADOOP,pre_ai,Sub-task,0
1052,3.0847457627118646,59,3,HADOOP-16660,HADOOP,pre_ai,Sub-task,0
1171,2.217391304347826,92,1,HADOOP-16718,HADOOP,pre_ai,Improvement,0
2852,2.3045685279187818,197,9,HADOOP-16455,HADOOP,pre_ai,Sub-task,0
2058,2.412903225806452,155,3,HADOOP-16424,HADOOP,pre_ai,Sub-task,0
926,2.425,80,2,HADOOP-16935,HADOOP,pre_ai,Improvement,0
2842,2.0930232558139537,43,3,HADOOP-16938,HADOOP,pre_ai,Improvement,0
3415,2.378260869565217,230,13,HADOOP-16612,HADOOP,pre_ai,Sub-task,0
924,2.075,80,3,HADOOP-16912,HADOOP,pre_ai,New Feature,0
2523,2.9935064935064934,154,4,HADOOP-16910,HADOOP,pre_ai,Improvement,0
4536,2.577181208053691,298,3,HADOOP-15430,HADOOP,pre_ai,Sub-task,0
4365,2.5371621621621623,296,3,HADOOP-16939,HADOOP,pre_ai,Sub-task,0
458,1.6,55,2,HADOOP-16954,HADOOP,pre_ai,Improvement,0
294,3.6,20,1,HADOOP-16859,HADOOP,pre_ai,Sub-task,0
382,3.9565217391304346,23,1,HADOOP-16932,HADOOP,pre_ai,Bug,1
329,3.588235294117647,17,3,HADOOP-16933,HADOOP,pre_ai,Sub-task,0
2271,2.6179245283018866,212,1,HADOOP-16962,HADOOP,pre_ai,Bug,1
71,1.3333333333333333,6,1,HADOOP-16958,HADOOP,pre_ai,Bug,1
2794,2.299492385786802,197,1,HADOOP-16465,HADOOP,pre_ai,Sub-task,0
536,2.015625,64,2,HADOOP-16951,HADOOP,pre_ai,Improvement,0
3186,2.3233830845771144,201,3,HADOOP-13873,HADOOP,pre_ai,Sub-task,0
147,2.0,8,1,HADOOP-16972,HADOOP,pre_ai,Improvement,0
1161,2.876923076923077,65,8,HADOOP-16959,HADOOP,pre_ai,Sub-task,0
2768,2.292307692307692,195,1,HADOOP-16794,HADOOP,pre_ai,Sub-task,0
260,2.0476190476190474,21,2,HADOOP-16986,HADOOP,pre_ai,Sub-task,0
234,1.6666666666666667,21,1,HADOOP-16341,HADOOP,pre_ai,Bug,1
1568,2.4411764705882355,102,5,HADOOP-16914,HADOOP,pre_ai,Improvement,0
892,1.5172413793103448,116,7,HADOOP-17001,HADOOP,pre_ai,Improvement,0
1827,2.1,130,7,HADOOP-17002,HADOOP,pre_ai,Sub-task,0
1707,2.1982758620689653,116,4,HADOOP-16920,HADOOP,pre_ai,Sub-task,0
115,1.631578947368421,19,1,HADOOP-16957,HADOOP,pre_ai,Bug,1
901,2.0606060606060606,66,3,HADOOP-17010,HADOOP,pre_ai,New Feature,0
898,2.717948717948718,39,2,HADOOP-16953,HADOOP,pre_ai,Sub-task,0
3130,2.642857142857143,210,2,HADOOP-17035,HADOOP,pre_ai,Bug,1
4764,1.8797327394209353,449,9,HADOOP-17011,HADOOP,pre_ai,Bug,1
3174,1.5572139303482586,402,4,HADOOP-15565,HADOOP,pre_ai,Bug,1
1574,2.0875912408759123,137,6,HADOOP-14254,HADOOP,pre_ai,Improvement,0
4657,2.363914373088685,327,15,HADOOP-16916,HADOOP,pre_ai,New Feature,0
1984,2.6236559139784945,186,1,HADOOP-17045,HADOOP,pre_ai,Bug,1
1774,2.725663716814159,113,6,HADOOP-16965,HADOOP,pre_ai,Improvement,0
2561,1.583629893238434,281,3,HADOOP-17024,HADOOP,pre_ai,Bug,1
229,6.285714285714286,7,1,HADOOP-8143,HADOOP,pre_ai,Improvement,0
1261,1.8080808080808082,99,4,HADOOP-16900,HADOOP,pre_ai,Bug,1
599,1.457142857142857,70,1,HADOOP-17053,HADOOP,pre_ai,Sub-task,0
454,2.5555555555555554,27,2,HADOOP-14698,HADOOP,pre_ai,Improvement,0
759,2.5833333333333335,72,4,HADOOP-16852,HADOOP,pre_ai,Sub-task,0
520,3.210526315789474,38,1,HADOOP-17052,HADOOP,pre_ai,Bug,1
824,3.488372093023256,43,1,HADOOP-16828,HADOOP,pre_ai,Improvement,0
1096,2.3258426966292136,89,4,HADOOP-17016,HADOOP,pre_ai,Improvement,0
636,2.8,40,2,HADOOP-14566,HADOOP,pre_ai,Improvement,0
2182,1.648936170212766,188,2,HADOOP-17047,HADOOP,pre_ai,Improvement,0
100,1.2857142857142858,7,1,HADOOP-16568,HADOOP,pre_ai,Sub-task,0
893,1.3603603603603605,111,1,HADOOP-17059,HADOOP,pre_ai,Bug,1
4904,1.5115303983228512,477,4,HADOOP-17060,HADOOP,pre_ai,Bug,1
149,3.2857142857142856,7,1,HADOOP-9851,HADOOP,pre_ai,Bug,1
821,2.4875,80,1,HADOOP-17020,HADOOP,pre_ai,Improvement,0
5975,2.5075593952483803,463,20,HADOOP-17009,HADOOP,pre_ai,Improvement,0
2099,1.4728033472803348,239,2,HADOOP-17029,HADOOP,pre_ai,Bug,1
1293,1.561904761904762,105,5,HADOOP-16922,HADOOP,pre_ai,Sub-task,0
1300,2.8762886597938144,97,1,HADOOP-17068,HADOOP,pre_ai,Bug,1
22,1.0,4,1,HADOOP-16777,HADOOP,pre_ai,Improvement,0
50,2.0,5,1,HADOOP-16751,HADOOP,pre_ai,Sub-task,0
2852,2.3045685279187818,197,9,HADOOP-16734,HADOOP,pre_ai,Sub-task,0
1052,3.0847457627118646,59,3,HADOOP-16778,HADOOP,pre_ai,Sub-task,0
268,2.611111111111111,18,1,HADOOP-16775,HADOOP,pre_ai,Improvement,0
25504,2.366886688668867,1818,55,HADOOP-17046,HADOOP,pre_ai,Improvement,0
3572,1.903914590747331,281,8,HADOOP-16645,HADOOP,pre_ai,Sub-task,0
3027,2.3804878048780487,205,5,HADOOP-16699,HADOOP,pre_ai,Sub-task,0
1263,2.247422680412371,97,1,HADOOP-16727,HADOOP,pre_ai,Bug,1
6211,3.3812154696132595,362,6,HADOOP-16785,HADOOP,pre_ai,Sub-task,0
1984,2.6236559139784945,186,1,HADOOP-16749,HADOOP,pre_ai,Bug,1
1448,2.300751879699248,133,1,HADOOP-16590,HADOOP,pre_ai,Bug,1
525,2.0677966101694913,59,1,HADOOP-16683,HADOOP,pre_ai,Bug,1
6211,3.3812154696132595,362,6,HADOOP-16005,HADOOP,pre_ai,Sub-task,0
1188,3.878787878787879,66,1,HADOOP-16790,HADOOP,pre_ai,New Feature,0
3758,2.7320261437908497,306,4,HADOOP-16621,HADOOP,pre_ai,Sub-task,0
8969,2.2391975308641974,648,18,HADOOP-16697,HADOOP,pre_ai,Sub-task,0
1292,2.865979381443299,97,1,HADOOP-16793,HADOOP,pre_ai,Bug,1
1524,3.235955056179775,89,3,HADOOP-16753,HADOOP,pre_ai,Improvement,0
240,2.176470588235294,17,2,HADOOP-16346,HADOOP,pre_ai,Sub-task,0
2058,1.6507936507936507,252,1,HADOOP-16759,HADOOP,pre_ai,Sub-task,0
1280,3.1129032258064515,62,2,HADOOP-16792,HADOOP,pre_ai,Sub-task,0
3794,2.4140625,256,5,HADOOP-16801,HADOOP,pre_ai,Sub-task,0
5483,2.354330708661417,381,7,HADOOP-16746,HADOOP,pre_ai,Sub-task,0
329,3.588235294117647,17,3,HADOOP-16825,HADOOP,pre_ai,Sub-task,0
3842,2.954081632653061,196,4,HADOOP-16732,HADOOP,pre_ai,Sub-task,0
224,3.2142857142857144,14,1,HADOOP-16834,HADOOP,pre_ai,Bug,1
2267,2.6179245283018866,212,1,HADOOP-16851,HADOOP,pre_ai,Bug,1
7237,2.06187624750499,501,15,HADOOP-16823,HADOOP,pre_ai,Sub-task,0
474,2.4444444444444446,18,2,HADOOP-16850,HADOOP,pre_ai,Improvement,0
601,3.7,40,1,HADOOP-13666,HADOOP,pre_ai,Improvement,0
893,1.5529411764705883,85,2,HADOOP-15961,HADOOP,pre_ai,Sub-task,0
237,1.44,25,2,HADOOP-16833,HADOOP,pre_ai,Improvement,0
2726,2.5,232,1,HADOOP-16868,HADOOP,pre_ai,Bug,1
80,4.0,6,1,HADOOP-16706,HADOOP,pre_ai,Sub-task,0
4242,2.426470588235294,272,6,HADOOP-16711,HADOOP,pre_ai,Sub-task,0
3286,2.3873873873873874,222,10,HADOOP-16730,HADOOP,pre_ai,New Feature,0
426,2.9285714285714284,28,1,HADOOP-16767,HADOOP,pre_ai,Sub-task,0
262,2.611111111111111,18,1,HADOOP-16897,HADOOP,pre_ai,Bug,1
568,3.176470588235294,34,1,HADOOP-16840,HADOOP,pre_ai,Bug,1
3252,1.9834437086092715,302,3,HADOOP-14630,HADOOP,pre_ai,Improvement,0
4709,1.6460176991150441,452,5,HADOOP-16898,HADOOP,pre_ai,Improvement,0
329,3.588235294117647,17,3,HADOOP-16890,HADOOP,pre_ai,Sub-task,0
2269,2.4907975460122698,163,3,HADOOP-16858,HADOOP,pre_ai,Sub-task,0
3138,2.1551724137931036,232,2,HADOOP-17050,HADOOP,pre_ai,Sub-task,0
2934,2.1207729468599035,207,7,HADOOP-17015,HADOOP,pre_ai,Sub-task,0
1487,1.7122302158273381,139,4,HADOOP-16798,HADOOP,pre_ai,Sub-task,0
1231,1.5942028985507246,138,1,HADOOP-17032,HADOOP,pre_ai,Bug,1
1663,2.532110091743119,109,5,HADOOP-16961,HADOOP,pre_ai,Sub-task,0
98,1.0,18,2,HADOOP-17086,HADOOP,pre_ai,Sub-task,0
1462,2.3793103448275863,87,2,HADOOP-17111,HADOOP,pre_ai,Sub-task,0
524,2.422222222222222,45,1,HADOOP-17081,HADOOP,pre_ai,Bug,1
3480,2.136929460580913,241,10,HADOOP-17058,HADOOP,pre_ai,Sub-task,0
11000,2.362048894062864,859,26,HADOOP-17079,HADOOP,pre_ai,Improvement,0
2828,2.29,200,1,HADOOP-17105,HADOOP,pre_ai,Sub-task,0
357,2.27027027027027,37,1,HADOOP-17116,HADOOP,pre_ai,Bug,1
59,2.0,6,1,HADOOP-16998,HADOOP,pre_ai,Bug,1
740,2.23728813559322,59,2,HADOOP-17127,HADOOP,pre_ai,Improvement,0
2856,2.308457711442786,201,1,HADOOP-17022,HADOOP,pre_ai,Sub-task,0
980,1.9435483870967742,124,4,HADOOP-17101,HADOOP,pre_ai,Sub-task,0
3154,2.351931330472103,233,7,HADOOP-17099,HADOOP,pre_ai,Sub-task,0
2259,2.6066350710900474,211,1,HADOOP-17130,HADOOP,pre_ai,Bug,1
1997,2.8,120,2,HADOOP-16682,HADOOP,pre_ai,Sub-task,0
1215,2.221052631578947,95,1,HADOOP-17119,HADOOP,pre_ai,Bug,1
5282,2.93993993993994,333,5,HADOOP-17138,HADOOP,pre_ai,Bug,1
518,2.425531914893617,47,3,HADOOP-17113,HADOOP,pre_ai,Improvement,0
80215,2.1206264108352144,7088,370,HADOOP-16596,HADOOP,pre_ai,Sub-task,0
2237,2.215686274509804,153,6,HADOOP-17092,HADOOP,pre_ai,Sub-task,0
436,2.4,45,1,HADOOP-17141,HADOOP,pre_ai,Improvement,0
1394,2.7264150943396226,106,1,HADOOP-17164,HADOOP,pre_ai,Bug,1
879,2.8095238095238093,63,1,HADOOP-17163,HADOOP,pre_ai,Sub-task,0
4072,2.078125,320,5,HADOOP-17131,HADOOP,pre_ai,Sub-task,0
931,2.981132075471698,53,2,HADOOP-17202,HADOOP,pre_ai,Bug,1
468,4.625,16,1,HADOOP-17122,HADOOP,pre_ai,Bug,1
225,2.857142857142857,14,1,HADOOP-16925,HADOOP,pre_ai,Bug,1
3445,2.617391304347826,230,7,HADOOP-13230,HADOOP,pre_ai,Sub-task,0
3445,2.617391304347826,230,7,HADOOP-17199,HADOOP,pre_ai,Sub-task,0
3497,2.24031007751938,258,3,HADOOP-17074,HADOOP,pre_ai,Sub-task,0
579,1.462686567164179,67,2,HADOOP-17129,HADOOP,pre_ai,Bug,1
1934,2.4375,112,4,HADOOP-17194,HADOOP,pre_ai,Improvement,0
1404,2.7037037037037037,108,1,HADOOP-17159,HADOOP,pre_ai,Improvement,0
129,2.6363636363636362,11,1,HADOOP-17232,HADOOP,pre_ai,Improvement,0
122,1.875,16,2,HADOOP-17235,HADOOP,pre_ai,Improvement,0
2188,2.7480916030534353,131,2,HADOOP-17227,HADOOP,pre_ai,Sub-task,0
384,3.3461538461538463,26,1,HADOOP-17158,HADOOP,pre_ai,Bug,1
184,2.8333333333333335,12,1,HADOOP-17229,HADOOP,pre_ai,Bug,1
3348,2.4583333333333335,216,8,HADOOP-17065,HADOOP,pre_ai,Improvement,0
754,2.2131147540983607,61,1,HADOOP-17165,HADOOP,pre_ai,New Feature,0
758,2.232142857142857,56,2,HADOOP-17208,HADOOP,pre_ai,Improvement,0
55,1.0,1,1,HADOOP-17203,HADOOP,pre_ai,Bug,1
2400,1.7754237288135593,236,9,HADOOP-15891,HADOOP,pre_ai,New Feature,0
2277,2.6226415094339623,212,1,HADOOP-17088,HADOOP,pre_ai,Bug,1
230,2.2857142857142856,14,1,HADOOP-17259,HADOOP,pre_ai,Improvement,0
82,2.0,7,1,HADOOP-17277,HADOOP,pre_ai,Bug,1
5134,2.46814404432133,361,4,HADOOP-17023,HADOOP,pre_ai,Sub-task,0
169,2.9,10,1,HADOOP-17283,HADOOP,pre_ai,Improvement,0
630,1.703125,64,8,HADOOP-17284,HADOOP,pre_ai,Improvement,0
2073,1.6587301587301588,252,1,HADOOP-17267,HADOOP,pre_ai,Improvement,0
790,2.169230769230769,65,1,HADOOP-17280,HADOOP,pre_ai,Improvement,0
265,2.5789473684210527,19,1,HADOOP-17287,HADOOP,pre_ai,Improvement,0
55,1.0,1,1,HADOOP-17183,HADOOP,pre_ai,Sub-task,0
1539,5.0181818181818185,55,1,HADOOP-17294,HADOOP,pre_ai,Bug,1
1753,2.0097087378640777,103,5,HADOOP-17276,HADOOP,pre_ai,Improvement,0
140,2.2,10,2,HADOOP-17021,HADOOP,pre_ai,Improvement,0
2911,2.2227488151658767,211,1,HADOOP-17293,HADOOP,pre_ai,Sub-task,0
610,2.326530612244898,49,6,HADOOP-17125,HADOOP,pre_ai,New Feature,0
353,2.466666666666667,15,1,HADOOP-17261,HADOOP,pre_ai,Sub-task,0
929,2.7948717948717947,39,2,HADOOP-17304,HADOOP,pre_ai,Improvement,0
314,3.727272727272727,22,1,HADOOP-17301,HADOOP,pre_ai,Sub-task,0
2340,2.0685714285714285,175,5,HADOOP-17166,HADOOP,pre_ai,Sub-task,0
163,2.2666666666666666,15,1,HADOOP-17144,HADOOP,pre_ai,Improvement,0
149,2.1818181818181817,11,1,HADOOP-17310,HADOOP,pre_ai,Bug,1
63,2.4,5,1,HADOOP-17315,HADOOP,pre_ai,Bug,1
2296,2.8193548387096774,155,11,HADOOP-17175,HADOOP,pre_ai,Sub-task,0
329,2.761904761904762,21,1,HADOOP-17308,HADOOP,pre_ai,Bug,1
384,3.4615384615384617,26,1,HADOOP-17328,HADOOP,pre_ai,Bug,1
6166,3.463768115942029,345,5,HADOOP-17330,HADOOP,pre_ai,Sub-task,0
6211,3.3812154696132595,362,6,HADOOP-17336,HADOOP,pre_ai,Sub-task,0
203,1.88,25,1,HADOOP-17342,HADOOP,pre_ai,Improvement,0
210,2.0555555555555554,18,1,HADOOP-17096,HADOOP,pre_ai,Bug,1
2268,2.608490566037736,212,1,HADOOP-17358,HADOOP,pre_ai,Bug,1
835,1.7019230769230769,104,1,HADOOP-17362,HADOOP,pre_ai,Bug,1
2744,2.4935622317596566,233,1,HADOOP-17360,HADOOP,pre_ai,Bug,1
151,1.35,20,1,HADOOP-17379,HADOOP,pre_ai,Sub-task,0
6530,2.075268817204301,465,8,HADOOP-17244,HADOOP,pre_ai,Sub-task,0
516,2.5609756097560976,41,4,HADOOP-17292,HADOOP,pre_ai,New Feature,0
323,2.2413793103448274,29,4,HADOOP-17367,HADOOP,pre_ai,Improvement,0
149,1.35,20,1,HADOOP-17388,HADOOP,pre_ai,Sub-task,0
5071,2.324324324324324,444,7,HADOOP-17346,HADOOP,pre_ai,Bug,1
2917,2.2322274881516586,211,1,HADOOP-17323,HADOOP,pre_ai,Sub-task,0
670,2.450980392156863,51,4,HADOOP-17311,HADOOP,pre_ai,Sub-task,0
2460,1.6666666666666667,255,2,HADOOP-17313,HADOOP,pre_ai,Sub-task,0
6072,1.7174721189591078,538,16,HADOOP-17318,HADOOP,pre_ai,Sub-task,0
2926,2.2264150943396226,212,1,HADOOP-17385,HADOOP,pre_ai,Sub-task,0
605,1.8604651162790697,43,1,HADOOP-17398,HADOOP,pre_ai,Bug,1
599,1.8372093023255813,43,1,HADOOP-17332,HADOOP,pre_ai,Sub-task,0
4620,2.6586021505376345,372,3,HADOOP-17392,HADOOP,pre_ai,Improvement,0
504,3.28,25,2,HADOOP-16881,HADOOP,pre_ai,Bug,1
6596,2.2621564482029597,473,9,HADOOP-16080,HADOOP,pre_ai,Bug,1
275,1.7407407407407407,27,2,HADOOP-17389,HADOOP,pre_ai,Improvement,0
445,3.0,28,1,HADOOP-17338,HADOOP,pre_ai,Sub-task,0
58,1.0,1,1,HADOOP-17422,HADOOP,pre_ai,Sub-task,0
160,1.263157894736842,19,1,HADOOP-17450,HADOOP,pre_ai,Sub-task,0
16182,1.7301927194860813,1401,64,HADOOP-17271,HADOOP,pre_ai,Sub-task,0
334,1.0,1,1,HADOOP-17454,HADOOP,pre_ai,Improvement,0
425,2.4545454545454546,44,1,HADOOP-17430,HADOOP,pre_ai,Wish,0
2669,2.1683168316831685,202,6,HADOOP-17347,HADOOP,pre_ai,Sub-task,0
595,3.6097560975609757,41,1,HADOOP-17408,HADOOP,pre_ai,Improvement,0
6591,2.7306733167082293,401,22,HADOOP-16492,HADOOP,pre_ai,New Feature,0
1410,2.243478260869565,115,7,HADOOP-17272,HADOOP,pre_ai,Sub-task,0
1123,1.2,160,2,HADOOP-17451,HADOOP,pre_ai,Sub-task,0
407,1.9714285714285715,35,3,HADOOP-16947,HADOOP,pre_ai,Bug,1
2869,2.3588516746411483,209,7,HADOOP-17296,HADOOP,pre_ai,Sub-task,0
401,2.730769230769231,26,1,HADOOP-17413,HADOOP,pre_ai,Sub-task,0
1117,2.269230769230769,78,2,HADOOP-17407,HADOOP,pre_ai,Sub-task,0
3651,2.1167315175097277,257,11,HADOOP-17404,HADOOP,pre_ai,Sub-task,0
1086,1.2682926829268293,123,5,HADOOP-17258,HADOOP,pre_ai,Bug,1
6967,1.749514563106796,515,16,HADOOP-17414,HADOOP,pre_ai,Sub-task,0
948,1.2682926829268293,41,3,HADOOP-17493,HADOOP,pre_ai,Sub-task,0
519,1.6666666666666667,42,2,HADOOP-17483,HADOOP,pre_ai,Sub-task,0
234,1.6666666666666667,21,1,HADOOP-17501,HADOOP,pre_ai,Improvement,0
28421,2.4677871148459385,2142,45,HADOOP-17424,HADOOP,pre_ai,Sub-task,0
98,3.0,5,2,HADOOP-17337,HADOOP,pre_ai,Sub-task,0
3115,2.3548387096774195,217,7,HADOOP-17475,HADOOP,pre_ai,Sub-task,0
269,2.576923076923077,26,1,HADOOP-17432,HADOOP,pre_ai,Sub-task,0
2956,2.704663212435233,193,5,HADOOP-17038,HADOOP,pre_ai,Sub-task,0
886,2.8412698412698414,63,1,HADOOP-15710,HADOOP,pre_ai,Sub-task,0
549,2.878787878787879,33,1,HADOOP-17528,HADOOP,pre_ai,Bug,1
202,2.5,20,1,HADOOP-17510,HADOOP,pre_ai,Bug,1
7529,1.9783783783783784,555,13,HADOOP-16906,HADOOP,pre_ai,Sub-task,0
260,3.0,16,1,HADOOP-17560,HADOOP,pre_ai,Bug,1
863,2.0847457627118646,59,1,HADOOP-17573,HADOOP,pre_ai,Bug,1
109,1.0,5,1,HADOOP-17567,HADOOP,pre_ai,Sub-task,0
2963,2.141552511415525,219,1,HADOOP-16721,HADOOP,pre_ai,Sub-task,0
4114,2.2535211267605635,284,7,HADOOP-17548,HADOOP,pre_ai,Sub-task,0
149,2.1818181818181817,11,1,HADOOP-17585,HADOOP,pre_ai,Bug,1
1479,2.2681159420289854,138,1,HADOOP-17578,HADOOP,pre_ai,Bug,1
314,2.380952380952381,21,1,HADOOP-17594,HADOOP,pre_ai,Improvement,0
1479,2.2681159420289854,138,1,HADOOP-17598,HADOOP,pre_ai,Bug,1
1939,1.9019607843137254,204,16,HADOOP-17599,HADOOP,pre_ai,Improvement,0
3583,2.0655737704918034,244,6,HADOOP-13551,HADOOP,pre_ai,Sub-task,0
1912,2.0074626865671643,134,4,HADOOP-17133,HADOOP,pre_ai,Improvement,0
1812,2.1392405063291138,158,7,HADOOP-17531,HADOOP,pre_ai,Improvement,0
3058,2.5714285714285716,196,4,HADOOP-17222,HADOOP,pre_ai,Improvement,0
1769,2.2283464566929134,127,5,HADOOP-16524,HADOOP,pre_ai,Improvement,0
227,2.4285714285714284,14,1,HADOOP-17610,HADOOP,pre_ai,Bug,1
1464,2.2794117647058822,136,1,HADOOP-17587,HADOOP,pre_ai,Bug,1
182,2.235294117647059,17,1,HADOOP-17619,HADOOP,pre_ai,Bug,1
1270,2.876543209876543,81,4,HADOOP-17371,HADOOP,pre_ai,Improvement,0
10278,3.252173913043478,575,20,HADOOP-17622,HADOOP,pre_ai,Task,0
641,2.5918367346938775,49,1,HADOOP-17588,HADOOP,pre_ai,Bug,1
720,2.734375,64,1,HADOOP-17613,HADOOP,pre_ai,Improvement,0
1270,2.876543209876543,81,4,HADOOP-17621,HADOOP,pre_ai,Bug,1
1270,2.876543209876543,81,4,HADOOP-17625,HADOOP,pre_ai,Task,0
14402,3.4123989218328843,742,25,HADOOP-17788,HADOOP,pre_ai,Task,0
2220,2.6549295774647885,142,3,HADOOP-17793,HADOOP,pre_ai,Bug,1
72,1.0,1,1,HADOOP-17596,HADOOP,pre_ai,Sub-task,0
1203,1.6132075471698113,106,1,HADOOP-17672,HADOOP,pre_ai,Improvement,0
2817,2.485355648535565,239,1,HADOOP-17795,HADOOP,pre_ai,Sub-task,0
242,1.2916666666666667,24,1,HADOOP-17803,HADOOP,pre_ai,Bug,1
4041,2.2955223880597013,335,5,HADOOP-16290,HADOOP,pre_ai,Improvement,0
2239,1.5313807531380754,239,3,HADOOP-17028,HADOOP,pre_ai,Bug,1
4211,2.225165562913907,302,3,HADOOP-17801,HADOOP,pre_ai,Bug,1
1702,3.0,108,3,HADOOP-17317,HADOOP,pre_ai,Bug,1
7650,2.0792079207920793,505,12,HADOOP-13887,HADOOP,pre_ai,Sub-task,0
1008,3.126984126984127,63,1,HADOOP-17458,HADOOP,pre_ai,Sub-task,0
3297,1.9676113360323886,247,2,HADOOP-17817,HADOOP,pre_ai,Bug,1
3673,2.3987138263665595,311,2,HADOOP-17814,HADOOP,pre_ai,Sub-task,0
1393,2.8266666666666667,75,2,HADOOP-17811,HADOOP,pre_ai,Improvement,0
5675,2.7228381374722836,451,6,HADOOP-12491,HADOOP,pre_ai,Sub-task,0
103,1.4285714285714286,14,1,HADOOP-12432,HADOOP,pre_ai,Sub-task,0
553,2.8823529411764706,34,1,HADOOP-17812,HADOOP,pre_ai,Bug,1
1230,2.8969072164948453,97,3,HADOOP-12670,HADOOP,pre_ai,Sub-task,0
3395,1.924,250,2,HADOOP-17822,HADOOP,pre_ai,Sub-task,0
4667,2.3808049535603715,323,3,HADOOP-17139,HADOOP,pre_ai,Sub-task,0
3297,1.9676113360323886,247,2,HADOOP-17823,HADOOP,pre_ai,Sub-task,0
1340,2.8969072164948453,97,1,HADOOP-17808,HADOOP,pre_ai,Task,0
540,3.230769230769231,39,1,HADOOP-17837,HADOOP,pre_ai,Improvement,0
2136,2.2335329341317367,167,5,HADOOP-17835,HADOOP,pre_ai,Task,0
540,3.230769230769231,39,1,HADOOP-17840,HADOOP,pre_ai,Sub-task,0
483,2.175,40,1,HADOOP-17841,HADOOP,pre_ai,Task,0
1007,3.0823529411764707,85,2,HADOOP-17542,HADOOP,pre_ai,Sub-task,0
3188,2.3285714285714287,280,4,HADOOP-17825,HADOOP,pre_ai,Improvement,0
1081,2.7058823529411766,85,5,HADOOP-17836,HADOOP,pre_ai,Bug,1
225,2.05,20,3,HADOOP-17858,HADOOP,pre_ai,Bug,1
419,1.9361702127659575,47,1,HADOOP-17544,HADOOP,pre_ai,Improvement,0
333,1.0,1,1,HADOOP-17869,HADOOP,pre_ai,Bug,1
2771,2.4641350210970465,237,1,HADOOP-17874,HADOOP,pre_ai,Bug,1
1339,2.8969072164948453,97,1,HADOOP-15129,HADOOP,pre_ai,Bug,1
1004,3.037974683544304,79,2,HADOOP-17156,HADOOP,pre_ai,Sub-task,0
122,1.05,20,1,HADOOP-17870,HADOOP,pre_ai,Bug,1
206,2.590909090909091,22,1,HADOOP-17857,HADOOP,pre_ai,Improvement,0
273,1.8275862068965518,29,2,HADOOP-17887,HADOOP,pre_ai,Improvement,0
178,2.125,16,1,HADOOP-17877,HADOOP,pre_ai,Bug,1
92,2.1666666666666665,6,1,HADOOP-17804,HADOOP,pre_ai,Bug,1
784,2.4,60,5,HADOOP-17618,HADOOP,pre_ai,Sub-task,0
4299,2.2012987012987013,308,3,HADOOP-17894,HADOOP,pre_ai,Sub-task,0
884,2.422222222222222,90,2,HADOOP-17901,HADOOP,pre_ai,Bug,1
198,1.2058823529411764,34,6,HADOOP-17900,HADOOP,pre_ai,Improvement,0
1185,3.8507462686567164,67,1,HADOOP-17907,HADOOP,pre_ai,Bug,1
1341,2.8969072164948453,97,1,HADOOP-17914,HADOOP,pre_ai,Improvement,0
57,1.8333333333333333,6,1,HADOOP-17126,HADOOP,pre_ai,Sub-task,0
135,2.625,8,1,HADOOP-17893,HADOOP,pre_ai,Improvement,0
4499,2.051829268292683,328,12,HADOOP-17195,HADOOP,pre_ai,Sub-task,0
4161,1.8827586206896552,290,5,HADOOP-17851,HADOOP,pre_ai,Sub-task,0
445,2.422222222222222,45,1,HADOOP-17905,HADOOP,pre_ai,Improvement,0
1155,2.375,72,2,HADOOP-17934,HADOOP,pre_ai,Bug,1
101,2.0,11,1,HADOOP-17929,HADOOP,pre_ai,Sub-task,0
4842,1.6900726392251817,413,5,HADOOP-17198,HADOOP,pre_ai,Sub-task,0
3040,1.9148936170212767,235,2,HADOOP-17951,HADOOP,pre_ai,Sub-task,0
6803,2.449382716049383,405,6,HADOOP-17871,HADOOP,pre_ai,Sub-task,0
4609,2.243827160493827,324,4,HADOOP-17922,HADOOP,pre_ai,Bug,1
145,2.0625,16,1,HADOOP-17930,HADOOP,pre_ai,Sub-task,0
51345,2.3064898152534345,4222,150,HADOOP-17952,HADOOP,pre_ai,Sub-task,0
2543,2.6308724832214767,149,8,HADOOP-17950,HADOOP,pre_ai,Task,0
108390,2.4203721604639923,8276,208,HADOOP-17957,HADOOP,pre_ai,Sub-task,0
29506,2.463709677419355,1984,51,HADOOP-17959,HADOOP,pre_ai,Sub-task,0
5310,2.6695652173913045,345,15,HADOOP-17956,HADOOP,pre_ai,Task,0
36110,2.440944881889764,2540,78,HADOOP-17962,HADOOP,pre_ai,Sub-task,0
134518,2.474609375,8704,309,HADOOP-17963,HADOOP,pre_ai,Sub-task,0
37260,2.116851168511685,3252,128,HADOOP-17123,HADOOP,pre_ai,Sub-task,0
267,2.611111111111111,18,1,HADOOP-17932,HADOOP,pre_ai,Bug,1
2848,2.4771784232365146,241,1,HADOOP-17967,HADOOP,pre_ai,Task,0
1863,2.663551401869159,107,2,HADOOP-17974,HADOOP,pre_ai,Improvement,0
4612,3.6614785992217898,257,4,HADOOP-17770,HADOOP,pre_ai,Improvement,0
460869,2.4029726516052317,33640,1299,HADOOP-17288,HADOOP,pre_ai,Sub-task,0
1182,3.8636363636363638,66,1,HADOOP-17972,HADOOP,pre_ai,Bug,1
227,1.6,30,2,HADOOP-17945,HADOOP,pre_ai,Bug,1
1303,2.8,75,5,HADOOP-17374,HADOOP,pre_ai,Sub-task,0
96,4.25,4,1,HADOOP-17863,HADOOP,pre_ai,Sub-task,0
339,1.0,1,1,HADOOP-17928,HADOOP,pre_ai,Sub-task,0
686,2.7027027027027026,37,1,HADOOP-18005,HADOOP,pre_ai,Wish,0
159,2.0952380952380953,21,1,HADOOP-18003,HADOOP,pre_ai,New Feature,0
899,2.1403508771929824,57,1,HADOOP-18002,HADOOP,pre_ai,Bug,1
1400,1.7202797202797202,143,1,HADOOP-17999,HADOOP,pre_ai,Bug,1
795,2.9622641509433962,53,3,HADOOP-17998,HADOOP,pre_ai,Improvement,0
34998,2.2077424300498274,2609,89,HADOOP-18018,HADOOP,pre_ai,Sub-task,0
104406,2.4712022132796783,7952,218,HADOOP-17970,HADOOP,pre_ai,Sub-task,0
1080,3.196969696969697,66,1,HADOOP-18016,HADOOP,pre_ai,Bug,1
1359,2.938775510204082,98,1,HADOOP-17975,HADOOP,pre_ai,Bug,1
195,2.066666666666667,15,1,HADOOP-17995,HADOOP,pre_ai,Bug,1
159,2.0952380952380953,21,1,HADOOP-18014,HADOOP,pre_ai,Task,0
8607,2.710431654676259,556,24,HADOOP-18022,HADOOP,pre_ai,Sub-task,0
328,2.75,16,1,HADOOP-18023,HADOOP,pre_ai,Improvement,0
6456,2.20501138952164,439,9,HADOOP-17979,HADOOP,pre_ai,New Feature,0
224,3.909090909090909,11,1,HADOOP-18029,HADOOP,pre_ai,Improvement,0
1665,4.653846153846154,78,6,HADOOP-18025,HADOOP,pre_ai,Sub-task,0
2358,2.609090909090909,220,2,HADOOP-18021,HADOOP,pre_ai,Bug,1
1796,3.474747474747475,99,1,HADOOP-17643,HADOOP,pre_ai,Improvement,0
162,1.7142857142857142,14,1,HADOOP-17982,HADOOP,pre_ai,Improvement,0
653,4.59375,32,1,HADOOP-18033,HADOOP,pre_ai,Improvement,0
2294,2.6291079812206575,213,1,HADOOP-13500,HADOOP,pre_ai,Bug,1
27122,2.686185332575327,1759,79,HADOOP-18017,HADOOP,pre_ai,Sub-task,0
769,2.2739726027397262,73,1,HADOOP-18063,HADOOP,pre_ai,Bug,1
532,1.6865671641791045,67,1,HADOOP-18056,HADOOP,pre_ai,Improvement,0
1762,2.546218487394958,119,5,HADOOP-18055,HADOOP,pre_ai,New Feature,0
35,5.0,2,1,HADOOP-18065,HADOOP,pre_ai,Improvement,0
1404,2.392156862745098,102,2,HADOOP-18077,HADOOP,pre_ai,Bug,1
4986,1.704724409448819,508,14,HADOOP-16908,HADOOP,pre_ai,Sub-task,0
206,1.0909090909090908,22,3,HADOOP-18094,HADOOP,pre_ai,Improvement,0
279,3.4615384615384617,13,1,HADOOP-18089,HADOOP,pre_ai,Test,0
47,1.4285714285714286,7,1,HADOOP-18085,HADOOP,pre_ai,Bug,1
188,2.8333333333333335,12,1,HADOOP-17576,HADOOP,pre_ai,Sub-task,0
1270,2.876543209876543,81,4,HADOOP-17627,HADOOP,pre_ai,Task,0
5235,2.225201072386059,373,18,HADOOP-16948,HADOOP,pre_ai,Sub-task,0
11000,2.362048894062864,859,26,HADOOP-17505,HADOOP,pre_ai,Bug,1
1092,4.148936170212766,47,2,HADOOP-17620,HADOOP,pre_ai,Improvement,0
2590,2.7257142857142855,175,8,HADOOP-17471,HADOOP,pre_ai,Sub-task,0
328,1.8620689655172413,29,1,HADOOP-17112,HADOOP,pre_ai,Sub-task,0
15378,1.67298937784522,1318,51,HADOOP-17409,HADOOP,pre_ai,Sub-task,0
6588,1.6042780748663101,561,10,HADOOP-17597,HADOOP,pre_ai,Sub-task,0
1820,1.6644295302013423,149,5,HADOOP-17536,HADOOP,pre_ai,Sub-task,0
1689,3.6621621621621623,74,2,HADOOP-17653,HADOOP,pre_ai,Sub-task,0
2519,2.3623853211009176,218,1,HADOOP-17657,HADOOP,pre_ai,Bug,1
686,2.7027027027027026,37,1,HADOOP-17675,HADOOP,pre_ai,Improvement,0
237,1.894736842105263,19,1,HADOOP-16742,HADOOP,pre_ai,Sub-task,0
14,1.0,3,1,HADOOP-17375,HADOOP,pre_ai,Bug,1
269,2.576923076923077,26,1,HADOOP-17644,HADOOP,pre_ai,Sub-task,0
821,2.056338028169014,71,1,HADOOP-17690,HADOOP,pre_ai,Improvement,0
1002,3.4754098360655736,61,2,HADOOP-17686,HADOOP,pre_ai,Bug,1
1182,3.8636363636363638,66,1,HADOOP-17683,HADOOP,pre_ai,Task,0
205,1.1875,32,1,HADOOP-17689,HADOOP,pre_ai,Bug,1
985,2.2133333333333334,75,2,HADOOP-17142,HADOOP,pre_ai,Bug,1
5128,3.0431654676258995,278,20,HADOOP-11245,HADOOP,pre_ai,Sub-task,0
437,1.8181818181818181,33,1,HADOOP-17680,HADOOP,pre_ai,Improvement,0
1383,2.3564356435643563,101,2,HADOOP-17665,HADOOP,pre_ai,Sub-task,0
652,2.073170731707317,41,4,HADOOP-17699,HADOOP,pre_ai,Bug,1
173,1.4285714285714286,28,1,HADOOP-17700,HADOOP,pre_ai,Bug,1
465,3.4,5,2,HADOOP-17705,HADOOP,pre_ai,Sub-task,0
1143,2.0,99,8,HADOOP-17115,HADOOP,pre_ai,Sub-task,0
4844,2.3333333333333335,336,5,HADOOP-17670,HADOOP,pre_ai,Sub-task,0
9466,2.979591836734694,637,11,HADOOP-17720,HADOOP,pre_ai,Sub-task,0
10808,3.024806201550388,645,24,HADOOP-17721,HADOOP,pre_ai,Sub-task,0
106,1.7333333333333334,15,1,HADOOP-17152,HADOOP,pre_ai,Sub-task,0
11085,2.6864406779661016,708,27,HADOOP-17743,HADOOP,pre_ai,Task,0
2292,2.6291079812206575,213,1,HADOOP-17631,HADOOP,pre_ai,Bug,1
90,3.0,4,1,HADOOP-17753,HADOOP,pre_ai,Task,0
778,1.382716049382716,81,1,HADOOP-17547,HADOOP,pre_ai,Sub-task,0
520,3.3333333333333335,6,3,HADOOP-17771,HADOOP,pre_ai,Sub-task,0
3730,2.1037037037037036,270,2,HADOOP-17764,HADOOP,pre_ai,Bug,1
233,2.9375,16,1,HADOOP-17331,HADOOP,pre_ai,Sub-task,0
4286,1.6734177215189874,395,2,HADOOP-17774,HADOOP,pre_ai,Sub-task,0
7017,2.3481624758220505,517,20,HADOOP-17290,HADOOP,pre_ai,Sub-task,0
22079,1.835608956854178,1831,86,HADOOP-17511,HADOOP,pre_ai,Sub-task,0
246,3.75,16,1,HADOOP-17749,HADOOP,pre_ai,Improvement,0
2943,2.150442477876106,226,6,HADOOP-17250,HADOOP,pre_ai,Sub-task,0
428,3.9583333333333335,24,1,HADOOP-18096,HADOOP,pre_ai,Bug,1
2980,1.6685714285714286,350,3,HADOOP-18110,HADOOP,pre_ai,Improvement,0
2385,1.465587044534413,247,10,HADOOP-18091,HADOOP,pre_ai,Sub-task,0
414,1.6041666666666667,48,1,HADOOP-18139,HADOOP,pre_ai,Improvement,0
148,2.6666666666666665,12,2,HADOOP-17862,HADOOP,pre_ai,Sub-task,0
1241,2.802469135802469,81,2,HADOOP-18075,HADOOP,pre_ai,Sub-task,0
33,1.5,2,1,HADOOP-17526,HADOOP,pre_ai,Sub-task,0
2251,2.3567251461988303,171,7,HADOOP-18117,HADOOP,pre_ai,Improvement,0
1908,1.9226519337016574,181,4,HADOOP-18144,HADOOP,pre_ai,Improvement,0
4862,1.8668478260869565,368,10,HADOOP-18112,HADOOP,pre_ai,Sub-task,0
1139,1.9090909090909092,99,10,HADOOP-18162,HADOOP,pre_ai,Improvement,0
2500,1.6245210727969348,261,3,HADOOP-18129,HADOOP,pre_ai,Bug,1
3176,1.9116465863453815,249,3,HADOOP-13704,HADOOP,pre_ai,Sub-task,0
4675,2.207667731629393,313,11,HADOOP-18163,HADOOP,pre_ai,New Feature,0
1236,3.8285714285714287,70,1,HADOOP-18145,HADOOP,pre_ai,Bug,1
916,1.3366336633663367,101,1,HADOOP-18169,HADOOP,pre_ai,Bug,1
1183,3.8208955223880596,67,1,HADOOP-18136,HADOOP,pre_ai,Improvement,0
4137,1.825082508250825,303,5,HADOOP-14661,HADOOP,pre_ai,Sub-task,0
146,2.090909090909091,11,1,HADOOP-18188,HADOOP,pre_ai,Improvement,0
359,2.27027027027027,37,1,HADOOP-18191,HADOOP,pre_ai,Task,0
1396,1.7253521126760563,142,1,HADOOP-18109,HADOOP,pre_ai,Bug,1
951,4.111111111111111,54,1,HADOOP-18155,HADOOP,pre_ai,Improvement,0
49,2.0,5,1,HADOOP-18088,HADOOP,pre_ai,Improvement,0
4096,1.9513677811550152,329,8,HADOOP-18180,HADOOP,pre_ai,Sub-task,0
2666,2.7682119205298013,151,2,HADOOP-17682,HADOOP,pre_ai,Sub-task,0
866,2.295774647887324,71,5,HADOOP-15983,HADOOP,pre_ai,Sub-task,0
737,1.404494382022472,89,1,HADOOP-17725,HADOOP,pre_ai,Improvement,0
4385,1.9902912621359223,309,5,HADOOP-18104,HADOOP,pre_ai,Sub-task,0
486,1.5535714285714286,56,3,HADOOP-18175,HADOOP,pre_ai,Sub-task,0
550,1.6507936507936507,63,1,HADOOP-18222,HADOOP,pre_ai,Bug,1
550,1.6507936507936507,63,1,HADOOP-18167,HADOOP,pre_ai,Improvement,0
3427,1.7865853658536586,328,5,HADOOP-18193,HADOOP,pre_ai,Improvement,0
483,2.3636363636363638,33,1,HADOOP-18245,HADOOP,pre_ai,Bug,1
1043,3.085714285714286,70,4,HADOOP-18120,HADOOP,pre_ai,Bug,1
503,2.5,38,1,HADOOP-18172,HADOOP,pre_ai,Improvement,0
740,1.9215686274509804,51,5,HADOOP-18249,HADOOP,pre_ai,Improvement,0
78096,2.1564446905717847,7223,364,HADOOP-18229,HADOOP,pre_ai,Sub-task,0
768,2.1066666666666665,75,2,HADOOP-18269,HADOOP,pre_ai,Improvement,0
549,2.878787878787879,33,1,HADOOP-18238,HADOOP,pre_ai,Bug,1
3907,1.8285714285714285,280,4,HADOOP-12020,HADOOP,pre_ai,Sub-task,0
158,2.0714285714285716,14,3,HADOOP-18105,HADOOP,pre_ai,Sub-task,0
971,2.3823529411764706,68,3,HADOOP-18107,HADOOP,pre_ai,Sub-task,0
78230,2.157617728531856,7220,370,HADOOP-18244,HADOOP,pre_ai,Improvement,0
9418,2.2641509433962264,848,25,HADOOP-18266,HADOOP,pre_ai,Sub-task,0
3038,2.1722846441947565,267,10,HADOOP-18106,HADOOP,pre_ai,Sub-task,0
4197,1.949868073878628,379,26,HADOOP-18271,HADOOP,pre_ai,Improvement,0
781,2.693877551020408,49,1,HADOOP-18460,HADOOP,pre_ai,Sub-task,0
2125,1.6627450980392158,255,1,HADOOP-17779,HADOOP,pre_ai,Improvement,0
390,5.666666666666667,15,1,HADOOP-18360,HADOOP,pre_ai,Improvement,0
1040,3.1384615384615384,65,1,HADOOP-18481,HADOOP,pre_ai,Sub-task,0
87,1.5,8,2,HADOOP-18462,HADOOP,pre_ai,Improvement,0
81,1.0,10,3,HADOOP-18476,HADOOP,pre_ai,Sub-task,0
922,2.421875,64,2,HADOOP-18189,HADOOP,pre_ai,Sub-task,0
1851,2.120967741935484,124,6,HADOOP-18156,HADOOP,pre_ai,Sub-task,0
116,1.75,8,1,HADOOP-18471,HADOOP,pre_ai,Bug,1
525,2.422222222222222,45,1,HADOOP-9946,HADOOP,pre_ai,Bug,1
13008,1.5789938217122683,1133,45,HADOOP-17833,HADOOP,pre_ai,Improvement,0
87,1.7777777777777777,9,1,HADOOP-18233,HADOOP,pre_ai,Bug,1
168,1.6923076923076923,13,1,HADOOP-18515,HADOOP,pre_ai,Improvement,0
1455,3.121212121212121,66,2,HADOOP-18499,HADOOP,pre_ai,Bug,1
108,1.6363636363636365,11,1,HADOOP-18502,HADOOP,pre_ai,Improvement,0
2869,2.431451612903226,248,1,HADOOP-18433,HADOOP,pre_ai,Improvement,0
2136,2.2335329341317367,167,5,HADOOP-18519,HADOOP,pre_ai,Improvement,0
786,3.3658536585365852,41,1,HADOOP-18520,HADOOP,pre_ai,Improvement,0
420,1.9361702127659575,47,1,HADOOP-18504,HADOOP,pre_ai,Bug,1
3219,2.0846774193548385,248,6,HADOOP-18517,HADOOP,pre_ai,Improvement,0
2065,2.644628099173554,121,5,HADOOP-15327,HADOOP,pre_ai,Sub-task,0
50,1.4444444444444444,9,1,HADOOP-18429,HADOOP,pre_ai,Bug,1
202,1.08,25,2,HADOOP-18528,HADOOP,pre_ai,Bug,1
1350,2.910891089108911,101,1,HADOOP-18324,HADOOP,pre_ai,Bug,1
250,2.2857142857142856,14,1,HADOOP-8728,HADOOP,pre_ai,Bug,1
172,2.5,14,1,HADOOP-18530,HADOOP,pre_ai,Sub-task,0
972,2.2666666666666666,60,1,HADOOP-18498,HADOOP,pre_ai,Bug,1
265,1.4,30,2,HADOOP-18402,HADOOP,pre_ai,Bug,1
48,1.0,7,1,HADOOP-18560,HADOOP,pre_ai,Sub-task,0
411,1.0,1,1,HADOOP-18563,HADOOP,pre_ai,Bug,1
299,1.9565217391304348,23,2,HADOOP-18569,HADOOP,pre_ai,Bug,1
1279,2.463636363636364,110,2,HADOOP-18573,HADOOP,pre_ai,Improvement,0
4302,1.6476426799007444,403,3,HADOOP-18526,HADOOP,pre_ai,Sub-task,0
271,2.0,27,1,HADOOP-18574,HADOOP,pre_ai,Bug,1
624,2.216666666666667,60,3,HADOOP-18546,HADOOP,pre_ai,Sub-task,0
9,1.0,1,1,HADOOP-18577,HADOOP,pre_ai,Sub-task,0
3784,2.0445205479452055,292,13,HADOOP-18457,HADOOP,pre_ai,Sub-task,0
100,1.2857142857142858,7,1,HADOOP-18575,HADOOP,pre_ai,Task,0
143,1.7894736842105263,19,1,HADOOP-18567,HADOOP,pre_ai,Bug,1
4453,2.33,400,2,HADOOP-18581,HADOOP,ai_era,Bug,1
283,1.5862068965517242,29,4,HADOOP-18507,HADOOP,ai_era,Sub-task,0
71,1.1666666666666667,12,1,HADOOP-18591,HADOOP,ai_era,Bug,1
106,1.0454545454545454,22,1,HADOOP-18604,HADOOP,ai_era,Improvement,0
239,1.4666666666666666,15,2,HADOOP-18584,HADOOP,ai_era,Bug,1
1336,2.9587628865979383,97,1,HADOOP-18592,HADOOP,ai_era,Improvement,0
214,2.6,10,1,HADOOP-18279,HADOOP,ai_era,Bug,1
6303,2.0262172284644193,534,13,HADOOP-11867,HADOOP,ai_era,Sub-task,0
3224,1.939516129032258,248,1,HADOOP-18246,HADOOP,ai_era,Sub-task,0
216,1.9047619047619047,21,1,HADOOP-18621,HADOOP,ai_era,Bug,1
1905,1.5151515151515151,231,2,HADOOP-18625,HADOOP,ai_era,Improvement,0
2866,2.437246963562753,247,1,HADOOP-18628,HADOOP,ai_era,Improvement,0
802,3.9473684210526314,38,3,HADOOP-18596,HADOOP,ai_era,Improvement,0
413,2.9583333333333335,24,1,HADOOP-18351,HADOOP,ai_era,Sub-task,0
47,1.6,5,1,HADOOP-18215,HADOOP,ai_era,Improvement,0
1215,1.6153846153846154,117,7,HADOOP-18535,HADOOP,ai_era,Improvement,0
3436,2.3142857142857145,280,3,HADOOP-18288,HADOOP,pre_ai,Improvement,0
196,2.0,17,1,HADOOP-18306,HADOOP,pre_ai,New Feature,0
236,2.6666666666666665,12,2,HADOOP-18314,HADOOP,pre_ai,Improvement,0
13137,3.1202531645569622,790,28,HADOOP-18206,HADOOP,ai_era,Sub-task,0
4748,2.212025316455696,316,10,HADOOP-18284,HADOOP,pre_ai,Improvement,0
328,2.4545454545454546,22,1,HADOOP-15789,HADOOP,pre_ai,Bug,1
230,5.375,8,1,HADOOP-18294,HADOOP,pre_ai,Improvement,0
213,1.7241379310344827,29,1,HADOOP-18217,HADOOP,pre_ai,Bug,1
549,2.340909090909091,44,2,HADOOP-18100,HADOOP,pre_ai,Bug,1
190,1.5416666666666667,24,1,HADOOP-18336,HADOOP,pre_ai,Improvement,0
688,2.675675675675676,37,1,HADOOP-18074,HADOOP,pre_ai,Bug,1
3115,1.9497907949790796,239,1,HADOOP-18254,HADOOP,pre_ai,Sub-task,0
4274,2.003003003003003,333,8,HADOOP-18231,HADOOP,pre_ai,Sub-task,0
3190,1.8571428571428572,259,2,HADOOP-18330,HADOOP,pre_ai,Bug,1
3336,2.25,264,6,HADOOP-13144,HADOOP,pre_ai,Improvement,0
3332,1.409356725146199,342,12,HADOOP-18190,HADOOP,pre_ai,Sub-task,0
253,2.3157894736842106,19,1,HADOOP-18301,HADOOP,pre_ai,Improvement,0
144,2.5454545454545454,11,1,HADOOP-18313,HADOOP,pre_ai,Bug,1
121,2.090909090909091,11,1,HADOOP-18364,HADOOP,pre_ai,Bug,1
190,2.5,14,1,HADOOP-18363,HADOOP,pre_ai,Bug,1
342,2.4,25,2,HADOOP-18387,HADOOP,pre_ai,Bug,1
360,1.6363636363636365,11,3,HADOOP-18373,HADOOP,pre_ai,Sub-task,0
3118,1.9218106995884774,243,1,HADOOP-18340,HADOOP,pre_ai,Bug,1
9294,1.9148936170212767,752,20,HADOOP-17461,HADOOP,pre_ai,Sub-task,0
2498,1.4119601328903655,301,5,HADOOP-18227,HADOOP,pre_ai,Sub-task,0
558,1.0,6,1,HADOOP-18392,HADOOP,pre_ai,Sub-task,0
149,2.2857142857142856,14,1,HADOOP-18355,HADOOP,pre_ai,Sub-task,0
254,1.75,16,2,HADOOP-18397,HADOOP,pre_ai,Task,0
501,3.176470588235294,34,3,HADOOP-18383,HADOOP,pre_ai,Bug,1
769,2.26027397260274,73,1,HADOOP-18404,HADOOP,pre_ai,Bug,1
3122,1.9259259259259258,243,1,HADOOP-18371,HADOOP,pre_ai,Sub-task,0
1372,2.95959595959596,99,1,HADOOP-18365,HADOOP,pre_ai,Improvement,0
6197,1.8616236162361623,542,29,HADOOP-18181,HADOOP,pre_ai,Sub-task,0
3193,1.9510204081632654,245,1,HADOOP-18380,HADOOP,pre_ai,Sub-task,0
1320,2.336734693877551,98,1,HADOOP-18333,HADOOP,pre_ai,Improvement,0
957,2.693548387096774,62,3,HADOOP-18391,HADOOP,pre_ai,Sub-task,0
27,1.0,3,1,HADOOP-18407,HADOOP,pre_ai,Sub-task,0
1969,1.8242424242424242,165,5,HADOOP-18406,HADOOP,pre_ai,Improvement,0
460,1.446808510638298,47,1,HADOOP-18339,HADOOP,pre_ai,Sub-task,0
93,1.263157894736842,19,1,HADOOP-18426,HADOOP,pre_ai,Bug,1
117,1.375,8,1,HADOOP-18410,HADOOP,pre_ai,Sub-task,0
786,3.3658536585365852,41,1,HADOOP-18427,HADOOP,pre_ai,Improvement,0
730,2.769230769230769,39,1,HADOOP-18388,HADOOP,pre_ai,Improvement,0
1569,2.1136363636363638,132,2,HADOOP-18439,HADOOP,pre_ai,Sub-task,0
786,3.3658536585365852,41,1,HADOOP-18452,HADOOP,pre_ai,Bug,1
3160,2.2210884353741496,294,2,HADOOP-18446,HADOOP,pre_ai,Improvement,0
6050,2.301707779886148,527,8,HADOOP-18302,HADOOP,pre_ai,Sub-task,0
301,2.25,32,1,HADOOP-18400,HADOOP,pre_ai,Bug,1
378,2.466666666666667,30,1,HADOOP-16769,HADOOP,pre_ai,Improvement,0
3202,1.9510204081632654,245,1,HADOOP-18186,HADOOP,pre_ai,Sub-task,0
3311,1.9080459770114941,261,3,HADOOP-18455,HADOOP,pre_ai,Sub-task,0
250,1.5161290322580645,31,4,HADOOP-18456,HADOOP,pre_ai,Bug,1
78,1.25,12,1,HADOOP-18444,HADOOP,pre_ai,Bug,1
3906,2.5108225108225106,231,6,HADOOP-18242,HADOOP,pre_ai,Bug,1
4351,2.0510204081632653,294,4,HADOOP-18347,HADOOP,pre_ai,Sub-task,0
574,1.7166666666666666,60,4,HADOOP-18378,HADOOP,pre_ai,Sub-task,0
2876,2.636,250,5,HADOOP-18469,HADOOP,pre_ai,Improvement,0
472,4.625,16,1,HADOOP-18582,HADOOP,ai_era,Bug,1
451,2.6315789473684212,38,1,HADOOP-18645,HADOOP,ai_era,Improvement,0
381,2.466666666666667,30,1,HADOOP-18636,HADOOP,ai_era,Bug,1
263,2.3076923076923075,13,2,HADOOP-18648,HADOOP,ai_era,Sub-task,0
322,2.5714285714285716,21,2,HADOOP-18653,HADOOP,ai_era,Sub-task,0
687,2.425925925925926,54,3,HADOOP-18649,HADOOP,ai_era,Sub-task,0
457,2.0294117647058822,34,1,HADOOP-18654,HADOOP,ai_era,Sub-task,0
1299,1.7745098039215685,102,2,HADOOP-18668,HADOOP,ai_era,Bug,1
1397,2.4019607843137254,102,1,HADOOP-18666,HADOOP,ai_era,Bug,1
46,1.3333333333333333,3,1,HADOOP-18329,HADOOP,ai_era,Bug,1
6186,2.004576659038902,437,19,HADOOP-18382,HADOOP,pre_ai,Sub-task,0
2139,1.66147859922179,257,1,HADOOP-18662,HADOOP,ai_era,Bug,1
774,2.2586206896551726,58,16,HADOOP-18606,HADOOP,ai_era,Sub-task,0
2224,2.078212290502793,179,9,HADOOP-18458,HADOOP,ai_era,Improvement,0
699,3.057142857142857,35,1,HADOOP-18548,HADOOP,ai_era,Bug,1
131,2.0,14,1,HADOOP-18647,HADOOP,ai_era,Sub-task,0
3190,1.9156626506024097,249,2,HADOOP-18684,HADOOP,ai_era,Improvement,0
5391,2.0023696682464456,422,16,HADOOP-18146,HADOOP,ai_era,Sub-task,0
5025,2.2289855072463767,345,8,HADOOP-18012,HADOOP,ai_era,Sub-task,0
4195,2.009584664536741,313,7,HADOOP-18399,HADOOP,ai_era,Sub-task,0
2881,2.42570281124498,249,2,HADOOP-18691,HADOOP,ai_era,Improvement,0
1170,2.6973684210526314,76,1,HADOOP-18705,HADOOP,ai_era,Bug,1
3220,2.242424242424242,297,2,HADOOP-18710,HADOOP,ai_era,Improvement,0
4312,2.0945558739255015,349,6,HADOOP-18660,HADOOP,ai_era,Bug,1
9543,1.6417233560090703,882,13,HADOOP-18637,HADOOP,ai_era,Improvement,0
342,1.7727272727272727,44,1,HADOOP-18715,HADOOP,ai_era,Bug,1
245,2.0,19,1,HADOOP-18697,HADOOP,ai_era,Sub-task,0
8356,1.7836676217765044,698,16,HADOOP-18695,HADOOP,ai_era,Improvement,0
4682,2.762264150943396,265,7,HADOOP-18671,HADOOP,ai_era,New Feature,0
168,1.6923076923076923,13,1,HADOOP-17612,HADOOP,ai_era,Task,0
314,1.6296296296296295,27,2,HADOOP-18688,HADOOP,ai_era,Sub-task,0
2476,2.49438202247191,178,2,HADOOP-18724,HADOOP,ai_era,Bug,1
307,2.911764705882353,34,1,HADOOP-18652,HADOOP,ai_era,Bug,1
71,2.0,9,1,HADOOP-17518,HADOOP,ai_era,Bug,1
235,1.0444444444444445,45,2,HADOOP-18755,HADOOP,ai_era,Bug,1
414,1.6041666666666667,48,1,HADOOP-18709,HADOOP,ai_era,Improvement,0
5504,3.4051094890510947,274,15,HADOOP-18359,HADOOP,ai_era,Improvement,0
117,2.5,8,1,HADOOP-18752,HADOOP,ai_era,Sub-task,0
26,1.0,1,1,HADOOP-18761,HADOOP,ai_era,Task,0
302,2.227272727272727,22,1,HADOOP-18740,HADOOP,ai_era,Sub-task,0
300,2.1818181818181817,22,1,HADOOP-18756,HADOOP,ai_era,Sub-task,0
648,1.5833333333333333,60,2,HADOOP-18793,HADOOP,ai_era,Bug,1
1316,2.4262295081967213,61,5,HADOOP-18291,HADOOP,ai_era,Sub-task,0
4202,2.321766561514196,317,7,HADOOP-18781,HADOOP,ai_era,Bug,1
694,2.652173913043478,23,2,HADOOP-18801,HADOOP,ai_era,Improvement,0
30,1.8,5,1,HADOOP-18808,HADOOP,ai_era,Sub-task,0
217,1.2692307692307692,26,1,HADOOP-18757,HADOOP,ai_era,Bug,1
412,2.2903225806451615,31,1,HADOOP-18809,HADOOP,ai_era,Sub-task,0
481,1.2592592592592593,54,3,HADOOP-18795,HADOOP,ai_era,Sub-task,0
2142,2.0051546391752577,194,2,HADOOP-18807,HADOOP,ai_era,Bug,1
286,1.4230769230769231,26,2,HADOOP-18183,HADOOP,ai_era,Sub-task,0
1532,2.844155844155844,77,1,HADOOP-18826,HADOOP,ai_era,Bug,1
3250,2.2441471571906355,299,2,HADOOP-18840,HADOOP,ai_era,Improvement,0
3620,1.875,288,3,HADOOP-18853,HADOOP,ai_era,Sub-task,0
1798,2.758241758241758,91,3,HADOOP-18845,HADOOP,ai_era,Sub-task,0
52,1.5,8,1,HADOOP-18328,HADOOP,ai_era,Improvement,0
283,1.4146341463414633,41,1,HADOOP-18880,HADOOP,ai_era,Improvement,0
414,1.6041666666666667,48,1,HADOOP-18870,HADOOP,ai_era,Bug,1
7019,1.9382239382239381,518,23,HADOOP-18820,HADOOP,ai_era,Sub-task,0
789,3.4146341463414633,41,1,HADOOP-18824,HADOOP,ai_era,Bug,1
3673,1.8694158075601375,291,4,HADOOP-18888,HADOOP,ai_era,Sub-task,0
786,3.3658536585365852,41,1,HADOOP-18906,HADOOP,ai_era,Sub-task,0
3769,1.8600682593856654,293,6,HADOOP-18797,HADOOP,ai_era,Improvement,0
1634,2.8737864077669903,103,3,HADOOP-18917,HADOOP,ai_era,Improvement,0
191,1.0,3,2,HADOOP-18876,HADOOP,ai_era,Sub-task,0
783,3.3658536585365852,41,1,HADOOP-18922,HADOOP,ai_era,Bug,1
3375,1.9307692307692308,260,2,HADOOP-18889,HADOOP,ai_era,Sub-task,0
224,1.75,12,3,HADOOP-18890,HADOOP,ai_era,Improvement,0
142,2.5555555555555554,9,1,HADOOP-18926,HADOOP,ai_era,Improvement,0
5490,1.9619883040935673,342,7,HADOOP-18908,HADOOP,ai_era,Sub-task,0
3262,1.3526011560693643,346,9,HADOOP-18829,HADOOP,ai_era,Sub-task,0
976,2.875,72,3,HADOOP-18945,HADOOP,ai_era,Sub-task,0
72,3.0,3,1,HADOOP-18939,HADOOP,ai_era,Sub-task,0
4597,2.304932735426009,223,7,HADOOP-18919,HADOOP,ai_era,Improvement,0
3678,2.2912912912912913,333,3,HADOOP-18868,HADOOP,ai_era,Improvement,0
5429,2.609452736318408,402,3,HADOOP-18920,HADOOP,ai_era,Improvement,0
6080,2.0220385674931127,363,10,HADOOP-18948,HADOOP,ai_era,Sub-task,0
20285,1.776937618147448,1587,106,HADOOP-18073,HADOOP,ai_era,Task,0
720,2.425531914893617,47,1,HADOOP-18905,HADOOP,ai_era,Bug,1
1417,2.5779816513761467,109,4,HADOOP-18850,HADOOP,ai_era,Sub-task,0
2072,2.6578947368421053,114,4,HADOOP-18954,HADOOP,ai_era,Improvement,0
1338,2.3636363636363638,88,2,HADOOP-18872,HADOOP,ai_era,Sub-task,0
3414,2.3560975609756096,205,7,HADOOP-18956,HADOOP,ai_era,Improvement,0
5400,2.0980926430517712,367,8,HADOOP-18915,HADOOP,ai_era,Sub-task,0
10236,2.335235378031384,701,20,HADOOP-18996,HADOOP,ai_era,Sub-task,0
5287,2.1005434782608696,368,7,HADOOP-18997,HADOOP,ai_era,Sub-task,0
3668,1.9437751004016064,249,2,HADOOP-18925,HADOOP,ai_era,Improvement,0
107,2.75,8,1,HADOOP-19011,HADOOP,ai_era,Bug,1
440,3.2962962962962963,27,1,HADOOP-19010,HADOOP,ai_era,Bug,1
5697,1.9404255319148935,470,19,HADOOP-17912,HADOOP,ai_era,Sub-task,0
51527,2.8567815365159657,3163,132,HADOOP-18957,HADOOP,ai_era,Improvement,0
1972,1.4336283185840708,226,35,HADOOP-18981,HADOOP,ai_era,Improvement,0
3530,2.032608695652174,276,6,HADOOP-18971,HADOOP,ai_era,Sub-task,0
1139,2.1666666666666665,78,2,HADOOP-18865,HADOOP,ai_era,Sub-task,0
1293,1.9787234042553192,47,6,HADOOP-19004,HADOOP,ai_era,Sub-task,0
2123,2.7751937984496124,129,5,HADOOP-19027,HADOOP,ai_era,Sub-task,0
254,3.3076923076923075,13,1,HADOOP-19031,HADOOP,ai_era,Bug,1
648,2.163265306122449,49,4,HADOOP-18959,HADOOP,ai_era,Sub-task,0
1042,2.0930232558139537,86,3,HADOOP-18883,HADOOP,ai_era,Sub-task,0
427,1.0,1,1,HADOOP-19015,HADOOP,ai_era,Sub-task,0
5104,2.008426966292135,356,5,HADOOP-19033,HADOOP,ai_era,Sub-task,0
657,2.245614035087719,57,3,HADOOP-19035,HADOOP,ai_era,Improvement,0
5144,2.0172413793103448,348,6,HADOOP-18975,HADOOP,ai_era,Sub-task,0
744,2.8125,64,1,HADOOP-18980,HADOOP,ai_era,Sub-task,0
223,3.75,8,1,HADOOP-19044,HADOOP,ai_era,Sub-task,0
1358,2.9405940594059405,101,1,HADOOP-19061,HADOOP,ai_era,Bug,1
2160,1.6475095785440612,261,1,HADOOP-19049,HADOOP,ai_era,Bug,1
6620,1.9507829977628635,447,15,HADOOP-18830,HADOOP,ai_era,Sub-task,0
4734,2.1875,320,3,HADOOP-18993,HADOOP,ai_era,Improvement,0
224,3.875,8,1,HADOOP-19066,HADOOP,ai_era,Sub-task,0
3940,1.9409594095940959,271,3,HADOOP-18930,HADOOP,ai_era,Improvement,0
281,2.0869565217391304,23,1,HADOOP-19119,HADOOP,ai_era,Sub-task,0
4223,2.0185873605947955,269,4,HADOOP-19050,HADOOP,ai_era,New Feature,0
194,2.5454545454545454,11,1,HADOOP-19052,HADOOP,ai_era,Improvement,0
1357,2.9405940594059405,101,1,HADOOP-19111,HADOOP,ai_era,Improvement,0
1188,2.723684210526316,76,1,HADOOP-19089,HADOOP,ai_era,Sub-task,0
3221,1.5505952380952381,336,36,HADOOP-19085,HADOOP,ai_era,New Feature,0
4090,1.8867313915857604,309,8,HADOOP-19047,HADOOP,ai_era,Improvement,0
8971,2.827050997782705,451,10,HADOOP-19077,HADOOP,ai_era,Task,0
15203,3.047268907563025,952,29,HADOOP-19041,HADOOP,ai_era,Task,0
427,1.0,1,1,HADOOP-19141,HADOOP,ai_era,Sub-task,0
1668,2.4684684684684686,111,5,HADOOP-19096,HADOOP,ai_era,Sub-task,0
120,2.5,6,1,HADOOP-19079,HADOOP,ai_era,Task,0
535,2.272727272727273,44,1,HADOOP-19129,HADOOP,ai_era,Sub-task,0
3086,2.158671586715867,271,8,HADOOP-19098,HADOOP,ai_era,Sub-task,0
520,2.909090909090909,33,1,HADOOP-19130,HADOOP,ai_era,Bug,1
76,1.4444444444444444,9,1,HADOOP-19107,HADOOP,ai_era,Task,0
708,2.6041666666666665,48,4,HADOOP-19151,HADOOP,ai_era,Improvement,0
949,1.9508196721311475,61,5,HADOOP-19152,HADOOP,ai_era,Improvement,0
4565,2.301492537313433,335,5,HADOOP-19102,HADOOP,ai_era,Sub-task,0
2468,3.8768115942028984,138,1,HADOOP-19073,HADOOP,ai_era,Bug,1
2262,2.4,210,2,HADOOP-18958,HADOOP,ai_era,Improvement,0
742,1.7027027027027026,74,1,HADOOP-18851,HADOOP,ai_era,Task,0
293,2.909090909090909,11,2,HADOOP-19013,HADOOP,ai_era,Sub-task,0
159,2.9166666666666665,12,1,HADOOP-19167,HADOOP,ai_era,Bug,1
581,2.3333333333333335,6,1,HADOOP-13147,HADOOP,ai_era,Bug,1
936,1.9859154929577465,71,1,HADOOP-18325,HADOOP,ai_era,Sub-task,0
29,1.0,3,1,HADOOP-18679,HADOOP,ai_era,Sub-task,0
6952,2.4069767441860463,258,6,HADOOP-19156,HADOOP,ai_era,Improvement,0
531,6.142857142857143,14,1,HADOOP-19114,HADOOP,ai_era,Bug,1
4917,2.013440860215054,372,14,HADOOP-18759,HADOOP,ai_era,Sub-task,0
4261,2.5793650793650795,252,4,HADOOP-19137,HADOOP,ai_era,Sub-task,0
27,1.6666666666666667,3,1,HADOOP-19196,HADOOP,ai_era,Bug,1
5172,2.218836565096953,361,6,HADOOP-18516,HADOOP,ai_era,Sub-task,0
2211,1.6641509433962265,265,2,HADOOP-18931,HADOOP,ai_era,Improvement,0
214,2.7142857142857144,14,1,HADOOP-19204,HADOOP,ai_era,Sub-task,0
4721,2.2258823529411766,425,36,HADOOP-19343,HADOOP,ai_era,Improvement,0
473,2.5555555555555554,36,2,HADOOP-19688,HADOOP,ai_era,Sub-task,0
147,1.6875,16,3,HADOOP-19203,HADOOP,ai_era,Improvement,0
187,1.7222222222222223,18,1,HADOOP-19394,HADOOP,ai_era,Sub-task,0
2951,1.7747440273037542,293,27,HADOOP-19236,HADOOP,ai_era,New Feature,0
687,1.4615384615384615,65,3,HADOOP-19664,HADOOP,ai_era,Sub-task,0
140,1.4444444444444444,9,1,HADOOP-19282,HADOOP,ai_era,Improvement,0
1860,1.5507246376811594,207,2,HADOOP-19717,HADOOP,ai_era,Bug,1
1753,2.4,120,2,HADOOP-19695,HADOOP,ai_era,Sub-task,0
3179,2.342857142857143,280,3,HADOOP-19359,HADOOP,ai_era,Improvement,0
298,1.3548387096774193,31,1,HADOOP-18944,HADOOP,ai_era,Bug,1
436,1.3859649122807018,57,2,HADOOP-19712,HADOOP,ai_era,Bug,1
1824,2.657142857142857,70,5,HADOOP-19012,HADOOP,ai_era,Improvement,0
1970,2.4201183431952664,169,3,HADOOP-19212,HADOOP,ai_era,Sub-task,0
6223,2.0045662100456623,438,13,HADOOP-19654,HADOOP,ai_era,Improvement,0
4774,1.8527918781725887,394,7,HADOOP-19365,HADOOP,ai_era,Sub-task,0
3575,1.9014084507042253,284,3,HADOOP-19587,HADOOP,ai_era,Sub-task,0
86562,2.5996932515337425,5868,136,HADOOP-19668,HADOOP,ai_era,New Feature,0
86562,2.5996932515337425,5868,136,HADOOP-19670,HADOOP,ai_era,Improvement,0
2853,1.170731707317073,328,8,HADOOP-19364,HADOOP,ai_era,Sub-task,0
38,1.3333333333333333,3,1,HADOOP-19544,HADOOP,ai_era,Task,0
196,2.4375,16,1,HADOOP-19744,HADOOP,ai_era,Bug,1
769,1.9898989898989898,99,6,HADOOP-19402,HADOOP,ai_era,Sub-task,0
181,1.0,4,1,HADOOP-19760,HADOOP,ai_era,Bug,1
2940,2.0642201834862384,218,5,HADOOP-19658,HADOOP,ai_era,Sub-task,0
1476,3.242857142857143,70,1,HADOOP-19635,HADOOP,ai_era,Sub-task,0
4777,2.83587786259542,262,13,HADOOP-19737,HADOOP,ai_era,Sub-task,0
7423,1.9067796610169492,590,17,HADOOP-19472,HADOOP,ai_era,Sub-task,0
4721,2.2258823529411766,425,36,HADOOP-19762,HADOOP,ai_era,Improvement,0
192,2.888888888888889,9,1,HADOOP-19764,HADOOP,ai_era,Task,0
6528,2.2150776053215075,451,12,HADOOP-19604,HADOOP,ai_era,Sub-task,0
4557,1.9869451697127938,383,10,HADOOP-19613,HADOOP,ai_era,Sub-task,0
5406,2.023758099352052,463,11,HADOOP-19622,HADOOP,ai_era,Sub-task,0
693,2.7962962962962963,54,1,HADOOP-19710,HADOOP,ai_era,Sub-task,0
1510,1.437125748502994,167,4,HADOOP-19660,HADOOP,ai_era,Sub-task,0
227,2.7058823529411766,17,1,HADOOP-19371,HADOOP,ai_era,Improvement,0
6033,1.9690265486725664,452,20,HADOOP-19729,HADOOP,ai_era,Sub-task,0
8981,2.0652482269503545,705,25,HADOOP-19207,HADOOP,ai_era,Sub-task,0
8273,2.006861063464837,583,16,HADOOP-19278,HADOOP,ai_era,Improvement,0
1217,2.5689655172413794,58,4,HADOOP-19229,HADOOP,ai_era,Sub-task,0
333,3.0,19,1,HADOOP-19389,HADOOP,ai_era,Improvement,0
1497,2.289855072463768,138,2,HADOOP-19401,HADOOP,ai_era,Improvement,0
373,3.642857142857143,28,6,HADOOP-19375,HADOOP,ai_era,Improvement,0
649,1.8,65,1,HADOOP-19377,HADOOP,ai_era,Improvement,0
1159,3.25,48,3,HADOOP-19393,HADOOP,ai_era,Sub-task,0
9390,1.9481193255512321,771,32,HADOOP-19232,HADOOP,ai_era,Sub-task,0
39956,2.6066871975362957,2273,139,HADOOP-15984,HADOOP,ai_era,Improvement,0
683,3.2222222222222223,27,2,HADOOP-19352,HADOOP,ai_era,Improvement,0
5550,2.6940789473684212,304,7,HADOOP-19448,HADOOP,ai_era,Sub-task,0
136,3.4,5,1,HADOOP-19456,HADOOP,ai_era,Task,0
10601,2.285329744279946,743,26,HADOOP-19233,HADOOP,ai_era,Sub-task,0
2734,1.8622222222222222,225,2,HADOOP-19443,HADOOP,ai_era,Sub-task,0
9059,1.7472527472527473,728,39,HADOOP-19354,HADOOP,ai_era,Sub-task,0
3702,1.8333333333333333,300,2,HADOOP-19464,HADOOP,ai_era,Bug,1
772,2.2739726027397262,73,1,HADOOP-19305,HADOOP,ai_era,Improvement,0
455,1.8666666666666667,30,5,HADOOP-19270,HADOOP,ai_era,Bug,1
2061,2.1885714285714286,175,13,HADOOP-19311,HADOOP,ai_era,Task,0
2282,3.389830508474576,118,5,HADOOP-19445,HADOOP,ai_era,Sub-task,0
6780,2.228235294117647,425,11,HADOOP-19450,HADOOP,ai_era,Task,0
7109,1.4879614767255216,623,14,HADOOP-19348,HADOOP,ai_era,Sub-task,0
1354,2.9313725490196076,102,1,HADOOP-19452,HADOOP,ai_era,Bug,1
3196,2.106896551724138,290,8,HADOOP-19303,HADOOP,ai_era,Sub-task,0
1368,2.9047619047619047,105,1,HADOOP-19509,HADOOP,ai_era,Improvement,0
302,3.0,16,1,HADOOP-19488,HADOOP,ai_era,Bug,1
600,4.0,28,1,HADOOP-19508,HADOOP,ai_era,Bug,1
1438,3.183098591549296,71,1,HADOOP-19446,HADOOP,ai_era,Sub-task,0
94,1.2857142857142858,7,1,HADOOP-19514,HADOOP,ai_era,Bug,1
251,4.5,8,1,HADOOP-19455,HADOOP,ai_era,Sub-task,0
861,2.3653846153846154,52,2,HADOOP-19447,HADOOP,ai_era,New Feature,0
3738,2.226480836236934,287,6,HADOOP-19494,HADOOP,ai_era,Sub-task,0
