issue_id,project_name,created,resolution_date,priority,num_comments,issue_type
TIKA-1,TIKA,2007-03-31T06:54:09.000+0000,2007-03-31T07:43:18.000+0000,Major,1,Task
TIKA-3,TIKA,2007-03-31T06:57:02.000+0000,2007-03-31T09:33:24.000+0000,Major,1,Task
TIKA-4,TIKA,2007-03-31T06:58:59.000+0000,2007-03-31T13:48:32.000+0000,Major,3,Task
TIKA-2,TIKA,2007-03-31T06:55:41.000+0000,2007-03-31T13:49:41.000+0000,Major,1,Task
TIKA-5,TIKA,2007-05-31T21:49:14.000+0000,2007-06-08T22:55:39.000+0000,Major,4,New Feature
TIKA-7,TIKA,2007-06-10T05:23:52.000+0000,2007-08-17T19:13:37.000+0000,Major,7,New Feature
TIKA-8,TIKA,2007-08-17T18:58:18.000+0000,2007-08-17T19:14:35.000+0000,Major,2,Improvement
TIKA-10,TIKA,2007-09-10T20:37:51.000+0000,2007-09-12T20:08:33.000+0000,Major,3,Bug
TIKA-13,TIKA,2007-09-12T18:46:03.000+0000,2007-09-12T20:15:05.000+0000,Major,2,Bug
TIKA-11,TIKA,2007-09-10T20:39:38.000+0000,2007-09-13T00:38:58.000+0000,Major,4,Improvement
TIKA-12,TIKA,2007-09-11T19:12:41.000+0000,2007-09-13T07:17:46.000+0000,Major,2,Improvement
TIKA-16,TIKA,2007-09-13T18:18:19.000+0000,2007-09-15T09:35:13.000+0000,Major,6,Bug
TIKA-14,TIKA,2007-09-12T21:32:10.000+0000,2007-09-15T09:36:40.000+0000,Major,4,New Feature
TIKA-19,TIKA,2007-09-15T08:55:54.000+0000,2007-09-15T09:39:28.000+0000,Major,1,Bug
TIKA-15,TIKA,2007-09-13T17:58:58.000+0000,2007-09-17T10:13:35.000+0000,Minor,2,Improvement
TIKA-18,TIKA,2007-09-13T21:33:01.000+0000,2007-09-18T22:07:57.000+0000,Minor,3,Improvement
TIKA-23,TIKA,2007-09-21T06:34:12.000+0000,2007-09-21T14:57:44.000+0000,Minor,2,Improvement
TIKA-6,TIKA,2007-06-07T04:12:16.000+0000,2007-09-21T15:11:36.000+0000,Major,14,New Feature
TIKA-25,TIKA,2007-09-22T15:44:25.000+0000,2007-09-23T09:56:31.000+0000,Major,1,Improvement
TIKA-20,TIKA,2007-09-18T20:33:06.000+0000,2007-09-23T17:47:47.000+0000,Minor,2,New Feature
TIKA-24,TIKA,2007-09-22T15:38:47.000+0000,2007-09-23T17:48:15.000+0000,Minor,2,Improvement
TIKA-17,TIKA,2007-09-13T20:58:56.000+0000,2007-09-24T14:47:28.000+0000,Major,9,Improvement
TIKA-22,TIKA,2007-09-21T04:25:07.000+0000,2007-09-24T16:06:02.000+0000,Major,2,Task
TIKA-21,TIKA,2007-09-19T21:16:22.000+0000,2007-09-24T16:29:41.000+0000,Major,2,Bug
TIKA-27,TIKA,2007-09-23T18:04:55.000+0000,2007-09-24T16:37:05.000+0000,Trivial,1,Task
TIKA-30,TIKA,2007-09-24T19:55:11.000+0000,2007-09-24T21:21:56.000+0000,Minor,2,Improvement
TIKA-28,TIKA,2007-09-24T16:53:28.000+0000,2007-09-24T21:30:26.000+0000,Major,2,Improvement
TIKA-26,TIKA,2007-09-23T09:26:33.000+0000,2007-09-25T11:52:10.000+0000,Major,2,Improvement
TIKA-31,TIKA,2007-09-25T14:01:46.000+0000,2007-09-25T20:37:21.000+0000,Major,4,Improvement
TIKA-29,TIKA,2007-09-24T19:27:10.000+0000,2007-09-26T07:50:05.000+0000,Critical,5,Bug
TIKA-36,TIKA,2007-09-27T17:20:41.000+0000,2007-09-27T17:32:44.000+0000,Minor,3,New Feature
TIKA-38,TIKA,2007-09-27T22:20:48.000+0000,2007-09-28T14:15:47.000+0000,Minor,3,Bug
TIKA-33,TIKA,2007-09-26T13:39:25.000+0000,2007-10-01T07:21:41.000+0000,Major,2,Improvement
TIKA-32,TIKA,2007-09-25T21:34:40.000+0000,2007-10-01T07:47:42.000+0000,Minor,2,Bug
TIKA-39,TIKA,2007-09-30T17:47:00.000+0000,2007-10-01T16:42:19.000+0000,Trivial,2,Improvement
TIKA-35,TIKA,2007-09-27T17:12:40.000+0000,2007-10-01T16:44:20.000+0000,Major,17,Improvement
TIKA-34,TIKA,2007-09-26T22:31:08.000+0000,2007-10-02T15:37:16.000+0000,Minor,4,New Feature
TIKA-44,TIKA,2007-10-05T08:50:34.000+0000,2007-10-05T08:58:36.000+0000,Trivial,1,Bug
TIKA-42,TIKA,2007-10-03T20:36:41.000+0000,2007-10-05T09:02:58.000+0000,Major,2,Improvement
TIKA-43,TIKA,2007-10-05T08:27:02.000+0000,2007-10-07T11:37:09.000+0000,Major,2,Improvement
TIKA-47,TIKA,2007-10-07T18:24:22.000+0000,2007-10-07T19:22:11.000+0000,Minor,4,Improvement
TIKA-46,TIKA,2007-10-07T17:37:43.000+0000,2007-10-07T22:02:38.000+0000,Major,4,Improvement
TIKA-48,TIKA,2007-10-07T22:49:16.000+0000,2007-10-07T23:02:59.000+0000,Minor,1,Improvement
TIKA-45,TIKA,2007-10-06T13:55:12.000+0000,2007-10-07T23:27:54.000+0000,Major,2,Improvement
TIKA-41,TIKA,2007-10-02T20:30:53.000+0000,2007-10-08T23:23:28.000+0000,Minor,15,Improvement
TIKA-49,TIKA,2007-10-08T21:32:19.000+0000,2007-10-09T05:36:38.000+0000,Major,2,Bug
TIKA-51,TIKA,2007-10-10T10:34:06.000+0000,2007-10-10T10:42:02.000+0000,Minor,1,Bug
TIKA-40,TIKA,2007-10-01T23:02:45.000+0000,2007-10-10T12:08:15.000+0000,Major,4,New Feature
TIKA-55,TIKA,2007-10-11T17:42:15.000+0000,2007-10-11T22:02:21.000+0000,Minor,3,Improvement
TIKA-52,TIKA,2007-10-10T14:30:41.000+0000,2007-10-12T05:47:26.000+0000,Major,2,Improvement
TIKA-53,TIKA,2007-10-10T19:15:34.000+0000,2007-10-12T07:46:39.000+0000,Major,2,Improvement
TIKA-57,TIKA,2007-10-12T07:52:37.000+0000,2007-10-12T07:57:51.000+0000,Trivial,1,Improvement
TIKA-62,TIKA,2007-10-13T09:11:05.000+0000,2007-10-13T09:14:06.000+0000,Trivial,1,Improvement
TIKA-58,TIKA,2007-10-12T20:02:41.000+0000,2007-10-14T11:05:57.000+0000,Minor,4,Improvement
TIKA-60,TIKA,2007-10-12T20:24:27.000+0000,2007-10-14T12:40:18.000+0000,Minor,5,Improvement
TIKA-63,TIKA,2007-10-14T15:39:22.000+0000,2007-10-14T15:42:13.000+0000,Major,1,Improvement
TIKA-66,TIKA,2007-10-14T20:05:14.000+0000,2007-10-14T20:08:10.000+0000,Trivial,1,Improvement
TIKA-56,TIKA,2007-10-11T17:53:54.000+0000,2007-10-14T21:04:15.000+0000,Minor,7,Bug
TIKA-65,TIKA,2007-10-14T19:41:39.000+0000,2007-10-15T16:08:53.000+0000,Minor,2,Improvement
TIKA-68,TIKA,2007-10-14T22:27:36.000+0000,2007-10-15T21:08:41.000+0000,Minor,4,New Feature
TIKA-67,TIKA,2007-10-14T22:01:24.000+0000,2007-10-15T21:11:16.000+0000,Major,3,New Feature
TIKA-70,TIKA,2007-10-15T22:40:04.000+0000,2007-10-15T22:44:43.000+0000,Minor,1,Improvement
TIKA-71,TIKA,2007-10-15T23:16:40.000+0000,2007-10-16T16:20:17.000+0000,Major,2,Improvement
TIKA-72,TIKA,2007-10-17T16:28:05.000+0000,2007-10-17T16:32:01.000+0000,Minor,1,Improvement
TIKA-73,TIKA,2007-10-17T19:55:47.000+0000,2007-10-17T20:21:24.000+0000,Minor,3,Improvement
TIKA-78,TIKA,2007-10-18T00:57:49.000+0000,2007-10-18T01:06:45.000+0000,Major,2,Improvement
TIKA-77,TIKA,2007-10-17T22:47:15.000+0000,2007-10-18T01:08:45.000+0000,Major,1,Improvement
TIKA-75,TIKA,2007-10-17T20:59:17.000+0000,2007-10-18T15:12:17.000+0000,Minor,3,Improvement
TIKA-82,TIKA,2007-10-18T23:57:33.000+0000,2007-10-19T14:44:14.000+0000,Minor,1,Improvement
TIKA-81,TIKA,2007-10-18T18:41:23.000+0000,2007-10-19T14:45:13.000+0000,Minor,2,Improvement
TIKA-83,TIKA,2007-10-19T19:47:49.000+0000,2007-10-19T19:53:46.000+0000,Trivial,1,Improvement
TIKA-84,TIKA,2007-10-19T22:23:38.000+0000,2007-10-22T19:51:09.000+0000,Minor,3,New Feature
TIKA-85,TIKA,2007-10-22T20:37:49.000+0000,2007-10-22T20:48:47.000+0000,Minor,1,Improvement
TIKA-88,TIKA,2007-10-24T22:57:56.000+0000,2007-10-29T14:26:41.000+0000,Minor,2,Improvement
TIKA-101,TIKA,2007-11-18T07:01:35.000+0000,2007-11-18T22:17:41.000+0000,Minor,5,Task
TIKA-91,TIKA,2007-11-12T01:07:19.000+0000,2007-11-20T03:04:47.000+0000,Blocker,1,Task
TIKA-102,TIKA,2007-11-20T06:03:04.000+0000,2007-11-25T22:52:41.000+0000,Major,3,Improvement
TIKA-107,TIKA,2007-12-08T14:28:43.000+0000,2007-12-21T08:28:54.000+0000,Major,1,Bug
TIKA-104,TIKA,2007-11-26T02:02:21.000+0000,2007-12-21T09:07:01.000+0000,Minor,3,Improvement
TIKA-106,TIKA,2007-11-27T03:35:40.000+0000,2007-12-21T09:12:41.000+0000,Minor,3,Improvement
TIKA-110,TIKA,2007-12-26T22:23:52.000+0000,2007-12-26T22:36:14.000+0000,Major,1,Improvement
TIKA-111,TIKA,2007-12-26T22:44:49.000+0000,2007-12-26T22:58:43.000+0000,Minor,1,Improvement
TIKA-112,TIKA,2008-01-13T05:00:40.000+0000,2008-01-13T05:01:51.000+0000,Minor,0,Improvement
TIKA-109,TIKA,2007-12-21T12:11:44.000+0000,2008-01-20T14:25:58.000+0000,Major,7,Bug
TIKA-105,TIKA,2007-11-26T02:10:03.000+0000,2008-01-20T14:48:37.000+0000,Minor,4,Improvement
TIKA-116,TIKA,2008-01-21T03:34:14.000+0000,2008-01-21T21:35:51.000+0000,Major,2,Improvement
TIKA-117,TIKA,2008-01-21T21:38:50.000+0000,2008-01-21T21:48:10.000+0000,Minor,1,Improvement
TIKA-97,TIKA,2007-11-12T10:34:08.000+0000,2008-01-22T10:48:10.000+0000,Minor,1,New Feature
TIKA-96,TIKA,2007-11-12T10:31:36.000+0000,2008-01-25T23:30:38.000+0000,Minor,1,New Feature
TIKA-122,TIKA,2008-02-17T09:25:25.000+0000,2008-02-19T23:21:58.000+0000,Minor,1,Improvement
TIKA-127,TIKA,2008-03-09T16:09:40.000+0000,2008-03-09T16:23:39.000+0000,Minor,1,New Feature
TIKA-129,TIKA,2008-03-18T22:14:06.000+0000,2008-03-18T22:16:55.000+0000,Minor,1,New Feature
TIKA-130,TIKA,2008-03-18T22:20:47.000+0000,2008-03-18T22:38:18.000+0000,Minor,1,Bug
TIKA-131,TIKA,2008-03-19T00:14:38.000+0000,2008-03-19T00:16:35.000+0000,Minor,1,Improvement
TIKA-128,TIKA,2008-03-18T20:35:29.000+0000,2008-03-19T08:56:16.000+0000,Major,1,Improvement
TIKA-133,TIKA,2008-03-26T16:18:03.000+0000,2008-03-26T16:25:13.000+0000,Minor,1,Improvement
TIKA-134,TIKA,2008-03-27T12:26:34.000+0000,2008-03-28T20:11:54.000+0000,Minor,2,Improvement
TIKA-138,TIKA,2008-03-31T10:53:15.000+0000,2008-04-08T15:58:05.000+0000,Major,3,Improvement
TIKA-113,TIKA,2008-01-14T17:37:48.000+0000,2008-04-10T10:50:51.000+0000,Major,4,Improvement
TIKA-139,TIKA,2008-04-11T14:25:46.000+0000,2008-05-06T06:49:35.000+0000,Minor,4,New Feature
TIKA-142,TIKA,2008-05-22T02:00:46.000+0000,2008-05-22T02:09:42.000+0000,Trivial,1,Improvement
TIKA-143,TIKA,2008-06-06T13:57:24.000+0000,2008-06-06T15:11:06.000+0000,Minor,1,New Feature
TIKA-115,TIKA,2008-01-20T17:25:51.000+0000,2008-06-06T17:25:08.000+0000,Major,3,Improvement
TIKA-118,TIKA,2008-01-22T11:13:32.000+0000,2008-06-06T18:35:15.000+0000,Major,5,Task
TIKA-145,TIKA,2008-06-18T22:02:10.000+0000,2008-06-18T22:19:53.000+0000,Major,1,Improvement
TIKA-146,TIKA,2008-06-19T13:41:44.000+0000,2008-07-01T21:21:14.000+0000,Major,1,Improvement
TIKA-144,TIKA,2008-06-18T21:54:19.000+0000,2008-07-09T23:48:53.000+0000,Minor,1,Improvement
TIKA-132,TIKA,2008-03-21T14:11:11.000+0000,2008-07-12T09:42:59.000+0000,Minor,5,Improvement
TIKA-99,TIKA,2007-11-12T12:22:21.000+0000,2008-07-12T10:19:06.000+0000,Minor,1,New Feature
TIKA-149,TIKA,2008-07-30T08:26:26.000+0000,2008-09-04T16:41:28.000+0000,Major,11,New Feature
TIKA-150,TIKA,2008-07-30T08:27:10.000+0000,2008-09-04T20:37:24.000+0000,Major,2,New Feature
TIKA-151,TIKA,2008-07-30T08:29:46.000+0000,2008-09-04T22:39:17.000+0000,Major,1,New Feature
TIKA-156,TIKA,2008-09-05T12:56:11.000+0000,2008-09-05T12:58:23.000+0000,Major,1,Bug
TIKA-155,TIKA,2008-09-04T21:12:18.000+0000,2008-09-05T13:07:57.000+0000,Minor,1,New Feature
TIKA-108,TIKA,2007-12-19T06:16:50.000+0000,2008-09-13T08:29:37.000+0000,Minor,9,Improvement
TIKA-120,TIKA,2008-02-04T17:59:29.000+0000,2008-09-14T12:10:38.000+0000,Major,11,New Feature
TIKA-54,TIKA,2007-10-11T04:40:37.000+0000,2008-09-14T14:26:01.000+0000,Major,7,New Feature
TIKA-114,TIKA,2008-01-14T17:44:18.000+0000,2008-09-14T19:06:18.000+0000,Major,5,Bug
TIKA-161,TIKA,2008-09-19T21:34:35.000+0000,2008-09-19T21:39:16.000+0000,Minor,1,Improvement
TIKA-159,TIKA,2008-09-15T18:40:40.000+0000,2008-09-20T15:11:26.000+0000,Trivial,5,New Feature
TIKA-162,TIKA,2008-09-20T17:40:36.000+0000,2008-09-20T19:13:49.000+0000,Minor,1,Improvement
TIKA-140,TIKA,2008-04-16T16:19:44.000+0000,2008-09-22T23:03:37.000+0000,Major,6,Bug
TIKA-163,TIKA,2008-09-22T20:03:09.000+0000,2008-09-22T23:10:13.000+0000,Major,2,Bug
TIKA-166,TIKA,2008-09-29T19:04:17.000+0000,2008-10-16T22:51:18.000+0000,Minor,3,Improvement
TIKA-170,TIKA,2008-11-08T12:47:40.000+0000,2008-11-23T22:30:26.000+0000,Major,1,Task
TIKA-157,TIKA,2008-09-14T15:30:44.000+0000,2008-11-25T00:39:19.000+0000,Major,1,Task
TIKA-167,TIKA,2008-09-30T15:17:47.000+0000,2008-11-25T00:42:52.000+0000,Major,4,Task
TIKA-175,TIKA,2008-11-23T22:49:19.000+0000,2008-11-27T00:08:42.000+0000,Major,3,New Feature
TIKA-176,TIKA,2008-11-27T00:10:44.000+0000,2008-11-27T01:34:58.000+0000,Major,1,Improvement
TIKA-164,TIKA,2008-09-29T17:22:03.000+0000,2008-11-28T01:13:23.000+0000,Major,3,Improvement
TIKA-165,TIKA,2008-09-29T17:24:56.000+0000,2008-11-28T01:21:58.000+0000,Major,3,Improvement
TIKA-177,TIKA,2008-11-30T14:03:50.000+0000,2008-11-30T14:08:35.000+0000,Minor,2,Improvement
TIKA-172,TIKA,2008-11-15T17:27:31.000+0000,2008-12-03T00:14:24.000+0000,Major,6,Improvement
TIKA-171,TIKA,2008-11-15T17:06:59.000+0000,2008-12-03T00:37:48.000+0000,Major,4,Improvement
TIKA-179,TIKA,2008-12-06T16:07:42.000+0000,2008-12-07T19:10:36.000+0000,Major,8,Bug
TIKA-178,TIKA,2008-11-30T22:42:39.000+0000,2008-12-07T19:25:18.000+0000,Minor,2,Improvement
TIKA-181,TIKA,2008-12-08T11:54:40.000+0000,2008-12-08T11:57:06.000+0000,Minor,1,Bug
TIKA-183,TIKA,2008-12-14T21:23:24.000+0000,2008-12-14T21:30:52.000+0000,Minor,1,Improvement
TIKA-184,TIKA,2008-12-14T21:37:16.000+0000,2008-12-14T21:43:13.000+0000,Minor,1,Improvement
TIKA-180,TIKA,2008-12-07T19:47:08.000+0000,2009-01-07T16:28:38.000+0000,Major,2,Bug
TIKA-188,TIKA,2009-01-15T22:31:48.000+0000,2009-01-15T22:44:31.000+0000,Minor,2,Improvement
TIKA-185,TIKA,2009-01-08T15:29:08.000+0000,2009-01-15T23:56:28.000+0000,Minor,13,Bug
TIKA-154,TIKA,2008-08-04T07:57:17.000+0000,2009-01-17T01:16:23.000+0000,Minor,3,Improvement
TIKA-190,TIKA,2009-01-23T08:18:37.000+0000,2009-01-25T20:32:12.000+0000,Major,2,Bug
TIKA-189,TIKA,2009-01-17T18:52:10.000+0000,2009-01-25T21:15:28.000+0000,Minor,15,Bug
TIKA-192,TIKA,2009-01-26T19:52:10.000+0000,2009-02-04T00:50:54.000+0000,Minor,6,Improvement
TIKA-196,TIKA,2009-02-03T20:39:51.000+0000,2009-02-04T00:59:00.000+0000,Critical,1,Bug
TIKA-201,TIKA,2009-02-07T01:24:12.000+0000,2009-02-08T21:40:56.000+0000,Major,1,New Feature
TIKA-202,TIKA,2009-02-08T11:10:01.000+0000,2009-02-08T22:00:50.000+0000,Minor,2,Improvement
TIKA-197,TIKA,2009-02-05T09:12:19.000+0000,2009-02-08T22:28:43.000+0000,Major,3,Bug
TIKA-203,TIKA,2009-02-11T16:14:03.000+0000,2009-02-13T23:09:31.000+0000,Minor,6,Improvement
TIKA-186,TIKA,2009-01-09T11:18:14.000+0000,2009-02-14T00:08:45.000+0000,Trivial,3,Improvement
TIKA-152,TIKA,2008-07-30T08:34:06.000+0000,2009-03-05T21:32:47.000+0000,Major,5,New Feature
TIKA-194,TIKA,2009-01-27T15:29:40.000+0000,2009-03-09T05:34:00.000+0000,Major,1,Improvement
TIKA-205,TIKA,2009-03-08T19:46:05.000+0000,2009-03-09T05:44:52.000+0000,Trivial,1,Improvement
TIKA-206,TIKA,2009-03-10T11:05:00.000+0000,2009-03-16T23:53:45.000+0000,Minor,1,Improvement
TIKA-200,TIKA,2009-02-06T18:03:40.000+0000,2009-03-19T01:28:31.000+0000,Minor,7,New Feature
TIKA-211,TIKA,2009-03-23T13:43:53.000+0000,2009-03-24T11:22:06.000+0000,Major,1,Bug
TIKA-210,TIKA,2009-03-23T11:56:33.000+0000,2009-03-24T11:58:49.000+0000,Major,1,Bug
TIKA-208,TIKA,2009-03-19T13:04:57.000+0000,2009-03-24T12:08:03.000+0000,Major,1,Bug
TIKA-215,TIKA,2009-04-08T11:51:26.000+0000,2009-04-26T22:40:23.000+0000,Major,1,Improvement
TIKA-221,TIKA,2009-04-28T14:40:41.000+0000,2009-04-28T14:51:34.000+0000,Minor,1,Improvement
TIKA-219,TIKA,2009-04-28T11:30:17.000+0000,2009-04-29T07:49:13.000+0000,Major,2,Improvement
TIKA-226,TIKA,2009-05-17T14:03:37.000+0000,2009-05-17T18:48:56.000+0000,Major,1,Improvement
TIKA-227,TIKA,2009-05-18T13:12:54.000+0000,2009-05-18T13:21:30.000+0000,Major,2,Bug
TIKA-222,TIKA,2009-04-28T14:53:57.000+0000,2009-05-20T20:29:33.000+0000,Major,1,Improvement
TIKA-220,TIKA,2009-04-28T14:29:13.000+0000,2009-05-20T20:35:04.000+0000,Minor,1,Improvement
TIKA-217,TIKA,2009-04-08T13:05:42.000+0000,2009-05-20T20:39:04.000+0000,Minor,1,Bug
TIKA-225,TIKA,2009-05-15T16:02:08.000+0000,2009-05-20T21:24:50.000+0000,Major,1,Bug
TIKA-230,TIKA,2009-05-21T17:04:10.000+0000,2009-05-22T01:13:46.000+0000,Major,3,Improvement
TIKA-229,TIKA,2009-05-20T21:56:22.000+0000,2009-05-22T17:20:27.000+0000,Minor,1,Improvement
TIKA-233,TIKA,2009-05-22T18:03:39.000+0000,2009-05-22T18:24:27.000+0000,Minor,1,Improvement
TIKA-228,TIKA,2009-05-20T10:28:59.000+0000,2009-05-22T20:49:49.000+0000,Minor,2,New Feature
TIKA-204,TIKA,2009-02-26T14:17:25.000+0000,2009-05-22T21:21:41.000+0000,Minor,3,Improvement
TIKA-198,TIKA,2009-02-06T14:06:22.000+0000,2009-05-27T18:35:00.000+0000,Minor,2,Improvement
TIKA-193,TIKA,2009-01-27T06:54:02.000+0000,2009-05-27T18:46:11.000+0000,Minor,5,Bug
TIKA-231,TIKA,2009-05-21T20:52:11.000+0000,2009-06-01T21:14:03.000+0000,Minor,8,Bug
TIKA-237,TIKA,2009-06-01T21:52:55.000+0000,2009-06-01T22:48:46.000+0000,Minor,1,Improvement
TIKA-234,TIKA,2009-05-23T06:58:08.000+0000,2009-06-02T00:45:54.000+0000,Minor,3,Improvement
TIKA-238,TIKA,2009-06-02T01:23:40.000+0000,2009-06-02T08:45:51.000+0000,Minor,1,Improvement
TIKA-248,TIKA,2009-06-23T20:41:11.000+0000,2009-06-23T21:25:53.000+0000,Major,1,Improvement
TIKA-249,TIKA,2009-06-23T21:35:40.000+0000,2009-06-25T13:54:54.000+0000,Minor,1,Improvement
TIKA-247,TIKA,2009-06-22T12:07:36.000+0000,2009-06-25T14:01:24.000+0000,Major,3,Improvement
TIKA-244,TIKA,2009-06-09T11:02:46.000+0000,2009-06-26T05:57:31.000+0000,Major,1,Bug
TIKA-255,TIKA,2009-06-26T21:19:18.000+0000,2009-06-28T11:27:51.000+0000,Major,4,Bug
TIKA-253,TIKA,2009-06-26T10:06:57.000+0000,2009-06-28T17:06:29.000+0000,Major,1,Improvement
TIKA-254,TIKA,2009-06-26T10:09:33.000+0000,2009-06-28T17:32:23.000+0000,Major,1,Improvement
TIKA-240,TIKA,2009-06-03T10:31:23.000+0000,2009-06-28T18:15:16.000+0000,Minor,1,Bug
TIKA-235,TIKA,2009-05-28T15:13:36.000+0000,2009-06-29T17:05:36.000+0000,Minor,5,New Feature
TIKA-258,TIKA,2009-07-02T12:37:22.000+0000,2009-07-12T21:21:15.000+0000,Major,2,Bug
TIKA-121,TIKA,2008-02-10T05:41:44.000+0000,2009-07-12T22:14:13.000+0000,Major,5,Bug
TIKA-74,TIKA,2007-10-17T20:20:30.000+0000,2009-07-13T01:21:27.000+0000,Minor,6,Improvement
TIKA-216,TIKA,2009-04-08T12:01:23.000+0000,2009-07-13T20:12:27.000+0000,Major,5,New Feature
TIKA-257,TIKA,2009-07-01T11:24:05.000+0000,2009-07-13T20:47:21.000+0000,Major,1,Bug
TIKA-260,TIKA,2009-07-13T21:00:35.000+0000,2009-07-13T21:08:38.000+0000,Blocker,1,Bug
TIKA-262,TIKA,2009-07-17T13:20:36.000+0000,2009-07-17T23:05:44.000+0000,Major,6,Bug
TIKA-263,TIKA,2009-07-30T15:15:02.000+0000,2009-07-30T22:58:39.000+0000,Minor,2,Bug
TIKA-265,TIKA,2009-08-05T16:35:53.000+0000,2009-08-05T17:02:28.000+0000,Major,4,Bug
TIKA-264,TIKA,2009-07-30T21:06:07.000+0000,2009-08-05T21:53:24.000+0000,Trivial,2,Improvement
TIKA-250,TIKA,2009-06-24T13:43:07.000+0000,2009-08-05T21:58:43.000+0000,Minor,3,Bug
TIKA-266,TIKA,2009-08-06T09:43:24.000+0000,2009-08-06T09:44:24.000+0000,Major,1,Bug
TIKA-268,TIKA,2009-08-18T08:58:03.000+0000,2009-08-22T20:42:17.000+0000,Critical,2,Bug
TIKA-267,TIKA,2009-08-10T23:27:57.000+0000,2009-08-22T20:58:06.000+0000,Critical,2,Bug
TIKA-271,TIKA,2009-09-03T09:22:06.000+0000,2009-09-03T16:44:35.000+0000,Minor,4,Bug
TIKA-274,TIKA,2009-09-07T07:18:36.000+0000,2009-09-10T22:41:55.000+0000,Major,1,Bug
TIKA-273,TIKA,2009-09-07T06:49:05.000+0000,2009-09-10T22:45:55.000+0000,Major,1,Bug
TIKA-276,TIKA,2009-09-11T20:44:44.000+0000,2009-09-11T20:48:59.000+0000,Minor,1,Improvement
TIKA-158,TIKA,2008-09-14T19:04:56.000+0000,2009-09-25T15:36:35.000+0000,Minor,1,Improvement
TIKA-283,TIKA,2009-09-25T11:42:42.000+0000,2009-09-25T15:55:59.000+0000,Major,1,Bug
TIKA-280,TIKA,2009-09-24T09:41:39.000+0000,2009-09-25T16:18:57.000+0000,Minor,1,Improvement
TIKA-285,TIKA,2009-09-27T10:52:44.000+0000,2009-09-27T20:36:03.000+0000,Major,2,Improvement
TIKA-292,TIKA,2009-09-28T10:47:08.000+0000,2009-09-28T12:11:19.000+0000,Minor,2,Improvement
TIKA-281,TIKA,2009-09-24T10:04:08.000+0000,2009-09-28T12:22:30.000+0000,Major,1,Improvement
TIKA-269,TIKA,2009-08-24T22:36:33.000+0000,2009-09-28T12:29:45.000+0000,Major,1,New Feature
TIKA-284,TIKA,2009-09-27T10:05:35.000+0000,2009-09-29T10:51:28.000+0000,Major,1,Improvement
TIKA-299,TIKA,2009-09-30T13:23:01.000+0000,2009-09-30T14:20:57.000+0000,Minor,1,Improvement
TIKA-297,TIKA,2009-09-29T23:27:20.000+0000,2009-09-30T15:04:02.000+0000,Minor,1,Bug
TIKA-296,TIKA,2009-09-28T22:24:02.000+0000,2009-09-30T15:54:53.000+0000,Minor,2,Improvement
TIKA-294,TIKA,2009-09-28T22:11:13.000+0000,2009-10-02T10:17:26.000+0000,Major,1,Bug
TIKA-290,TIKA,2009-09-27T20:42:29.000+0000,2009-10-02T10:52:04.000+0000,Minor,5,Bug
TIKA-256,TIKA,2009-06-29T09:59:11.000+0000,2009-10-02T10:58:29.000+0000,Major,3,Bug
TIKA-279,TIKA,2009-09-23T11:15:09.000+0000,2009-10-02T11:06:05.000+0000,Major,3,Bug
TIKA-293,TIKA,2009-09-28T11:25:09.000+0000,2009-10-02T11:11:07.000+0000,Major,2,Bug
TIKA-295,TIKA,2009-09-28T22:16:56.000+0000,2009-10-02T11:26:47.000+0000,Major,7,New Feature
TIKA-277,TIKA,2009-09-13T19:22:39.000+0000,2009-10-02T11:31:52.000+0000,Major,1,Improvement
TIKA-310,TIKA,2009-10-14T19:38:32.000+0000,2009-10-14T19:50:30.000+0000,Major,1,Improvement
TIKA-311,TIKA,2009-10-14T20:03:18.000+0000,2009-10-14T20:42:24.000+0000,Minor,1,Bug
TIKA-287,TIKA,2009-09-27T13:11:57.000+0000,2009-10-16T12:23:45.000+0000,Major,6,Improvement
TIKA-306,TIKA,2009-10-09T18:25:59.000+0000,2009-10-16T13:24:10.000+0000,Trivial,1,Test
TIKA-305,TIKA,2009-10-09T12:41:46.000+0000,2009-10-16T13:59:58.000+0000,Major,1,Bug
TIKA-304,TIKA,2009-10-09T12:26:54.000+0000,2009-10-16T14:51:42.000+0000,Major,3,Bug
TIKA-302,TIKA,2009-10-07T21:12:46.000+0000,2009-10-16T15:43:31.000+0000,Major,2,New Feature
TIKA-301,TIKA,2009-10-05T20:52:50.000+0000,2009-10-16T15:48:56.000+0000,Minor,2,Improvement
TIKA-312,TIKA,2009-10-16T13:30:05.000+0000,2009-10-16T15:51:08.000+0000,Major,2,Bug
TIKA-300,TIKA,2009-10-05T20:45:30.000+0000,2009-10-16T16:07:05.000+0000,Trivial,1,Improvement
TIKA-314,TIKA,2009-10-20T13:20:36.000+0000,2009-11-07T04:22:40.000+0000,Major,6,Improvement
TIKA-275,TIKA,2009-09-11T18:54:27.000+0000,2009-11-07T04:31:23.000+0000,Major,1,New Feature
TIKA-209,TIKA,2009-03-23T11:12:47.000+0000,2009-11-07T04:34:58.000+0000,Major,12,Bug
TIKA-320,TIKA,2009-11-12T19:05:58.000+0000,2009-11-13T03:20:22.000+0000,Major,2,New Feature
TIKA-319,TIKA,2009-11-12T08:52:30.000+0000,2009-11-13T03:49:49.000+0000,Major,1,Bug
TIKA-313,TIKA,2009-10-17T20:15:21.000+0000,2009-11-13T17:20:35.000+0000,Minor,1,Improvement
TIKA-326,TIKA,2009-11-17T13:25:10.000+0000,2009-11-17T13:31:11.000+0000,Minor,1,Bug
TIKA-325,TIKA,2009-11-15T18:52:54.000+0000,2009-11-17T15:47:04.000+0000,Trivial,1,Improvement
TIKA-309,TIKA,2009-10-13T04:40:28.000+0000,2009-11-20T09:53:25.000+0000,Minor,10,Bug
TIKA-330,TIKA,2009-11-23T11:26:15.000+0000,2009-11-23T11:28:47.000+0000,Minor,1,Improvement
TIKA-336,TIKA,2009-11-25T22:50:47.000+0000,2009-11-25T23:44:05.000+0000,Major,2,Bug
TIKA-324,TIKA,2009-11-15T17:52:45.000+0000,2009-11-27T15:11:57.000+0000,Critical,18,Bug
TIKA-334,TIKA,2009-11-25T18:42:27.000+0000,2009-11-30T01:42:54.000+0000,Major,1,Improvement
TIKA-329,TIKA,2009-11-20T10:31:09.000+0000,2009-11-30T01:49:06.000+0000,Major,1,Bug
TIKA-340,TIKA,2009-12-01T10:39:15.000+0000,2009-12-02T17:43:14.000+0000,Major,14,New Feature
TIKA-332,TIKA,2009-11-25T17:49:50.000+0000,2009-12-13T00:25:02.000+0000,Critical,3,Improvement
TIKA-335,TIKA,2009-11-25T18:47:27.000+0000,2009-12-13T00:32:56.000+0000,Minor,5,Improvement
TIKA-341,TIKA,2009-12-03T05:41:27.000+0000,2009-12-13T01:09:41.000+0000,Minor,1,Improvement
TIKA-345,TIKA,2009-12-07T21:50:47.000+0000,2009-12-13T20:24:47.000+0000,Minor,2,Improvement
TIKA-347,TIKA,2009-12-13T21:01:10.000+0000,2009-12-13T21:03:30.000+0000,Major,1,Improvement
TIKA-343,TIKA,2009-12-07T11:50:02.000+0000,2009-12-13T22:04:14.000+0000,Major,1,Bug
TIKA-339,TIKA,2009-12-01T03:07:12.000+0000,2009-12-13T22:10:49.000+0000,Minor,3,Bug
TIKA-321,TIKA,2009-11-13T04:03:06.000+0000,2009-12-13T22:16:14.000+0000,Minor,1,Improvement
TIKA-328,TIKA,2009-11-19T22:40:21.000+0000,2009-12-14T23:27:57.000+0000,Minor,4,New Feature
TIKA-342,TIKA,2009-12-03T07:29:01.000+0000,2009-12-14T23:37:48.000+0000,Major,2,Improvement
TIKA-125,TIKA,2008-02-17T16:18:23.000+0000,2009-12-14T23:53:00.000+0000,Major,2,New Feature
TIKA-349,TIKA,2009-12-15T19:18:40.000+0000,2009-12-15T23:56:35.000+0000,Minor,1,Improvement
TIKA-350,TIKA,2009-12-15T20:38:25.000+0000,2009-12-16T00:02:47.000+0000,Minor,1,Improvement
TIKA-351,TIKA,2009-12-15T22:42:05.000+0000,2009-12-16T00:11:43.000+0000,Major,2,Improvement
TIKA-352,TIKA,2009-12-15T23:18:02.000+0000,2009-12-16T00:26:17.000+0000,Minor,4,Improvement
TIKA-353,TIKA,2009-12-16T00:29:21.000+0000,2009-12-16T01:03:20.000+0000,Major,1,Improvement
TIKA-348,TIKA,2009-12-14T13:41:22.000+0000,2009-12-16T10:38:12.000+0000,Major,3,Bug
TIKA-103,TIKA,2007-11-23T03:17:03.000+0000,2010-01-08T16:50:11.000+0000,Major,7,Improvement
TIKA-327,TIKA,2009-11-18T01:47:32.000+0000,2010-01-16T05:36:52.000+0000,Minor,4,Bug
TIKA-366,TIKA,2010-01-20T02:01:07.000+0000,2010-01-20T02:04:20.000+0000,Major,1,Improvement
TIKA-367,TIKA,2010-01-20T05:33:15.000+0000,2010-01-20T05:44:14.000+0000,Major,1,Improvement
TIKA-357,TIKA,2009-12-21T22:30:30.000+0000,2010-01-20T05:50:22.000+0000,Minor,9,Improvement
TIKA-368,TIKA,2010-01-20T14:57:41.000+0000,2010-01-26T11:34:38.000+0000,Minor,3,Improvement
TIKA-365,TIKA,2010-01-19T16:42:29.000+0000,2010-01-26T11:52:34.000+0000,Minor,5,Improvement
TIKA-362,TIKA,2010-01-11T15:09:37.000+0000,2010-01-26T16:24:40.000+0000,Minor,2,New Feature
TIKA-364,TIKA,2010-01-14T14:22:18.000+0000,2010-01-26T17:25:50.000+0000,Major,2,Improvement
TIKA-356,TIKA,2009-12-16T08:30:17.000+0000,2010-01-26T18:29:47.000+0000,Major,4,Bug
TIKA-141,TIKA,2008-05-20T09:14:25.000+0000,2010-01-26T22:59:44.000+0000,Trivial,1,Improvement
TIKA-374,TIKA,2010-01-26T23:58:17.000+0000,2010-01-27T18:15:33.000+0000,Major,1,Bug
TIKA-199,TIKA,2009-02-06T18:01:32.000+0000,2010-01-30T19:38:41.000+0000,Minor,1,Improvement
TIKA-372,TIKA,2010-01-26T15:27:59.000+0000,2010-02-01T17:44:50.000+0000,Minor,2,Improvement
TIKA-278,TIKA,2009-09-20T22:11:34.000+0000,2010-02-01T18:19:16.000+0000,Major,1,Task
TIKA-376,TIKA,2010-02-09T14:27:18.000+0000,2010-02-09T14:29:39.000+0000,Major,1,Bug
TIKA-377,TIKA,2010-02-09T18:59:41.000+0000,2010-02-10T16:09:31.000+0000,Major,2,Bug
TIKA-380,TIKA,2010-02-16T14:10:00.000+0000,2010-02-17T11:30:24.000+0000,Minor,1,Improvement
TIKA-370,TIKA,2010-01-25T20:53:09.000+0000,2010-02-17T11:33:40.000+0000,Major,3,Bug
TIKA-378,TIKA,2010-02-15T12:03:06.000+0000,2010-02-18T16:06:59.000+0000,Major,4,Bug
TIKA-317,TIKA,2009-11-07T00:58:12.000+0000,2010-02-18T16:14:37.000+0000,Minor,9,Improvement
TIKA-382,TIKA,2010-02-24T15:28:09.000+0000,2010-02-27T00:13:43.000+0000,Major,1,Bug
TIKA-386,TIKA,2010-03-02T21:55:05.000+0000,2010-03-09T22:59:28.000+0000,Major,1,Bug
TIKA-388,TIKA,2010-03-18T09:30:00.000+0000,2010-03-19T13:52:00.000+0000,Minor,3,Improvement
TIKA-261,TIKA,2009-07-15T16:35:55.000+0000,2010-03-19T16:53:50.000+0000,Minor,1,New Feature
TIKA-282,TIKA,2009-09-25T10:11:11.000+0000,2010-03-24T11:37:28.000+0000,Major,2,Bug
TIKA-392,TIKA,2010-03-24T10:49:26.000+0000,2010-03-24T13:09:24.000+0000,Minor,4,Bug
TIKA-395,TIKA,2010-03-27T12:58:56.000+0000,2010-03-28T22:52:21.000+0000,Major,4,Bug
TIKA-393,TIKA,2010-03-24T17:31:49.000+0000,2010-03-30T10:36:09.000+0000,Minor,1,Improvement
TIKA-398,TIKA,2010-04-02T17:19:42.000+0000,2010-04-05T20:19:30.000+0000,Minor,2,Bug
TIKA-404,TIKA,2010-04-12T14:42:01.000+0000,2010-04-12T14:42:50.000+0000,Critical,1,Bug
TIKA-400,TIKA,2010-04-05T20:12:55.000+0000,2010-04-12T15:59:44.000+0000,Major,6,New Feature
TIKA-92,TIKA,2007-11-12T01:40:33.000+0000,2010-04-14T09:40:55.000+0000,Major,5,New Feature
TIKA-403,TIKA,2010-04-11T14:13:08.000+0000,2010-04-14T13:27:01.000+0000,Minor,1,Improvement
TIKA-409,TIKA,2010-04-14T13:39:33.000+0000,2010-04-14T13:41:09.000+0000,Major,1,Bug
TIKA-412,TIKA,2010-04-19T16:33:14.000+0000,2010-04-19T16:35:26.000+0000,Major,1,Improvement
TIKA-419,TIKA,2010-05-04T15:55:39.000+0000,2010-05-04T16:07:47.000+0000,Major,3,Improvement
TIKA-421,TIKA,2010-05-08T17:43:50.000+0000,2010-05-08T17:55:17.000+0000,Major,2,New Feature
TIKA-415,TIKA,2010-04-30T00:37:59.000+0000,2010-05-12T14:38:14.000+0000,Minor,2,Bug
TIKA-417,TIKA,2010-05-04T10:10:47.000+0000,2010-05-12T15:33:19.000+0000,Major,2,Bug
TIKA-432,TIKA,2010-05-21T19:47:18.000+0000,2010-05-21T19:53:26.000+0000,Blocker,1,Improvement
TIKA-425,TIKA,2010-05-19T00:10:09.000+0000,2010-05-26T09:28:02.000+0000,Minor,3,Bug
TIKA-424,TIKA,2010-05-18T10:15:27.000+0000,2010-05-26T10:22:34.000+0000,Major,8,Improvement
TIKA-413,TIKA,2010-04-20T15:34:58.000+0000,2010-05-26T12:14:03.000+0000,Major,1,Improvement
TIKA-379,TIKA,2010-02-16T09:32:37.000+0000,2010-05-30T23:49:37.000+0000,Critical,11,Bug
TIKA-441,TIKA,2010-06-15T18:53:44.000+0000,2010-06-16T19:09:31.000+0000,Minor,3,Bug
TIKA-440,TIKA,2010-06-15T16:38:59.000+0000,2010-06-16T21:04:31.000+0000,Major,2,New Feature
TIKA-439,TIKA,2010-06-15T14:30:52.000+0000,2010-06-16T22:43:41.000+0000,Major,1,Bug
TIKA-308,TIKA,2009-10-11T15:42:40.000+0000,2010-06-18T12:05:24.000+0000,Major,2,Improvement
TIKA-298,TIKA,2009-09-30T13:17:04.000+0000,2010-06-18T12:11:10.000+0000,Major,4,Improvement
TIKA-444,TIKA,2010-06-20T22:41:10.000+0000,2010-06-21T00:42:55.000+0000,Trivial,2,Bug
TIKA-361,TIKA,2010-01-11T14:40:09.000+0000,2010-06-23T16:28:03.000+0000,Major,5,New Feature
TIKA-437,TIKA,2010-06-07T11:26:32.000+0000,2010-06-25T10:47:00.000+0000,Major,1,Improvement
TIKA-442,TIKA,2010-06-16T14:37:40.000+0000,2010-06-28T14:00:27.000+0000,Minor,4,Improvement
TIKA-316,TIKA,2009-11-03T21:05:39.000+0000,2010-06-28T15:04:20.000+0000,Major,6,Bug
TIKA-436,TIKA,2010-06-03T21:50:40.000+0000,2010-06-28T15:07:01.000+0000,Major,2,Bug
TIKA-371,TIKA,2010-01-26T09:40:41.000+0000,2010-06-28T15:45:08.000+0000,Minor,4,Bug
TIKA-445,TIKA,2010-06-28T15:22:51.000+0000,2010-06-29T11:21:05.000+0000,Minor,4,New Feature
TIKA-449,TIKA,2010-06-30T11:12:16.000+0000,2010-06-30T11:20:15.000+0000,Minor,2,New Feature
TIKA-452,TIKA,2010-06-30T11:50:19.000+0000,2010-06-30T11:53:57.000+0000,Minor,7,Improvement
TIKA-315,TIKA,2009-10-26T16:14:02.000+0000,2010-07-02T21:56:32.000+0000,Major,3,Bug
TIKA-454,TIKA,2010-07-02T14:53:54.000+0000,2010-07-05T08:51:14.000+0000,Major,2,Bug
TIKA-402,TIKA,2010-04-10T17:15:57.000+0000,2010-07-07T07:10:31.000+0000,Major,22,New Feature
TIKA-459,TIKA,2010-07-08T00:08:13.000+0000,2010-07-08T17:56:46.000+0000,Minor,2,Improvement
TIKA-453,TIKA,2010-07-02T13:50:20.000+0000,2010-07-09T21:26:50.000+0000,Minor,1,Bug
TIKA-420,TIKA,2010-05-07T20:14:35.000+0000,2010-07-12T17:33:02.000+0000,Major,12,New Feature
TIKA-464,TIKA,2010-07-14T10:41:40.000+0000,2010-07-16T17:40:40.000+0000,Major,2,Task
TIKA-466,TIKA,2010-07-16T11:20:17.000+0000,2010-07-16T17:53:05.000+0000,Minor,3,New Feature
TIKA-467,TIKA,2010-07-20T02:42:25.000+0000,2010-07-20T02:43:50.000+0000,Trivial,1,Bug
TIKA-470,TIKA,2010-07-22T16:29:26.000+0000,2010-07-26T12:19:53.000+0000,Minor,2,New Feature
TIKA-391,TIKA,2010-03-24T09:26:00.000+0000,2010-07-29T17:04:15.000+0000,Major,16,Bug
TIKA-472,TIKA,2010-07-30T06:47:32.000+0000,2010-07-31T16:10:37.000+0000,Major,1,Improvement
TIKA-214,TIKA,2009-04-07T00:46:44.000+0000,2010-07-31T17:03:06.000+0000,Major,2,Bug
TIKA-358,TIKA,2010-01-06T22:34:20.000+0000,2010-08-02T08:46:30.000+0000,Major,2,Improvement
TIKA-474,TIKA,2010-08-06T14:42:24.000+0000,2010-08-09T14:49:50.000+0000,Major,3,Improvement
TIKA-476,TIKA,2010-08-09T16:50:05.000+0000,2010-08-09T18:05:51.000+0000,Major,3,Improvement
TIKA-475,TIKA,2010-08-09T11:36:11.000+0000,2010-08-11T21:30:34.000+0000,Major,4,Bug
TIKA-468,TIKA,2010-07-21T12:45:35.000+0000,2010-08-11T22:10:06.000+0000,Minor,1,Improvement
TIKA-477,TIKA,2010-08-12T13:41:11.000+0000,2010-08-12T14:13:19.000+0000,Minor,1,Improvement
TIKA-478,TIKA,2010-08-12T15:33:31.000+0000,2010-08-12T21:45:58.000+0000,Critical,5,Bug
TIKA-457,TIKA,2010-07-07T15:28:01.000+0000,2010-08-13T17:11:28.000+0000,Major,4,Bug
TIKA-479,TIKA,2010-08-14T04:40:07.000+0000,2010-08-14T04:44:34.000+0000,Minor,1,New Feature
TIKA-460,TIKA,2010-07-08T13:54:28.000+0000,2010-08-14T08:27:54.000+0000,Major,5,Bug
TIKA-480,TIKA,2010-08-16T20:55:16.000+0000,2010-08-16T21:20:58.000+0000,Major,1,Bug
TIKA-481,TIKA,2010-08-16T23:23:10.000+0000,2010-08-16T23:44:09.000+0000,Minor,1,Bug
TIKA-463,TIKA,2010-07-12T20:15:44.000+0000,2010-08-17T15:06:15.000+0000,Major,16,Bug
TIKA-483,TIKA,2010-08-17T14:17:47.000+0000,2010-08-18T08:46:03.000+0000,Major,2,Bug
TIKA-401,TIKA,2010-04-06T10:57:49.000+0000,2010-08-19T08:26:17.000+0000,Major,3,Bug
TIKA-473,TIKA,2010-08-05T13:41:28.000+0000,2010-08-24T14:17:27.000+0000,Major,2,Improvement
TIKA-495,TIKA,2010-08-24T00:42:09.000+0000,2010-08-25T09:39:07.000+0000,Major,3,Bug
TIKA-498,TIKA,2010-08-25T14:57:49.000+0000,2010-08-25T16:21:42.000+0000,Major,4,Bug
TIKA-499,TIKA,2010-08-25T16:17:15.000+0000,2010-08-25T16:29:34.000+0000,Trivial,1,Bug
TIKA-500,TIKA,2010-08-26T13:55:22.000+0000,2010-08-26T14:01:27.000+0000,Trivial,2,Improvement
TIKA-501,TIKA,2010-08-27T10:44:56.000+0000,2010-08-27T16:08:53.000+0000,Minor,1,Bug
TIKA-488,TIKA,2010-08-20T12:04:32.000+0000,2010-08-31T13:40:24.000+0000,Minor,16,Improvement
TIKA-504,TIKA,2010-09-03T13:44:39.000+0000,2010-09-03T17:03:01.000+0000,Minor,3,Improvement
TIKA-486,TIKA,2010-08-19T18:11:41.000+0000,2010-09-06T17:47:16.000+0000,Major,4,Improvement
TIKA-485,TIKA,2010-08-19T17:28:47.000+0000,2010-09-06T17:52:00.000+0000,Major,2,Improvement
TIKA-451,TIKA,2010-06-30T11:40:59.000+0000,2010-09-06T17:54:19.000+0000,Minor,19,Improvement
TIKA-512,TIKA,2010-09-12T01:06:21.000+0000,2010-09-12T02:39:21.000+0000,Minor,4,New Feature
TIKA-514,TIKA,2010-09-14T16:42:00.000+0000,2010-09-14T16:59:03.000+0000,Major,4,Improvement
TIKA-408,TIKA,2010-04-13T16:08:50.000+0000,2010-09-14T20:17:21.000+0000,Minor,8,Improvement
TIKA-506,TIKA,2010-09-07T15:55:44.000+0000,2010-09-25T13:35:17.000+0000,Major,17,Improvement
TIKA-385,TIKA,2010-02-27T05:46:36.000+0000,2010-09-25T13:38:35.000+0000,Major,5,Bug
TIKA-519,TIKA,2010-09-28T15:34:33.000+0000,2010-09-30T10:52:50.000+0000,Minor,5,New Feature
TIKA-520,TIKA,2010-09-30T00:42:17.000+0000,2010-09-30T11:19:23.000+0000,Major,2,Bug
TIKA-383,TIKA,2010-02-25T09:20:26.000+0000,2010-09-30T19:13:17.000+0000,Major,2,Improvement
TIKA-426,TIKA,2010-05-19T00:30:08.000+0000,2010-10-03T21:08:34.000+0000,Minor,1,Bug
TIKA-516,TIKA,2010-09-15T22:42:48.000+0000,2010-10-06T12:39:58.000+0000,Minor,3,Bug
TIKA-528,TIKA,2010-10-09T11:07:28.000+0000,2010-10-12T20:27:04.000+0000,Major,3,Improvement
TIKA-394,TIKA,2010-03-25T15:56:11.000+0000,2010-10-26T17:02:07.000+0000,Major,4,Bug
TIKA-407,TIKA,2010-04-13T04:04:06.000+0000,2010-10-31T01:41:24.000+0000,Blocker,9,Improvement
TIKA-515,TIKA,2010-09-15T03:13:44.000+0000,2010-10-31T01:54:16.000+0000,Major,3,Bug
TIKA-399,TIKA,2010-04-05T20:12:11.000+0000,2010-10-31T22:00:26.000+0000,Major,3,New Feature
TIKA-446,TIKA,2010-06-28T17:26:24.000+0000,2010-10-31T23:10:29.000+0000,Minor,6,Improvement
TIKA-490,TIKA,2010-08-21T11:50:26.000+0000,2010-11-01T05:21:17.000+0000,Major,19,Improvement
TIKA-503,TIKA,2010-09-02T10:55:50.000+0000,2010-11-01T06:14:54.000+0000,Major,3,New Feature
TIKA-373,TIKA,2010-01-26T16:36:43.000+0000,2010-11-01T22:50:25.000+0000,Major,9,Improvement
TIKA-542,TIKA,2010-11-04T12:32:47.000+0000,2010-11-04T14:39:49.000+0000,Major,1,Wish
TIKA-540,TIKA,2010-10-27T13:41:52.000+0000,2010-11-05T13:03:59.000+0000,Major,2,Improvement
TIKA-462,TIKA,2010-07-09T21:39:31.000+0000,2010-11-05T13:53:38.000+0000,Major,6,Bug
TIKA-543,TIKA,2010-11-04T13:46:29.000+0000,2010-11-06T23:46:30.000+0000,Blocker,3,Bug
TIKA-537,TIKA,2010-10-23T02:31:09.000+0000,2010-11-06T23:58:58.000+0000,Major,5,Improvement
TIKA-523,TIKA,2010-10-04T14:54:47.000+0000,2010-11-07T17:30:50.000+0000,Minor,2,Improvement
TIKA-510,TIKA,2010-09-09T11:18:52.000+0000,2010-11-09T11:21:46.000+0000,Minor,2,Improvement
TIKA-511,TIKA,2010-09-09T11:26:57.000+0000,2010-11-09T11:23:04.000+0000,Major,2,Bug
TIKA-549,TIKA,2010-11-12T11:50:15.000+0000,2010-11-12T12:06:25.000+0000,Major,1,Improvement
TIKA-550,TIKA,2010-11-12T12:15:35.000+0000,2010-11-12T12:32:14.000+0000,Major,1,Improvement
TIKA-553,TIKA,2010-11-12T20:01:42.000+0000,2010-11-12T21:27:18.000+0000,Major,1,Improvement
TIKA-548,TIKA,2010-11-11T19:38:04.000+0000,2010-11-18T18:11:59.000+0000,Major,9,Bug
TIKA-556,TIKA,2010-11-23T15:43:12.000+0000,2010-11-24T06:47:38.000+0000,Critical,7,Bug
TIKA-564,TIKA,2010-12-01T00:21:54.000+0000,2010-12-01T00:45:21.000+0000,Minor,2,Improvement
TIKA-560,TIKA,2010-11-25T19:11:06.000+0000,2010-12-01T07:35:04.000+0000,Major,9,Improvement
TIKA-562,TIKA,2010-11-30T23:05:58.000+0000,2010-12-01T08:57:05.000+0000,Major,3,Bug
TIKA-563,TIKA,2010-11-30T23:23:46.000+0000,2010-12-01T09:28:28.000+0000,Major,2,Bug
TIKA-555,TIKA,2010-11-23T02:10:27.000+0000,2010-12-01T09:41:05.000+0000,Minor,1,Bug
TIKA-566,TIKA,2010-12-05T11:48:58.000+0000,2010-12-05T12:38:55.000+0000,Minor,1,Improvement
TIKA-389,TIKA,2010-03-23T00:26:36.000+0000,2010-12-09T02:07:50.000+0000,Minor,4,Bug
TIKA-570,TIKA,2010-12-11T19:38:30.000+0000,2010-12-13T02:42:25.000+0000,Major,6,Bug
TIKA-571,TIKA,2010-12-13T15:10:59.000+0000,2010-12-14T00:38:23.000+0000,Major,1,Bug
TIKA-573,TIKA,2010-12-15T10:48:08.000+0000,2010-12-17T10:34:43.000+0000,Major,11,Improvement
TIKA-574,TIKA,2010-12-16T23:19:35.000+0000,2010-12-19T14:33:13.000+0000,Minor,3,Improvement
TIKA-569,TIKA,2010-12-09T15:51:21.000+0000,2011-01-03T18:14:58.000+0000,Major,4,Improvement
TIKA-580,TIKA,2011-01-03T13:14:55.000+0000,2011-01-06T14:52:40.000+0000,Major,1,Wish
TIKA-586,TIKA,2011-01-17T21:10:23.000+0000,2011-01-18T14:29:00.000+0000,Minor,2,Bug
TIKA-416,TIKA,2010-04-30T14:38:05.000+0000,2011-01-18T15:34:41.000+0000,Minor,4,New Feature
TIKA-567,TIKA,2010-12-05T13:18:31.000+0000,2011-01-19T12:41:38.000+0000,Major,8,Bug
TIKA-587,TIKA,2011-01-18T16:17:58.000+0000,2011-01-19T12:45:06.000+0000,Major,1,Bug
TIKA-585,TIKA,2011-01-17T14:47:13.000+0000,2011-01-19T12:53:33.000+0000,Minor,1,Bug
TIKA-578,TIKA,2010-12-22T17:32:02.000+0000,2011-01-19T14:03:47.000+0000,Major,1,Bug
TIKA-588,TIKA,2011-01-20T16:00:10.000+0000,2011-01-27T17:54:59.000+0000,Major,3,Bug
TIKA-422,TIKA,2010-05-10T08:52:15.000+0000,2011-02-01T16:16:42.000+0000,Major,16,Bug
TIKA-525,TIKA,2010-10-05T00:35:28.000+0000,2011-02-10T13:05:42.000+0000,Major,2,Bug
TIKA-533,TIKA,2010-10-17T22:22:19.000+0000,2011-02-10T13:07:10.000+0000,Major,10,Bug
TIKA-596,TIKA,2011-02-13T22:05:15.000+0000,2011-02-14T01:28:44.000+0000,Blocker,3,Bug
TIKA-604,TIKA,2011-02-21T18:41:05.000+0000,2011-02-21T19:19:02.000+0000,Major,1,Bug
TIKA-597,TIKA,2011-02-14T18:29:51.000+0000,2011-03-02T17:23:39.000+0000,Major,6,Bug
TIKA-606,TIKA,2011-02-23T13:32:04.000+0000,2011-03-04T16:09:00.000+0000,Major,3,Bug
TIKA-611,TIKA,2011-03-07T13:25:42.000+0000,2011-03-09T09:05:22.000+0000,Major,7,Bug
TIKA-609,TIKA,2011-03-02T01:51:47.000+0000,2011-03-09T15:32:42.000+0000,Major,1,Bug
TIKA-607,TIKA,2011-02-26T01:31:07.000+0000,2011-03-09T16:31:53.000+0000,Major,3,Bug
TIKA-600,TIKA,2011-02-20T02:17:47.000+0000,2011-03-09T17:16:28.000+0000,Minor,2,Bug
TIKA-601,TIKA,2011-02-20T02:39:52.000+0000,2011-03-09T17:30:20.000+0000,Trivial,2,Improvement
TIKA-602,TIKA,2011-02-20T02:46:55.000+0000,2011-03-09T17:32:57.000+0000,Trivial,2,Improvement
TIKA-599,TIKA,2011-02-19T23:28:24.000+0000,2011-03-09T18:21:04.000+0000,Major,2,Bug
TIKA-594,TIKA,2011-02-03T21:17:31.000+0000,2011-03-10T10:45:07.000+0000,Major,5,Bug
TIKA-614,TIKA,2011-03-10T15:25:55.000+0000,2011-03-10T16:15:19.000+0000,Minor,7,Improvement
TIKA-521,TIKA,2010-09-30T15:26:00.000+0000,2011-03-14T14:27:34.000+0000,Major,22,Bug
TIKA-618,TIKA,2011-03-16T03:03:28.000+0000,2011-03-16T10:28:00.000+0000,Major,3,Bug
TIKA-534,TIKA,2010-10-18T22:53:24.000+0000,2011-03-18T17:01:19.000+0000,Major,4,Bug
TIKA-592,TIKA,2011-02-01T10:35:27.000+0000,2011-03-18T23:17:23.000+0000,Major,5,Bug
TIKA-620,TIKA,2011-03-24T09:55:59.000+0000,2011-03-24T15:36:15.000+0000,Major,1,Improvement
TIKA-489,TIKA,2010-08-21T10:27:44.000+0000,2011-03-25T15:43:12.000+0000,Trivial,7,Improvement
TIKA-624,TIKA,2011-03-30T11:13:56.000+0000,2011-03-30T12:05:09.000+0000,Major,1,Task
TIKA-626,TIKA,2011-03-30T18:07:59.000+0000,2011-03-31T16:15:30.000+0000,Minor,4,Improvement
TIKA-629,TIKA,2011-03-31T21:01:59.000+0000,2011-03-31T21:50:25.000+0000,Minor,1,Improvement
TIKA-633,TIKA,2011-04-04T14:02:29.000+0000,2011-04-05T08:48:50.000+0000,Major,3,Bug
TIKA-615,TIKA,2011-03-14T15:18:55.000+0000,2011-04-11T11:50:59.000+0000,Major,3,New Feature
TIKA-639,TIKA,2011-04-12T11:51:20.000+0000,2011-04-12T12:53:03.000+0000,Major,1,Improvement
TIKA-625,TIKA,2011-03-30T16:30:28.000+0000,2011-04-13T16:48:33.000+0000,Minor,1,Improvement
TIKA-621,TIKA,2011-03-24T23:05:06.000+0000,2011-04-13T17:08:21.000+0000,Major,2,Bug
TIKA-461,TIKA,2010-07-08T14:43:13.000+0000,2011-04-13T17:43:21.000+0000,Major,26,New Feature
TIKA-644,TIKA,2011-04-20T14:20:26.000+0000,2011-04-20T14:59:29.000+0000,Minor,1,Bug
TIKA-649,TIKA,2011-04-27T14:32:17.000+0000,2011-04-28T02:47:59.000+0000,Major,4,Bug
TIKA-647,TIKA,2011-04-25T03:33:54.000+0000,2011-05-03T01:46:22.000+0000,Major,1,Bug
TIKA-213,TIKA,2009-03-26T13:06:55.000+0000,2011-05-03T07:03:06.000+0000,Minor,10,New Feature
TIKA-619,TIKA,2011-03-16T14:48:29.000+0000,2011-05-04T01:06:16.000+0000,Minor,5,Bug
TIKA-654,TIKA,2011-05-05T07:30:49.000+0000,2011-05-06T01:24:23.000+0000,Major,1,Bug
TIKA-655,TIKA,2011-05-06T02:51:45.000+0000,2011-05-06T03:44:44.000+0000,Major,1,Bug
TIKA-656,TIKA,2011-05-06T04:41:04.000+0000,2011-05-06T05:15:38.000+0000,Major,1,Bug
TIKA-652,TIKA,2011-05-03T05:16:17.000+0000,2011-05-06T06:31:05.000+0000,Major,1,Improvement
TIKA-438,TIKA,2010-06-13T16:29:41.000+0000,2011-05-06T06:31:32.000+0000,Minor,2,Improvement
TIKA-658,TIKA,2011-05-09T08:09:24.000+0000,2011-05-10T14:26:44.000+0000,Trivial,2,Task
TIKA-659,TIKA,2011-05-15T20:46:50.000+0000,2011-05-15T20:57:57.000+0000,Major,1,Bug
TIKA-646,TIKA,2011-04-22T12:38:42.000+0000,2011-05-15T21:17:53.000+0000,Major,2,Bug
TIKA-640,TIKA,2011-04-15T21:38:09.000+0000,2011-05-17T18:13:24.000+0000,Major,6,Wish
TIKA-650,TIKA,2011-05-01T05:55:01.000+0000,2011-05-17T18:40:59.000+0000,Major,3,Bug
TIKA-660,TIKA,2011-05-17T16:45:11.000+0000,2011-05-18T16:03:16.000+0000,Minor,1,Improvement
TIKA-661,TIKA,2011-05-18T11:49:12.000+0000,2011-05-18T18:06:06.000+0000,Major,3,Bug
TIKA-662,TIKA,2011-05-18T13:57:33.000+0000,2011-05-19T07:52:16.000+0000,Major,2,Improvement
TIKA-645,TIKA,2011-04-21T16:03:18.000+0000,2011-05-19T14:01:45.000+0000,Major,9,Bug
TIKA-572,TIKA,2010-12-15T02:48:39.000+0000,2011-05-19T17:32:02.000+0000,Major,1,Wish
TIKA-536,TIKA,2010-10-22T13:23:45.000+0000,2011-05-19T17:32:55.000+0000,Major,6,Improvement
TIKA-535,TIKA,2010-10-19T09:52:26.000+0000,2011-05-19T17:53:08.000+0000,Major,1,Task
TIKA-628,TIKA,2011-03-31T20:54:40.000+0000,2011-05-20T12:17:51.000+0000,Minor,3,Improvement
TIKA-635,TIKA,2011-04-07T09:07:12.000+0000,2011-05-20T14:46:37.000+0000,Minor,1,Improvement
TIKA-160,TIKA,2008-09-16T21:46:48.000+0000,2011-05-20T16:45:17.000+0000,Major,1,New Feature
TIKA-259,TIKA,2009-07-13T20:08:14.000+0000,2011-05-20T22:23:07.000+0000,Minor,2,Improvement
TIKA-251,TIKA,2009-06-24T21:22:53.000+0000,2011-05-20T22:33:15.000+0000,Minor,3,Bug
TIKA-153,TIKA,2008-07-30T08:45:02.000+0000,2011-05-20T22:58:31.000+0000,Minor,4,New Feature
TIKA-527,TIKA,2010-10-08T13:41:48.000+0000,2011-05-20T23:35:59.000+0000,Major,4,Improvement
TIKA-418,TIKA,2010-05-04T10:16:36.000+0000,2011-05-22T01:54:47.000+0000,Major,12,Bug
TIKA-148,TIKA,2008-07-10T15:54:15.000+0000,2011-05-22T01:57:27.000+0000,Minor,4,Improvement
TIKA-346,TIKA,2009-12-10T12:50:33.000+0000,2011-05-22T02:27:11.000+0000,Major,3,Bug
TIKA-665,TIKA,2011-05-22T13:21:47.000+0000,2011-05-23T16:28:27.000+0000,Major,2,Bug
TIKA-668,TIKA,2011-06-02T11:52:46.000+0000,2011-06-02T11:55:09.000+0000,Minor,1,Improvement
TIKA-245,TIKA,2009-06-12T14:45:11.000+0000,2011-06-07T15:49:47.000+0000,Minor,26,New Feature
TIKA-631,TIKA,2011-04-01T15:04:42.000+0000,2011-06-08T12:45:56.000+0000,Major,5,Improvement
TIKA-434,TIKA,2010-05-27T21:09:38.000+0000,2011-07-04T11:45:36.000+0000,Major,4,Bug
TIKA-678,TIKA,2011-06-20T13:06:46.000+0000,2011-07-15T14:16:27.000+0000,Major,1,Bug
TIKA-680,TIKA,2011-07-01T12:09:44.000+0000,2011-07-20T11:44:43.000+0000,Major,4,Bug
TIKA-664,TIKA,2011-05-20T14:22:09.000+0000,2011-07-20T14:35:35.000+0000,Minor,1,Improvement
TIKA-447,TIKA,2010-06-29T15:34:14.000+0000,2011-08-21T14:13:47.000+0000,Major,22,New Feature
TIKA-667,TIKA,2011-05-27T10:35:57.000+0000,2011-08-21T17:38:06.000+0000,Minor,2,Improvement
TIKA-693,TIKA,2011-08-22T11:39:04.000+0000,2011-08-22T11:43:35.000+0000,Minor,1,Bug
TIKA-701,TIKA,2011-08-31T13:02:17.000+0000,2011-09-01T15:31:00.000+0000,Major,5,Bug
TIKA-207,TIKA,2009-03-12T10:38:13.000+0000,2011-09-02T10:59:55.000+0000,Minor,7,Bug
TIKA-704,TIKA,2011-09-01T17:34:04.000+0000,2011-09-02T15:17:32.000+0000,Major,7,Bug
TIKA-702,TIKA,2011-09-01T10:11:19.000+0000,2011-09-02T16:41:15.000+0000,Major,1,Bug
TIKA-698,TIKA,2011-08-26T08:01:47.000+0000,2011-09-02T17:45:39.000+0000,Major,4,Bug
TIKA-710,TIKA,2011-09-09T08:44:48.000+0000,2011-09-09T09:17:41.000+0000,Minor,2,Improvement
TIKA-666,TIKA,2011-05-23T14:35:09.000+0000,2011-09-15T13:41:46.000+0000,Major,5,Bug
TIKA-683,TIKA,2011-07-15T14:22:34.000+0000,2011-09-15T16:43:04.000+0000,Major,26,Bug
TIKA-692,TIKA,2011-08-20T15:37:33.000+0000,2011-09-17T09:23:19.000+0000,Minor,18,Bug
TIKA-598,TIKA,2011-02-17T15:10:29.000+0000,2011-09-17T10:29:15.000+0000,Minor,1,Improvement
TIKA-688,TIKA,2011-08-09T18:56:10.000+0000,2011-09-17T11:51:48.000+0000,Minor,2,Improvement
TIKA-546,TIKA,2010-11-08T08:37:42.000+0000,2011-09-18T06:25:38.000+0000,Major,11,New Feature
TIKA-707,TIKA,2011-09-06T08:07:47.000+0000,2011-09-20T08:44:39.000+0000,Major,5,Bug
TIKA-708,TIKA,2011-09-06T08:11:23.000+0000,2011-09-20T08:44:55.000+0000,Major,4,Bug
TIKA-706,TIKA,2011-09-06T08:05:01.000+0000,2011-09-20T08:45:18.000+0000,Major,4,Bug
TIKA-716,TIKA,2011-09-16T15:20:25.000+0000,2011-09-20T23:03:57.000+0000,Minor,1,Wish
TIKA-726,TIKA,2011-09-21T09:25:03.000+0000,2011-09-21T09:40:32.000+0000,Major,0,Improvement
TIKA-508,TIKA,2010-09-08T01:14:25.000+0000,2011-09-22T18:09:22.000+0000,Minor,6,Improvement
TIKA-552,TIKA,2010-11-12T16:39:29.000+0000,2011-09-22T18:13:30.000+0000,Major,6,Improvement
TIKA-731,TIKA,2011-09-26T09:56:05.000+0000,2011-09-26T10:39:28.000+0000,Major,3,Bug
TIKA-732,TIKA,2011-09-26T15:52:50.000+0000,2011-09-26T15:56:45.000+0000,Minor,1,Improvement
TIKA-632,TIKA,2011-04-01T16:13:53.000+0000,2011-10-01T10:56:23.000+0000,Major,3,Bug
TIKA-720,TIKA,2011-09-19T16:29:07.000+0000,2011-10-01T16:24:43.000+0000,Minor,9,Bug
TIKA-717,TIKA,2011-09-17T13:07:26.000+0000,2011-10-03T10:54:53.000+0000,Major,2,Bug
TIKA-733,TIKA,2011-09-28T02:11:10.000+0000,2011-10-03T18:20:22.000+0000,Major,7,Bug
TIKA-711,TIKA,2011-09-09T16:40:14.000+0000,2011-10-03T18:26:11.000+0000,Major,4,Bug
TIKA-622,TIKA,2011-03-25T15:46:14.000+0000,2011-10-05T09:04:32.000+0000,Minor,3,Improvement
TIKA-742,TIKA,2011-10-04T10:30:45.000+0000,2011-10-05T10:43:54.000+0000,Major,2,Bug
TIKA-743,TIKA,2011-10-05T13:04:53.000+0000,2011-10-05T13:11:04.000+0000,Trivial,1,Improvement
TIKA-739,TIKA,2011-10-03T19:10:03.000+0000,2011-10-05T13:52:09.000+0000,Major,9,Bug
TIKA-741,TIKA,2011-10-04T01:16:14.000+0000,2011-10-05T15:14:05.000+0000,Minor,14,Bug
TIKA-699,TIKA,2011-08-26T10:21:44.000+0000,2011-10-05T16:59:05.000+0000,Major,3,Improvement
TIKA-744,TIKA,2011-10-05T17:06:34.000+0000,2011-10-05T17:08:48.000+0000,Minor,1,Improvement
TIKA-745,TIKA,2011-10-06T15:31:33.000+0000,2011-10-06T15:32:57.000+0000,Major,1,Improvement
TIKA-396,TIKA,2010-03-27T13:20:34.000+0000,2011-10-07T08:21:22.000+0000,Major,5,Improvement
TIKA-448,TIKA,2010-06-29T17:23:07.000+0000,2011-10-07T08:53:04.000+0000,Major,4,Bug
TIKA-487,TIKA,2010-08-19T18:28:29.000+0000,2011-10-07T08:57:12.000+0000,Major,4,Improvement
TIKA-429,TIKA,2010-05-19T20:32:06.000+0000,2011-10-07T08:58:53.000+0000,Minor,3,Bug
TIKA-581,TIKA,2011-01-03T22:56:55.000+0000,2011-10-07T09:07:37.000+0000,Major,3,Bug
TIKA-509,TIKA,2010-09-08T13:48:37.000+0000,2011-10-07T09:09:27.000+0000,Minor,12,New Feature
TIKA-749,TIKA,2011-10-07T20:50:33.000+0000,2011-10-07T21:05:45.000+0000,Major,1,Improvement
TIKA-748,TIKA,2011-10-07T17:48:22.000+0000,2011-10-10T18:15:12.000+0000,Major,4,Bug
TIKA-750,TIKA,2011-10-09T04:50:59.000+0000,2011-10-10T21:40:16.000+0000,Trivial,1,Improvement
TIKA-575,TIKA,2010-12-18T12:49:04.000+0000,2011-10-10T22:09:31.000+0000,Major,1,Bug
TIKA-670,TIKA,2011-06-03T05:22:37.000+0000,2011-10-10T22:16:20.000+0000,Minor,1,Bug
TIKA-681,TIKA,2011-07-05T13:10:52.000+0000,2011-10-10T22:26:45.000+0000,Minor,2,Improvement
TIKA-751,TIKA,2011-10-12T12:55:00.000+0000,2011-10-12T19:19:17.000+0000,Major,1,Improvement
TIKA-752,TIKA,2011-10-13T15:26:12.000+0000,2011-10-13T19:14:03.000+0000,Minor,1,Bug
TIKA-657,TIKA,2011-05-07T22:45:04.000+0000,2011-10-14T13:37:42.000+0000,Major,7,Bug
TIKA-755,TIKA,2011-10-18T10:56:07.000+0000,2011-10-18T20:59:04.000+0000,Major,2,Improvement
TIKA-753,TIKA,2011-10-14T18:27:13.000+0000,2011-10-20T12:37:00.000+0000,Major,6,Improvement
TIKA-705,TIKA,2011-09-05T14:12:37.000+0000,2011-10-20T12:43:19.000+0000,Major,9,Bug
TIKA-724,TIKA,2011-09-19T18:02:22.000+0000,2011-10-20T12:56:05.000+0000,Major,6,Bug
TIKA-746,TIKA,2011-10-06T20:27:47.000+0000,2011-10-26T10:54:42.000+0000,Major,3,Improvement
TIKA-582,TIKA,2011-01-04T20:08:12.000+0000,2011-10-26T14:39:26.000+0000,Minor,8,New Feature
TIKA-703,TIKA,2011-09-01T11:32:32.000+0000,2011-10-27T16:25:13.000+0000,Blocker,2,Improvement
TIKA-761,TIKA,2011-10-24T13:16:10.000+0000,2011-10-28T16:09:10.000+0000,Minor,22,New Feature
TIKA-736,TIKA,2011-10-01T10:32:15.000+0000,2011-10-28T18:03:41.000+0000,Major,10,Bug
TIKA-565,TIKA,2010-12-02T10:35:30.000+0000,2011-10-31T21:48:01.000+0000,Major,6,Improvement
TIKA-763,TIKA,2011-10-28T16:56:13.000+0000,2011-11-01T15:21:35.000+0000,Blocker,2,Improvement
TIKA-769,TIKA,2011-11-02T10:09:51.000+0000,2011-11-02T13:01:23.000+0000,Minor,1,Improvement
TIKA-764,TIKA,2011-10-29T02:19:28.000+0000,2011-11-02T13:08:17.000+0000,Minor,2,Improvement
TIKA-767,TIKA,2011-11-01T22:55:36.000+0000,2011-11-04T16:28:51.000+0000,Minor,1,Improvement
TIKA-679,TIKA,2011-06-22T16:44:16.000+0000,2011-11-08T18:17:57.000+0000,Minor,11,Improvement
TIKA-529,TIKA,2010-10-12T01:00:10.000+0000,2011-11-08T19:07:39.000+0000,Minor,6,Bug
TIKA-777,TIKA,2011-11-08T16:47:02.000+0000,2011-11-08T23:22:28.000+0000,Major,1,Bug
TIKA-780,TIKA,2011-11-10T16:52:11.000+0000,2011-11-11T12:30:00.000+0000,Major,1,Improvement
TIKA-781,TIKA,2011-11-11T15:31:46.000+0000,2011-11-11T18:27:42.000+0000,Minor,1,Bug
TIKA-779,TIKA,2011-11-10T13:37:39.000+0000,2011-11-15T09:42:50.000+0000,Major,3,Test
TIKA-612,TIKA,2011-03-09T09:02:51.000+0000,2011-11-17T17:25:01.000+0000,Minor,11,New Feature
TIKA-782,TIKA,2011-11-11T20:09:23.000+0000,2011-11-17T20:34:25.000+0000,Major,12,Improvement
TIKA-785,TIKA,2011-11-21T01:02:23.000+0000,2011-11-21T01:04:58.000+0000,Major,1,New Feature
TIKA-784,TIKA,2011-11-18T12:36:03.000+0000,2011-11-21T01:25:48.000+0000,Major,4,Improvement
TIKA-786,TIKA,2011-11-21T02:42:11.000+0000,2011-11-21T13:16:06.000+0000,Minor,8,Bug
TIKA-787,TIKA,2011-11-23T13:22:26.000+0000,2011-11-23T14:11:42.000+0000,Minor,0,Bug
TIKA-789,TIKA,2011-11-25T14:17:48.000+0000,2011-11-25T15:29:25.000+0000,Major,3,New Feature
TIKA-738,TIKA,2011-10-03T10:54:07.000+0000,2011-11-26T19:54:36.000+0000,Major,7,Bug
TIKA-778,TIKA,2011-11-09T13:03:10.000+0000,2011-11-26T19:57:41.000+0000,Major,2,Bug
TIKA-697,TIKA,2011-08-23T18:16:04.000+0000,2011-11-27T22:59:21.000+0000,Trivial,7,Bug
TIKA-794,TIKA,2011-11-28T00:25:32.000+0000,2011-11-28T00:27:40.000+0000,Major,1,Bug
TIKA-790,TIKA,2011-11-25T14:43:12.000+0000,2011-11-28T13:59:55.000+0000,Major,2,Improvement
TIKA-797,TIKA,2011-12-02T12:07:25.000+0000,2011-12-02T12:18:19.000+0000,Major,2,Wish
TIKA-410,TIKA,2010-04-14T15:19:41.000+0000,2011-12-05T03:45:20.000+0000,Minor,4,Improvement
TIKA-800,TIKA,2011-12-05T11:23:52.000+0000,2011-12-06T01:14:06.000+0000,Major,5,Bug
TIKA-801,TIKA,2011-12-05T12:36:26.000+0000,2011-12-09T18:49:17.000+0000,Major,9,Bug
TIKA-809,TIKA,2011-12-12T02:56:12.000+0000,2011-12-12T03:10:13.000+0000,Major,3,Bug
TIKA-803,TIKA,2011-12-08T08:58:09.000+0000,2011-12-13T04:14:45.000+0000,Major,1,Improvement
TIKA-798,TIKA,2011-12-02T13:42:33.000+0000,2011-12-13T16:21:39.000+0000,Major,3,Improvement
TIKA-791,TIKA,2011-11-25T15:46:59.000+0000,2011-12-14T13:23:14.000+0000,Major,7,Improvement
TIKA-812,TIKA,2011-12-13T16:21:19.000+0000,2011-12-19T11:18:40.000+0000,Major,4,Improvement
TIKA-813,TIKA,2011-12-13T18:10:35.000+0000,2011-12-19T11:28:13.000+0000,Major,4,Improvement
TIKA-814,TIKA,2011-12-13T20:32:13.000+0000,2011-12-19T11:40:41.000+0000,Major,2,Improvement
TIKA-423,TIKA,2010-05-17T03:03:40.000+0000,2011-12-20T06:24:55.000+0000,Major,7,Bug
TIKA-822,TIKA,2011-12-20T18:42:48.000+0000,2011-12-21T03:03:54.000+0000,Major,4,Bug
TIKA-823,TIKA,2011-12-20T23:06:56.000+0000,2011-12-21T12:01:42.000+0000,Major,4,Improvement
TIKA-828,TIKA,2011-12-23T11:26:37.000+0000,2011-12-23T22:54:27.000+0000,Major,2,Bug
TIKA-808,TIKA,2011-12-12T02:13:39.000+0000,2011-12-23T23:34:37.000+0000,Major,3,Bug
TIKA-829,TIKA,2011-12-23T11:28:45.000+0000,2011-12-26T04:05:39.000+0000,Trivial,1,Bug
TIKA-831,TIKA,2011-12-23T12:08:35.000+0000,2011-12-27T02:46:14.000+0000,Blocker,3,Bug
TIKA-793,TIKA,2011-11-27T08:45:52.000+0000,2011-12-29T09:12:19.000+0000,Minor,6,Bug
TIKA-526,TIKA,2010-10-05T03:59:23.000+0000,2012-01-02T06:16:43.000+0000,Major,4,Bug
TIKA-824,TIKA,2011-12-21T13:48:16.000+0000,2012-01-03T04:20:07.000+0000,Minor,2,Improvement
TIKA-826,TIKA,2011-12-22T04:14:25.000+0000,2012-01-03T05:13:31.000+0000,Major,5,Bug
TIKA-837,TIKA,2012-01-01T15:50:34.000+0000,2012-01-03T05:23:40.000+0000,Major,1,Sub-task
TIKA-838,TIKA,2012-01-01T16:04:30.000+0000,2012-01-03T18:11:13.000+0000,Major,3,Sub-task
TIKA-695,TIKA,2011-08-23T07:27:36.000+0000,2012-01-12T15:00:51.000+0000,Minor,4,Bug
TIKA-840,TIKA,2012-01-12T14:58:02.000+0000,2012-01-13T15:02:51.000+0000,Major,1,Improvement
TIKA-805,TIKA,2011-12-09T14:47:06.000+0000,2012-01-16T10:40:49.000+0000,Major,4,Improvement
TIKA-87,TIKA,2007-10-22T21:38:52.000+0000,2012-01-16T12:28:14.000+0000,Major,3,Improvement
TIKA-841,TIKA,2012-01-16T12:18:54.000+0000,2012-01-18T14:27:38.000+0000,Major,2,Improvement
TIKA-844,TIKA,2012-01-16T19:03:36.000+0000,2012-01-23T15:46:43.000+0000,Minor,4,Improvement
TIKA-846,TIKA,2012-01-16T19:39:25.000+0000,2012-01-23T15:48:11.000+0000,Major,3,Improvement
TIKA-843,TIKA,2012-01-16T18:59:18.000+0000,2012-01-23T15:48:42.000+0000,Minor,6,Improvement
TIKA-845,TIKA,2012-01-16T19:15:44.000+0000,2012-01-23T16:08:25.000+0000,Major,3,Improvement
TIKA-839,TIKA,2012-01-11T03:32:46.000+0000,2012-01-24T12:57:46.000+0000,Major,2,Bug
TIKA-760,TIKA,2011-10-21T14:05:28.000+0000,2012-01-24T14:49:44.000+0000,Major,3,Bug
TIKA-643,TIKA,2011-04-20T07:43:34.000+0000,2012-01-24T14:51:11.000+0000,Major,4,Bug
TIKA-616,TIKA,2011-03-16T02:44:10.000+0000,2012-01-24T14:53:59.000+0000,Major,3,Bug
TIKA-851,TIKA,2012-01-27T13:10:14.000+0000,2012-01-27T14:53:41.000+0000,Major,10,Bug
TIKA-854,TIKA,2012-01-31T14:20:34.000+0000,2012-01-31T14:39:24.000+0000,Major,2,Bug
TIKA-857,TIKA,2012-02-02T15:04:29.000+0000,2012-02-07T19:17:25.000+0000,Major,3,Improvement
TIKA-818,TIKA,2011-12-19T18:24:00.000+0000,2012-02-10T14:21:12.000+0000,Major,8,Improvement
TIKA-850,TIKA,2012-01-24T14:40:05.000+0000,2012-02-16T11:21:22.000+0000,Major,5,Improvement
TIKA-866,TIKA,2012-02-17T12:37:26.000+0000,2012-02-17T13:42:33.000+0000,Minor,5,Bug
TIKA-864,TIKA,2012-02-17T01:12:30.000+0000,2012-02-17T15:10:44.000+0000,Major,7,Improvement
TIKA-870,TIKA,2012-03-07T19:43:20.000+0000,2012-03-11T17:32:38.000+0000,Major,3,Improvement
TIKA-874,TIKA,2012-03-12T10:59:10.000+0000,2012-03-12T15:08:08.000+0000,Minor,10,Improvement
TIKA-875,TIKA,2012-03-13T09:42:13.000+0000,2012-03-13T14:00:05.000+0000,Major,3,Bug
TIKA-877,TIKA,2012-03-18T20:58:45.000+0000,2012-03-21T11:42:26.000+0000,Blocker,12,Bug
TIKA-873,TIKA,2012-03-09T19:13:33.000+0000,2012-03-21T12:31:09.000+0000,Major,8,Bug
TIKA-882,TIKA,2012-03-22T14:41:49.000+0000,2012-03-22T14:45:14.000+0000,Minor,0,Bug
TIKA-883,TIKA,2012-03-23T11:48:44.000+0000,2012-03-23T12:09:39.000+0000,Major,0,Improvement
TIKA-884,TIKA,2012-03-27T15:46:55.000+0000,2012-03-27T17:32:45.000+0000,Major,1,Improvement
TIKA-886,TIKA,2012-03-28T15:23:14.000+0000,2012-03-28T15:27:12.000+0000,Major,2,Bug
TIKA-816,TIKA,2011-12-19T15:57:13.000+0000,2012-04-03T16:04:08.000+0000,Major,5,Bug
TIKA-700,TIKA,2011-08-30T14:58:35.000+0000,2012-04-03T16:05:34.000+0000,Minor,4,Improvement
TIKA-593,TIKA,2011-02-01T18:39:12.000+0000,2012-04-04T10:00:06.000+0000,Major,46,New Feature
TIKA-890,TIKA,2012-04-05T13:15:16.000+0000,2012-04-05T13:40:07.000+0000,Major,1,Improvement
TIKA-896,TIKA,2012-04-19T10:12:40.000+0000,2012-04-19T12:43:50.000+0000,Major,3,Improvement
TIKA-901,TIKA,2012-04-24T23:01:26.000+0000,2012-04-26T23:17:57.000+0000,Trivial,11,New Feature
TIKA-861,TIKA,2012-02-14T01:17:15.000+0000,2012-04-27T14:01:25.000+0000,Minor,5,New Feature
TIKA-907,TIKA,2012-04-27T17:25:39.000+0000,2012-04-27T23:56:45.000+0000,Major,3,Improvement
TIKA-913,TIKA,2012-05-07T13:23:22.000+0000,2012-05-10T11:52:54.000+0000,Major,2,Bug
TIKA-853,TIKA,2012-01-30T04:00:38.000+0000,2012-05-13T03:49:46.000+0000,Major,14,Bug
TIKA-931,TIKA,2012-05-05T10:40:58.000+0000,2012-05-16T16:34:05.000+0000,Major,3,New Feature
TIKA-926,TIKA,2012-05-16T20:38:41.000+0000,2012-05-16T20:42:58.000+0000,Major,3,Improvement
TIKA-927,TIKA,2012-05-16T21:23:56.000+0000,2012-05-16T21:43:14.000+0000,Major,2,Improvement
TIKA-830,TIKA,2011-12-23T11:42:10.000+0000,2012-05-16T21:47:30.000+0000,Blocker,9,Bug
TIKA-360,TIKA,2010-01-08T16:43:31.000+0000,2012-05-16T21:54:22.000+0000,Major,4,Improvement
TIKA-916,TIKA,2012-05-09T14:23:04.000+0000,2012-05-16T22:05:50.000+0000,Major,3,Bug
TIKA-859,TIKA,2012-02-02T23:03:04.000+0000,2012-05-17T20:36:47.000+0000,Major,4,Improvement
TIKA-842,TIKA,2012-01-16T18:45:02.000+0000,2012-05-17T20:36:55.000+0000,Major,16,Improvement
TIKA-904,TIKA,2012-04-27T16:46:41.000+0000,2012-05-18T09:53:08.000+0000,Major,4,Improvement
TIKA-910,TIKA,2012-05-01T19:45:20.000+0000,2012-05-18T09:53:42.000+0000,Major,5,Bug
TIKA-924,TIKA,2012-05-15T20:13:17.000+0000,2012-05-21T18:03:17.000+0000,Minor,1,Bug
TIKA-923,TIKA,2012-05-15T19:46:05.000+0000,2012-05-25T18:14:12.000+0000,Critical,6,Bug
TIKA-935,TIKA,2012-05-28T02:37:36.000+0000,2012-05-28T04:18:44.000+0000,Major,4,Bug
TIKA-939,TIKA,2012-06-13T15:04:15.000+0000,2012-06-13T15:36:59.000+0000,Minor,1,Bug
TIKA-940,TIKA,2012-06-21T08:17:09.000+0000,2012-06-21T17:19:47.000+0000,Minor,1,Improvement
TIKA-932,TIKA,2012-05-23T14:57:02.000+0000,2012-06-29T21:21:16.000+0000,Minor,4,Improvement
TIKA-929,TIKA,2012-05-17T16:17:15.000+0000,2012-06-30T11:40:05.000+0000,Major,4,Improvement
TIKA-943,TIKA,2012-06-26T22:50:12.000+0000,2012-06-30T11:53:40.000+0000,Major,1,New Feature
TIKA-934,TIKA,2012-05-24T21:25:57.000+0000,2012-06-30T12:15:11.000+0000,Critical,2,Bug
TIKA-876,TIKA,2012-03-14T21:24:02.000+0000,2012-06-30T13:02:20.000+0000,Major,9,New Feature
TIKA-908,TIKA,2012-04-30T12:10:47.000+0000,2012-06-30T13:23:16.000+0000,Major,3,Improvement
TIKA-900,TIKA,2012-04-23T14:03:25.000+0000,2012-06-30T13:29:25.000+0000,Minor,5,Bug
TIKA-747,TIKA,2011-10-06T21:16:01.000+0000,2012-06-30T14:16:11.000+0000,Minor,7,Improvement
TIKA-810,TIKA,2011-12-12T19:27:45.000+0000,2012-06-30T15:05:46.000+0000,Minor,6,Improvement
TIKA-827,TIKA,2011-12-23T11:02:51.000+0000,2012-06-30T15:17:11.000+0000,Major,4,Bug
TIKA-834,TIKA,2011-12-28T22:50:50.000+0000,2012-06-30T15:33:07.000+0000,Major,1,Bug
TIKA-507,TIKA,2010-09-07T22:06:10.000+0000,2012-06-30T15:40:33.000+0000,Major,9,New Feature
TIKA-847,TIKA,2012-01-17T11:06:46.000+0000,2012-06-30T15:57:14.000+0000,Major,5,New Feature
TIKA-832,TIKA,2011-12-23T13:35:05.000+0000,2012-06-30T16:31:27.000+0000,Minor,6,Improvement
TIKA-863,TIKA,2012-02-17T00:09:02.000+0000,2012-06-30T17:40:53.000+0000,Major,8,Bug
TIKA-757,TIKA,2011-10-20T12:36:06.000+0000,2012-07-01T21:23:32.000+0000,Major,6,Improvement
TIKA-947,TIKA,2012-07-02T18:39:18.000+0000,2012-07-02T18:58:31.000+0000,Major,1,Bug
TIKA-930,TIKA,2012-05-22T01:56:10.000+0000,2012-07-03T03:24:01.000+0000,Major,7,Improvement
TIKA-949,TIKA,2012-07-04T15:03:14.000+0000,2012-07-04T15:08:18.000+0000,Major,1,Improvement
TIKA-951,TIKA,2012-07-06T21:15:49.000+0000,2012-07-06T21:28:09.000+0000,Major,1,Improvement
TIKA-561,TIKA,2010-11-25T19:34:23.000+0000,2012-07-07T16:05:28.000+0000,Major,2,Improvement
TIKA-322,TIKA,2009-11-13T04:10:50.000+0000,2012-07-07T19:45:25.000+0000,Minor,4,Improvement
TIKA-482,TIKA,2010-08-17T08:15:21.000+0000,2012-07-07T19:47:04.000+0000,Major,17,Improvement
TIKA-471,TIKA,2010-07-24T01:36:25.000+0000,2012-07-08T12:05:56.000+0000,Minor,2,Improvement
TIKA-502,TIKA,2010-09-01T17:50:30.000+0000,2012-07-08T14:07:56.000+0000,Minor,2,Improvement
TIKA-431,TIKA,2010-05-21T17:57:20.000+0000,2012-07-08T22:47:29.000+0000,Major,17,Bug
TIKA-906,TIKA,2012-04-27T17:09:07.000+0000,2012-07-08T22:50:07.000+0000,Major,10,Improvement
TIKA-892,TIKA,2012-04-11T13:49:36.000+0000,2012-07-08T23:27:52.000+0000,Major,2,Improvement
TIKA-945,TIKA,2012-07-01T21:02:13.000+0000,2012-07-10T17:40:23.000+0000,Critical,2,Bug
TIKA-957,TIKA,2012-07-18T22:38:05.000+0000,2012-07-18T22:39:23.000+0000,Major,1,Improvement
TIKA-811,TIKA,2011-12-13T09:53:02.000+0000,2012-07-30T12:33:11.000+0000,Major,10,Bug
TIKA-915,TIKA,2012-05-08T14:51:59.000+0000,2012-07-30T18:19:45.000+0000,Major,16,Bug
TIKA-965,TIKA,2012-07-31T11:48:48.000+0000,2012-08-01T13:46:44.000+0000,Major,10,Bug
TIKA-709,TIKA,2011-09-07T16:02:39.000+0000,2012-08-02T09:32:51.000+0000,Major,4,Bug
TIKA-969,TIKA,2012-08-03T12:04:54.000+0000,2012-08-03T12:33:44.000+0000,Major,6,Bug
TIKA-970,TIKA,2012-08-03T13:19:11.000+0000,2012-08-05T14:45:20.000+0000,Minor,8,New Feature
TIKA-966,TIKA,2012-07-31T14:08:35.000+0000,2012-08-05T17:14:23.000+0000,Major,12,Bug
TIKA-968,TIKA,2012-08-02T17:41:13.000+0000,2012-08-05T17:57:23.000+0000,Major,3,Bug
TIKA-956,TIKA,2012-07-17T15:01:37.000+0000,2012-08-07T21:42:08.000+0000,Major,6,Improvement
TIKA-948,TIKA,2012-07-03T23:31:58.000+0000,2012-08-09T17:42:15.000+0000,Minor,10,Bug
TIKA-869,TIKA,2012-03-07T19:27:31.000+0000,2012-08-09T21:55:03.000+0000,Major,1,Bug
TIKA-771,TIKA,2011-11-03T15:08:30.000+0000,2012-08-13T17:55:10.000+0000,Minor,3,Bug
TIKA-975,TIKA,2012-08-15T13:29:48.000+0000,2012-08-22T18:53:03.000+0000,Minor,3,Improvement
TIKA-983,TIKA,2012-08-27T22:06:06.000+0000,2012-08-27T22:26:15.000+0000,Minor,1,Improvement
TIKA-981,TIKA,2012-08-27T13:02:26.000+0000,2012-09-02T12:59:08.000+0000,Minor,1,Bug
TIKA-986,TIKA,2012-08-30T16:21:48.000+0000,2012-09-02T14:10:23.000+0000,Major,2,Bug
TIKA-982,TIKA,2012-08-27T13:20:05.000+0000,2012-09-02T14:10:31.000+0000,Minor,1,Bug
TIKA-920,TIKA,2012-05-15T19:25:57.000+0000,2012-09-11T15:03:06.000+0000,Major,4,Bug
TIKA-989,TIKA,2012-09-02T15:12:49.000+0000,2012-09-11T15:19:59.000+0000,Major,2,Improvement
TIKA-999,TIKA,2012-09-26T10:49:57.000+0000,2012-09-26T14:49:45.000+0000,Major,1,Bug
TIKA-997,TIKA,2012-09-22T18:07:00.000+0000,2012-09-28T12:47:36.000+0000,Major,1,Improvement
TIKA-1006,TIKA,2012-10-12T11:37:08.000+0000,2012-10-12T17:24:13.000+0000,Minor,3,Bug
TIKA-1005,TIKA,2012-10-11T14:27:15.000+0000,2012-10-16T11:18:21.000+0000,Major,4,Bug
TIKA-1011,TIKA,2012-10-25T23:18:18.000+0000,2012-10-26T21:07:26.000+0000,Major,0,Bug
TIKA-984,TIKA,2012-08-28T11:49:41.000+0000,2012-10-29T01:17:24.000+0000,Minor,2,Bug
TIKA-355,TIKA,2009-12-16T02:51:34.000+0000,2012-10-30T18:24:20.000+0000,Major,1,Bug
TIKA-925,TIKA,2012-05-16T16:04:05.000+0000,2012-10-30T18:28:15.000+0000,Major,3,Improvement
TIKA-1015,TIKA,2012-10-30T14:23:00.000+0000,2012-10-31T15:07:36.000+0000,Major,1,Bug
TIKA-1016,TIKA,2012-11-05T18:31:48.000+0000,2012-11-05T21:37:59.000+0000,Major,2,Bug
TIKA-799,TIKA,2011-12-03T02:26:35.000+0000,2012-11-07T13:00:13.000+0000,Major,2,Improvement
TIKA-1009,TIKA,2012-10-17T12:17:20.000+0000,2012-11-07T15:06:57.000+0000,Minor,2,Improvement
TIKA-1019,TIKA,2012-11-07T16:20:45.000+0000,2012-11-12T11:29:44.000+0000,Major,2,Bug
TIKA-1024,TIKA,2012-11-13T14:41:50.000+0000,2012-11-18T15:53:46.000+0000,Major,1,Bug
TIKA-1025,TIKA,2012-11-13T19:05:22.000+0000,2012-11-18T16:11:42.000+0000,Major,1,Bug
TIKA-1026,TIKA,2012-11-19T09:54:49.000+0000,2012-11-19T10:31:35.000+0000,Major,1,Improvement
TIKA-1027,TIKA,2012-11-19T14:22:19.000+0000,2012-11-19T15:25:45.000+0000,Minor,3,Improvement
TIKA-1031,TIKA,2012-11-26T13:27:49.000+0000,2012-12-01T17:53:39.000+0000,Major,1,Bug
TIKA-1032,TIKA,2012-11-26T19:11:51.000+0000,2012-12-01T17:57:13.000+0000,Major,0,Bug
TIKA-1035,TIKA,2012-11-30T12:42:39.000+0000,2012-12-01T18:05:37.000+0000,Major,1,Bug
TIKA-1036,TIKA,2012-11-30T18:52:45.000+0000,2012-12-01T18:07:23.000+0000,Major,1,Improvement
TIKA-1042,TIKA,2012-12-11T23:20:54.000+0000,2012-12-11T23:31:03.000+0000,Major,1,Bug
TIKA-1041,TIKA,2012-12-11T22:47:12.000+0000,2012-12-13T08:47:52.000+0000,Major,6,Bug
TIKA-990,TIKA,2012-09-03T20:17:22.000+0000,2012-12-13T22:38:49.000+0000,Major,2,Bug
TIKA-1044,TIKA,2012-12-13T15:24:52.000+0000,2012-12-14T03:09:35.000+0000,Trivial,2,Bug
TIKA-976,TIKA,2012-08-22T11:24:00.000+0000,2012-12-17T04:22:47.000+0000,Major,5,Improvement
TIKA-725,TIKA,2011-09-20T09:20:58.000+0000,2012-12-19T02:59:36.000+0000,Minor,6,Bug
TIKA-895,TIKA,2012-04-19T09:35:12.000+0000,2012-12-19T03:05:09.000+0000,Trivial,4,Bug
TIKA-1049,TIKA,2012-12-27T01:05:19.000+0000,2012-12-27T16:57:06.000+0000,Minor,3,Bug
TIKA-1048,TIKA,2012-12-20T11:03:24.000+0000,2013-01-06T23:49:05.000+0000,Major,2,Bug
TIKA-1013,TIKA,2012-10-30T00:52:45.000+0000,2013-01-08T23:00:12.000+0000,Minor,2,New Feature
TIKA-962,TIKA,2012-07-30T18:57:33.000+0000,2013-01-09T01:59:28.000+0000,Critical,2,Bug
TIKA-963,TIKA,2012-07-30T19:39:42.000+0000,2013-01-09T01:59:47.000+0000,Critical,2,Bug
TIKA-1055,TIKA,2013-01-08T16:22:12.000+0000,2013-01-10T12:11:59.000+0000,Minor,4,Wish
TIKA-1052,TIKA,2013-01-04T20:24:08.000+0000,2013-01-10T12:21:20.000+0000,Minor,6,Improvement
TIKA-1021,TIKA,2012-11-09T10:44:14.000+0000,2013-01-10T15:30:04.000+0000,Major,7,Bug
TIKA-958,TIKA,2012-07-19T15:48:53.000+0000,2013-01-10T15:43:04.000+0000,Minor,2,Bug
TIKA-1056,TIKA,2013-01-11T13:53:52.000+0000,2013-01-16T19:17:00.000+0000,Trivial,1,Wish
TIKA-1058,TIKA,2013-01-18T16:19:29.000+0000,2013-01-18T16:38:03.000+0000,Minor,1,Bug
TIKA-775,TIKA,2011-11-08T02:31:51.000+0000,2013-01-18T22:29:13.000+0000,Major,22,Improvement
TIKA-1060,TIKA,2013-01-21T06:56:31.000+0000,2013-01-21T07:14:37.000+0000,Minor,1,Improvement
TIKA-1062,TIKA,2013-01-23T15:45:36.000+0000,2013-01-23T21:39:26.000+0000,Minor,10,Improvement
TIKA-1047,TIKA,2012-12-19T18:55:52.000+0000,2013-01-27T19:19:41.000+0000,Critical,19,Wish
TIKA-1065,TIKA,2013-01-28T16:37:15.000+0000,2013-01-28T17:05:06.000+0000,Major,1,Improvement
TIKA-1012,TIKA,2012-10-30T00:24:32.000+0000,2013-02-04T16:37:54.000+0000,Minor,6,New Feature
TIKA-1061,TIKA,2013-01-21T11:31:53.000+0000,2013-02-04T17:06:26.000+0000,Minor,1,Bug
TIKA-1053,TIKA,2013-01-07T13:56:04.000+0000,2013-02-07T15:41:34.000+0000,Major,9,Improvement
TIKA-1081,TIKA,2013-02-09T14:18:52.000+0000,2013-02-09T18:25:17.000+0000,Trivial,3,Bug
TIKA-1084,TIKA,2013-02-12T23:24:08.000+0000,2013-02-13T14:43:14.000+0000,Trivial,2,Improvement
TIKA-1083,TIKA,2013-02-12T23:04:52.000+0000,2013-02-13T14:48:03.000+0000,Trivial,2,Improvement
TIKA-1087,TIKA,2013-02-19T21:26:58.000+0000,2013-02-20T13:28:26.000+0000,Minor,1,Improvement
TIKA-1074,TIKA,2013-02-04T14:53:40.000+0000,2013-02-21T21:38:54.000+0000,Major,15,Improvement
TIKA-1090,TIKA,2013-02-27T20:34:17.000+0000,2013-02-27T23:01:55.000+0000,Minor,2,Improvement
TIKA-1096,TIKA,2013-03-23T00:04:12.000+0000,2013-03-23T01:46:24.000+0000,Minor,3,Improvement
TIKA-1099,TIKA,2013-03-28T12:20:31.000+0000,2013-03-29T17:16:51.000+0000,Minor,4,Improvement
TIKA-1104,TIKA,2013-04-11T06:58:46.000+0000,2013-04-11T07:12:13.000+0000,Trivial,1,Task
TIKA-1014,TIKA,2012-10-30T06:01:31.000+0000,2013-04-29T14:20:28.000+0000,Minor,12,New Feature
TIKA-1115,TIKA,2013-04-26T22:52:57.000+0000,2013-05-01T17:44:59.000+0000,Major,4,Bug
TIKA-992,TIKA,2012-09-04T16:29:12.000+0000,2013-05-14T09:02:50.000+0000,Minor,8,Bug
TIKA-1123,TIKA,2013-05-22T07:50:06.000+0000,2013-05-25T08:51:52.000+0000,Minor,1,Wish
TIKA-1126,TIKA,2013-05-24T13:24:05.000+0000,2013-05-26T11:36:56.000+0000,Trivial,5,Improvement
TIKA-1127,TIKA,2013-05-27T16:58:09.000+0000,2013-05-27T17:05:15.000+0000,Major,3,Bug
TIKA-1102,TIKA,2013-04-05T14:18:21.000+0000,2013-05-28T14:27:00.000+0000,Major,3,Improvement
TIKA-1128,TIKA,2013-05-29T11:26:32.000+0000,2013-05-30T15:17:31.000+0000,Trivial,3,Bug
TIKA-1133,TIKA,2013-06-11T02:59:36.000+0000,2013-06-11T03:17:10.000+0000,Major,1,Improvement
TIKA-1135,TIKA,2013-06-11T20:07:55.000+0000,2013-06-11T20:09:18.000+0000,Minor,1,Bug
TIKA-1129,TIKA,2013-05-31T15:03:08.000+0000,2013-06-16T00:28:46.000+0000,Major,1,Improvement
TIKA-991,TIKA,2012-09-03T20:32:49.000+0000,2013-06-16T19:14:35.000+0000,Major,7,Improvement
TIKA-1136,TIKA,2013-06-18T15:41:41.000+0000,2013-06-18T23:11:59.000+0000,Major,6,New Feature
TIKA-1070,TIKA,2013-01-31T11:43:33.000+0000,2013-06-25T15:00:40.000+0000,Major,5,Bug
TIKA-1109,TIKA,2013-04-18T11:06:06.000+0000,2013-06-27T12:41:04.000+0000,Critical,10,Bug
TIKA-1145,TIKA,2013-07-03T15:40:16.000+0000,2013-07-10T10:27:23.000+0000,Major,12,Bug
TIKA-1130,TIKA,2013-06-05T21:56:26.000+0000,2013-07-10T17:11:15.000+0000,Critical,27,Bug
TIKA-1147,TIKA,2013-07-17T20:31:12.000+0000,2013-07-17T22:08:47.000+0000,Critical,1,Bug
TIKA-1146,TIKA,2013-07-11T11:00:20.000+0000,2013-07-19T13:54:43.000+0000,Major,4,Bug
TIKA-1156,TIKA,2013-08-02T13:58:10.000+0000,2013-08-05T11:55:43.000+0000,Major,4,Bug
TIKA-1139,TIKA,2013-07-02T08:40:02.000+0000,2013-08-08T14:51:57.000+0000,Trivial,2,Improvement
TIKA-1157,TIKA,2013-08-07T19:00:22.000+0000,2013-08-08T16:28:22.000+0000,Major,4,Bug
TIKA-1124,TIKA,2013-05-23T18:43:12.000+0000,2013-08-08T18:18:22.000+0000,Minor,6,Bug
TIKA-1159,TIKA,2013-08-13T19:39:09.000+0000,2013-08-13T22:25:19.000+0000,Minor,3,Bug
TIKA-1001,TIKA,2012-10-03T21:28:36.000+0000,2013-08-16T11:50:08.000+0000,Major,5,Bug
TIKA-961,TIKA,2012-07-30T13:02:04.000+0000,2013-08-28T17:19:47.000+0000,Major,14,Bug
TIKA-1166,TIKA,2013-08-21T16:43:27.000+0000,2013-08-28T18:34:01.000+0000,Major,5,Bug
TIKA-1092,TIKA,2013-03-12T00:19:56.000+0000,2013-09-01T18:43:18.000+0000,Minor,13,Bug
TIKA-1169,TIKA,2013-09-02T08:41:35.000+0000,2013-09-02T12:28:57.000+0000,Critical,4,Bug
TIKA-1170,TIKA,2013-09-02T12:16:04.000+0000,2013-09-03T18:47:40.000+0000,Minor,15,Bug
TIKA-1173,TIKA,2013-09-19T16:56:03.000+0000,2013-09-19T16:56:37.000+0000,Trivial,0,Improvement
TIKA-1100,TIKA,2013-04-03T01:37:26.000+0000,2013-09-26T14:03:59.000+0000,Major,5,Bug
TIKA-792,TIKA,2011-11-26T16:08:49.000+0000,2013-09-26T15:27:14.000+0000,Major,16,Bug
TIKA-405,TIKA,2010-04-12T21:07:50.000+0000,2013-09-26T18:34:30.000+0000,Major,6,Bug
TIKA-1132,TIKA,2013-06-10T22:43:40.000+0000,2013-09-26T23:36:34.000+0000,Major,10,Bug
TIKA-1076,TIKA,2013-02-04T15:54:10.000+0000,2013-09-27T16:20:21.000+0000,Major,6,Improvement
TIKA-817,TIKA,2011-12-19T16:07:09.000+0000,2013-09-27T16:51:40.000+0000,Major,12,Bug
TIKA-1171,TIKA,2013-09-12T07:04:53.000+0000,2013-09-27T18:56:08.000+0000,Major,2,Bug
TIKA-1177,TIKA,2013-10-02T15:47:13.000+0000,2013-10-04T19:03:13.000+0000,Minor,2,Improvement
TIKA-1183,TIKA,2013-10-17T21:54:35.000+0000,2013-10-22T21:43:03.000+0000,Major,1,Bug
TIKA-1192,TIKA,2013-11-06T21:31:41.000+0000,2013-11-09T11:29:04.000+0000,Major,9,Bug
TIKA-1200,TIKA,2013-12-02T09:26:59.000+0000,2013-12-02T15:02:04.000+0000,Critical,1,Improvement
TIKA-1201,TIKA,2013-12-02T15:26:33.000+0000,2013-12-03T00:56:18.000+0000,Critical,3,Improvement
TIKA-1202,TIKA,2013-12-03T01:01:15.000+0000,2013-12-09T19:04:04.000+0000,Trivial,6,Improvement
TIKA-1209,TIKA,2013-12-13T18:31:47.000+0000,2013-12-19T19:47:52.000+0000,Major,6,Improvement
TIKA-1211,TIKA,2013-12-17T12:49:16.000+0000,2013-12-24T15:52:56.000+0000,Major,4,Bug
TIKA-1110,TIKA,2013-04-22T20:33:28.000+0000,2013-12-27T03:32:30.000+0000,Major,4,Bug
TIKA-1152,TIKA,2013-07-23T13:45:11.000+0000,2013-12-27T03:48:19.000+0000,Critical,6,Bug
TIKA-1210,TIKA,2013-12-14T15:10:09.000+0000,2013-12-27T04:03:32.000+0000,Minor,3,Improvement
TIKA-1193,TIKA,2013-11-11T16:47:50.000+0000,2013-12-28T01:14:49.000+0000,Major,6,Improvement
TIKA-1160,TIKA,2013-08-14T09:15:12.000+0000,2013-12-28T01:39:18.000+0000,Major,6,Wish
TIKA-820,TIKA,2011-12-20T09:00:27.000+0000,2013-12-28T22:46:15.000+0000,Major,12,Bug
TIKA-1216,TIKA,2014-01-06T18:40:37.000+0000,2014-01-13T14:50:13.000+0000,Blocker,9,Bug
TIKA-1078,TIKA,2013-02-05T13:21:59.000+0000,2014-01-14T10:28:56.000+0000,Major,8,Bug
TIKA-1226,TIKA,2014-01-23T10:59:57.000+0000,2014-01-27T13:27:21.000+0000,Major,6,Bug
TIKA-1197,TIKA,2013-11-17T21:02:59.000+0000,2014-01-29T17:49:11.000+0000,Major,1,Task
TIKA-1198,TIKA,2013-11-17T21:06:57.000+0000,2014-01-29T17:51:24.000+0000,Minor,11,Wish
TIKA-1196,TIKA,2013-11-16T14:27:25.000+0000,2014-01-29T18:13:44.000+0000,Minor,18,Bug
TIKA-1224,TIKA,2014-01-20T09:17:53.000+0000,2014-02-03T14:04:40.000+0000,Minor,8,Improvement
TIKA-1228,TIKA,2014-02-03T15:34:30.000+0000,2014-02-03T20:14:34.000+0000,Major,10,Bug
TIKA-1230,TIKA,2014-02-04T15:10:09.000+0000,2014-02-04T15:13:41.000+0000,Trivial,1,Improvement
TIKA-1229,TIKA,2014-02-04T10:59:04.000+0000,2014-02-04T22:33:37.000+0000,Minor,2,Bug
TIKA-1086,TIKA,2013-02-15T18:19:22.000+0000,2014-02-04T23:07:27.000+0000,Major,5,Bug
TIKA-973,TIKA,2012-08-09T19:53:25.000+0000,2014-02-04T23:16:22.000+0000,Minor,9,Bug
TIKA-1237,TIKA,2014-02-11T12:07:57.000+0000,2014-02-11T12:09:17.000+0000,Minor,1,Improvement
TIKA-1223,TIKA,2014-01-17T14:02:16.000+0000,2014-02-17T12:17:16.000+0000,Minor,2,Improvement
TIKA-1241,TIKA,2014-02-21T14:59:40.000+0000,2014-02-22T16:17:51.000+0000,Minor,5,Improvement
TIKA-1225,TIKA,2014-01-21T11:58:58.000+0000,2014-02-22T18:42:54.000+0000,Minor,1,Improvement
TIKA-1248,TIKA,2014-02-25T16:15:07.000+0000,2014-02-26T01:30:48.000+0000,Minor,1,Bug
TIKA-1249,TIKA,2014-02-26T08:57:39.000+0000,2014-02-26T12:19:27.000+0000,Minor,1,Improvement
TIKA-1257,TIKA,2014-03-06T13:22:41.000+0000,2014-03-06T13:25:53.000+0000,Major,1,Bug
TIKA-1232,TIKA,2014-02-05T14:05:02.000+0000,2014-03-06T16:53:48.000+0000,Minor,29,Improvement
TIKA-1252,TIKA,2014-03-03T02:49:13.000+0000,2014-03-06T17:14:38.000+0000,Major,16,Bug
TIKA-1259,TIKA,2014-03-13T09:11:50.000+0000,2014-03-18T13:08:30.000+0000,Major,5,Improvement
TIKA-1113,TIKA,2013-04-25T16:43:50.000+0000,2014-03-18T13:09:06.000+0000,Major,10,Bug
TIKA-1263,TIKA,2014-03-20T22:26:02.000+0000,2014-03-21T13:38:34.000+0000,Minor,1,Bug
TIKA-1151,TIKA,2013-07-22T19:31:34.000+0000,2014-03-24T15:42:18.000+0000,Major,2,Improvement
TIKA-1261,TIKA,2014-03-19T15:47:51.000+0000,2014-03-25T16:20:15.000+0000,Minor,3,Bug
TIKA-1264,TIKA,2014-03-25T14:13:07.000+0000,2014-03-25T16:38:44.000+0000,Trivial,5,Improvement
TIKA-1244,TIKA,2014-02-21T23:13:56.000+0000,2014-03-31T11:59:03.000+0000,Major,5,Improvement
TIKA-623,TIKA,2011-03-29T21:36:07.000+0000,2014-04-04T09:24:28.000+0000,Major,37,New Feature
TIKA-1268,TIKA,2014-04-09T21:09:16.000+0000,2014-04-09T21:54:57.000+0000,Major,8,New Feature
TIKA-1271,TIKA,2014-04-10T00:09:08.000+0000,2014-04-11T01:57:29.000+0000,Trivial,2,Improvement
TIKA-1010,TIKA,2012-10-19T13:36:43.000+0000,2014-04-16T18:24:12.000+0000,Major,34,Bug
TIKA-1277,TIKA,2014-04-23T19:49:54.000+0000,2014-04-24T02:25:48.000+0000,Major,1,Improvement
TIKA-1278,TIKA,2014-04-24T10:40:20.000+0000,2014-04-24T13:28:52.000+0000,Major,5,Improvement
TIKA-1279,TIKA,2014-04-24T11:47:37.000+0000,2014-04-24T14:19:57.000+0000,Trivial,4,Bug
TIKA-1280,TIKA,2014-04-25T09:03:52.000+0000,2014-04-25T09:21:20.000+0000,Major,1,Improvement
TIKA-1281,TIKA,2014-04-28T14:54:03.000+0000,2014-04-28T15:10:08.000+0000,Minor,1,Improvement
TIKA-1290,TIKA,2014-05-02T21:07:43.000+0000,2014-05-06T15:34:14.000+0000,Major,1,Improvement
TIKA-1265,TIKA,2014-03-26T01:11:22.000+0000,2014-05-06T22:19:54.000+0000,Major,4,Improvement
TIKA-1270,TIKA,2014-04-09T22:45:50.000+0000,2014-05-07T12:29:17.000+0000,Major,2,Improvement
TIKA-967,TIKA,2012-08-02T07:25:58.000+0000,2014-05-08T15:11:28.000+0000,Minor,4,Bug
TIKA-1175,TIKA,2013-10-01T09:44:36.000+0000,2014-05-08T15:34:29.000+0000,Minor,3,Bug
TIKA-941,TIKA,2012-06-21T08:43:07.000+0000,2014-05-08T16:12:05.000+0000,Minor,4,Improvement
TIKA-1221,TIKA,2014-01-15T14:54:02.000+0000,2014-05-08T16:43:02.000+0000,Major,3,Bug
TIKA-1112,TIKA,2013-04-25T16:33:52.000+0000,2014-05-09T16:22:01.000+0000,Major,5,Bug
TIKA-1282,TIKA,2014-04-28T15:03:37.000+0000,2014-05-09T16:31:47.000+0000,Minor,3,Improvement
TIKA-1231,TIKA,2014-02-04T20:19:08.000+0000,2014-05-12T15:15:14.000+0000,Minor,3,Bug
TIKA-1272,TIKA,2014-04-11T08:09:28.000+0000,2014-05-20T16:37:13.000+0000,Trivial,9,Bug
TIKA-1292,TIKA,2014-05-07T10:06:38.000+0000,2014-05-22T16:08:21.000+0000,Major,14,Bug
TIKA-1294,TIKA,2014-05-12T16:38:17.000+0000,2014-05-27T19:38:11.000+0000,Trivial,20,Improvement
TIKA-1291,TIKA,2014-05-06T13:27:23.000+0000,2014-05-28T14:29:30.000+0000,Major,7,Bug
TIKA-1310,TIKA,2014-05-24T16:56:16.000+0000,2014-05-28T14:30:04.000+0000,Critical,8,Bug
TIKA-1313,TIKA,2014-05-29T16:16:09.000+0000,2014-05-29T16:34:57.000+0000,Minor,5,Improvement
TIKA-1312,TIKA,2014-05-29T16:11:35.000+0000,2014-05-29T16:35:07.000+0000,Minor,3,Improvement
TIKA-1305,TIKA,2014-05-19T15:45:28.000+0000,2014-05-30T18:24:49.000+0000,Minor,7,Bug
TIKA-1258,TIKA,2014-03-07T10:49:24.000+0000,2014-06-02T16:45:57.000+0000,Major,19,Improvement
TIKA-1158,TIKA,2013-08-10T12:00:59.000+0000,2014-06-02T19:33:27.000+0000,Trivial,3,Bug
TIKA-1320,TIKA,2014-06-04T06:54:11.000+0000,2014-06-04T13:55:44.000+0000,Major,2,New Feature
TIKA-1311,TIKA,2014-05-28T14:39:42.000+0000,2014-06-05T01:48:54.000+0000,Minor,14,Task
TIKA-1319,TIKA,2014-06-03T22:05:23.000+0000,2014-06-05T22:53:41.000+0000,Minor,20,New Feature
TIKA-1316,TIKA,2014-06-02T20:20:20.000+0000,2014-06-06T05:10:36.000+0000,Trivial,6,Improvement
TIKA-1322,TIKA,2014-06-04T21:43:06.000+0000,2014-06-06T10:34:27.000+0000,Minor,5,Bug
TIKA-1182,TIKA,2013-10-12T00:24:17.000+0000,2014-06-06T10:49:03.000+0000,Major,14,Bug
TIKA-1303,TIKA,2014-05-19T11:21:45.000+0000,2014-06-09T14:47:32.000+0000,Minor,14,Bug
TIKA-1336,TIKA,2014-06-13T09:43:16.000+0000,2014-06-14T18:57:12.000+0000,Major,7,Improvement
TIKA-1335,TIKA,2014-06-13T00:02:13.000+0000,2014-06-14T18:59:07.000+0000,Major,14,Bug
TIKA-1337,TIKA,2014-06-15T16:06:27.000+0000,2014-06-15T16:40:59.000+0000,Major,5,Improvement
TIKA-1338,TIKA,2014-06-15T16:51:57.000+0000,2014-06-15T16:54:21.000+0000,Major,8,Improvement
TIKA-1339,TIKA,2014-06-15T17:29:35.000+0000,2014-06-15T17:38:17.000+0000,Major,5,Improvement
TIKA-1184,TIKA,2013-10-20T18:48:40.000+0000,2014-06-16T15:06:23.000+0000,Major,7,Bug
TIKA-1341,TIKA,2014-06-17T10:54:28.000+0000,2014-06-17T16:06:14.000+0000,Critical,3,Bug
TIKA-994,TIKA,2012-09-13T03:22:13.000+0000,2014-06-18T22:30:35.000+0000,Critical,5,Bug
TIKA-1352,TIKA,2014-06-23T16:26:09.000+0000,2014-06-24T01:23:24.000+0000,Minor,4,Improvement
TIKA-1353,TIKA,2014-06-23T19:35:42.000+0000,2014-06-24T16:06:50.000+0000,Major,5,Bug
TIKA-1350,TIKA,2014-06-20T08:17:10.000+0000,2014-06-24T16:47:09.000+0000,Major,9,Bug
TIKA-1274,TIKA,2014-04-16T20:57:42.000+0000,2014-06-25T15:01:39.000+0000,Major,14,New Feature
TIKA-1298,TIKA,2014-05-15T10:56:07.000+0000,2014-06-26T17:08:04.000+0000,Minor,7,Bug
TIKA-1359,TIKA,2014-06-30T15:23:21.000+0000,2014-06-30T15:51:12.000+0000,Minor,2,Bug
TIKA-1360,TIKA,2014-06-30T18:04:55.000+0000,2014-06-30T21:41:48.000+0000,Minor,5,Improvement
TIKA-1362,TIKA,2014-07-07T01:24:35.000+0000,2014-07-07T23:21:24.000+0000,Major,9,Bug
TIKA-1327,TIKA,2014-06-06T17:52:25.000+0000,2014-07-14T20:05:29.000+0000,Major,18,Improvement
TIKA-1363,TIKA,2014-07-07T19:55:18.000+0000,2014-07-15T07:27:47.000+0000,Major,13,Bug
TIKA-411,TIKA,2010-04-16T08:35:49.000+0000,2014-07-17T16:43:30.000+0000,Minor,19,Improvement
TIKA-1342,TIKA,2014-06-17T22:01:33.000+0000,2014-07-17T16:51:21.000+0000,Trivial,3,Improvement
TIKA-1253,TIKA,2014-03-03T15:01:26.000+0000,2014-07-17T16:52:58.000+0000,Blocker,3,Bug
TIKA-1105,TIKA,2013-04-12T00:18:54.000+0000,2014-07-17T16:59:03.000+0000,Trivial,4,Improvement
TIKA-1370,TIKA,2014-07-16T19:16:14.000+0000,2014-07-17T17:52:12.000+0000,Major,3,Bug
TIKA-1357,TIKA,2014-06-25T19:48:39.000+0000,2014-07-21T15:36:10.000+0000,Minor,8,Improvement
TIKA-1251,TIKA,2014-02-27T09:37:41.000+0000,2014-07-21T18:28:20.000+0000,Critical,4,Bug
TIKA-1372,TIKA,2014-07-22T20:33:27.000+0000,2014-07-23T12:00:17.000+0000,Major,3,Bug
TIKA-1373,TIKA,2014-07-22T21:09:27.000+0000,2014-07-24T09:51:02.000+0000,Major,12,Bug
TIKA-1361,TIKA,2014-07-05T08:30:30.000+0000,2014-07-24T19:24:51.000+0000,Major,6,Improvement
TIKA-1375,TIKA,2014-07-24T13:47:49.000+0000,2014-07-25T11:50:46.000+0000,Minor,4,Improvement
TIKA-1376,TIKA,2014-07-24T15:16:40.000+0000,2014-07-25T15:02:28.000+0000,Trivial,3,Improvement
TIKA-1374,TIKA,2014-07-24T12:55:37.000+0000,2014-07-25T19:16:01.000+0000,Minor,3,Improvement
TIKA-1377,TIKA,2014-07-27T20:10:03.000+0000,2014-07-30T11:51:25.000+0000,Minor,8,Improvement
TIKA-1381,TIKA,2014-07-31T16:59:47.000+0000,2014-07-31T18:32:56.000+0000,Minor,8,New Feature
TIKA-1093,TIKA,2013-03-18T17:08:08.000+0000,2014-08-04T15:58:59.000+0000,Major,4,Bug
TIKA-1118,TIKA,2013-05-14T20:53:27.000+0000,2014-08-04T16:05:16.000+0000,Major,6,Bug
TIKA-1317,TIKA,2014-06-03T08:04:50.000+0000,2014-08-04T16:53:03.000+0000,Major,10,Bug
TIKA-1275,TIKA,2014-04-17T06:25:34.000+0000,2014-08-05T13:17:00.000+0000,Major,10,Bug
TIKA-1380,TIKA,2014-07-30T15:52:22.000+0000,2014-08-05T19:02:51.000+0000,Major,27,Improvement
TIKA-1389,TIKA,2014-08-07T12:38:32.000+0000,2014-08-07T13:26:55.000+0000,Minor,3,Bug
TIKA-1385,TIKA,2014-08-05T21:02:49.000+0000,2014-08-08T18:05:04.000+0000,Major,4,Bug
TIKA-1392,TIKA,2014-08-07T21:44:29.000+0000,2014-08-13T22:22:34.000+0000,Minor,3,Sub-task
TIKA-1393,TIKA,2014-08-07T21:45:32.000+0000,2014-08-13T23:31:10.000+0000,Minor,3,Sub-task
TIKA-1399,TIKA,2014-08-19T11:19:10.000+0000,2014-08-19T16:20:01.000+0000,Major,4,Improvement
TIKA-674,TIKA,2011-06-13T17:00:17.000+0000,2014-08-30T20:02:08.000+0000,Major,3,Improvement
TIKA-671,TIKA,2011-06-03T14:59:52.000+0000,2014-08-30T20:02:51.000+0000,Major,2,Improvement
TIKA-147,TIKA,2008-07-01T22:08:38.000+0000,2014-08-30T20:11:21.000+0000,Minor,11,New Feature
TIKA-1404,TIKA,2014-08-29T14:34:57.000+0000,2014-08-31T16:21:27.000+0000,Major,12,Bug
TIKA-1378,TIKA,2014-07-29T12:58:28.000+0000,2014-08-31T19:20:59.000+0000,Major,5,Bug
TIKA-1407,TIKA,2014-09-01T16:17:10.000+0000,2014-09-02T09:27:31.000+0000,Major,5,Bug
TIKA-1412,TIKA,2014-09-08T18:32:58.000+0000,2014-09-08T19:12:35.000+0000,Major,9,Bug
TIKA-1246,TIKA,2014-02-24T16:34:58.000+0000,2014-09-08T19:36:18.000+0000,Minor,4,Improvement
TIKA-1410,TIKA,2014-09-06T15:49:55.000+0000,2014-09-08T20:02:18.000+0000,Major,7,Bug
TIKA-1411,TIKA,2014-09-06T16:54:59.000+0000,2014-09-08T21:59:54.000+0000,Major,5,Bug
TIKA-1284,TIKA,2014-04-29T12:43:38.000+0000,2014-09-09T12:59:04.000+0000,Major,6,Bug
TIKA-1189,TIKA,2013-10-31T18:39:45.000+0000,2014-09-09T13:00:09.000+0000,Major,6,Bug
TIKA-1413,TIKA,2014-09-08T21:54:28.000+0000,2014-09-09T13:02:49.000+0000,Major,3,Bug
TIKA-1403,TIKA,2014-08-29T14:12:45.000+0000,2014-09-13T12:03:21.000+0000,Major,0,Bug
TIKA-1418,TIKA,2014-09-18T20:02:06.000+0000,2014-09-19T14:14:44.000+0000,Trivial,4,New Feature
TIKA-93,TIKA,2007-11-12T02:06:21.000+0000,2014-09-19T14:20:26.000+0000,Minor,85,New Feature
TIKA-1421,TIKA,2014-09-21T02:50:19.000+0000,2014-09-23T03:42:03.000+0000,Blocker,8,Bug
TIKA-1297,TIKA,2014-05-13T08:35:10.000+0000,2014-09-24T11:46:55.000+0000,Major,0,Bug
TIKA-1424,TIKA,2014-09-22T19:36:22.000+0000,2014-09-24T12:59:11.000+0000,Trivial,3,Improvement
TIKA-1419,TIKA,2014-09-19T14:47:54.000+0000,2014-09-24T13:13:16.000+0000,Minor,14,Improvement
TIKA-1420,TIKA,2014-09-19T23:19:25.000+0000,2014-09-30T00:21:21.000+0000,Minor,21,Improvement
TIKA-1433,TIKA,2014-09-30T01:40:04.000+0000,2014-09-30T01:43:30.000+0000,Minor,3,New Feature
TIKA-1427,TIKA,2014-09-24T17:24:31.000+0000,2014-10-01T14:14:19.000+0000,Major,16,Bug
TIKA-1369,TIKA,2014-07-15T16:04:35.000+0000,2014-10-04T02:23:39.000+0000,Critical,18,Bug
TIKA-1441,TIKA,2014-10-10T04:51:52.000+0000,2014-10-11T15:22:28.000+0000,Major,3,Bug
TIKA-605,TIKA,2011-02-22T03:23:20.000+0000,2014-10-11T16:12:42.000+0000,Major,29,New Feature
TIKA-1444,TIKA,2014-10-11T13:50:10.000+0000,2014-10-13T10:17:45.000+0000,Minor,4,Improvement
TIKA-1242,TIKA,2014-02-21T21:39:03.000+0000,2014-10-14T11:07:46.000+0000,Minor,4,Task
TIKA-1391,TIKA,2014-08-07T21:43:15.000+0000,2014-10-16T03:17:42.000+0000,Minor,5,Sub-task
TIKA-1450,TIKA,2014-10-17T20:17:19.000+0000,2014-10-18T00:03:50.000+0000,Minor,3,Bug
TIKA-1451,TIKA,2014-10-21T03:20:44.000+0000,2014-10-22T00:37:09.000+0000,Minor,6,Improvement
TIKA-1455,TIKA,2014-10-23T15:56:16.000+0000,2014-10-23T15:57:21.000+0000,Trivial,1,Improvement
TIKA-1422,TIKA,2014-09-21T03:48:39.000+0000,2014-10-24T16:57:48.000+0000,Major,38,Bug
TIKA-1387,TIKA,2014-08-06T09:50:01.000+0000,2014-10-25T15:26:42.000+0000,Major,29,Improvement
TIKA-1457,TIKA,2014-10-27T13:59:58.000+0000,2014-10-27T14:46:11.000+0000,Major,9,Bug
TIKA-1459,TIKA,2014-10-27T16:59:23.000+0000,2014-10-27T17:04:27.000+0000,Trivial,3,Bug
TIKA-1461,TIKA,2014-10-29T10:15:36.000+0000,2014-10-29T19:23:54.000+0000,Major,9,Bug
TIKA-1463,TIKA,2014-11-03T15:32:24.000+0000,2014-11-03T16:30:01.000+0000,Major,5,Bug
TIKA-1472,TIKA,2014-11-11T13:00:08.000+0000,2014-11-12T11:18:19.000+0000,Minor,10,Bug
TIKA-1470,TIKA,2014-11-11T08:45:43.000+0000,2014-11-13T20:45:42.000+0000,Minor,5,Bug
TIKA-1480,TIKA,2014-11-18T08:36:41.000+0000,2014-11-18T10:44:19.000+0000,Minor,4,Bug
TIKA-595,TIKA,2011-02-10T13:44:04.000+0000,2014-11-19T10:55:15.000+0000,Minor,8,Bug
TIKA-1477,TIKA,2014-11-17T16:12:40.000+0000,2014-11-20T13:30:52.000+0000,Minor,5,Bug
TIKA-1446,TIKA,2014-10-12T19:50:06.000+0000,2014-11-24T09:08:51.000+0000,Critical,15,Bug
TIKA-1447,TIKA,2014-10-12T20:02:58.000+0000,2014-11-24T09:09:03.000+0000,Critical,2,Bug
TIKA-1448,TIKA,2014-10-12T20:11:08.000+0000,2014-11-24T09:09:24.000+0000,Major,0,Bug
TIKA-1430,TIKA,2014-09-28T08:21:05.000+0000,2014-11-24T09:10:14.000+0000,Critical,0,Bug
TIKA-672,TIKA,2011-06-09T09:24:49.000+0000,2014-11-24T09:14:36.000+0000,Minor,1,Bug
TIKA-1488,TIKA,2014-11-25T17:27:58.000+0000,2014-11-26T16:12:41.000+0000,Trivial,4,Improvement
TIKA-1487,TIKA,2014-11-25T16:50:15.000+0000,2014-11-27T13:44:36.000+0000,Trivial,5,Improvement
TIKA-1167,TIKA,2013-08-27T16:11:56.000+0000,2014-12-04T04:10:11.000+0000,Critical,4,Bug
TIKA-1218,TIKA,2014-01-13T15:21:11.000+0000,2014-12-05T19:39:02.000+0000,Blocker,6,Bug
TIKA-1491,TIKA,2014-12-08T14:10:38.000+0000,2014-12-12T12:52:54.000+0000,Minor,9,Improvement
TIKA-1494,TIKA,2014-12-12T09:13:20.000+0000,2014-12-15T06:27:45.000+0000,Major,11,New Feature
TIKA-1442,TIKA,2014-10-10T12:28:25.000+0000,2014-12-15T16:18:20.000+0000,Major,50,Improvement
TIKA-1498,TIKA,2014-12-18T18:07:12.000+0000,2014-12-19T02:08:23.000+0000,Minor,7,Improvement
TIKA-1497,TIKA,2014-12-18T14:49:37.000+0000,2014-12-19T03:15:29.000+0000,Major,16,Improvement
TIKA-1499,TIKA,2014-12-19T14:01:25.000+0000,2014-12-19T15:47:25.000+0000,Minor,3,Improvement
TIKA-1469,TIKA,2014-11-10T14:22:02.000+0000,2014-12-22T01:27:06.000+0000,Minor,9,Improvement
TIKA-1482,TIKA,2014-11-18T09:56:57.000+0000,2014-12-22T03:12:21.000+0000,Critical,8,Bug
TIKA-1490,TIKA,2014-11-28T09:30:55.000+0000,2014-12-22T05:59:14.000+0000,Major,8,Improvement
TIKA-1502,TIKA,2014-12-23T02:25:18.000+0000,2014-12-23T06:46:25.000+0000,Major,9,Improvement
TIKA-1500,TIKA,2014-12-21T11:34:38.000+0000,2014-12-24T07:28:50.000+0000,Minor,4,Bug
TIKA-1503,TIKA,2014-12-23T21:29:28.000+0000,2014-12-24T08:09:10.000+0000,Minor,4,Bug
TIKA-1492,TIKA,2014-12-09T10:35:55.000+0000,2014-12-28T09:55:01.000+0000,Minor,3,Bug
TIKA-1506,TIKA,2015-01-05T13:51:13.000+0000,2015-01-06T01:40:32.000+0000,Blocker,6,Bug
TIKA-1445,TIKA,2014-10-12T16:19:50.000+0000,2015-01-08T17:56:25.000+0000,Blocker,77,Bug
TIKA-241,TIKA,2009-06-03T18:45:58.000+0000,2015-01-14T12:15:07.000+0000,Minor,35,Improvement
TIKA-1028,TIKA,2012-11-21T12:56:42.000+0000,2015-01-18T22:46:02.000+0000,Major,14,Bug
TIKA-1527,TIKA,2015-01-22T18:38:35.000+0000,2015-01-22T19:28:19.000+0000,Major,2,Improvement
TIKA-1529,TIKA,2015-01-23T14:35:27.000+0000,2015-01-23T19:56:35.000+0000,Minor,21,Bug
TIKA-1515,TIKA,2015-01-13T16:43:31.000+0000,2015-01-26T17:27:16.000+0000,Minor,4,Bug
TIKA-1530,TIKA,2015-01-26T15:15:22.000+0000,2015-01-27T17:52:21.000+0000,Minor,10,Improvement
TIKA-1534,TIKA,2015-01-28T19:00:21.000+0000,2015-01-28T19:04:59.000+0000,Minor,4,Improvement
TIKA-1423,TIKA,2014-09-22T06:07:31.000+0000,2015-01-29T21:53:38.000+0000,Critical,69,New Feature
TIKA-1537,TIKA,2015-02-02T07:09:19.000+0000,2015-02-02T18:22:01.000+0000,Minor,6,Bug
TIKA-1383,TIKA,2014-08-05T12:58:13.000+0000,2015-02-03T19:24:01.000+0000,Trivial,12,Improvement
TIKA-936,TIKA,2012-05-29T08:36:08.000+0000,2015-02-06T19:43:33.000+0000,Major,9,Improvement
TIKA-1542,TIKA,2015-02-06T02:24:53.000+0000,2015-02-06T20:37:11.000+0000,Trivial,6,Task
TIKA-1539,TIKA,2015-02-03T11:15:16.000+0000,2015-02-07T02:02:57.000+0000,Major,8,Improvement
TIKA-1547,TIKA,2015-02-10T23:16:26.000+0000,2015-02-10T23:27:13.000+0000,Major,2,Improvement
TIKA-1541,TIKA,2015-02-05T23:13:29.000+0000,2015-02-10T23:30:36.000+0000,Major,26,Improvement
TIKA-1269,TIKA,2014-04-09T22:44:10.000+0000,2015-02-11T04:00:54.000+0000,Major,27,Improvement
TIKA-1544,TIKA,2015-02-06T14:17:06.000+0000,2015-02-11T13:00:37.000+0000,Minor,11,Bug
TIKA-1309,TIKA,2014-05-24T05:17:52.000+0000,2015-02-11T13:02:01.000+0000,Major,1,Bug
TIKA-1548,TIKA,2015-02-11T15:47:01.000+0000,2015-02-13T01:20:14.000+0000,Major,8,Bug
TIKA-1549,TIKA,2015-02-14T07:19:19.000+0000,2015-02-14T07:50:41.000+0000,Major,2,Bug
TIKA-1550,TIKA,2015-02-15T19:00:28.000+0000,2015-02-15T19:33:13.000+0000,Minor,2,Bug
TIKA-1323,TIKA,2014-06-05T01:57:20.000+0000,2015-02-20T19:22:01.000+0000,Minor,8,Improvement
TIKA-1556,TIKA,2015-02-20T19:26:01.000+0000,2015-02-20T19:29:57.000+0000,Trivial,2,Task
TIKA-1558,TIKA,2015-02-20T21:51:22.000+0000,2015-02-21T05:22:20.000+0000,Major,16,New Feature
TIKA-1521,TIKA,2015-01-18T22:48:16.000+0000,2015-02-21T06:31:05.000+0000,Major,20,Improvement
TIKA-1483,TIKA,2014-11-19T01:52:58.000+0000,2015-02-26T03:46:57.000+0000,Major,16,New Feature
TIKA-1561,TIKA,2015-02-26T03:07:50.000+0000,2015-02-28T17:31:28.000+0000,Trivial,11,Improvement
TIKA-100,TIKA,2007-11-12T22:04:50.000+0000,2015-03-01T06:31:07.000+0000,Minor,4,Improvement
TIKA-89,TIKA,2007-11-12T00:52:59.000+0000,2015-03-01T06:45:28.000+0000,Minor,2,Improvement
TIKA-307,TIKA,2009-10-10T14:14:48.000+0000,2015-03-01T06:46:32.000+0000,Major,6,Improvement
TIKA-450,TIKA,2010-06-30T11:30:10.000+0000,2015-03-01T07:14:39.000+0000,Minor,1,Improvement
TIKA-497,TIKA,2010-08-25T14:04:35.000+0000,2015-03-01T07:32:45.000+0000,Minor,4,Improvement
TIKA-1563,TIKA,2015-03-01T16:52:35.000+0000,2015-03-01T17:55:31.000+0000,Minor,2,Bug
TIKA-613,TIKA,2011-03-09T18:17:45.000+0000,2015-03-01T19:06:36.000+0000,Major,1,Bug
TIKA-630,TIKA,2011-04-01T00:01:38.000+0000,2015-03-01T22:13:12.000+0000,Minor,0,Improvement
TIKA-663,TIKA,2011-05-18T16:04:01.000+0000,2015-03-01T22:19:46.000+0000,Major,5,Bug
TIKA-676,TIKA,2011-06-18T12:38:26.000+0000,2015-03-01T22:27:21.000+0000,Minor,17,Bug
TIKA-713,TIKA,2011-09-13T05:58:15.000+0000,2015-03-01T22:47:02.000+0000,Major,14,Bug
TIKA-807,TIKA,2011-12-10T12:20:15.000+0000,2015-03-02T01:59:03.000+0000,Minor,3,New Feature
TIKA-821,TIKA,2011-12-20T15:50:58.000+0000,2015-03-02T02:06:11.000+0000,Major,2,Improvement
TIKA-862,TIKA,2012-02-16T17:17:29.000+0000,2015-03-02T03:27:45.000+0000,Major,8,Bug
TIKA-887,TIKA,2012-03-29T07:39:34.000+0000,2015-03-02T04:11:03.000+0000,Minor,5,Bug
TIKA-888,TIKA,2012-03-30T06:20:57.000+0000,2015-03-02T04:13:11.000+0000,Major,17,Bug
TIKA-897,TIKA,2012-04-20T12:04:19.000+0000,2015-03-02T04:19:53.000+0000,Minor,2,Bug
TIKA-903,TIKA,2012-04-27T16:37:00.000+0000,2015-03-02T04:24:05.000+0000,Major,8,Bug
TIKA-727,TIKA,2011-09-22T10:17:28.000+0000,2015-03-02T05:09:23.000+0000,Minor,11,Improvement
TIKA-675,TIKA,2011-06-13T17:11:50.000+0000,2015-03-02T17:57:24.000+0000,Major,6,Improvement
TIKA-953,TIKA,2012-07-13T08:35:47.000+0000,2015-03-02T19:15:07.000+0000,Major,12,Bug
TIKA-758,TIKA,2011-10-20T12:51:30.000+0000,2015-03-02T20:13:04.000+0000,Major,15,Improvement
TIKA-972,TIKA,2012-08-09T19:41:03.000+0000,2015-03-02T22:22:43.000+0000,Major,3,Bug
TIKA-978,TIKA,2012-08-23T16:40:23.000+0000,2015-03-02T22:28:05.000+0000,Minor,1,Bug
TIKA-1489,TIKA,2014-11-26T07:46:32.000+0000,2015-03-03T18:52:10.000+0000,Major,19,Bug
TIKA-1000,TIKA,2012-10-02T23:41:36.000+0000,2015-03-03T20:22:03.000+0000,Major,3,Bug
TIKA-1029,TIKA,2012-11-23T08:51:32.000+0000,2015-03-04T00:02:50.000+0000,Major,5,Bug
TIKA-1037,TIKA,2012-12-01T17:38:50.000+0000,2015-03-04T00:08:20.000+0000,Major,3,Bug
TIKA-1066,TIKA,2013-01-29T15:27:47.000+0000,2015-03-04T00:22:31.000+0000,Minor,5,Bug
TIKA-1040,TIKA,2012-12-06T19:14:59.000+0000,2015-03-04T00:35:52.000+0000,Major,5,Bug
TIKA-1038,TIKA,2012-12-05T07:58:10.000+0000,2015-03-04T21:42:41.000+0000,Major,7,Bug
TIKA-1553,TIKA,2015-02-20T13:58:17.000+0000,2015-03-06T14:43:28.000+0000,Minor,8,Test
TIKA-1567,TIKA,2015-03-08T01:41:56.000+0000,2015-03-08T06:15:18.000+0000,Major,4,Bug
TIKA-1569,TIKA,2015-03-09T18:11:21.000+0000,2015-03-09T18:56:49.000+0000,Trivial,1,Bug
TIKA-1571,TIKA,2015-03-10T23:40:51.000+0000,2015-03-11T00:56:25.000+0000,Major,6,Improvement
TIKA-1286,TIKA,2014-04-30T02:37:49.000+0000,2015-03-11T16:50:41.000+0000,Minor,7,Improvement
TIKA-1572,TIKA,2015-03-11T01:22:29.000+0000,2015-03-12T20:06:04.000+0000,Major,4,New Feature
TIKA-1564,TIKA,2015-03-02T22:07:51.000+0000,2015-03-13T22:11:04.000+0000,Minor,3,Improvement
TIKA-1063,TIKA,2013-01-24T16:56:10.000+0000,2015-03-13T23:27:12.000+0000,Minor,9,Bug
TIKA-1071,TIKA,2013-01-31T16:42:48.000+0000,2015-03-13T23:56:09.000+0000,Major,2,Bug
TIKA-1072,TIKA,2013-02-03T13:38:49.000+0000,2015-03-14T00:44:15.000+0000,Major,9,Bug
TIKA-1079,TIKA,2013-02-05T13:28:23.000+0000,2015-03-14T00:50:49.000+0000,Major,5,Bug
TIKA-1094,TIKA,2013-03-19T15:30:10.000+0000,2015-03-14T01:02:34.000+0000,Minor,3,Bug
TIKA-651,TIKA,2011-05-01T06:01:13.000+0000,2015-03-14T03:12:37.000+0000,Major,17,Bug
TIKA-1117,TIKA,2013-05-01T13:25:19.000+0000,2015-03-14T22:01:23.000+0000,Minor,2,Bug
TIKA-1137,TIKA,2013-06-18T23:50:38.000+0000,2015-03-15T02:10:31.000+0000,Major,2,Bug
TIKA-1138,TIKA,2013-06-24T12:13:23.000+0000,2015-03-15T03:25:19.000+0000,Major,5,Bug
TIKA-1143,TIKA,2013-07-03T10:25:27.000+0000,2015-03-15T03:29:43.000+0000,Major,12,Bug
TIKA-1576,TIKA,2015-03-15T05:04:43.000+0000,2015-03-15T05:08:21.000+0000,Major,2,Improvement
TIKA-1168,TIKA,2013-08-28T12:36:46.000+0000,2015-03-15T20:01:22.000+0000,Major,4,Bug
TIKA-1185,TIKA,2013-10-22T09:59:49.000+0000,2015-03-15T21:30:58.000+0000,Minor,1,Bug
TIKA-1222,TIKA,2014-01-16T00:10:32.000+0000,2015-03-16T00:15:39.000+0000,Major,6,Bug
TIKA-1243,TIKA,2014-02-21T21:49:21.000+0000,2015-03-16T02:25:42.000+0000,Minor,11,Improvement
TIKA-1365,TIKA,2014-07-11T09:47:50.000+0000,2015-03-19T06:00:46.000+0000,Major,19,Bug
TIKA-1154,TIKA,2013-07-25T09:31:14.000+0000,2015-03-20T19:19:37.000+0000,Minor,14,Bug
TIKA-1273,TIKA,2014-04-11T08:22:07.000+0000,2015-03-20T19:54:05.000+0000,Minor,6,Bug
TIKA-1287,TIKA,2014-05-01T21:48:54.000+0000,2015-03-20T20:05:18.000+0000,Major,13,Improvement
TIKA-1289,TIKA,2014-05-02T15:00:10.000+0000,2015-03-20T20:15:24.000+0000,Major,2,Bug
TIKA-1306,TIKA,2014-05-21T22:30:17.000+0000,2015-03-20T20:34:50.000+0000,Minor,3,Bug
TIKA-1324,TIKA,2014-06-05T23:11:10.000+0000,2015-03-20T20:49:16.000+0000,Major,7,Improvement
TIKA-1355,TIKA,2014-06-25T09:19:10.000+0000,2015-03-20T21:06:15.000+0000,Minor,3,Bug
TIKA-1371,TIKA,2014-07-22T18:32:12.000+0000,2015-03-20T21:11:41.000+0000,Major,17,Bug
TIKA-1405,TIKA,2014-08-30T10:12:57.000+0000,2015-03-20T21:44:08.000+0000,Major,1,Bug
TIKA-1408,TIKA,2014-09-01T17:48:33.000+0000,2015-03-20T21:47:48.000+0000,Major,2,Bug
TIKA-1416,TIKA,2014-09-15T19:20:21.000+0000,2015-03-20T22:08:10.000+0000,Major,3,Bug
TIKA-1565,TIKA,2015-03-06T07:33:32.000+0000,2015-03-22T20:40:31.000+0000,Major,2,Bug
TIKA-1543,TIKA,2015-02-06T10:15:24.000+0000,2015-03-22T21:08:21.000+0000,Major,3,Bug
TIKA-1330,TIKA,2014-06-11T16:47:20.000+0000,2015-03-23T16:15:01.000+0000,Major,20,Sub-task
TIKA-1531,TIKA,2015-01-26T17:33:32.000+0000,2015-03-24T19:39:03.000+0000,Minor,4,Improvement
TIKA-1581,TIKA,2015-03-20T08:33:07.000+0000,2015-03-27T14:54:00.000+0000,Major,21,Bug
TIKA-1354,TIKA,2014-06-24T13:25:09.000+0000,2015-03-27T16:58:52.000+0000,Major,17,Bug
TIKA-1526,TIKA,2015-01-21T23:03:43.000+0000,2015-03-28T14:15:50.000+0000,Major,29,Wish
TIKA-1586,TIKA,2015-03-28T14:49:09.000+0000,2015-03-28T16:34:37.000+0000,Major,6,New Feature
TIKA-1580,TIKA,2015-03-20T01:15:55.000+0000,2015-03-28T21:51:14.000+0000,Minor,10,New Feature
TIKA-1578,TIKA,2015-03-18T19:36:57.000+0000,2015-03-29T13:28:43.000+0000,Major,5,Improvement
TIKA-1579,TIKA,2015-03-18T19:39:58.000+0000,2015-03-29T13:29:02.000+0000,Major,5,Improvement
TIKA-1575,TIKA,2015-03-13T14:45:20.000+0000,2015-03-29T15:42:53.000+0000,Minor,36,Improvement
TIKA-1584,TIKA,2015-03-28T14:21:35.000+0000,2015-03-30T14:01:21.000+0000,Blocker,12,Bug
TIKA-1587,TIKA,2015-03-30T13:15:04.000+0000,2015-03-30T16:29:52.000+0000,Major,5,Improvement
TIKA-1589,TIKA,2015-03-31T12:37:05.000+0000,2015-03-31T13:21:57.000+0000,Major,5,Bug
TIKA-1591,TIKA,2015-04-01T22:28:21.000+0000,2015-04-02T00:10:49.000+0000,Major,1,Bug
TIKA-1596,TIKA,2015-04-07T15:37:51.000+0000,2015-04-07T16:15:49.000+0000,Trivial,1,Improvement
TIKA-1594,TIKA,2015-04-07T07:50:39.000+0000,2015-04-10T00:59:36.000+0000,Major,7,Improvement
TIKA-1597,TIKA,2015-04-08T17:19:02.000+0000,2015-04-10T18:00:13.000+0000,Major,7,Bug
TIKA-1519,TIKA,2015-01-15T18:03:33.000+0000,2015-04-11T00:47:56.000+0000,Trivial,18,Bug
TIKA-1600,TIKA,2015-04-10T09:12:30.000+0000,2015-04-13T16:25:33.000+0000,Blocker,3,Bug
TIKA-1593,TIKA,2015-04-03T14:41:51.000+0000,2015-04-13T16:58:43.000+0000,Minor,4,Bug
TIKA-1605,TIKA,2015-04-14T10:53:41.000+0000,2015-04-14T10:57:58.000+0000,Trivial,2,Bug
TIKA-1606,TIKA,2015-04-15T18:58:20.000+0000,2015-04-19T23:33:19.000+0000,Major,8,Improvement
TIKA-1511,TIKA,2015-01-11T21:29:26.000+0000,2015-04-20T11:25:34.000+0000,Major,77,New Feature
TIKA-1501,TIKA,2014-12-22T00:43:07.000+0000,2015-04-21T14:04:19.000+0000,Major,9,Improvement
TIKA-1554,TIKA,2015-02-20T16:20:38.000+0000,2015-04-21T14:57:34.000+0000,Major,6,Bug
TIKA-1611,TIKA,2015-04-21T14:11:04.000+0000,2015-04-21T17:30:41.000+0000,Minor,2,Improvement
TIKA-1551,TIKA,2015-02-17T18:24:13.000+0000,2015-04-22T17:36:38.000+0000,Major,7,Bug
TIKA-1532,TIKA,2015-01-28T01:02:22.000+0000,2015-04-30T06:33:03.000+0000,Major,14,New Feature
TIKA-1618,TIKA,2015-04-28T14:25:37.000+0000,2015-04-30T10:03:10.000+0000,Major,3,Bug
TIKA-1535,TIKA,2015-01-28T21:50:01.000+0000,2015-04-30T19:16:28.000+0000,Trivial,9,Improvement
TIKA-443,TIKA,2010-06-17T09:25:29.000+0000,2015-05-01T08:01:08.000+0000,Major,28,New Feature
TIKA-1610,TIKA,2015-04-21T06:41:42.000+0000,2015-05-01T16:23:58.000+0000,Trivial,8,New Feature
TIKA-1603,TIKA,2015-04-11T19:07:14.000+0000,2015-05-01T16:25:05.000+0000,Minor,8,New Feature
TIKA-1517,TIKA,2015-01-15T00:44:57.000+0000,2015-05-02T05:00:08.000+0000,Trivial,24,Improvement
TIKA-1582,TIKA,2015-03-26T20:22:47.000+0000,2015-05-02T06:21:34.000+0000,Trivial,24,Improvement
TIKA-1621,TIKA,2015-05-02T06:31:49.000+0000,2015-05-02T06:39:23.000+0000,Major,2,Bug
TIKA-1562,TIKA,2015-02-26T05:20:02.000+0000,2015-05-04T21:54:45.000+0000,Major,5,Bug
TIKA-1622,TIKA,2015-05-05T00:24:32.000+0000,2015-05-05T01:15:33.000+0000,Major,13,Bug
TIKA-1620,TIKA,2015-04-30T19:41:06.000+0000,2015-05-07T01:24:05.000+0000,Major,2,Bug
TIKA-1623,TIKA,2015-05-05T07:47:07.000+0000,2015-05-07T06:48:15.000+0000,Major,9,Bug
TIKA-1625,TIKA,2015-05-09T18:07:53.000+0000,2015-05-09T18:27:24.000+0000,Major,3,Improvement
TIKA-1626,TIKA,2015-05-10T22:12:04.000+0000,2015-05-12T02:25:30.000+0000,Major,1,Improvement
TIKA-1629,TIKA,2015-05-13T09:53:06.000+0000,2015-05-13T13:50:08.000+0000,Major,3,Bug
TIKA-1619,TIKA,2015-04-29T22:30:53.000+0000,2015-05-20T23:04:26.000+0000,Trivial,6,Improvement
TIKA-1632,TIKA,2015-05-20T07:51:30.000+0000,2015-05-23T12:22:37.000+0000,Minor,5,Improvement
TIKA-1614,TIKA,2015-04-23T00:44:00.000+0000,2015-05-25T00:57:17.000+0000,Major,13,New Feature
TIKA-1636,TIKA,2015-05-25T04:41:07.000+0000,2015-05-25T19:14:06.000+0000,Major,2,Improvement
TIKA-1638,TIKA,2015-05-25T19:21:15.000+0000,2015-05-25T19:31:38.000+0000,Major,4,Bug
TIKA-1510,TIKA,2015-01-11T18:24:43.000+0000,2015-05-25T19:33:20.000+0000,Major,8,Bug
TIKA-1639,TIKA,2015-05-26T03:07:17.000+0000,2015-05-26T03:14:18.000+0000,Major,7,New Feature
TIKA-1643,TIKA,2015-05-29T14:34:48.000+0000,2015-05-29T14:38:16.000+0000,Trivial,2,Task
TIKA-1646,TIKA,2015-06-03T17:19:24.000+0000,2015-06-03T17:56:23.000+0000,Major,2,Bug
TIKA-1634,TIKA,2015-05-21T22:39:11.000+0000,2015-06-04T05:31:07.000+0000,Trivial,15,Improvement
TIKA-1652,TIKA,2015-06-06T19:19:27.000+0000,2015-06-06T23:20:40.000+0000,Major,4,Bug
TIKA-1426,TIKA,2014-09-23T01:30:02.000+0000,2015-06-06T23:21:14.000+0000,Minor,3,Improvement
TIKA-1645,TIKA,2015-06-03T07:57:02.000+0000,2015-06-06T23:36:22.000+0000,Major,9,Improvement
TIKA-1642,TIKA,2015-05-29T00:24:45.000+0000,2015-06-06T23:36:53.000+0000,Major,9,Improvement
TIKA-1653,TIKA,2015-06-08T14:12:45.000+0000,2015-06-08T14:43:14.000+0000,Major,2,Bug
TIKA-1630,TIKA,2015-05-14T16:42:38.000+0000,2015-06-09T09:14:06.000+0000,Trivial,8,Improvement
TIKA-1655,TIKA,2015-06-11T14:46:05.000+0000,2015-06-11T16:15:55.000+0000,Trivial,6,Bug
TIKA-1660,TIKA,2015-06-18T19:57:04.000+0000,2015-06-18T20:13:35.000+0000,Major,3,Improvement
TIKA-1654,TIKA,2015-06-10T23:26:29.000+0000,2015-06-21T23:31:02.000+0000,Major,5,Bug
TIKA-1659,TIKA,2015-06-18T12:55:37.000+0000,2015-06-25T17:55:15.000+0000,Major,7,Bug
TIKA-1663,TIKA,2015-06-24T20:33:28.000+0000,2015-06-28T01:58:16.000+0000,Minor,12,Improvement
TIKA-1664,TIKA,2015-06-25T19:42:09.000+0000,2015-06-29T05:20:14.000+0000,Major,4,Bug
TIKA-1669,TIKA,2015-06-29T05:24:14.000+0000,2015-06-29T05:27:10.000+0000,Major,2,Bug
TIKA-1585,TIKA,2015-03-28T14:29:13.000+0000,2015-06-29T08:15:08.000+0000,Major,6,New Feature
TIKA-756,TIKA,2011-10-18T18:40:15.000+0000,2015-06-29T08:19:47.000+0000,Major,15,New Feature
TIKA-1601,TIKA,2015-04-10T12:26:59.000+0000,2015-06-30T00:53:25.000+0000,Major,10,Improvement
TIKA-1602,TIKA,2015-04-10T20:03:40.000+0000,2015-07-01T13:22:24.000+0000,Minor,15,New Feature
TIKA-1536,TIKA,2015-01-30T04:21:05.000+0000,2015-07-02T08:15:34.000+0000,Major,11,Improvement
TIKA-1673,TIKA,2015-07-02T13:44:55.000+0000,2015-07-02T13:50:48.000+0000,Trivial,2,Bug
TIKA-1400,TIKA,2014-08-20T03:05:51.000+0000,2015-07-02T14:19:39.000+0000,Major,7,Bug
TIKA-1676,TIKA,2015-07-09T13:00:44.000+0000,2015-07-09T13:02:58.000+0000,Major,2,Bug
TIKA-1681,TIKA,2015-07-15T15:08:57.000+0000,2015-07-16T00:27:35.000+0000,Trivial,2,Bug
TIKA-1684,TIKA,2015-07-16T00:28:38.000+0000,2015-07-16T00:55:52.000+0000,Trivial,2,Improvement
TIKA-1685,TIKA,2015-07-16T01:08:00.000+0000,2015-07-16T01:17:32.000+0000,Trivial,2,Task
TIKA-1687,TIKA,2015-07-16T01:51:14.000+0000,2015-07-16T01:53:57.000+0000,Trivial,2,Task
TIKA-1683,TIKA,2015-07-15T19:28:28.000+0000,2015-07-21T12:46:30.000+0000,Minor,3,New Feature
TIKA-1692,TIKA,2015-07-21T18:54:31.000+0000,2015-07-22T14:31:01.000+0000,Trivial,9,Improvement
TIKA-1588,TIKA,2015-03-31T01:22:22.000+0000,2015-07-23T01:09:20.000+0000,Minor,6,Improvement
TIKA-1233,TIKA,2014-02-05T17:07:00.000+0000,2015-07-23T01:09:44.000+0000,Trivial,9,Bug
TIKA-1690,TIKA,2015-07-17T00:11:42.000+0000,2015-07-23T13:02:26.000+0000,Major,9,Bug
TIKA-1667,TIKA,2015-06-26T11:59:33.000+0000,2015-07-23T17:27:47.000+0000,Minor,7,Task
TIKA-1046,TIKA,2012-12-19T15:15:58.000+0000,2015-07-23T17:28:51.000+0000,Major,8,Bug
TIKA-1315,TIKA,2014-05-30T15:53:03.000+0000,2015-07-23T17:31:03.000+0000,Minor,25,Improvement
TIKA-1678,TIKA,2015-07-14T15:26:31.000+0000,2015-07-24T14:08:19.000+0000,Minor,29,Bug
TIKA-1689,TIKA,2015-07-16T20:35:05.000+0000,2015-07-24T18:25:29.000+0000,Blocker,5,Bug
TIKA-1524,TIKA,2015-01-20T13:19:21.000+0000,2015-07-28T14:01:31.000+0000,Major,20,Bug
TIKA-1238,TIKA,2014-02-12T15:59:20.000+0000,2015-08-01T10:20:03.000+0000,Minor,14,Improvement
TIKA-1702,TIKA,2015-08-01T12:51:26.000+0000,2015-08-01T17:55:47.000+0000,Minor,2,Improvement
TIKA-1700,TIKA,2015-07-30T12:54:29.000+0000,2015-08-01T22:11:36.000+0000,Major,12,Bug
TIKA-1703,TIKA,2015-08-04T01:44:16.000+0000,2015-08-05T01:33:29.000+0000,Minor,4,Bug
TIKA-1699,TIKA,2015-07-29T02:03:05.000+0000,2015-08-17T04:11:48.000+0000,Major,25,New Feature
TIKA-1712,TIKA,2015-08-17T05:43:08.000+0000,2015-08-17T16:03:09.000+0000,Major,9,Bug
TIKA-1708,TIKA,2015-08-14T17:00:06.000+0000,2015-08-17T18:10:13.000+0000,Major,6,Bug
TIKA-1704,TIKA,2015-08-07T04:22:18.000+0000,2015-08-19T15:07:31.000+0000,Minor,2,Improvement
TIKA-1714,TIKA,2015-08-18T06:55:41.000+0000,2015-08-19T15:58:20.000+0000,Major,10,Improvement
TIKA-1711,TIKA,2015-08-16T09:01:25.000+0000,2015-08-20T17:08:36.000+0000,Minor,6,Bug
TIKA-1718,TIKA,2015-08-20T18:07:07.000+0000,2015-08-20T21:15:17.000+0000,Major,3,Improvement
TIKA-1710,TIKA,2015-08-15T22:35:04.000+0000,2015-08-20T21:47:10.000+0000,Minor,8,Improvement
TIKA-1722,TIKA,2015-08-27T00:16:46.000+0000,2015-08-27T09:25:07.000+0000,Minor,2,Improvement
TIKA-1721,TIKA,2015-08-26T10:14:24.000+0000,2015-08-27T09:32:17.000+0000,Minor,2,Improvement
TIKA-1720,TIKA,2015-08-26T10:11:54.000+0000,2015-08-27T13:29:37.000+0000,Minor,2,Improvement
TIKA-1716,TIKA,2015-08-18T16:15:54.000+0000,2015-08-28T13:00:06.000+0000,Major,12,Bug
TIKA-1719,TIKA,2015-08-20T19:48:57.000+0000,2015-08-31T04:30:02.000+0000,Minor,7,Improvement
TIKA-1729,TIKA,2015-09-03T09:49:54.000+0000,2015-09-03T14:26:45.000+0000,Major,9,Improvement
TIKA-1734,TIKA,2015-09-16T09:06:08.000+0000,2015-09-22T13:32:38.000+0000,Minor,4,Sub-task
TIKA-1750,TIKA,2015-09-24T12:00:07.000+0000,2015-09-24T17:00:38.000+0000,Minor,2,Bug
TIKA-1085,TIKA,2013-02-15T10:47:04.000+0000,2015-09-29T13:46:17.000+0000,Minor,13,Improvement
TIKA-1744,TIKA,2015-09-22T22:13:09.000+0000,2015-09-30T15:29:26.000+0000,Minor,7,Sub-task
TIKA-1747,TIKA,2015-09-23T12:12:49.000+0000,2015-09-30T16:00:10.000+0000,Minor,2,Sub-task
TIKA-1754,TIKA,2015-09-30T15:39:13.000+0000,2015-09-30T16:00:36.000+0000,Trivial,3,Bug
TIKA-1707,TIKA,2015-08-14T00:22:56.000+0000,2015-09-30T16:53:07.000+0000,Major,14,Improvement
TIKA-1742,TIKA,2015-09-22T21:19:05.000+0000,2015-09-30T17:05:25.000+0000,Major,5,Bug
TIKA-1748,TIKA,2015-09-23T12:17:49.000+0000,2015-09-30T17:07:35.000+0000,Minor,7,Task
TIKA-1752,TIKA,2015-09-24T14:04:37.000+0000,2015-09-30T17:08:20.000+0000,Minor,1,Sub-task
TIKA-1757,TIKA,2015-09-30T21:14:02.000+0000,2015-10-01T00:25:51.000+0000,Major,10,Bug
TIKA-1758,TIKA,2015-09-30T21:30:19.000+0000,2015-10-01T00:26:46.000+0000,Major,4,Bug
TIKA-1756,TIKA,2015-09-30T21:02:46.000+0000,2015-10-01T13:26:22.000+0000,Major,3,Improvement
TIKA-1741,TIKA,2015-09-22T17:12:33.000+0000,2015-10-07T19:20:12.000+0000,Minor,7,Improvement
TIKA-1765,TIKA,2015-10-07T13:45:00.000+0000,2015-10-08T01:31:48.000+0000,Trivial,3,Improvement
TIKA-1755,TIKA,2015-09-30T18:52:50.000+0000,2015-10-08T02:24:03.000+0000,Minor,6,Improvement
TIKA-1736,TIKA,2015-09-18T11:07:19.000+0000,2015-10-08T23:34:44.000+0000,Minor,4,Bug
TIKA-1762,TIKA,2015-10-04T01:42:40.000+0000,2015-10-15T02:51:04.000+0000,Major,7,Improvement
TIKA-1772,TIKA,2015-10-16T06:42:27.000+0000,2015-10-16T13:46:05.000+0000,Minor,16,Improvement
TIKA-1771,TIKA,2015-10-15T20:33:44.000+0000,2015-10-18T19:21:29.000+0000,Critical,2,Improvement
TIKA-1745,TIKA,2015-09-22T22:24:34.000+0000,2015-10-19T05:26:36.000+0000,Minor,2,Sub-task
TIKA-1746,TIKA,2015-09-22T22:38:01.000+0000,2015-10-19T05:29:46.000+0000,Minor,2,Sub-task
TIKA-1751,TIKA,2015-09-24T12:41:40.000+0000,2015-10-19T05:34:02.000+0000,Minor,3,Sub-task
TIKA-1726,TIKA,2015-09-01T12:42:04.000+0000,2015-10-19T05:36:44.000+0000,Minor,7,Improvement
TIKA-1775,TIKA,2015-10-19T04:20:06.000+0000,2015-10-19T05:46:41.000+0000,Major,1,Bug
TIKA-1778,TIKA,2015-10-21T14:12:39.000+0000,2015-10-22T14:12:26.000+0000,Major,2,Bug
TIKA-1782,TIKA,2015-10-26T14:45:27.000+0000,2015-10-27T12:47:41.000+0000,Major,14,Bug
TIKA-1507,TIKA,2015-01-07T15:26:07.000+0000,2015-11-04T04:05:41.000+0000,Major,15,Bug
TIKA-1786,TIKA,2015-11-04T15:33:38.000+0000,2015-11-04T16:00:49.000+0000,Trivial,2,Improvement
TIKA-1792,TIKA,2015-11-10T14:50:26.000+0000,2015-11-10T16:19:08.000+0000,Minor,7,Improvement
TIKA-1512,TIKA,2015-01-12T06:59:32.000+0000,2015-11-14T03:08:01.000+0000,Major,19,Bug
TIKA-1793,TIKA,2015-11-14T14:31:19.000+0000,2015-11-14T20:26:31.000+0000,Major,3,Bug
TIKA-1791,TIKA,2015-11-10T00:32:32.000+0000,2015-11-15T20:04:58.000+0000,Major,12,Bug
TIKA-1795,TIKA,2015-11-16T16:20:43.000+0000,2015-11-16T16:22:26.000+0000,Trivial,2,Bug
TIKA-1787,TIKA,2015-11-05T22:32:51.000+0000,2015-11-17T17:30:03.000+0000,Major,9,Improvement
TIKA-1798,TIKA,2015-11-22T22:19:59.000+0000,2015-11-27T22:47:50.000+0000,Major,5,Bug
TIKA-1805,TIKA,2015-12-01T23:47:12.000+0000,2015-12-02T00:35:46.000+0000,Major,1,Improvement
TIKA-1809,TIKA,2015-12-13T19:14:01.000+0000,2015-12-14T03:44:14.000+0000,Major,0,Improvement
TIKA-1810,TIKA,2015-12-13T19:15:50.000+0000,2015-12-14T03:44:23.000+0000,Major,0,Improvement
TIKA-1811,TIKA,2015-12-13T19:18:09.000+0000,2015-12-14T03:44:29.000+0000,Major,0,Improvement
TIKA-1803,TIKA,2015-11-25T23:15:56.000+0000,2015-12-20T17:30:35.000+0000,Major,5,Sub-task
TIKA-1516,TIKA,2015-01-14T11:55:39.000+0000,2016-01-04T17:57:41.000+0000,Major,11,Bug
TIKA-1820,TIKA,2015-12-29T22:34:00.000+0000,2016-01-04T17:57:51.000+0000,Major,10,Improvement
TIKA-1825,TIKA,2016-01-06T14:51:58.000+0000,2016-01-06T23:07:08.000+0000,Major,2,Task
TIKA-1826,TIKA,2016-01-07T17:50:55.000+0000,2016-01-11T13:31:18.000+0000,Trivial,4,Bug
TIKA-1832,TIKA,2016-01-16T23:07:59.000+0000,2016-01-17T00:51:23.000+0000,Major,1,Improvement
TIKA-1834,TIKA,2016-01-18T18:05:25.000+0000,2016-01-18T18:39:22.000+0000,Major,6,Sub-task
TIKA-1835,TIKA,2016-01-19T12:03:59.000+0000,2016-01-21T19:35:27.000+0000,Major,7,Bug
TIKA-1823,TIKA,2016-01-05T23:32:17.000+0000,2016-01-26T16:35:06.000+0000,Minor,3,Improvement
TIKA-1830,TIKA,2016-01-12T20:41:12.000+0000,2016-02-02T19:46:06.000+0000,Major,16,Improvement
TIKA-1799,TIKA,2015-11-23T14:25:13.000+0000,2016-02-02T20:21:01.000+0000,Minor,12,Improvement
TIKA-1846,TIKA,2016-02-02T15:28:10.000+0000,2016-02-03T01:50:10.000+0000,Major,2,Task
TIKA-1821,TIKA,2015-12-30T09:51:46.000+0000,2016-02-03T14:14:37.000+0000,Major,7,Bug
TIKA-1845,TIKA,2016-02-01T14:33:12.000+0000,2016-02-03T17:00:00.000+0000,Major,17,Bug
TIKA-1847,TIKA,2016-02-02T20:35:01.000+0000,2016-02-04T01:15:24.000+0000,Trivial,1,Sub-task
TIKA-1854,TIKA,2016-02-05T09:48:08.000+0000,2016-02-05T13:35:36.000+0000,Major,7,Improvement
TIKA-1848,TIKA,2016-02-03T00:23:23.000+0000,2016-02-15T17:04:49.000+0000,Major,9,Task
TIKA-1856,TIKA,2016-02-16T02:05:44.000+0000,2016-02-17T18:52:46.000+0000,Major,8,Bug
TIKA-1861,TIKA,2016-02-19T02:00:40.000+0000,2016-02-19T02:29:56.000+0000,Trivial,0,Improvement
TIKA-1435,TIKA,2014-10-03T09:25:42.000+0000,2016-02-20T04:06:18.000+0000,Minor,20,Improvement
TIKA-1869,TIKA,2016-02-24T12:37:19.000+0000,2016-02-24T15:03:59.000+0000,Major,6,Bug
TIKA-1874,TIKA,2016-02-25T17:29:36.000+0000,2016-02-25T17:35:22.000+0000,Trivial,2,Bug
TIKA-1870,TIKA,2016-02-24T14:46:57.000+0000,2016-02-25T18:20:57.000+0000,Major,6,Bug
TIKA-1857,TIKA,2016-02-16T03:55:43.000+0000,2016-03-02T02:25:39.000+0000,Major,27,Improvement
TIKA-1876,TIKA,2016-02-26T06:31:24.000+0000,2016-03-02T05:47:03.000+0000,Major,4,New Feature
TIKA-1657,TIKA,2015-06-15T16:17:22.000+0000,2016-03-02T14:49:26.000+0000,Minor,18,Improvement
TIKA-1816,TIKA,2015-12-21T01:14:16.000+0000,2016-03-02T15:33:29.000+0000,Major,21,Bug
TIKA-1884,TIKA,2016-03-02T08:18:22.000+0000,2016-03-02T18:30:30.000+0000,Minor,2,Sub-task
TIKA-1883,TIKA,2016-03-02T08:11:12.000+0000,2016-03-02T18:30:40.000+0000,Minor,7,Sub-task
TIKA-1875,TIKA,2016-02-26T02:21:47.000+0000,2016-03-06T12:20:13.000+0000,Minor,4,Improvement
TIKA-1877,TIKA,2016-02-26T17:40:46.000+0000,2016-03-06T12:35:18.000+0000,Minor,10,Bug
TIKA-1878,TIKA,2016-02-28T04:11:56.000+0000,2016-03-06T12:47:56.000+0000,Trivial,2,Improvement
TIKA-1890,TIKA,2016-03-04T01:12:12.000+0000,2016-03-06T14:34:16.000+0000,Major,2,Improvement
TIKA-1892,TIKA,2016-03-04T03:01:07.000+0000,2016-03-06T14:42:31.000+0000,Minor,2,Improvement
TIKA-1819,TIKA,2015-12-24T00:08:05.000+0000,2016-03-07T02:13:16.000+0000,Major,0,Improvement
TIKA-1807,TIKA,2015-12-03T23:47:15.000+0000,2016-03-07T02:18:24.000+0000,Major,1,Improvement
TIKA-1860,TIKA,2016-02-19T01:24:37.000+0000,2016-03-07T02:21:25.000+0000,Major,11,Sub-task
TIKA-1828,TIKA,2016-01-08T17:09:19.000+0000,2016-03-08T00:56:44.000+0000,Minor,0,Improvement
TIKA-1827,TIKA,2016-01-08T08:12:36.000+0000,2016-03-08T01:24:38.000+0000,Minor,2,Bug
TIKA-1853,TIKA,2016-02-04T19:24:45.000+0000,2016-03-08T01:25:54.000+0000,Major,2,Improvement
TIKA-1859,TIKA,2016-02-17T14:54:01.000+0000,2016-03-08T01:29:55.000+0000,Blocker,21,Bug
TIKA-1899,TIKA,2016-03-10T22:05:04.000+0000,2016-03-11T01:38:32.000+0000,Major,4,Bug
TIKA-1900,TIKA,2016-03-13T00:32:38.000+0000,2016-03-13T01:16:18.000+0000,Major,2,Bug
TIKA-1905,TIKA,2016-03-20T04:58:14.000+0000,2016-03-20T05:05:03.000+0000,Major,2,Bug
TIKA-1871,TIKA,2016-02-24T16:56:50.000+0000,2016-03-21T19:33:07.000+0000,Major,1,Task
TIKA-1285,TIKA,2014-04-30T00:46:57.000+0000,2016-03-22T17:39:01.000+0000,Major,39,Improvement
TIKA-1906,TIKA,2016-03-21T18:33:49.000+0000,2016-03-23T20:03:01.000+0000,Major,4,Bug
TIKA-1898,TIKA,2016-03-10T16:07:45.000+0000,2016-03-23T23:32:23.000+0000,Minor,7,Bug
TIKA-1909,TIKA,2016-03-26T04:10:02.000+0000,2016-03-26T04:20:32.000+0000,Major,2,Improvement
TIKA-1910,TIKA,2016-03-26T04:29:17.000+0000,2016-03-27T04:40:31.000+0000,Major,12,Improvement
TIKA-1836,TIKA,2016-01-19T15:29:25.000+0000,2016-03-30T12:48:11.000+0000,Major,18,Bug
TIKA-1915,TIKA,2016-03-31T02:45:47.000+0000,2016-03-31T04:13:46.000+0000,Major,3,Improvement
TIKA-1918,TIKA,2016-03-31T15:43:37.000+0000,2016-03-31T16:08:23.000+0000,Trivial,2,Improvement
TIKA-1919,TIKA,2016-03-31T16:51:46.000+0000,2016-03-31T17:14:55.000+0000,Trivial,2,Task
TIKA-1920,TIKA,2016-03-31T17:15:43.000+0000,2016-03-31T17:18:20.000+0000,Trivial,2,Task
TIKA-1921,TIKA,2016-03-31T17:19:00.000+0000,2016-03-31T18:55:58.000+0000,Trivial,3,Task
TIKA-1922,TIKA,2016-03-31T17:19:40.000+0000,2016-03-31T19:10:38.000+0000,Trivial,2,Task
TIKA-1923,TIKA,2016-03-31T17:20:47.000+0000,2016-04-01T00:34:38.000+0000,Trivial,2,Task
TIKA-1916,TIKA,2016-03-31T03:01:29.000+0000,2016-04-04T12:10:47.000+0000,Trivial,11,Bug
TIKA-1927,TIKA,2016-04-04T00:06:56.000+0000,2016-04-04T17:53:19.000+0000,Minor,6,Bug
TIKA-1929,TIKA,2016-04-04T14:02:20.000+0000,2016-04-04T17:58:49.000+0000,Minor,4,Sub-task
TIKA-1914,TIKA,2016-03-31T02:38:10.000+0000,2016-04-04T19:19:01.000+0000,Trivial,6,Bug
TIKA-1651,TIKA,2015-06-05T11:19:41.000+0000,2016-04-04T19:25:55.000+0000,Major,3,Task
TIKA-1932,TIKA,2016-04-06T12:21:58.000+0000,2016-04-06T12:43:46.000+0000,Trivial,4,Sub-task
TIKA-1934,TIKA,2016-04-06T13:20:16.000+0000,2016-04-06T13:21:50.000+0000,Trivial,2,Sub-task
TIKA-1935,TIKA,2016-04-06T13:37:47.000+0000,2016-04-06T16:55:00.000+0000,Trivial,2,Sub-task
TIKA-1331,TIKA,2014-06-11T16:48:19.000+0000,2016-04-07T13:56:31.000+0000,Major,17,Sub-task
TIKA-1933,TIKA,2016-04-06T13:06:34.000+0000,2016-04-07T23:26:36.000+0000,Trivial,5,Sub-task
TIKA-1944,TIKA,2016-04-09T21:55:05.000+0000,2016-04-10T09:36:49.000+0000,Minor,2,Improvement
TIKA-1949,TIKA,2016-04-12T09:40:43.000+0000,2016-04-12T13:32:17.000+0000,Major,3,Improvement
TIKA-1948,TIKA,2016-04-11T19:43:45.000+0000,2016-04-13T01:02:03.000+0000,Minor,6,Improvement
TIKA-1937,TIKA,2016-04-07T13:46:37.000+0000,2016-04-18T16:01:06.000+0000,Major,6,Bug
TIKA-1895,TIKA,2016-03-08T01:38:07.000+0000,2016-04-18T16:50:03.000+0000,Major,1,Task
TIKA-1866,TIKA,2016-02-22T22:39:46.000+0000,2016-04-18T16:50:30.000+0000,Major,6,Bug
TIKA-1473,TIKA,2014-11-11T19:03:22.000+0000,2016-04-18T16:51:55.000+0000,Major,10,Bug
TIKA-1881,TIKA,2016-03-01T07:22:22.000+0000,2016-04-19T02:09:29.000+0000,Minor,8,Sub-task
TIKA-1886,TIKA,2016-03-03T07:57:50.000+0000,2016-04-19T05:13:15.000+0000,Minor,3,Sub-task
TIKA-1882,TIKA,2016-03-01T07:22:34.000+0000,2016-04-19T05:23:54.000+0000,Minor,7,Sub-task
TIKA-1956,TIKA,2016-04-19T06:48:31.000+0000,2016-04-19T12:41:19.000+0000,Major,5,Bug
TIKA-1844,TIKA,2016-01-30T00:20:45.000+0000,2016-04-21T00:58:07.000+0000,Minor,16,Bug
TIKA-1950,TIKA,2016-04-13T01:05:13.000+0000,2016-04-21T14:10:47.000+0000,Minor,9,Task
TIKA-1924,TIKA,2016-03-31T17:22:36.000+0000,2016-04-22T16:42:42.000+0000,Trivial,7,Task
TIKA-1872,TIKA,2016-02-24T17:43:26.000+0000,2016-04-22T22:23:42.000+0000,Major,1,Improvement
TIKA-1696,TIKA,2015-07-23T17:38:25.000+0000,2016-04-22T22:24:01.000+0000,Major,10,New Feature
TIKA-1723,TIKA,2015-08-27T23:42:57.000+0000,2016-04-22T22:24:13.000+0000,Minor,28,Improvement
TIKA-1926,TIKA,2016-04-03T23:29:03.000+0000,2016-04-23T18:30:56.000+0000,Minor,3,Bug
TIKA-1917,TIKA,2016-03-31T06:14:37.000+0000,2016-04-23T18:38:41.000+0000,Major,1,Improvement
TIKA-1943,TIKA,2016-04-09T17:23:56.000+0000,2016-04-23T18:43:00.000+0000,Minor,9,Improvement
TIKA-1913,TIKA,2016-03-30T21:17:19.000+0000,2016-04-23T18:46:51.000+0000,Major,2,New Feature
TIKA-1888,TIKA,2016-03-04T01:06:40.000+0000,2016-04-23T18:57:19.000+0000,Major,6,Sub-task
TIKA-1894,TIKA,2016-03-07T14:56:40.000+0000,2016-04-27T00:20:12.000+0000,Minor,12,New Feature
TIKA-1959,TIKA,2016-04-27T00:28:23.000+0000,2016-04-27T00:31:54.000+0000,Minor,2,Improvement
TIKA-1960,TIKA,2016-04-27T01:11:18.000+0000,2016-04-27T01:18:26.000+0000,Blocker,4,Bug
TIKA-1893,TIKA,2016-03-04T08:54:33.000+0000,2016-05-02T20:13:25.000+0000,Minor,5,Improvement
TIKA-1677,TIKA,2015-07-13T12:35:56.000+0000,2016-05-03T11:10:10.000+0000,Major,5,Bug
TIKA-1965,TIKA,2016-05-02T17:12:12.000+0000,2016-05-08T01:16:46.000+0000,Minor,5,Improvement
TIKA-1885,TIKA,2016-03-03T01:30:22.000+0000,2016-05-08T21:17:44.000+0000,Critical,26,Sub-task
TIKA-1955,TIKA,2016-04-18T16:15:44.000+0000,2016-05-08T21:19:17.000+0000,Major,3,Improvement
TIKA-1939,TIKA,2016-04-07T18:44:15.000+0000,2016-05-08T21:21:00.000+0000,Major,2,Task
TIKA-1938,TIKA,2016-04-07T16:12:11.000+0000,2016-05-13T14:50:24.000+0000,Major,9,Bug
TIKA-1958,TIKA,2016-04-21T17:17:54.000+0000,2016-05-13T18:25:03.000+0000,Minor,8,Improvement
TIKA-1928,TIKA,2016-04-04T11:33:55.000+0000,2016-05-16T00:12:06.000+0000,Minor,5,Bug
TIKA-1972,TIKA,2016-05-16T15:08:22.000+0000,2016-05-16T16:50:04.000+0000,Major,7,Bug
TIKA-1970,TIKA,2016-05-16T08:46:10.000+0000,2016-05-17T19:53:17.000+0000,Minor,7,Bug
TIKA-1971,TIKA,2016-05-16T08:53:05.000+0000,2016-05-17T19:54:52.000+0000,Minor,7,Bug
TIKA-1977,TIKA,2016-05-18T12:20:43.000+0000,2016-05-18T12:53:16.000+0000,Trivial,2,Improvement
TIKA-1976,TIKA,2016-05-18T11:47:59.000+0000,2016-05-18T16:08:59.000+0000,Minor,8,Improvement
TIKA-1979,TIKA,2016-05-20T12:17:38.000+0000,2016-05-23T12:49:19.000+0000,Trivial,6,Improvement
TIKA-1978,TIKA,2016-05-19T22:52:10.000+0000,2016-05-25T15:46:52.000+0000,Critical,12,Bug
TIKA-1513,TIKA,2015-01-13T15:44:25.000+0000,2016-05-25T16:50:34.000+0000,Minor,64,Improvement
TIKA-1837,TIKA,2016-01-20T06:49:31.000+0000,2016-05-26T14:50:57.000+0000,Minor,6,Bug
TIKA-1989,TIKA,2016-05-28T10:41:35.000+0000,2016-05-28T11:42:50.000+0000,Major,2,Bug
TIKA-1990,TIKA,2016-05-28T11:57:00.000+0000,2016-05-31T14:08:23.000+0000,Major,5,Bug
TIKA-1994,TIKA,2016-06-02T15:27:25.000+0000,2016-06-03T18:53:03.000+0000,Major,13,Improvement
TIKA-1999,TIKA,2016-06-07T14:44:16.000+0000,2016-06-08T15:55:47.000+0000,Major,11,Bug
TIKA-1996,TIKA,2016-06-06T18:51:52.000+0000,2016-06-13T13:24:31.000+0000,Minor,5,Improvement
TIKA-2006,TIKA,2016-06-14T18:01:09.000+0000,2016-06-15T11:18:10.000+0000,Minor,2,Improvement
TIKA-2004,TIKA,2016-06-14T17:14:34.000+0000,2016-06-15T12:30:13.000+0000,Trivial,6,Improvement
TIKA-2008,TIKA,2016-06-15T12:34:38.000+0000,2016-06-15T13:23:48.000+0000,Trivial,3,Improvement
TIKA-2009,TIKA,2016-06-15T14:02:04.000+0000,2016-06-15T14:07:40.000+0000,Trivial,2,Improvement
TIKA-2011,TIKA,2016-06-15T14:37:52.000+0000,2016-06-15T14:45:13.000+0000,Trivial,1,Improvement
TIKA-2019,TIKA,2016-06-24T13:53:39.000+0000,2016-06-24T14:21:52.000+0000,Major,3,Bug
TIKA-2020,TIKA,2016-06-24T14:28:23.000+0000,2016-06-24T15:46:26.000+0000,Major,3,Task
TIKA-2022,TIKA,2016-06-25T10:49:14.000+0000,2016-06-27T14:23:05.000+0000,Trivial,6,Improvement
TIKA-1644,TIKA,2015-06-02T02:17:19.000+0000,2016-06-27T14:47:01.000+0000,Major,5,Bug
TIKA-2026,TIKA,2016-06-28T12:56:38.000+0000,2016-06-29T00:58:48.000+0000,Major,6,Bug
TIKA-2024,TIKA,2016-06-27T17:20:32.000+0000,2016-06-29T12:17:56.000+0000,Major,8,Improvement
TIKA-2021,TIKA,2016-06-24T21:07:25.000+0000,2016-07-07T06:39:47.000+0000,Major,7,Improvement
TIKA-2030,TIKA,2016-07-07T08:55:49.000+0000,2016-07-08T18:22:58.000+0000,Minor,6,Bug
TIKA-2037,TIKA,2016-07-20T15:42:06.000+0000,2016-07-20T17:21:06.000+0000,Minor,10,Bug
TIKA-2025,TIKA,2016-06-27T19:42:13.000+0000,2016-07-22T12:56:31.000+0000,Major,19,Bug
TIKA-2039,TIKA,2016-07-22T19:49:06.000+0000,2016-07-22T19:57:50.000+0000,Trivial,3,Improvement
TIKA-2042,TIKA,2016-07-26T05:42:25.000+0000,2016-07-26T10:46:43.000+0000,Major,15,Bug
TIKA-2040,TIKA,2016-07-25T19:47:01.000+0000,2016-07-27T01:34:16.000+0000,Major,6,Bug
TIKA-1267,TIKA,2014-03-31T14:43:32.000+0000,2016-07-28T11:34:29.000+0000,Minor,3,Improvement
TIKA-2048,TIKA,2016-08-05T16:20:57.000+0000,2016-08-05T16:29:27.000+0000,Trivial,3,Bug
TIKA-2041,TIKA,2016-07-26T02:52:05.000+0000,2016-08-11T20:05:00.000+0000,Major,22,Bug
TIKA-1980,TIKA,2016-05-20T20:40:23.000+0000,2016-08-12T16:47:08.000+0000,Major,7,Bug
TIKA-1986,TIKA,2016-05-25T21:02:05.000+0000,2016-08-14T18:48:37.000+0000,Major,40,Sub-task
TIKA-1993,TIKA,2016-06-02T01:33:38.000+0000,2016-08-14T18:48:53.000+0000,Major,13,New Feature
TIKA-2031,TIKA,2016-07-09T16:34:37.000+0000,2016-08-15T04:45:56.000+0000,Blocker,4,Improvement
TIKA-2062,TIKA,2016-08-28T05:29:56.000+0000,2016-08-28T23:15:42.000+0000,Major,2,Task
TIKA-2059,TIKA,2016-08-28T05:18:23.000+0000,2016-08-28T23:18:29.000+0000,Major,2,Task
TIKA-2063,TIKA,2016-08-28T23:35:47.000+0000,2016-08-29T13:51:02.000+0000,Major,2,Task
TIKA-2060,TIKA,2016-08-28T05:21:55.000+0000,2016-08-29T13:51:13.000+0000,Major,2,Task
TIKA-2065,TIKA,2016-09-07T16:11:48.000+0000,2016-09-07T17:51:21.000+0000,Trivial,3,Task
TIKA-2066,TIKA,2016-09-07T16:12:22.000+0000,2016-09-07T17:51:42.000+0000,Trivial,3,Task
TIKA-2067,TIKA,2016-09-07T16:13:29.000+0000,2016-09-07T17:52:07.000+0000,Trivial,3,Task
TIKA-2072,TIKA,2016-09-10T00:02:28.000+0000,2016-09-10T04:56:57.000+0000,Major,2,Improvement
TIKA-2070,TIKA,2016-09-09T22:44:33.000+0000,2016-09-10T04:57:20.000+0000,Major,2,Improvement
TIKA-2074,TIKA,2016-09-10T02:58:19.000+0000,2016-09-10T04:57:36.000+0000,Major,2,Improvement
TIKA-2078,TIKA,2016-09-12T19:33:19.000+0000,2016-09-12T21:44:38.000+0000,Minor,3,Bug
TIKA-1255,TIKA,2014-03-04T14:54:33.000+0000,2016-09-12T21:44:53.000+0000,Minor,11,Bug
TIKA-2055,TIKA,2016-08-16T13:29:47.000+0000,2016-09-15T15:58:29.000+0000,Critical,6,Bug
TIKA-2051,TIKA,2016-08-08T10:50:59.000+0000,2016-09-19T13:17:07.000+0000,Minor,1,Improvement
TIKA-2045,TIKA,2016-07-28T11:26:45.000+0000,2016-09-19T13:17:26.000+0000,Major,9,Bug
TIKA-2013,TIKA,2016-06-16T11:00:07.000+0000,2016-09-21T23:42:36.000+0000,Minor,8,Improvement
TIKA-2047,TIKA,2016-08-05T12:11:08.000+0000,2016-09-21T23:44:30.000+0000,Minor,4,Bug
TIKA-2015,TIKA,2016-06-18T08:44:30.000+0000,2016-09-21T23:45:11.000+0000,Major,5,Bug
TIKA-2058,TIKA,2016-08-27T08:06:57.000+0000,2016-09-21T23:46:23.000+0000,Major,71,Bug
TIKA-2069,TIKA,2016-09-08T21:45:01.000+0000,2016-09-22T01:14:06.000+0000,Major,30,Improvement
TIKA-2081,TIKA,2016-09-17T07:47:20.000+0000,2016-09-23T14:02:36.000+0000,Minor,7,Task
TIKA-2095,TIKA,2016-09-23T17:45:35.000+0000,2016-09-23T18:19:52.000+0000,Trivial,4,Improvement
TIKA-2057,TIKA,2016-08-18T01:33:11.000+0000,2016-09-26T16:56:25.000+0000,Minor,5,Improvement
TIKA-2097,TIKA,2016-09-26T18:27:50.000+0000,2016-09-26T18:30:22.000+0000,Trivial,3,Bug
TIKA-2098,TIKA,2016-09-26T18:42:15.000+0000,2016-09-26T20:07:57.000+0000,Major,10,Bug
TIKA-2101,TIKA,2016-09-28T17:31:18.000+0000,2016-09-28T17:40:44.000+0000,Minor,3,Bug
TIKA-2093,TIKA,2016-09-22T17:19:14.000+0000,2016-09-30T11:42:35.000+0000,Major,10,Improvement
TIKA-2106,TIKA,2016-09-30T19:56:33.000+0000,2016-09-30T23:43:54.000+0000,Major,7,Bug
TIKA-2110,TIKA,2016-10-07T17:06:01.000+0000,2016-10-07T17:29:26.000+0000,Trivial,3,Improvement
TIKA-2113,TIKA,2016-10-13T13:51:32.000+0000,2016-10-13T14:11:55.000+0000,Trivial,3,Improvement
TIKA-2122,TIKA,2016-10-15T21:11:27.000+0000,2016-10-17T18:57:23.000+0000,Minor,10,Improvement
TIKA-2123,TIKA,2016-10-19T11:55:53.000+0000,2016-10-19T15:55:29.000+0000,Major,4,Bug
TIKA-2127,TIKA,2016-10-19T21:12:24.000+0000,2016-10-19T23:25:00.000+0000,Major,4,Bug
TIKA-2130,TIKA,2016-10-20T14:12:12.000+0000,2016-10-21T14:38:54.000+0000,Major,6,Bug
TIKA-2133,TIKA,2016-10-20T15:18:38.000+0000,2016-10-21T17:45:30.000+0000,Major,6,Bug
TIKA-1343,TIKA,2014-06-18T21:16:13.000+0000,2016-10-26T02:38:03.000+0000,Major,15,New Feature
TIKA-2144,TIKA,2016-10-26T20:03:32.000+0000,2016-10-28T13:48:33.000+0000,Major,5,Bug
TIKA-2056,TIKA,2016-08-16T19:35:35.000+0000,2016-11-01T12:16:40.000+0000,Major,7,Bug
TIKA-2111,TIKA,2016-10-10T15:03:41.000+0000,2016-11-01T15:09:07.000+0000,Trivial,3,Bug
TIKA-2157,TIKA,2016-11-03T20:45:20.000+0000,2016-11-04T15:41:43.000+0000,Major,3,Bug
TIKA-2171,TIKA,2016-11-08T02:28:09.000+0000,2016-11-08T02:31:50.000+0000,Trivial,3,Improvement
TIKA-2174,TIKA,2016-11-09T11:59:45.000+0000,2016-11-09T18:57:29.000+0000,Major,17,Bug
TIKA-2170,TIKA,2016-11-07T15:46:14.000+0000,2016-11-10T14:30:56.000+0000,Major,15,Bug
TIKA-456,TIKA,2010-07-05T20:42:12.000+0000,2016-11-10T14:33:37.000+0000,Major,25,Improvement
TIKA-2116,TIKA,2016-10-14T15:03:23.000+0000,2016-11-22T17:49:19.000+0000,Minor,3,Improvement
TIKA-1658,TIKA,2015-06-17T10:36:02.000+0000,2016-11-22T17:49:37.000+0000,Major,2,Bug
TIKA-2115,TIKA,2016-10-14T12:14:40.000+0000,2016-11-22T17:50:10.000+0000,Major,6,Bug
TIKA-2118,TIKA,2016-10-14T17:50:49.000+0000,2016-11-22T17:50:38.000+0000,Major,7,Bug
TIKA-2125,TIKA,2016-10-19T18:54:37.000+0000,2016-11-22T17:50:59.000+0000,Major,2,Bug
TIKA-2129,TIKA,2016-10-19T22:08:34.000+0000,2016-11-22T17:51:25.000+0000,Major,3,Bug
TIKA-2132,TIKA,2016-10-20T15:10:05.000+0000,2016-11-22T17:51:46.000+0000,Major,1,Bug
TIKA-2137,TIKA,2016-10-20T17:06:14.000+0000,2016-11-22T17:52:08.000+0000,Major,1,Bug
TIKA-2142,TIKA,2016-10-24T19:12:24.000+0000,2016-11-22T17:52:26.000+0000,Major,4,Bug
TIKA-2145,TIKA,2016-10-26T20:17:05.000+0000,2016-11-22T17:52:44.000+0000,Major,1,Bug
TIKA-2158,TIKA,2016-11-03T20:50:05.000+0000,2016-11-22T17:53:10.000+0000,Major,1,Bug
TIKA-2160,TIKA,2016-11-04T14:22:15.000+0000,2016-11-22T17:53:42.000+0000,Major,1,Bug
TIKA-2104,TIKA,2016-09-29T22:22:41.000+0000,2016-11-22T17:55:54.000+0000,Major,2,Bug
TIKA-2179,TIKA,2016-11-15T19:12:28.000+0000,2016-11-23T20:29:58.000+0000,Minor,11,Bug
TIKA-2169,TIKA,2016-11-07T12:42:47.000+0000,2016-11-28T15:42:44.000+0000,Major,4,Bug
TIKA-2096,TIKA,2016-09-26T16:20:47.000+0000,2016-11-28T16:27:42.000+0000,Major,7,Improvement
TIKA-2175,TIKA,2016-11-10T03:59:17.000+0000,2016-11-28T16:43:57.000+0000,Major,13,Bug
TIKA-1321,TIKA,2014-06-04T12:29:20.000+0000,2016-11-30T20:32:54.000+0000,Minor,6,New Feature
TIKA-2187,TIKA,2016-11-30T21:16:34.000+0000,2016-11-30T21:34:06.000+0000,Minor,6,Improvement
TIKA-2090,TIKA,2016-09-22T01:19:37.000+0000,2016-12-01T00:48:43.000+0000,Minor,5,Improvement
TIKA-2195,TIKA,2016-12-13T01:17:21.000+0000,2016-12-13T01:29:30.000+0000,Trivial,1,Improvement
TIKA-2209,TIKA,2016-12-16T16:00:07.000+0000,2016-12-16T17:55:20.000+0000,Trivial,2,Bug
TIKA-2117,TIKA,2016-10-14T17:13:24.000+0000,2016-12-16T17:56:34.000+0000,Major,4,Bug
TIKA-2218,TIKA,2016-12-19T21:00:22.000+0000,2016-12-19T21:38:07.000+0000,Minor,3,Improvement
TIKA-2220,TIKA,2016-12-20T15:03:03.000+0000,2016-12-20T18:16:54.000+0000,Trivial,2,Improvement
TIKA-2221,TIKA,2016-12-20T17:04:50.000+0000,2016-12-20T18:30:18.000+0000,Minor,4,Bug
TIKA-2219,TIKA,2016-12-19T22:12:23.000+0000,2016-12-20T19:26:37.000+0000,Minor,16,Bug
TIKA-2190,TIKA,2016-12-02T15:31:28.000+0000,2016-12-20T21:37:46.000+0000,Major,11,Improvement
TIKA-2189,TIKA,2016-12-02T13:17:32.000+0000,2016-12-20T21:41:49.000+0000,Minor,5,Bug
TIKA-2211,TIKA,2016-12-18T15:09:44.000+0000,2016-12-21T14:11:52.000+0000,Major,7,Bug
TIKA-2226,TIKA,2016-12-22T14:09:43.000+0000,2016-12-22T16:34:47.000+0000,Major,3,Improvement
TIKA-1946,TIKA,2016-04-10T21:15:04.000+0000,2016-12-22T17:09:16.000+0000,Major,62,Improvement
TIKA-2229,TIKA,2017-01-03T12:39:33.000+0000,2017-01-03T14:11:07.000+0000,Major,4,Bug
TIKA-2228,TIKA,2016-12-23T19:56:47.000+0000,2017-01-04T18:00:34.000+0000,Minor,6,Improvement
TIKA-2230,TIKA,2017-01-04T17:29:10.000+0000,2017-01-04T18:01:27.000+0000,Trivial,4,Improvement
TIKA-2223,TIKA,2016-12-21T18:21:01.000+0000,2017-01-04T21:06:04.000+0000,Minor,5,Bug
TIKA-2234,TIKA,2017-01-10T19:45:00.000+0000,2017-01-10T19:57:07.000+0000,Trivial,2,Improvement
TIKA-2235,TIKA,2017-01-11T11:48:20.000+0000,2017-01-11T12:09:19.000+0000,Minor,11,Improvement
TIKA-2237,TIKA,2017-01-11T14:41:03.000+0000,2017-01-11T15:20:25.000+0000,Major,4,Bug
TIKA-2210,TIKA,2016-12-17T00:42:06.000+0000,2017-01-11T15:38:52.000+0000,Minor,3,Improvement
TIKA-2192,TIKA,2016-12-06T01:55:02.000+0000,2017-01-11T15:39:13.000+0000,Major,2,Improvement
TIKA-2191,TIKA,2016-12-05T12:11:42.000+0000,2017-01-11T15:39:47.000+0000,Minor,10,Improvement
TIKA-2167,TIKA,2016-11-06T11:50:16.000+0000,2017-01-11T16:10:16.000+0000,Critical,4,Bug
TIKA-2204,TIKA,2016-12-13T21:04:35.000+0000,2017-01-13T12:30:46.000+0000,Major,1,Bug
TIKA-2159,TIKA,2016-11-04T13:18:54.000+0000,2017-01-13T12:33:26.000+0000,Minor,12,Bug
TIKA-2215,TIKA,2016-12-19T15:56:04.000+0000,2017-01-13T12:34:32.000+0000,Major,1,Bug
TIKA-2164,TIKA,2016-11-04T17:12:04.000+0000,2017-01-13T12:42:28.000+0000,Major,3,Bug
TIKA-2161,TIKA,2016-11-04T16:18:06.000+0000,2017-01-13T12:43:28.000+0000,Major,0,Bug
TIKA-2136,TIKA,2016-10-20T16:59:03.000+0000,2017-01-13T13:07:07.000+0000,Major,0,Bug
TIKA-2153,TIKA,2016-11-01T18:27:32.000+0000,2017-01-13T13:07:52.000+0000,Major,5,Bug
TIKA-2162,TIKA,2016-11-04T16:32:04.000+0000,2017-01-13T13:08:26.000+0000,Major,1,Bug
TIKA-2166,TIKA,2016-11-04T20:10:45.000+0000,2017-01-13T13:09:00.000+0000,Major,1,Bug
TIKA-2207,TIKA,2016-12-13T21:55:23.000+0000,2017-01-13T13:09:42.000+0000,Major,1,Bug
TIKA-2134,TIKA,2016-10-20T15:36:18.000+0000,2017-01-13T13:49:06.000+0000,Major,3,Bug
TIKA-2238,TIKA,2017-01-13T16:53:41.000+0000,2017-01-13T17:03:15.000+0000,Trivial,0,Improvement
TIKA-2232,TIKA,2017-01-06T02:22:47.000+0000,2017-01-13T20:42:52.000+0000,Minor,17,New Feature
TIKA-2231,TIKA,2017-01-05T20:27:21.000+0000,2017-01-18T02:39:11.000+0000,Minor,5,Bug
TIKA-1822,TIKA,2016-01-05T11:29:51.000+0000,2017-01-18T13:32:27.000+0000,Major,2,Bug
TIKA-1760,TIKA,2015-10-01T21:40:39.000+0000,2017-01-18T13:38:31.000+0000,Critical,6,Bug
TIKA-2240,TIKA,2017-01-13T19:31:13.000+0000,2017-01-18T15:25:26.000+0000,Trivial,2,Improvement
TIKA-2250,TIKA,2017-01-23T18:03:35.000+0000,2017-01-23T18:40:12.000+0000,Major,3,Bug
TIKA-2244,TIKA,2017-01-18T22:24:03.000+0000,2017-01-24T19:07:32.000+0000,Minor,9,Bug
TIKA-2255,TIKA,2017-01-30T08:32:53.000+0000,2017-01-30T08:52:55.000+0000,Major,3,Improvement
TIKA-2259,TIKA,2017-02-02T17:05:02.000+0000,2017-02-02T19:35:40.000+0000,Minor,1,Improvement
TIKA-2181,TIKA,2016-11-22T14:53:33.000+0000,2017-02-06T14:33:51.000+0000,Minor,4,Improvement
TIKA-2152,TIKA,2016-11-01T18:20:33.000+0000,2017-02-06T14:36:20.000+0000,Major,4,Bug
TIKA-2155,TIKA,2016-11-03T14:45:26.000+0000,2017-02-06T14:36:59.000+0000,Major,2,Bug
TIKA-2198,TIKA,2016-12-13T17:51:40.000+0000,2017-02-06T15:30:26.000+0000,Major,4,Bug
TIKA-2246,TIKA,2017-01-19T16:32:47.000+0000,2017-02-06T19:32:11.000+0000,Minor,3,Improvement
TIKA-2247,TIKA,2017-01-19T16:34:13.000+0000,2017-02-06T19:32:26.000+0000,Minor,3,Improvement
TIKA-2260,TIKA,2017-02-07T22:09:04.000+0000,2017-02-08T21:54:02.000+0000,Major,3,Bug
TIKA-2267,TIKA,2017-02-16T17:38:40.000+0000,2017-02-17T16:23:56.000+0000,Minor,3,Improvement
TIKA-1332,TIKA,2014-06-11T16:50:54.000+0000,2017-02-17T16:25:48.000+0000,Major,26,Sub-task
TIKA-2269,TIKA,2017-02-20T13:33:45.000+0000,2017-02-21T14:11:17.000+0000,Major,5,Bug
TIKA-2275,TIKA,2017-02-23T13:11:37.000+0000,2017-02-23T13:13:46.000+0000,Trivial,2,Bug
TIKA-2277,TIKA,2017-02-23T14:18:05.000+0000,2017-02-23T14:21:23.000+0000,Trivial,2,Improvement
TIKA-2276,TIKA,2017-02-23T13:43:16.000+0000,2017-02-23T20:55:16.000+0000,Major,9,Improvement
TIKA-2279,TIKA,2017-02-28T00:57:06.000+0000,2017-02-28T15:12:39.000+0000,Trivial,0,Bug
TIKA-2286,TIKA,2017-03-01T14:16:36.000+0000,2017-03-01T14:22:38.000+0000,Trivial,0,Improvement
TIKA-2281,TIKA,2017-02-28T20:48:55.000+0000,2017-03-01T16:20:30.000+0000,Trivial,1,Improvement
TIKA-1865,TIKA,2016-02-22T20:49:17.000+0000,2017-03-01T20:39:17.000+0000,Major,24,Improvement
TIKA-2287,TIKA,2017-03-03T00:44:55.000+0000,2017-03-03T13:49:04.000+0000,Major,2,Improvement
TIKA-2290,TIKA,2017-03-06T22:12:45.000+0000,2017-03-08T02:38:28.000+0000,Major,5,Bug
TIKA-1879,TIKA,2016-02-29T18:52:23.000+0000,2017-03-08T02:40:41.000+0000,Minor,2,Improvement
TIKA-2291,TIKA,2017-03-07T07:36:00.000+0000,2017-03-08T18:20:58.000+0000,Major,4,Bug
TIKA-2295,TIKA,2017-03-10T18:37:10.000+0000,2017-03-10T20:40:48.000+0000,Minor,2,Bug
TIKA-2292,TIKA,2017-03-07T11:17:55.000+0000,2017-03-12T22:07:55.000+0000,Minor,11,Task
TIKA-2297,TIKA,2017-03-11T08:18:28.000+0000,2017-03-13T12:08:09.000+0000,Major,7,Improvement
TIKA-2236,TIKA,2017-01-11T12:37:19.000+0000,2017-03-17T18:48:19.000+0000,Minor,5,Improvement
TIKA-2300,TIKA,2017-03-15T11:13:33.000+0000,2017-03-21T19:23:54.000+0000,Major,11,Bug
TIKA-2307,TIKA,2017-03-22T13:58:59.000+0000,2017-03-22T14:07:31.000+0000,Trivial,5,Bug
TIKA-2212,TIKA,2016-12-19T13:02:29.000+0000,2017-03-22T14:56:08.000+0000,Trivial,3,Bug
TIKA-2208,TIKA,2016-12-14T08:29:37.000+0000,2017-03-22T15:01:45.000+0000,Major,30,Improvement
TIKA-2245,TIKA,2017-01-19T11:29:36.000+0000,2017-03-23T23:41:21.000+0000,Major,29,Improvement
TIKA-2302,TIKA,2017-03-16T14:00:00.000+0000,2017-03-27T14:18:26.000+0000,Minor,4,Improvement
TIKA-2253,TIKA,2017-01-26T14:49:34.000+0000,2017-03-27T15:46:36.000+0000,Minor,9,Task
TIKA-2305,TIKA,2017-03-18T20:01:12.000+0000,2017-03-27T16:10:56.000+0000,Major,1,Bug
TIKA-2317,TIKA,2017-04-06T14:00:06.000+0000,2017-04-06T16:20:04.000+0000,Trivial,3,Improvement
TIKA-2319,TIKA,2017-04-06T18:19:35.000+0000,2017-04-06T18:27:36.000+0000,Trivial,5,Improvement
TIKA-2323,TIKA,2017-04-11T19:58:52.000+0000,2017-04-11T20:04:44.000+0000,Trivial,3,Improvement
TIKA-2325,TIKA,2017-04-12T20:42:40.000+0000,2017-04-12T20:58:13.000+0000,Trivial,3,Bug
TIKA-2326,TIKA,2017-04-13T14:54:32.000+0000,2017-04-13T15:43:36.000+0000,Major,9,Bug
TIKA-1195,TIKA,2013-11-14T12:33:06.000+0000,2017-04-19T14:54:51.000+0000,Major,13,Improvement
TIKA-2329,TIKA,2017-04-19T12:57:21.000+0000,2017-04-19T14:55:19.000+0000,Major,3,Improvement
TIKA-2333,TIKA,2017-04-20T01:16:51.000+0000,2017-04-20T01:20:41.000+0000,Minor,0,Sub-task
TIKA-2330,TIKA,2017-04-19T20:33:51.000+0000,2017-04-20T01:21:18.000+0000,Minor,2,Improvement
TIKA-2331,TIKA,2017-04-19T20:38:39.000+0000,2017-04-20T01:21:32.000+0000,Major,2,Improvement
TIKA-2334,TIKA,2017-04-20T01:36:46.000+0000,2017-04-20T01:42:49.000+0000,Trivial,1,Improvement
TIKA-2339,TIKA,2017-04-24T15:10:04.000+0000,2017-04-24T15:24:01.000+0000,Trivial,3,Improvement
TIKA-2309,TIKA,2017-03-23T13:49:55.000+0000,2017-04-25T16:55:37.000+0000,Minor,31,Improvement
TIKA-2099,TIKA,2016-09-28T05:31:38.000+0000,2017-04-26T14:37:39.000+0000,Major,10,Bug
TIKA-2345,TIKA,2017-04-27T13:56:32.000+0000,2017-04-27T14:47:04.000+0000,Major,2,Bug
TIKA-2348,TIKA,2017-05-01T15:23:10.000+0000,2017-05-01T15:24:22.000+0000,Trivial,2,Improvement
TIKA-2349,TIKA,2017-05-01T16:12:46.000+0000,2017-05-01T16:21:13.000+0000,Trivial,3,Improvement
TIKA-2311,TIKA,2017-03-27T11:30:25.000+0000,2017-05-01T19:23:28.000+0000,Major,16,Bug
TIKA-2350,TIKA,2017-05-01T19:03:36.000+0000,2017-05-01T19:23:47.000+0000,Trivial,3,Improvement
TIKA-2322,TIKA,2017-04-11T16:50:52.000+0000,2017-05-02T13:52:24.000+0000,Major,133,Improvement
TIKA-2352,TIKA,2017-05-02T13:20:30.000+0000,2017-05-03T20:26:02.000+0000,Trivial,20,Bug
TIKA-2343,TIKA,2017-04-27T11:18:07.000+0000,2017-05-04T01:31:35.000+0000,Major,8,Improvement
TIKA-2354,TIKA,2017-05-04T02:20:55.000+0000,2017-05-04T02:35:10.000+0000,Blocker,6,Bug
TIKA-2356,TIKA,2017-05-05T13:58:03.000+0000,2017-05-05T14:05:50.000+0000,Major,1,Bug
TIKA-2357,TIKA,2017-05-08T12:54:31.000+0000,2017-05-08T15:20:19.000+0000,Minor,2,Improvement
TIKA-2358,TIKA,2017-05-09T19:44:37.000+0000,2017-05-10T00:14:13.000+0000,Major,1,Improvement
TIKA-2361,TIKA,2017-05-16T02:37:33.000+0000,2017-05-16T10:08:34.000+0000,Minor,1,Improvement
TIKA-2364,TIKA,2017-05-16T12:22:14.000+0000,2017-05-16T18:57:14.000+0000,Minor,2,Improvement
TIKA-2367,TIKA,2017-05-16T18:55:23.000+0000,2017-05-16T19:01:17.000+0000,Trivial,1,Improvement
TIKA-2370,TIKA,2017-05-18T10:16:02.000+0000,2017-05-18T10:27:19.000+0000,Minor,2,Bug
TIKA-2360,TIKA,2017-05-15T14:42:40.000+0000,2017-05-18T10:45:37.000+0000,Blocker,16,Improvement
TIKA-2016,TIKA,2016-06-23T19:12:05.000+0000,2017-05-21T15:40:36.000+0000,Major,22,New Feature
TIKA-1815,TIKA,2015-12-19T18:55:48.000+0000,2017-05-21T15:41:24.000+0000,Major,7,Bug
TIKA-2373,TIKA,2017-05-22T14:34:32.000+0000,2017-05-22T17:33:35.000+0000,Blocker,3,Bug
TIKA-2379,TIKA,2017-05-31T07:58:28.000+0000,2017-06-01T04:38:41.000+0000,Blocker,7,Bug
TIKA-2341,TIKA,2017-04-26T15:17:00.000+0000,2017-06-01T19:19:01.000+0000,Minor,1,Improvement
TIKA-2386,TIKA,2017-06-05T17:18:10.000+0000,2017-06-05T18:27:57.000+0000,Major,1,Improvement
TIKA-2384,TIKA,2017-06-02T13:16:47.000+0000,2017-06-05T18:28:30.000+0000,Blocker,9,Bug
TIKA-2388,TIKA,2017-06-08T11:24:02.000+0000,2017-06-08T11:43:31.000+0000,Critical,2,Bug
TIKA-2254,TIKA,2017-01-27T15:07:50.000+0000,2017-06-09T01:46:41.000+0000,Minor,5,Improvement
TIKA-1945,TIKA,2016-04-10T00:37:33.000+0000,2017-06-09T01:48:46.000+0000,Major,14,Bug
TIKA-2391,TIKA,2017-06-09T18:45:54.000+0000,2017-06-16T18:16:02.000+0000,Minor,4,Improvement
TIKA-2377,TIKA,2017-05-25T19:02:37.000+0000,2017-06-21T21:14:21.000+0000,Blocker,0,Sub-task
TIKA-1432,TIKA,2014-09-29T17:11:36.000+0000,2017-06-30T17:08:08.000+0000,Minor,2,Bug
TIKA-2380,TIKA,2017-05-31T14:13:20.000+0000,2017-07-03T11:24:01.000+0000,Major,2,Improvement
TIKA-2378,TIKA,2017-05-25T23:01:27.000+0000,2017-07-03T11:24:13.000+0000,Minor,6,Bug
TIKA-1804,TIKA,2015-11-30T10:41:59.000+0000,2017-07-03T11:30:30.000+0000,Blocker,20,Bug
TIKA-2376,TIKA,2017-05-25T07:29:53.000+0000,2017-07-03T11:30:52.000+0000,Blocker,7,Task
TIKA-2147,TIKA,2016-10-27T20:11:17.000+0000,2017-07-03T11:32:28.000+0000,Major,9,Bug
TIKA-2410,TIKA,2017-07-03T02:14:24.000+0000,2017-07-03T16:09:54.000+0000,Major,3,Bug
TIKA-2335,TIKA,2017-04-21T12:17:06.000+0000,2017-07-03T16:47:47.000+0000,Trivial,2,Improvement
TIKA-2336,TIKA,2017-04-21T13:03:48.000+0000,2017-07-03T16:48:02.000+0000,Minor,2,Improvement
TIKA-2089,TIKA,2016-09-22T01:18:06.000+0000,2017-07-03T17:37:03.000+0000,Minor,4,Bug
TIKA-2411,TIKA,2017-07-03T13:01:07.000+0000,2017-07-03T17:57:36.000+0000,Trivial,3,Improvement
TIKA-2412,TIKA,2017-07-03T18:40:37.000+0000,2017-07-03T18:49:31.000+0000,Trivial,0,Improvement
TIKA-2416,TIKA,2017-07-03T20:01:31.000+0000,2017-07-03T20:03:37.000+0000,Trivial,1,Improvement
TIKA-2414,TIKA,2017-07-03T19:06:16.000+0000,2017-07-03T20:04:04.000+0000,Trivial,1,Improvement
TIKA-2413,TIKA,2017-07-03T18:50:23.000+0000,2017-07-03T20:04:23.000+0000,Major,0,Improvement
TIKA-2418,TIKA,2017-07-05T10:29:50.000+0000,2017-07-05T11:56:29.000+0000,Major,3,Bug
TIKA-2298,TIKA,2017-03-14T18:35:35.000+0000,2017-07-06T01:13:01.000+0000,Major,65,Improvement
TIKA-2422,TIKA,2017-07-06T09:56:32.000+0000,2017-07-06T12:55:38.000+0000,Minor,6,Improvement
TIKA-2399,TIKA,2017-06-19T17:51:38.000+0000,2017-07-07T15:39:24.000+0000,Major,22,Bug
TIKA-2424,TIKA,2017-07-08T00:59:35.000+0000,2017-07-08T00:59:51.000+0000,Blocker,0,Improvement
TIKA-2262,TIKA,2017-02-11T21:38:16.000+0000,2017-07-09T15:19:48.000+0000,Major,85,Improvement
TIKA-2426,TIKA,2017-07-10T14:25:45.000+0000,2017-07-10T17:43:51.000+0000,Trivial,2,Bug
TIKA-2430,TIKA,2017-07-13T21:27:08.000+0000,2017-07-14T12:43:02.000+0000,Major,5,Improvement
TIKA-2431,TIKA,2017-07-24T13:30:24.000+0000,2017-07-24T13:32:18.000+0000,Minor,1,Improvement
TIKA-2433,TIKA,2017-07-25T13:10:48.000+0000,2017-07-25T14:23:14.000+0000,Major,13,Bug
TIKA-2438,TIKA,2017-08-02T08:55:55.000+0000,2017-08-02T11:35:58.000+0000,Major,5,Bug
TIKA-2439,TIKA,2017-08-02T10:50:03.000+0000,2017-08-02T11:42:02.000+0000,Major,5,Improvement
TIKA-2402,TIKA,2017-06-26T17:29:11.000+0000,2017-08-09T16:39:23.000+0000,Minor,14,Sub-task
TIKA-2355,TIKA,2017-05-04T22:46:23.000+0000,2017-08-16T04:49:35.000+0000,Major,9,Improvement
TIKA-2445,TIKA,2017-08-23T22:27:14.000+0000,2017-08-23T22:41:20.000+0000,Major,2,Bug
TIKA-2447,TIKA,2017-08-24T14:31:59.000+0000,2017-08-24T18:03:56.000+0000,Critical,12,Bug
TIKA-2440,TIKA,2017-08-08T06:27:24.000+0000,2017-08-29T16:26:44.000+0000,Minor,8,Improvement
TIKA-2332,TIKA,2017-04-19T21:42:12.000+0000,2017-08-29T18:03:07.000+0000,Major,4,New Feature
TIKA-2448,TIKA,2017-08-29T17:22:03.000+0000,2017-08-30T16:38:35.000+0000,Minor,4,Improvement
TIKA-2450,TIKA,2017-08-30T12:02:49.000+0000,2017-08-30T17:17:19.000+0000,Minor,11,Bug
TIKA-2454,TIKA,2017-08-30T17:33:51.000+0000,2017-08-30T20:15:17.000+0000,Major,10,Bug
TIKA-2456,TIKA,2017-08-31T16:19:07.000+0000,2017-08-31T16:35:34.000+0000,Major,4,Bug
TIKA-2451,TIKA,2017-08-30T16:23:17.000+0000,2017-09-01T14:52:36.000+0000,Minor,7,Improvement
TIKA-2459,TIKA,2017-09-05T22:51:24.000+0000,2017-09-08T16:48:35.000+0000,Major,3,Bug
TIKA-2449,TIKA,2017-08-29T19:22:07.000+0000,2017-09-14T00:37:03.000+0000,Major,9,Improvement
TIKA-2465,TIKA,2017-09-14T01:41:11.000+0000,2017-09-14T01:42:51.000+0000,Trivial,7,Improvement
TIKA-2463,TIKA,2017-09-12T21:14:29.000+0000,2017-09-14T14:02:07.000+0000,Major,3,Bug
TIKA-2464,TIKA,2017-09-13T06:30:13.000+0000,2017-09-14T17:15:34.000+0000,Minor,7,Bug
TIKA-2429,TIKA,2017-07-13T15:20:26.000+0000,2017-09-18T13:02:43.000+0000,Major,5,Improvement
TIKA-2428,TIKA,2017-07-13T02:26:45.000+0000,2017-09-18T13:02:53.000+0000,Major,15,Bug
TIKA-2435,TIKA,2017-07-28T11:07:09.000+0000,2017-09-18T13:03:07.000+0000,Major,0,Bug
TIKA-2466,TIKA,2017-09-14T19:25:02.000+0000,2017-09-21T20:51:23.000+0000,Major,16,Improvement
TIKA-2470,TIKA,2017-09-22T20:41:06.000+0000,2017-09-22T20:48:29.000+0000,Major,5,Bug
TIKA-2472,TIKA,2017-10-02T10:06:39.000+0000,2017-10-11T10:44:37.000+0000,Trivial,10,Improvement
TIKA-2476,TIKA,2017-10-11T10:45:36.000+0000,2017-10-11T10:47:11.000+0000,Trivial,1,Improvement
TIKA-2475,TIKA,2017-10-10T20:31:28.000+0000,2017-10-11T13:21:38.000+0000,Major,5,Bug
TIKA-2469,TIKA,2017-09-18T20:06:08.000+0000,2017-10-11T14:59:58.000+0000,Minor,5,Bug
TIKA-2477,TIKA,2017-10-16T09:59:39.000+0000,2017-10-18T07:42:53.000+0000,Major,2,Bug
TIKA-2455,TIKA,2017-08-31T16:03:03.000+0000,2017-10-24T00:39:22.000+0000,Minor,9,Improvement
TIKA-1788,TIKA,2015-11-06T06:30:30.000+0000,2017-10-24T19:35:41.000+0000,Major,11,Bug
TIKA-2478,TIKA,2017-10-17T00:30:59.000+0000,2017-11-02T12:37:51.000+0000,Minor,22,Bug
TIKA-2485,TIKA,2017-10-27T13:36:42.000+0000,2017-11-02T13:43:01.000+0000,Minor,3,Improvement
TIKA-2489,TIKA,2017-11-03T13:03:20.000+0000,2017-11-03T13:37:47.000+0000,Trivial,1,Improvement
TIKA-2491,TIKA,2017-11-03T15:42:50.000+0000,2017-11-03T20:53:13.000+0000,Trivial,4,Bug
TIKA-2490,TIKA,2017-11-03T14:25:10.000+0000,2017-11-03T20:56:04.000+0000,Trivial,27,Bug
TIKA-2389,TIKA,2017-06-09T08:29:26.000+0000,2017-11-03T20:59:28.000+0000,Major,11,Wish
TIKA-2501,TIKA,2017-11-13T16:41:07.000+0000,2017-11-13T18:23:50.000+0000,Trivial,1,Sub-task
TIKA-2034,TIKA,2016-07-15T13:59:36.000+0000,2017-11-14T15:58:08.000+0000,Blocker,5,Bug
TIKA-2486,TIKA,2017-10-27T15:36:58.000+0000,2017-11-14T16:07:43.000+0000,Blocker,6,Task
TIKA-2504,TIKA,2017-11-13T17:45:33.000+0000,2017-11-14T16:26:54.000+0000,Major,5,Sub-task
TIKA-2503,TIKA,2017-11-13T16:46:15.000+0000,2017-11-14T16:27:39.000+0000,Major,9,Sub-task
TIKA-2506,TIKA,2017-11-18T01:23:34.000+0000,2017-11-18T01:25:30.000+0000,Major,1,Bug
TIKA-2400,TIKA,2017-06-20T16:25:15.000+0000,2017-11-21T17:06:52.000+0000,Minor,59,Sub-task
TIKA-2347,TIKA,2017-04-28T15:23:41.000+0000,2017-11-24T01:12:31.000+0000,Major,8,Bug
TIKA-2511,TIKA,2017-11-27T17:10:57.000+0000,2017-11-27T19:55:39.000+0000,Major,2,Bug
TIKA-2512,TIKA,2017-11-28T13:15:49.000+0000,2017-11-28T13:17:57.000+0000,Minor,1,Improvement
TIKA-2510,TIKA,2017-11-27T16:41:50.000+0000,2017-11-28T14:23:10.000+0000,Minor,5,Bug
TIKA-2497,TIKA,2017-11-10T12:41:42.000+0000,2017-11-29T12:40:56.000+0000,Major,10,Bug
TIKA-2516,TIKA,2017-12-04T18:38:20.000+0000,2017-12-04T19:46:57.000+0000,Major,5,Task
TIKA-2502,TIKA,2017-11-13T16:42:30.000+0000,2017-12-05T13:45:41.000+0000,Major,11,Sub-task
TIKA-2499,TIKA,2017-11-10T15:54:36.000+0000,2017-12-05T14:25:47.000+0000,Blocker,3,Bug
TIKA-2519,TIKA,2017-12-06T22:07:55.000+0000,2017-12-08T14:51:04.000+0000,Blocker,4,Bug
TIKA-2483,TIKA,2017-10-27T03:28:00.000+0000,2017-12-08T16:39:02.000+0000,Major,6,Bug
TIKA-2521,TIKA,2017-12-08T17:37:51.000+0000,2017-12-08T17:39:29.000+0000,Trivial,1,Bug
TIKA-2524,TIKA,2017-12-11T13:32:09.000+0000,2017-12-13T15:50:46.000+0000,Major,9,Improvement
TIKA-2528,TIKA,2017-12-14T13:32:14.000+0000,2017-12-15T01:45:37.000+0000,Minor,3,Improvement
TIKA-1191,TIKA,2013-11-05T00:43:26.000+0000,2018-01-11T06:48:13.000+0000,Major,13,Bug
TIKA-2509,TIKA,2017-11-27T15:41:31.000+0000,2018-01-15T11:46:39.000+0000,Major,2,Bug
TIKA-2535,TIKA,2018-01-03T15:02:58.000+0000,2018-01-23T16:21:50.000+0000,Major,2,Improvement
TIKA-2541,TIKA,2018-01-05T16:06:16.000+0000,2018-01-23T17:09:58.000+0000,Major,0,Improvement
TIKA-2551,TIKA,2018-01-23T16:12:47.000+0000,2018-01-26T18:54:50.000+0000,Major,4,Bug
TIKA-1961,TIKA,2016-04-27T14:58:24.000+0000,2018-01-30T16:48:45.000+0000,Major,9,Bug
TIKA-2560,TIKA,2018-01-31T09:37:43.000+0000,2018-01-31T10:08:00.000+0000,Major,1,Bug
TIKA-1974,TIKA,2016-05-17T01:51:51.000+0000,2018-01-31T14:43:16.000+0000,Blocker,4,Sub-task
TIKA-2556,TIKA,2018-01-26T10:25:49.000+0000,2018-01-31T14:53:07.000+0000,Major,7,Improvement
TIKA-2547,TIKA,2018-01-12T19:54:04.000+0000,2018-01-31T20:21:14.000+0000,Major,1,Bug
TIKA-2561,TIKA,2018-01-31T22:28:30.000+0000,2018-02-02T13:21:10.000+0000,Major,4,Bug
TIKA-1983,TIKA,2016-05-23T12:51:17.000+0000,2018-02-05T14:25:59.000+0000,Trivial,5,Sub-task
TIKA-2564,TIKA,2018-02-02T22:48:40.000+0000,2018-02-05T14:55:47.000+0000,Major,2,Bug
TIKA-2083,TIKA,2016-09-19T18:07:51.000+0000,2018-02-05T16:21:00.000+0000,Blocker,1,Sub-task
TIKA-2567,TIKA,2018-02-07T00:57:39.000+0000,2018-02-07T12:53:27.000+0000,Major,2,Bug
TIKA-2559,TIKA,2018-01-31T02:29:14.000+0000,2018-02-07T17:04:51.000+0000,Major,3,Improvement
TIKA-2571,TIKA,2018-02-09T13:40:40.000+0000,2018-02-09T19:44:30.000+0000,Minor,5,Bug
TIKA-2569,TIKA,2018-02-08T16:25:19.000+0000,2018-02-12T15:35:34.000+0000,Major,5,Bug
TIKA-2563,TIKA,2018-02-02T15:50:42.000+0000,2018-02-21T21:37:52.000+0000,Trivial,6,Improvement
TIKA-2570,TIKA,2018-02-09T11:29:04.000+0000,2018-02-21T21:51:29.000+0000,Minor,7,Task
TIKA-2586,TIKA,2018-02-21T22:24:49.000+0000,2018-02-22T00:33:23.000+0000,Minor,5,Improvement
TIKA-2580,TIKA,2018-02-21T20:21:28.000+0000,2018-02-22T14:33:02.000+0000,Minor,6,Bug
TIKA-2588,TIKA,2018-02-24T16:00:07.000+0000,2018-02-26T20:26:11.000+0000,Major,5,Bug
TIKA-2578,TIKA,2018-02-20T08:52:24.000+0000,2018-02-26T22:31:26.000+0000,Major,4,Bug
TIKA-2587,TIKA,2018-02-23T09:38:02.000+0000,2018-02-26T22:31:52.000+0000,Major,2,Bug
TIKA-2598,TIKA,2018-03-05T10:23:59.000+0000,2018-03-06T20:21:44.000+0000,Blocker,13,Improvement
TIKA-2576,TIKA,2018-02-15T07:58:23.000+0000,2018-03-07T00:55:03.000+0000,Minor,11,Improvement
TIKA-2600,TIKA,2018-03-07T13:33:08.000+0000,2018-03-07T14:51:08.000+0000,Blocker,4,Task
TIKA-2594,TIKA,2018-03-01T07:55:17.000+0000,2018-03-07T20:13:10.000+0000,Major,10,Bug
TIKA-2592,TIKA,2018-02-28T08:14:02.000+0000,2018-03-07T20:14:13.000+0000,Minor,15,Improvement
TIKA-2591,TIKA,2018-02-27T14:07:08.000+0000,2018-03-07T20:15:57.000+0000,Major,16,Bug
TIKA-2590,TIKA,2018-02-27T11:58:35.000+0000,2018-03-07T20:20:32.000+0000,Critical,7,Bug
TIKA-2527,TIKA,2017-12-14T08:21:03.000+0000,2018-03-07T20:39:11.000+0000,Minor,11,Bug
TIKA-2568,TIKA,2018-02-08T16:00:59.000+0000,2018-03-08T11:44:02.000+0000,Minor,5,Bug
TIKA-2338,TIKA,2017-04-24T13:24:50.000+0000,2018-03-08T12:16:06.000+0000,Major,22,Improvement
TIKA-2442,TIKA,2017-08-14T13:46:13.000+0000,2018-03-09T18:09:05.000+0000,Major,11,Bug
TIKA-2604,TIKA,2018-03-09T08:33:15.000+0000,2018-03-09T18:11:16.000+0000,Blocker,8,Bug
TIKA-2608,TIKA,2018-03-16T10:16:54.000+0000,2018-03-19T03:53:58.000+0000,Minor,11,Bug
TIKA-2585,TIKA,2018-02-21T21:41:58.000+0000,2018-03-21T08:41:39.000+0000,Major,5,Improvement
TIKA-2617,TIKA,2018-03-28T16:22:38.000+0000,2018-03-28T16:49:22.000+0000,Major,4,Task
TIKA-2616,TIKA,2018-03-28T15:15:24.000+0000,2018-03-28T16:49:41.000+0000,Major,3,Task
TIKA-2614,TIKA,2018-03-28T14:34:31.000+0000,2018-03-28T16:49:57.000+0000,Blocker,3,Task
TIKA-2579,TIKA,2018-02-21T14:23:04.000+0000,2018-03-28T16:50:13.000+0000,Major,4,Improvement
TIKA-2607,TIKA,2018-03-14T08:32:01.000+0000,2018-03-28T16:50:55.000+0000,Major,4,Sub-task
TIKA-2618,TIKA,2018-03-28T18:52:42.000+0000,2018-03-28T19:27:44.000+0000,Major,3,Task
TIKA-2582,TIKA,2018-02-21T21:07:30.000+0000,2018-03-29T19:16:57.000+0000,Major,8,Bug
TIKA-2584,TIKA,2018-02-21T21:30:06.000+0000,2018-03-29T19:17:23.000+0000,Minor,6,Improvement
TIKA-2613,TIKA,2018-03-26T23:22:55.000+0000,2018-03-29T19:17:56.000+0000,Major,7,Improvement
TIKA-2620,TIKA,2018-03-29T13:00:17.000+0000,2018-03-30T10:50:15.000+0000,Trivial,14,Task
TIKA-2625,TIKA,2018-04-06T15:16:40.000+0000,2018-04-06T18:54:18.000+0000,Major,3,Bug
TIKA-2626,TIKA,2018-04-06T15:19:17.000+0000,2018-04-06T18:54:40.000+0000,Blocker,3,Bug
TIKA-2634,TIKA,2018-04-19T12:38:12.000+0000,2018-04-19T14:58:18.000+0000,Major,4,Task
TIKA-2635,TIKA,2018-04-19T14:38:49.000+0000,2018-04-19T15:21:53.000+0000,Minor,3,Task
TIKA-1153,TIKA,2013-07-23T14:06:47.000+0000,2018-04-27T19:24:19.000+0000,Critical,2,Improvement
TIKA-2636,TIKA,2018-04-24T04:19:53.000+0000,2018-05-01T17:37:41.000+0000,Major,11,Bug
TIKA-2462,TIKA,2017-09-12T19:24:11.000+0000,2018-05-03T20:44:21.000+0000,Major,9,Improvement
TIKA-2628,TIKA,2018-04-11T09:06:52.000+0000,2018-05-10T21:20:25.000+0000,Minor,4,Improvement
TIKA-2629,TIKA,2018-04-11T13:05:45.000+0000,2018-05-10T21:20:39.000+0000,Minor,2,Improvement
TIKA-2644,TIKA,2018-05-17T12:12:42.000+0000,2018-05-17T20:17:12.000+0000,Major,3,Task
TIKA-2479,TIKA,2017-10-18T18:43:12.000+0000,2018-05-18T14:54:52.000+0000,Minor,14,Bug
TIKA-2645,TIKA,2018-05-18T12:14:37.000+0000,2018-05-23T00:14:19.000+0000,Major,11,Task
TIKA-2520,TIKA,2017-12-08T15:08:46.000+0000,2018-05-24T20:55:28.000+0000,Minor,25,Improvement
TIKA-2100,TIKA,2016-09-28T13:21:46.000+0000,2018-05-29T18:28:13.000+0000,Major,28,Bug
TIKA-2653,TIKA,2018-05-25T15:56:38.000+0000,2018-05-31T20:13:26.000+0000,Major,7,New Feature
TIKA-2655,TIKA,2018-05-29T21:23:56.000+0000,2018-05-31T20:13:49.000+0000,Major,7,New Feature
TIKA-2656,TIKA,2018-05-31T20:15:42.000+0000,2018-06-01T13:47:08.000+0000,Major,3,Task
TIKA-2657,TIKA,2018-06-01T10:48:46.000+0000,2018-06-01T14:15:23.000+0000,Trivial,3,Task
TIKA-2303,TIKA,2017-03-16T15:33:51.000+0000,2018-06-04T12:09:58.000+0000,Major,6,Improvement
TIKA-2446,TIKA,2017-08-24T07:35:22.000+0000,2018-06-06T19:36:27.000+0000,Major,8,Bug
TIKA-2647,TIKA,2018-05-22T12:37:37.000+0000,2018-06-07T14:53:45.000+0000,Major,3,New Feature
TIKA-2661,TIKA,2018-06-04T14:40:29.000+0000,2018-06-07T20:20:34.000+0000,Minor,4,Task
TIKA-2664,TIKA,2018-06-07T20:20:46.000+0000,2018-06-07T20:25:04.000+0000,Trivial,0,Task
TIKA-2662,TIKA,2018-06-07T18:25:46.000+0000,2018-06-07T20:25:26.000+0000,Minor,3,Task
TIKA-2668,TIKA,2018-06-14T14:43:43.000+0000,2018-06-14T20:32:52.000+0000,Major,4,Task
TIKA-2677,TIKA,2018-06-20T19:35:21.000+0000,2018-06-21T20:15:56.000+0000,Major,4,Bug
TIKA-2679,TIKA,2018-06-21T20:22:00.000+0000,2018-06-21T20:24:02.000+0000,Major,3,Task
TIKA-2622,TIKA,2018-03-29T14:57:14.000+0000,2018-06-30T15:33:34.000+0000,Major,1,Task
TIKA-2681,TIKA,2018-06-30T15:29:59.000+0000,2018-06-30T21:21:08.000+0000,Major,0,Bug
TIKA-2682,TIKA,2018-07-02T14:44:56.000+0000,2018-07-02T15:28:19.000+0000,Trivial,3,Task
TIKA-2669,TIKA,2018-06-14T19:00:18.000+0000,2018-07-02T19:21:39.000+0000,Major,4,Bug
TIKA-2675,TIKA,2018-06-20T15:04:42.000+0000,2018-07-06T13:23:25.000+0000,Major,6,Bug
TIKA-2687,TIKA,2018-07-13T20:14:42.000+0000,2018-07-13T21:24:29.000+0000,Trivial,0,Task
TIKA-2683,TIKA,2018-07-02T17:50:29.000+0000,2018-07-18T14:01:38.000+0000,Major,19,Bug
TIKA-2691,TIKA,2018-07-19T13:05:54.000+0000,2018-07-25T18:29:15.000+0000,Major,4,Bug
TIKA-2690,TIKA,2018-07-18T13:31:16.000+0000,2018-07-25T18:36:22.000+0000,Major,6,Improvement
TIKA-2688,TIKA,2018-07-17T22:08:37.000+0000,2018-07-25T19:11:52.000+0000,Major,5,Bug
TIKA-2692,TIKA,2018-07-26T12:13:02.000+0000,2018-07-26T20:34:49.000+0000,Major,15,Task
TIKA-2673,TIKA,2018-06-19T15:35:57.000+0000,2018-08-03T15:37:44.000+0000,Major,36,Bug
TIKA-2704,TIKA,2018-08-03T17:47:40.000+0000,2018-08-03T17:51:00.000+0000,Trivial,3,Task
TIKA-2705,TIKA,2018-08-07T16:21:21.000+0000,2018-08-07T17:55:38.000+0000,Major,5,Task
TIKA-2706,TIKA,2018-08-08T17:20:34.000+0000,2018-08-08T17:31:03.000+0000,Trivial,3,Task
TIKA-2695,TIKA,2018-07-26T14:24:21.000+0000,2018-08-09T19:00:22.000+0000,Trivial,3,Task
TIKA-2672,TIKA,2018-06-15T20:02:31.000+0000,2018-08-14T15:52:33.000+0000,Major,45,Task
TIKA-2667,TIKA,2018-06-13T20:06:54.000+0000,2018-08-14T15:53:00.000+0000,Trivial,7,Task
TIKA-2707,TIKA,2018-08-16T15:16:25.000+0000,2018-08-16T15:32:54.000+0000,Major,4,Task
TIKA-2710,TIKA,2018-08-17T18:21:16.000+0000,2018-08-18T03:16:26.000+0000,Major,3,Improvement
TIKA-2721,TIKA,2018-09-04T15:09:00.000+0000,2018-09-04T17:05:36.000+0000,Minor,5,Bug
TIKA-2658,TIKA,2018-06-01T14:05:56.000+0000,2018-09-05T20:00:59.000+0000,Minor,5,Improvement
TIKA-2552,TIKA,2018-01-23T19:40:31.000+0000,2018-09-06T15:34:26.000+0000,Blocker,8,Improvement
TIKA-2693,TIKA,2018-07-26T13:06:30.000+0000,2018-09-06T15:35:01.000+0000,Major,15,Bug
TIKA-2549,TIKA,2018-01-16T04:11:42.000+0000,2018-09-06T15:36:00.000+0000,Major,7,Bug
TIKA-2719,TIKA,2018-08-30T13:44:39.000+0000,2018-09-10T09:41:35.000+0000,Major,11,Bug
TIKA-2725,TIKA,2018-09-06T12:26:07.000+0000,2018-09-11T20:47:50.000+0000,Major,10,Task
TIKA-2729,TIKA,2018-09-18T15:10:56.000+0000,2018-09-18T18:22:45.000+0000,Trivial,3,Task
TIKA-2730,TIKA,2018-09-19T10:12:30.000+0000,2018-09-19T16:55:54.000+0000,Major,4,Bug
TIKA-2731,TIKA,2018-09-21T13:39:29.000+0000,2018-09-21T20:44:57.000+0000,Major,7,Improvement
TIKA-2638,TIKA,2018-05-01T21:21:43.000+0000,2018-09-24T14:20:23.000+0000,Major,4,Bug
TIKA-2732,TIKA,2018-09-24T15:25:25.000+0000,2018-09-24T18:21:10.000+0000,Major,4,Task
TIKA-2738,TIKA,2018-09-25T17:47:21.000+0000,2018-09-25T17:59:24.000+0000,Major,3,Task
TIKA-2736,TIKA,2018-09-25T16:17:56.000+0000,2018-09-25T18:03:14.000+0000,Major,4,Task
TIKA-2739,TIKA,2018-09-25T18:56:09.000+0000,2018-09-25T19:09:38.000+0000,Major,3,Task
TIKA-2742,TIKA,2018-10-01T16:14:32.000+0000,2018-10-02T14:49:52.000+0000,Major,4,Bug
TIKA-2743,TIKA,2018-10-01T17:12:38.000+0000,2018-10-02T14:50:28.000+0000,Major,10,Improvement
TIKA-2748,TIKA,2018-10-03T19:24:02.000+0000,2018-10-03T19:27:22.000+0000,Trivial,0,Task
TIKA-2745,TIKA,2018-10-02T20:10:58.000+0000,2018-10-04T20:41:42.000+0000,Major,3,Task
TIKA-2727,TIKA,2018-09-16T12:49:09.000+0000,2018-10-09T19:07:20.000+0000,Blocker,23,Bug
TIKA-2703,TIKA,2018-08-01T13:57:24.000+0000,2018-10-11T17:49:26.000+0000,Major,19,Bug
TIKA-2754,TIKA,2018-10-12T15:32:46.000+0000,2018-10-12T16:38:30.000+0000,Major,3,Task
TIKA-2753,TIKA,2018-10-12T12:31:28.000+0000,2018-10-12T16:40:02.000+0000,Critical,4,Bug
TIKA-2577,TIKA,2018-02-19T12:21:03.000+0000,2018-10-17T18:34:28.000+0000,Major,5,Bug
TIKA-2734,TIKA,2018-09-25T02:06:38.000+0000,2018-10-22T03:49:20.000+0000,Major,13,Bug
TIKA-2761,TIKA,2018-10-18T22:03:06.000+0000,2018-10-22T16:33:01.000+0000,Minor,4,Bug
TIKA-2764,TIKA,2018-10-22T16:20:15.000+0000,2018-10-22T16:33:20.000+0000,Trivial,3,Task
TIKA-2759,TIKA,2018-10-18T11:09:59.000+0000,2018-10-22T16:57:43.000+0000,Major,6,Bug
TIKA-2599,TIKA,2018-03-07T03:27:34.000+0000,2018-10-29T22:08:26.000+0000,Minor,10,Bug
TIKA-2735,TIKA,2018-09-25T02:26:36.000+0000,2018-10-31T17:52:21.000+0000,Major,8,Bug
TIKA-2773,TIKA,2018-11-08T15:07:27.000+0000,2018-11-08T18:51:18.000+0000,Minor,5,Task
TIKA-2757,TIKA,2018-10-17T13:34:15.000+0000,2018-11-08T22:18:24.000+0000,Trivial,5,Task
TIKA-2777,TIKA,2018-11-09T15:31:03.000+0000,2018-11-09T18:18:10.000+0000,Major,3,Task
TIKA-2780,TIKA,2018-11-10T14:09:49.000+0000,2018-11-13T19:20:20.000+0000,Major,11,Bug
TIKA-2770,TIKA,2018-11-01T08:08:39.000+0000,2018-11-14T21:39:10.000+0000,Major,15,Improvement
TIKA-2782,TIKA,2018-11-13T23:14:34.000+0000,2018-11-14T21:42:28.000+0000,Blocker,4,Task
TIKA-2778,TIKA,2018-11-09T23:29:09.000+0000,2018-11-14T21:44:48.000+0000,Major,22,Task
TIKA-2776,TIKA,2018-11-09T15:26:37.000+0000,2018-11-14T21:49:56.000+0000,Blocker,45,Bug
TIKA-2784,TIKA,2018-11-19T19:35:54.000+0000,2018-11-19T19:54:01.000+0000,Trivial,3,Task
TIKA-2785,TIKA,2018-11-19T19:48:31.000+0000,2018-11-19T19:54:24.000+0000,Major,10,Task
TIKA-2550,TIKA,2018-01-22T20:14:46.000+0000,2018-11-30T21:30:35.000+0000,Trivial,9,Bug
TIKA-2751,TIKA,2018-10-11T17:53:21.000+0000,2018-12-03T19:54:08.000+0000,Major,4,Task
TIKA-2779,TIKA,2018-11-09T23:53:05.000+0000,2018-12-03T19:54:33.000+0000,Major,4,Task
TIKA-2788,TIKA,2018-11-27T01:33:25.000+0000,2018-12-03T19:55:13.000+0000,Major,3,Task
TIKA-2795,TIKA,2018-12-05T13:33:42.000+0000,2018-12-11T02:29:35.000+0000,Major,8,Bug
TIKA-2637,TIKA,2018-04-30T13:14:41.000+0000,2018-12-11T15:07:03.000+0000,Critical,5,Bug
TIKA-2800,TIKA,2018-12-14T21:33:31.000+0000,2018-12-14T22:25:14.000+0000,Major,3,Improvement
TIKA-2798,TIKA,2018-12-14T14:48:20.000+0000,2018-12-14T22:26:18.000+0000,Major,8,Improvement
TIKA-2799,TIKA,2018-12-14T18:14:58.000+0000,2018-12-14T22:26:47.000+0000,Major,3,Improvement
TIKA-2791,TIKA,2018-12-03T14:31:49.000+0000,2018-12-14T22:27:22.000+0000,Major,5,Improvement
TIKA-2762,TIKA,2018-10-19T23:01:20.000+0000,2018-12-22T15:13:11.000+0000,Major,9,Improvement
TIKA-2765,TIKA,2018-10-24T13:48:16.000+0000,2019-01-03T20:32:14.000+0000,Minor,18,Improvement
TIKA-2807,TIKA,2019-01-07T12:42:05.000+0000,2019-01-07T16:08:43.000+0000,Critical,5,Bug
TIKA-2810,TIKA,2019-01-07T19:53:09.000+0000,2019-01-07T19:58:19.000+0000,Major,3,Improvement
TIKA-2809,TIKA,2019-01-07T19:34:01.000+0000,2019-01-07T19:58:38.000+0000,Minor,3,Improvement
TIKA-2816,TIKA,2019-01-15T15:12:50.000+0000,2019-01-15T18:10:02.000+0000,Major,8,Bug
TIKA-2823,TIKA,2019-01-29T17:16:09.000+0000,2019-01-29T17:29:41.000+0000,Major,4,Improvement
TIKA-2822,TIKA,2019-01-28T16:46:29.000+0000,2019-01-30T18:43:40.000+0000,Trivial,11,Improvement
TIKA-2802,TIKA,2018-12-27T15:55:32.000+0000,2019-01-31T14:01:00.000+0000,Critical,18,Bug
TIKA-2717,TIKA,2018-08-22T09:47:39.000+0000,2019-01-31T14:01:23.000+0000,Critical,7,Bug
TIKA-2825,TIKA,2019-02-01T14:11:02.000+0000,2019-02-01T14:12:23.000+0000,Trivial,3,Task
TIKA-2819,TIKA,2019-01-23T04:49:51.000+0000,2019-02-04T16:50:29.000+0000,Major,10,Improvement
TIKA-2756,TIKA,2018-10-16T12:48:53.000+0000,2019-02-12T00:53:08.000+0000,Major,23,Improvement
TIKA-2826,TIKA,2019-02-12T14:19:18.000+0000,2019-02-13T01:41:00.000+0000,Minor,4,Task
TIKA-2827,TIKA,2019-02-14T12:56:19.000+0000,2019-02-14T14:23:05.000+0000,Major,3,Task
TIKA-2834,TIKA,2019-02-28T20:40:15.000+0000,2019-02-28T21:35:46.000+0000,Major,6,Task
TIKA-2833,TIKA,2019-02-26T13:46:36.000+0000,2019-03-04T15:09:18.000+0000,Minor,9,Task
TIKA-2836,TIKA,2019-03-01T20:22:57.000+0000,2019-03-07T21:39:35.000+0000,Major,14,Bug
TIKA-2838,TIKA,2019-03-12T08:21:51.000+0000,2019-03-13T19:19:29.000+0000,Major,6,Bug
TIKA-2310,TIKA,2017-03-24T15:28:20.000+0000,2019-03-21T20:45:03.000+0000,Minor,8,Bug
TIKA-2844,TIKA,2019-03-25T06:59:46.000+0000,2019-03-28T21:18:07.000+0000,Major,2,Bug
TIKA-2845,TIKA,2019-04-03T13:14:39.000+0000,2019-04-03T14:15:02.000+0000,Major,4,Task
TIKA-2846,TIKA,2019-04-03T15:20:25.000+0000,2019-04-03T16:33:49.000+0000,Major,4,Task
TIKA-2852,TIKA,2019-04-11T20:50:21.000+0000,2019-04-11T21:09:05.000+0000,Major,3,Task
TIKA-2835,TIKA,2019-02-28T20:40:27.000+0000,2019-04-19T20:22:49.000+0000,Major,7,Task
TIKA-2849,TIKA,2019-04-08T08:48:51.000+0000,2019-04-19T20:24:08.000+0000,Major,49,Bug
TIKA-2804,TIKA,2019-01-03T16:50:15.000+0000,2019-04-22T19:26:24.000+0000,Major,4,Improvement
TIKA-2801,TIKA,2018-12-26T04:25:05.000+0000,2019-04-22T19:29:35.000+0000,Critical,5,Task
TIKA-2841,TIKA,2019-03-21T18:50:10.000+0000,2019-04-23T13:03:09.000+0000,Major,3,Task
TIKA-2601,TIKA,2018-03-07T18:14:32.000+0000,2019-04-23T13:45:34.000+0000,Major,7,Bug
TIKA-2555,TIKA,2018-01-25T17:07:10.000+0000,2019-04-23T13:45:56.000+0000,Minor,3,Bug
TIKA-2315,TIKA,2017-03-29T15:45:17.000+0000,2019-04-23T15:11:09.000+0000,Minor,0,Task
TIKA-2566,TIKA,2018-02-05T16:23:52.000+0000,2019-04-24T00:11:25.000+0000,Minor,8,Sub-task
TIKA-2840,TIKA,2019-03-15T21:48:36.000+0000,2019-04-30T10:04:12.000+0000,Major,8,Bug
TIKA-2863,TIKA,2019-05-07T14:26:35.000+0000,2019-05-07T15:22:12.000+0000,Major,6,Task
TIKA-2867,TIKA,2019-05-07T20:52:14.000+0000,2019-05-07T20:59:28.000+0000,Major,3,Task
TIKA-2866,TIKA,2019-05-07T19:37:25.000+0000,2019-05-07T21:02:23.000+0000,Major,4,Task
TIKA-2865,TIKA,2019-05-07T19:17:59.000+0000,2019-05-07T21:02:43.000+0000,Major,3,Task
TIKA-2868,TIKA,2019-05-08T15:05:56.000+0000,2019-05-08T15:09:35.000+0000,Blocker,3,Task
TIKA-2869,TIKA,2019-05-10T14:33:32.000+0000,2019-05-10T16:41:36.000+0000,Major,3,Bug
TIKA-2864,TIKA,2019-05-07T14:26:58.000+0000,2019-05-13T18:43:16.000+0000,Blocker,7,Task
TIKA-2872,TIKA,2019-05-14T10:39:30.000+0000,2019-05-14T12:53:38.000+0000,Trivial,5,Bug
TIKA-2871,TIKA,2019-05-14T10:17:10.000+0000,2019-05-14T12:54:22.000+0000,Minor,5,Bug
TIKA-2873,TIKA,2019-05-14T19:08:59.000+0000,2019-05-15T01:09:26.000+0000,Blocker,4,Task
TIKA-2877,TIKA,2019-05-16T13:19:45.000+0000,2019-05-20T00:27:27.000+0000,Critical,2,Bug
TIKA-2854,TIKA,2019-04-16T17:23:36.000+0000,2019-05-20T02:21:08.000+0000,Major,13,Bug
TIKA-2879,TIKA,2019-05-20T09:03:36.000+0000,2019-05-20T10:26:16.000+0000,Major,1,Bug
TIKA-2876,TIKA,2019-05-15T20:53:22.000+0000,2019-05-29T15:24:02.000+0000,Trivial,3,Task
TIKA-2883,TIKA,2019-05-28T16:01:03.000+0000,2019-05-29T15:24:45.000+0000,Major,16,Bug
TIKA-1713,TIKA,2015-08-17T13:38:31.000+0000,2019-05-29T15:25:11.000+0000,Major,4,Bug
TIKA-2500,TIKA,2017-11-13T13:20:43.000+0000,2019-05-29T15:25:30.000+0000,Major,1,Bug
TIKA-2150,TIKA,2016-10-28T13:41:30.000+0000,2019-05-29T15:25:45.000+0000,Major,2,Bug
TIKA-2885,TIKA,2019-05-29T16:48:09.000+0000,2019-05-29T17:21:36.000+0000,Blocker,0,Bug
TIKA-2886,TIKA,2019-05-29T17:23:21.000+0000,2019-06-04T16:46:54.000+0000,Major,5,Task
TIKA-2891,TIKA,2019-06-05T09:05:00.000+0000,2019-06-06T14:04:31.000+0000,Blocker,1,Bug
TIKA-2896,TIKA,2019-06-17T16:54:22.000+0000,2019-06-18T08:55:46.000+0000,Major,3,Bug
TIKA-2895,TIKA,2019-06-15T10:11:47.000+0000,2019-06-26T20:13:15.000+0000,Minor,4,Bug
TIKA-2893,TIKA,2019-06-07T19:07:28.000+0000,2019-06-28T16:38:42.000+0000,Minor,3,Task
TIKA-2898,TIKA,2019-06-28T16:09:36.000+0000,2019-06-29T00:43:52.000+0000,Major,4,Bug
TIKA-2903,TIKA,2019-07-10T07:07:45.000+0000,2019-07-10T13:59:09.000+0000,Critical,4,Bug
TIKA-1568,TIKA,2015-03-09T13:46:45.000+0000,2019-07-11T18:28:44.000+0000,Major,11,Bug
TIKA-2790,TIKA,2018-12-03T14:29:41.000+0000,2019-07-16T14:13:44.000+0000,Major,44,Improvement
TIKA-2908,TIKA,2019-07-17T20:34:52.000+0000,2019-07-18T15:41:16.000+0000,Blocker,10,Bug
TIKA-2899,TIKA,2019-07-03T07:36:56.000+0000,2019-07-18T18:40:36.000+0000,Critical,19,Bug
TIKA-2905,TIKA,2019-07-11T20:16:25.000+0000,2019-07-18T19:55:00.000+0000,Major,3,Task
TIKA-2750,TIKA,2018-10-05T13:24:14.000+0000,2019-07-30T20:26:38.000+0000,Major,14,Task
TIKA-1728,TIKA,2015-09-03T08:55:09.000+0000,2019-08-01T21:16:06.000+0000,Major,18,Bug
TIKA-2909,TIKA,2019-07-17T20:59:34.000+0000,2019-08-01T21:17:40.000+0000,Major,16,New Feature
TIKA-1731,TIKA,2015-09-08T13:43:40.000+0000,2019-08-01T21:17:52.000+0000,Minor,22,New Feature
TIKA-2922,TIKA,2019-08-12T06:58:46.000+0000,2019-08-12T17:45:23.000+0000,Minor,7,Bug
TIKA-2906,TIKA,2019-07-15T13:04:11.000+0000,2019-08-13T17:37:25.000+0000,Major,12,Task
TIKA-2931,TIKA,2019-08-28T21:40:46.000+0000,2019-09-04T15:18:57.000+0000,Minor,8,Improvement
TIKA-2947,TIKA,2019-09-18T12:28:44.000+0000,2019-09-18T13:58:13.000+0000,Minor,3,Bug
TIKA-2951,TIKA,2019-09-27T14:37:07.000+0000,2019-09-27T15:50:49.000+0000,Major,3,Improvement
TIKA-2950,TIKA,2019-09-27T14:32:49.000+0000,2019-09-27T15:51:24.000+0000,Major,5,Improvement
TIKA-2890,TIKA,2019-06-04T19:39:44.000+0000,2019-09-27T15:52:31.000+0000,Major,15,Improvement
TIKA-2958,TIKA,2019-10-05T15:15:04.000+0000,2019-10-05T17:21:28.000+0000,Trivial,4,Bug
TIKA-2959,TIKA,2019-10-05T17:09:48.000+0000,2019-10-05T18:24:36.000+0000,Minor,3,Bug
TIKA-2955,TIKA,2019-10-03T06:12:03.000+0000,2019-10-10T03:20:08.000+0000,Major,22,Bug
TIKA-2941,TIKA,2019-09-11T14:32:48.000+0000,2019-10-10T03:20:42.000+0000,Major,11,Bug
TIKA-2965,TIKA,2019-10-17T10:53:07.000+0000,2019-10-17T17:43:17.000+0000,Trivial,3,Improvement
TIKA-2970,TIKA,2019-10-20T20:10:02.000+0000,2019-10-21T15:26:22.000+0000,Critical,8,Improvement
TIKA-2969,TIKA,2019-10-20T13:28:12.000+0000,2019-10-21T15:26:51.000+0000,Minor,4,Improvement
TIKA-2851,TIKA,2019-04-10T19:27:43.000+0000,2019-10-21T15:53:42.000+0000,Major,8,Task
TIKA-2624,TIKA,2018-04-02T18:55:39.000+0000,2019-10-22T21:52:02.000+0000,Major,16,Bug
TIKA-2971,TIKA,2019-10-22T16:26:19.000+0000,2019-10-22T21:56:58.000+0000,Minor,2,Improvement
TIKA-2934,TIKA,2019-09-04T09:22:33.000+0000,2019-10-23T17:45:26.000+0000,Major,6,Bug
TIKA-2968,TIKA,2019-10-18T18:27:25.000+0000,2019-10-23T18:13:58.000+0000,Minor,3,Improvement
TIKA-2954,TIKA,2019-10-02T13:37:21.000+0000,2019-10-23T18:14:32.000+0000,Trivial,5,Improvement
TIKA-2975,TIKA,2019-10-27T00:03:59.000+0000,2019-10-27T00:47:48.000+0000,Minor,5,New Feature
TIKA-2894,TIKA,2019-06-12T09:14:45.000+0000,2019-10-28T23:01:26.000+0000,Major,5,Improvement
TIKA-2978,TIKA,2019-11-08T17:17:12.000+0000,2019-11-09T01:06:13.000+0000,Major,4,Improvement
TIKA-2983,TIKA,2019-11-12T23:04:24.000+0000,2019-11-13T00:18:24.000+0000,Major,2,Improvement
TIKA-2982,TIKA,2019-11-12T06:44:15.000+0000,2019-11-13T17:12:02.000+0000,Blocker,10,Bug
TIKA-2942,TIKA,2019-09-12T21:27:23.000+0000,2019-11-18T15:01:04.000+0000,Major,4,Bug
TIKA-2892,TIKA,2019-06-05T23:21:58.000+0000,2019-11-19T04:03:44.000+0000,Major,5,Bug
TIKA-2990,TIKA,2019-11-19T20:41:53.000+0000,2019-11-19T20:53:16.000+0000,Minor,2,Improvement
TIKA-2989,TIKA,2019-11-19T19:32:13.000+0000,2019-11-19T20:53:38.000+0000,Minor,4,Improvement
TIKA-2979,TIKA,2019-11-08T18:37:25.000+0000,2019-11-20T23:02:09.000+0000,Minor,3,Improvement
TIKA-2993,TIKA,2019-11-20T19:36:26.000+0000,2019-11-20T23:10:48.000+0000,Major,2,Improvement
TIKA-2994,TIKA,2019-11-20T21:43:01.000+0000,2019-11-20T23:11:07.000+0000,Minor,2,Improvement
TIKA-2999,TIKA,2019-11-25T15:14:58.000+0000,2019-11-26T09:57:10.000+0000,Trivial,2,Task
TIKA-3000,TIKA,2019-11-25T15:15:35.000+0000,2019-11-26T09:57:29.000+0000,Major,2,Task
TIKA-3001,TIKA,2019-11-26T05:42:20.000+0000,2019-11-26T10:55:06.000+0000,Major,7,Bug
TIKA-2925,TIKA,2019-08-16T16:22:39.000+0000,2019-11-27T19:16:52.000+0000,Minor,59,Bug
TIKA-2996,TIKA,2019-11-22T15:28:46.000+0000,2019-11-27T19:19:11.000+0000,Minor,3,Improvement
TIKA-2988,TIKA,2019-11-19T13:46:44.000+0000,2019-11-27T19:23:26.000+0000,Major,7,Improvement
TIKA-2984,TIKA,2019-11-13T04:45:35.000+0000,2019-11-27T19:30:43.000+0000,Major,4,Improvement
TIKA-3002,TIKA,2019-11-28T12:49:04.000+0000,2019-12-02T19:57:10.000+0000,Major,5,Bug
TIKA-2630,TIKA,2018-04-12T08:39:11.000+0000,2019-12-02T19:58:26.000+0000,Major,21,Bug
TIKA-2992,TIKA,2019-11-19T22:32:26.000+0000,2019-12-03T18:10:59.000+0000,Major,12,Bug
TIKA-2546,TIKA,2018-01-12T11:27:27.000+0000,2019-12-04T18:57:59.000+0000,Major,4,Improvement
TIKA-3016,TIKA,2019-12-16T21:52:27.000+0000,2019-12-17T12:26:44.000+0000,Major,2,Task
TIKA-3015,TIKA,2019-12-16T21:43:34.000+0000,2019-12-17T12:27:02.000+0000,Minor,2,Task
TIKA-3013,TIKA,2019-12-16T19:41:39.000+0000,2019-12-17T12:27:58.000+0000,Major,2,Task
TIKA-3012,TIKA,2019-12-16T19:14:04.000+0000,2019-12-17T12:28:15.000+0000,Trivial,3,Task
TIKA-3011,TIKA,2019-12-16T16:44:09.000+0000,2019-12-17T12:28:28.000+0000,Blocker,2,Task
TIKA-2224,TIKA,2016-12-22T01:00:04.000+0000,2019-12-17T12:29:36.000+0000,Major,45,Improvement
TIKA-3020,TIKA,2020-01-06T10:45:32.000+0000,2020-01-06T20:56:12.000+0000,Major,3,Bug
TIKA-3021,TIKA,2020-01-06T13:14:52.000+0000,2020-01-06T20:56:28.000+0000,Major,2,Improvement
TIKA-3030,TIKA,2020-01-28T18:37:27.000+0000,2020-01-29T14:37:59.000+0000,Major,7,Bug
TIKA-3010,TIKA,2019-12-12T19:33:04.000+0000,2020-02-04T23:15:35.000+0000,Major,15,Improvement
TIKA-3023,TIKA,2020-01-08T18:22:04.000+0000,2020-02-06T11:45:18.000+0000,Minor,5,Bug
TIKA-3041,TIKA,2020-02-12T14:02:59.000+0000,2020-02-12T18:11:20.000+0000,Major,4,Task
TIKA-3053,TIKA,2020-02-21T10:28:24.000+0000,2020-02-21T10:29:43.000+0000,Major,1,Bug
TIKA-2952,TIKA,2019-09-30T12:50:03.000+0000,2020-02-24T18:51:54.000+0000,Major,11,Bug
TIKA-3052,TIKA,2020-02-21T10:27:28.000+0000,2020-02-24T18:52:15.000+0000,Major,0,Bug
TIKA-3054,TIKA,2020-02-21T10:31:49.000+0000,2020-02-24T18:52:33.000+0000,Major,0,Bug
TIKA-3050,TIKA,2020-02-20T22:03:17.000+0000,2020-02-24T18:53:15.000+0000,Major,3,Task
TIKA-3045,TIKA,2020-02-14T12:38:37.000+0000,2020-02-24T18:53:50.000+0000,Major,2,Task
TIKA-3033,TIKA,2020-01-29T16:45:50.000+0000,2020-02-24T18:54:48.000+0000,Major,3,Task
TIKA-3047,TIKA,2020-02-14T21:59:15.000+0000,2020-02-24T18:55:10.000+0000,Major,2,Task
TIKA-3006,TIKA,2019-12-09T07:04:51.000+0000,2020-02-24T18:56:31.000+0000,Major,16,Bug
TIKA-3017,TIKA,2019-12-18T12:31:39.000+0000,2020-02-24T18:56:59.000+0000,Major,8,Bug
TIKA-3040,TIKA,2020-02-11T20:19:58.000+0000,2020-02-24T19:00:38.000+0000,Minor,16,Bug
TIKA-3026,TIKA,2020-01-16T19:42:35.000+0000,2020-02-24T19:02:14.000+0000,Major,5,Task
TIKA-3037,TIKA,2020-02-05T15:24:35.000+0000,2020-02-24T19:42:36.000+0000,Major,14,Improvement
TIKA-3031,TIKA,2020-01-29T10:53:44.000+0000,2020-02-24T19:43:39.000+0000,Major,8,Bug
TIKA-3048,TIKA,2020-02-19T14:17:37.000+0000,2020-02-26T12:34:24.000+0000,Major,17,Bug
TIKA-3057,TIKA,2020-02-28T16:11:12.000+0000,2020-02-28T16:46:19.000+0000,Major,2,Task
TIKA-3039,TIKA,2020-02-06T23:39:26.000+0000,2020-02-28T16:46:52.000+0000,Major,9,Task
TIKA-3055,TIKA,2020-02-21T22:00:18.000+0000,2020-02-28T19:31:42.000+0000,Major,5,Task
TIKA-3035,TIKA,2020-01-31T20:11:03.000+0000,2020-03-02T23:10:00.000+0000,Major,11,Bug
TIKA-3042,TIKA,2020-02-13T12:15:10.000+0000,2020-03-02T23:10:29.000+0000,Major,8,Task
TIKA-3068,TIKA,2020-03-11T14:19:29.000+0000,2020-03-11T16:11:56.000+0000,Blocker,3,Task
TIKA-3071,TIKA,2020-03-12T15:39:21.000+0000,2020-03-12T15:57:33.000+0000,Major,2,Task
TIKA-3063,TIKA,2020-03-08T14:22:56.000+0000,2020-03-16T15:42:41.000+0000,Major,15,Bug
TIKA-3060,TIKA,2020-03-05T16:20:24.000+0000,2020-03-16T16:06:35.000+0000,Critical,5,Bug
TIKA-3073,TIKA,2020-03-16T16:10:57.000+0000,2020-03-19T14:12:08.000+0000,Major,11,Task
TIKA-3078,TIKA,2020-03-30T13:28:15.000+0000,2020-03-30T13:54:29.000+0000,Major,2,Task
TIKA-3083,TIKA,2020-04-02T16:48:38.000+0000,2020-04-03T21:46:16.000+0000,Major,3,Task
TIKA-3084,TIKA,2020-04-06T16:52:19.000+0000,2020-04-13T15:00:29.000+0000,Major,4,Task
TIKA-3090,TIKA,2020-04-13T13:30:48.000+0000,2020-04-13T15:01:31.000+0000,Trivial,3,Task
TIKA-3092,TIKA,2020-04-14T16:33:46.000+0000,2020-04-14T21:11:24.000+0000,Major,4,Task
TIKA-3091,TIKA,2020-04-13T15:41:12.000+0000,2020-04-19T13:45:21.000+0000,Major,5,Bug
TIKA-3080,TIKA,2020-04-01T01:42:05.000+0000,2020-04-19T13:46:02.000+0000,Major,4,Bug
TIKA-3081,TIKA,2020-04-01T16:00:03.000+0000,2020-04-21T18:54:42.000+0000,Major,2,Task
TIKA-2572,TIKA,2018-02-09T19:42:52.000+0000,2020-04-21T18:55:03.000+0000,Minor,2,Task
TIKA-3085,TIKA,2020-04-08T10:18:52.000+0000,2020-04-21T18:55:22.000+0000,Major,2,Task
TIKA-3087,TIKA,2020-04-08T15:11:44.000+0000,2020-04-21T18:55:44.000+0000,Major,2,Task
TIKA-3077,TIKA,2020-03-25T02:03:10.000+0000,2020-04-21T19:21:29.000+0000,Major,3,Improvement
TIKA-2997,TIKA,2019-11-22T18:49:59.000+0000,2020-04-21T19:22:30.000+0000,Trivial,0,Task
TIKA-2985,TIKA,2019-11-14T07:50:47.000+0000,2020-04-21T19:23:39.000+0000,Major,0,Bug
TIKA-2974,TIKA,2019-10-23T22:29:30.000+0000,2020-04-21T19:24:24.000+0000,Major,3,Bug
TIKA-2964,TIKA,2019-10-13T08:59:57.000+0000,2020-04-21T19:24:54.000+0000,Major,4,Bug
TIKA-2953,TIKA,2019-10-01T05:24:28.000+0000,2020-04-21T19:25:11.000+0000,Major,3,Bug
TIKA-2960,TIKA,2019-10-08T22:47:03.000+0000,2020-04-21T19:25:47.000+0000,Major,1,Bug
TIKA-3095,TIKA,2020-04-29T22:17:54.000+0000,2020-04-29T22:21:17.000+0000,Minor,2,Bug
TIKA-3101,TIKA,2020-05-12T19:47:39.000+0000,2020-06-02T13:55:22.000+0000,Major,3,Task
TIKA-3116,TIKA,2020-06-16T04:23:45.000+0000,2020-06-16T14:17:42.000+0000,Critical,5,Bug
TIKA-3117,TIKA,2020-06-16T17:01:34.000+0000,2020-06-16T18:18:03.000+0000,Major,2,Task
TIKA-2888,TIKA,2019-05-31T18:29:12.000+0000,2020-06-16T18:19:12.000+0000,Major,4,Improvement
TIKA-3120,TIKA,2020-06-19T17:24:13.000+0000,2020-06-19T20:58:54.000+0000,Major,3,Task
TIKA-3122,TIKA,2020-06-22T15:44:57.000+0000,2020-06-22T16:48:53.000+0000,Minor,2,Task
TIKA-3098,TIKA,2020-05-07T11:36:56.000+0000,2020-07-15T14:02:20.000+0000,Minor,4,Bug
TIKA-3133,TIKA,2020-07-14T15:03:35.000+0000,2020-07-15T19:01:29.000+0000,Trivial,4,Improvement
TIKA-3135,TIKA,2020-07-15T17:34:22.000+0000,2020-07-15T19:02:00.000+0000,Major,1,Task
TIKA-3126,TIKA,2020-06-30T09:56:44.000+0000,2020-07-15T19:03:47.000+0000,Trivial,9,Wish
TIKA-3131,TIKA,2020-07-10T23:13:31.000+0000,2020-07-15T19:09:55.000+0000,Major,6,Bug
TIKA-3138,TIKA,2020-07-16T15:16:47.000+0000,2020-07-16T19:36:56.000+0000,Major,4,Bug
TIKA-3137,TIKA,2020-07-16T15:04:51.000+0000,2020-07-17T17:19:10.000+0000,Major,6,Task
TIKA-3140,TIKA,2020-07-16T20:46:54.000+0000,2020-07-17T17:19:30.000+0000,Major,8,Task
TIKA-3129,TIKA,2020-07-09T15:41:50.000+0000,2020-07-17T17:24:07.000+0000,Major,6,Wish
TIKA-3088,TIKA,2020-04-09T13:12:02.000+0000,2020-07-21T17:30:43.000+0000,Major,4,Bug
TIKA-3145,TIKA,2020-07-23T21:34:06.000+0000,2020-07-24T21:20:50.000+0000,Major,5,Task
TIKA-3146,TIKA,2020-07-23T21:38:58.000+0000,2020-07-24T21:21:03.000+0000,Major,5,Task
TIKA-3147,TIKA,2020-07-24T21:17:51.000+0000,2020-07-27T17:26:28.000+0000,Major,13,Task
TIKA-3158,TIKA,2020-08-12T02:13:09.000+0000,2020-08-12T19:58:52.000+0000,Minor,1,Bug
TIKA-3159,TIKA,2020-08-12T02:22:14.000+0000,2020-08-13T15:06:53.000+0000,Minor,19,Bug
TIKA-3166,TIKA,2020-08-14T20:32:13.000+0000,2020-08-21T15:34:33.000+0000,Major,10,Bug
TIKA-3185,TIKA,2020-08-23T02:39:42.000+0000,2020-08-23T05:12:32.000+0000,Minor,1,Bug
TIKA-3190,TIKA,2020-09-01T18:46:56.000+0000,2020-09-04T19:41:23.000+0000,Major,3,Task
TIKA-3192,TIKA,2020-09-04T20:35:58.000+0000,2020-09-04T21:39:49.000+0000,Major,1,Task
TIKA-3176,TIKA,2020-08-21T15:37:38.000+0000,2020-09-08T14:56:30.000+0000,Blocker,3,Improvement
TIKA-3193,TIKA,2020-09-08T14:54:48.000+0000,2020-09-08T15:40:03.000+0000,Major,4,Task
TIKA-3199,TIKA,2020-09-17T15:58:05.000+0000,2020-09-18T14:00:30.000+0000,Major,2,Task
TIKA-3094,TIKA,2020-04-28T08:45:48.000+0000,2020-09-30T18:07:55.000+0000,Critical,28,Bug
TIKA-3044,TIKA,2020-02-14T06:43:27.000+0000,2020-10-07T18:06:56.000+0000,Major,7,New Feature
TIKA-3207,TIKA,2020-10-08T21:52:35.000+0000,2020-10-09T15:56:55.000+0000,Minor,4,Bug
TIKA-3203,TIKA,2020-09-22T21:33:27.000+0000,2020-10-09T20:21:32.000+0000,Major,8,Bug
TIKA-3208,TIKA,2020-10-09T20:38:47.000+0000,2020-10-09T21:07:35.000+0000,Major,4,Bug
TIKA-3210,TIKA,2020-10-16T15:59:41.000+0000,2020-10-19T20:13:31.000+0000,Minor,11,Improvement
TIKA-3215,TIKA,2020-10-29T13:28:58.000+0000,2020-10-30T19:08:24.000+0000,Minor,2,Task
TIKA-3216,TIKA,2020-10-29T20:58:58.000+0000,2020-10-30T19:08:59.000+0000,Major,2,Task
TIKA-3217,TIKA,2020-10-30T18:34:42.000+0000,2020-10-30T19:09:24.000+0000,Trivial,2,Task
TIKA-3009,TIKA,2019-12-12T09:47:47.000+0000,2020-10-30T20:07:41.000+0000,Critical,9,Bug
TIKA-3156,TIKA,2020-08-12T00:30:44.000+0000,2020-11-09T09:32:37.000+0000,Minor,4,Bug
TIKA-3191,TIKA,2020-09-02T10:48:31.000+0000,2020-11-10T00:47:43.000+0000,Major,3,Bug
TIKA-3228,TIKA,2020-11-12T14:50:28.000+0000,2020-11-18T19:08:36.000+0000,Minor,2,New Feature
TIKA-3230,TIKA,2020-11-18T14:54:20.000+0000,2020-11-18T19:09:05.000+0000,Trivial,1,Task
TIKA-3204,TIKA,2020-09-24T11:37:34.000+0000,2020-11-18T19:10:34.000+0000,Blocker,23,Improvement
TIKA-3179,TIKA,2020-08-21T15:46:59.000+0000,2020-11-19T13:24:18.000+0000,Critical,12,Improvement
TIKA-3232,TIKA,2020-11-19T21:04:33.000+0000,2020-11-19T21:43:48.000+0000,Major,2,Bug
TIKA-3234,TIKA,2020-11-21T09:28:26.000+0000,2020-11-21T09:31:06.000+0000,Major,0,New Feature
TIKA-3236,TIKA,2020-11-24T09:19:50.000+0000,2020-11-24T13:15:46.000+0000,Minor,1,Task
TIKA-3237,TIKA,2020-11-26T18:22:13.000+0000,2020-11-26T20:25:26.000+0000,Major,4,Improvement
TIKA-3004,TIKA,2019-12-04T19:51:14.000+0000,2020-11-26T22:43:26.000+0000,Major,4,Bug
TIKA-3240,TIKA,2020-11-30T19:40:34.000+0000,2020-11-30T19:54:28.000+0000,Minor,1,Task
TIKA-3218,TIKA,2020-10-31T04:04:39.000+0000,2020-12-05T02:09:33.000+0000,Minor,6,Bug
TIKA-3112,TIKA,2020-06-11T18:34:57.000+0000,2020-12-14T09:16:13.000+0000,Major,7,Bug
TIKA-3248,TIKA,2020-12-14T04:37:53.000+0000,2020-12-14T09:19:55.000+0000,Major,3,Bug
TIKA-3242,TIKA,2020-12-01T21:06:44.000+0000,2020-12-16T20:53:40.000+0000,Minor,2,Task
TIKA-3180,TIKA,2020-08-21T15:53:48.000+0000,2020-12-18T14:59:00.000+0000,Major,12,Improvement
TIKA-3247,TIKA,2020-12-12T11:20:32.000+0000,2020-12-18T21:30:25.000+0000,Major,3,Task
TIKA-3246,TIKA,2020-12-11T14:13:04.000+0000,2020-12-20T05:00:57.000+0000,Major,11,Bug
TIKA-3256,TIKA,2020-12-27T13:07:15.000+0000,2020-12-27T13:08:45.000+0000,Minor,2,Task
TIKA-2548,TIKA,2018-01-15T11:48:59.000+0000,2021-01-05T19:51:19.000+0000,Minor,0,Improvement
TIKA-3259,TIKA,2021-01-04T19:10:54.000+0000,2021-01-05T19:55:42.000+0000,Minor,2,Improvement
TIKA-3266,TIKA,2021-01-06T19:46:22.000+0000,2021-01-11T21:09:59.000+0000,Major,5,Improvement
TIKA-3178,TIKA,2020-08-21T15:39:42.000+0000,2021-01-11T21:53:24.000+0000,Blocker,23,Improvement
TIKA-3267,TIKA,2021-01-07T17:12:38.000+0000,2021-01-12T20:10:59.000+0000,Minor,4,Bug
TIKA-3273,TIKA,2021-01-13T14:49:59.000+0000,2021-01-13T15:46:26.000+0000,Minor,1,Improvement
TIKA-3271,TIKA,2021-01-12T18:14:46.000+0000,2021-01-13T21:06:02.000+0000,Major,3,Improvement
TIKA-3258,TIKA,2021-01-04T14:53:10.000+0000,2021-01-13T21:07:08.000+0000,Major,33,Improvement
TIKA-3279,TIKA,2021-01-19T16:27:35.000+0000,2021-01-19T21:56:51.000+0000,Minor,1,Bug
TIKA-3226,TIKA,2020-11-11T17:36:22.000+0000,2021-01-26T20:33:17.000+0000,Major,13,New Feature
TIKA-3093,TIKA,2020-04-24T15:25:40.000+0000,2021-01-26T20:34:10.000+0000,Major,9,Task
TIKA-2972,TIKA,2019-10-22T20:35:29.000+0000,2021-01-26T20:35:58.000+0000,Major,5,Improvement
TIKA-3280,TIKA,2021-01-23T12:50:21.000+0000,2021-01-26T22:55:16.000+0000,Blocker,1,Bug
TIKA-3283,TIKA,2021-01-27T18:12:14.000+0000,2021-01-27T18:33:05.000+0000,Major,1,Task
TIKA-3287,TIKA,2021-01-29T18:15:31.000+0000,2021-01-29T22:01:19.000+0000,Major,3,Task
TIKA-3292,TIKA,2021-02-04T16:20:07.000+0000,2021-02-04T17:13:53.000+0000,Minor,3,Task
TIKA-3286,TIKA,2021-01-28T18:55:04.000+0000,2021-02-04T19:58:58.000+0000,Major,29,Improvement
TIKA-3298,TIKA,2021-02-10T22:40:21.000+0000,2021-02-10T22:41:48.000+0000,Minor,16,Task
TIKA-3301,TIKA,2021-02-16T16:48:59.000+0000,2021-02-16T17:21:20.000+0000,Minor,2,Task
TIKA-3255,TIKA,2020-12-22T17:04:55.000+0000,2021-03-01T13:52:49.000+0000,Major,7,Bug
TIKA-3318,TIKA,2021-03-14T18:28:47.000+0000,2021-03-14T20:21:43.000+0000,Minor,3,Bug
TIKA-3310,TIKA,2021-03-02T20:44:38.000+0000,2021-03-14T20:54:27.000+0000,Major,27,Improvement
TIKA-3320,TIKA,2021-03-15T15:11:38.000+0000,2021-03-15T21:11:59.000+0000,Minor,9,Bug
TIKA-3313,TIKA,2021-03-04T19:13:43.000+0000,2021-03-15T21:22:35.000+0000,Major,9,Improvement
TIKA-3323,TIKA,2021-03-15T21:27:24.000+0000,2021-03-16T14:25:51.000+0000,Major,5,Bug
TIKA-3326,TIKA,2021-03-16T16:00:34.000+0000,2021-03-17T16:14:17.000+0000,Trivial,6,Improvement
TIKA-3331,TIKA,2021-03-18T11:35:35.000+0000,2021-03-18T19:26:46.000+0000,Minor,15,Bug
TIKA-3322,TIKA,2021-03-15T20:31:48.000+0000,2021-03-19T14:43:30.000+0000,Major,2,Bug
TIKA-3332,TIKA,2021-03-20T17:41:28.000+0000,2021-03-22T19:25:26.000+0000,Major,13,Bug
TIKA-3311,TIKA,2021-03-03T03:23:04.000+0000,2021-03-23T04:00:54.000+0000,Major,6,Improvement
TIKA-3336,TIKA,2021-03-23T17:08:48.000+0000,2021-03-24T16:09:09.000+0000,Major,2,Task
TIKA-3334,TIKA,2021-03-23T16:57:19.000+0000,2021-03-24T16:09:31.000+0000,Blocker,6,Task
TIKA-3335,TIKA,2021-03-23T17:05:44.000+0000,2021-03-24T16:09:46.000+0000,Major,2,Task
TIKA-3325,TIKA,2021-03-16T13:03:28.000+0000,2021-03-24T16:10:48.000+0000,Major,7,Improvement
TIKA-3304,TIKA,2021-02-19T22:16:40.000+0000,2021-03-26T21:53:02.000+0000,Major,5,Task
TIKA-3244,TIKA,2020-12-09T05:25:32.000+0000,2021-03-29T12:43:04.000+0000,Major,65,Task
TIKA-3316,TIKA,2021-03-12T16:28:52.000+0000,2021-03-29T12:43:45.000+0000,Major,26,Bug
TIKA-3342,TIKA,2021-03-30T13:45:40.000+0000,2021-03-30T13:49:20.000+0000,Major,0,Task
TIKA-2917,TIKA,2019-07-31T13:47:10.000+0000,2021-04-06T19:04:37.000+0000,Minor,3,Improvement
TIKA-3343,TIKA,2021-03-30T19:55:59.000+0000,2021-04-09T17:36:24.000+0000,Major,11,Task
TIKA-3340,TIKA,2021-03-29T16:43:58.000+0000,2021-04-13T16:08:12.000+0000,Major,25,Improvement
TIKA-3345,TIKA,2021-04-02T14:22:51.000+0000,2021-04-14T11:54:10.000+0000,Trivial,5,Bug
TIKA-3352,TIKA,2021-04-13T18:57:11.000+0000,2021-04-14T13:54:34.000+0000,Major,2,Task
TIKA-3344,TIKA,2021-04-02T14:18:33.000+0000,2021-04-14T15:37:57.000+0000,Major,13,Bug
TIKA-3355,TIKA,2021-04-14T20:14:23.000+0000,2021-04-14T20:28:56.000+0000,Major,4,Task
TIKA-3196,TIKA,2020-09-11T16:46:13.000+0000,2021-04-19T13:35:45.000+0000,Major,23,Bug
TIKA-3359,TIKA,2021-04-16T12:19:48.000+0000,2021-04-20T17:17:10.000+0000,Major,8,Task
TIKA-3362,TIKA,2021-04-20T08:12:18.000+0000,2021-04-20T20:34:31.000+0000,Major,7,Improvement
TIKA-3360,TIKA,2021-04-16T15:12:37.000+0000,2021-04-21T19:26:26.000+0000,Major,5,Task
TIKA-2787,TIKA,2018-11-26T23:17:39.000+0000,2021-04-28T16:17:59.000+0000,Major,4,Bug
TIKA-3378,TIKA,2021-04-30T20:55:31.000+0000,2021-04-30T21:39:08.000+0000,Major,1,Task
TIKA-3377,TIKA,2021-04-30T11:25:09.000+0000,2021-05-01T12:10:48.000+0000,Major,2,Task
TIKA-3329,TIKA,2021-03-17T18:53:59.000+0000,2021-05-01T20:54:10.000+0000,Major,15,Improvement
TIKA-3381,TIKA,2021-05-03T15:28:47.000+0000,2021-05-03T22:29:01.000+0000,Major,1,Improvement
TIKA-3383,TIKA,2021-05-03T17:32:27.000+0000,2021-05-03T22:45:23.000+0000,Trivial,4,Improvement
TIKA-94,TIKA,2007-11-12T02:14:16.000+0000,2021-05-03T23:31:45.000+0000,Minor,56,New Feature
TIKA-3382,TIKA,2021-05-03T17:22:13.000+0000,2021-05-04T19:18:45.000+0000,Major,6,Task
TIKA-3372,TIKA,2021-04-26T19:16:34.000+0000,2021-05-04T19:22:01.000+0000,Major,14,Task
TIKA-3386,TIKA,2021-05-05T16:37:54.000+0000,2021-05-05T16:47:02.000+0000,Trivial,2,Task
TIKA-3371,TIKA,2021-04-24T11:38:09.000+0000,2021-05-10T21:31:12.000+0000,Trivial,1,Task
TIKA-3370,TIKA,2021-04-24T11:31:40.000+0000,2021-05-11T14:44:00.000+0000,Major,4,Task
TIKA-3391,TIKA,2021-05-11T13:50:44.000+0000,2021-05-11T14:45:24.000+0000,Major,2,Task
TIKA-3351,TIKA,2021-04-12T16:27:57.000+0000,2021-05-11T16:15:17.000+0000,Major,11,Improvement
TIKA-3393,TIKA,2021-05-11T16:17:17.000+0000,2021-05-11T18:45:58.000+0000,Minor,1,Task
TIKA-3395,TIKA,2021-05-11T22:31:44.000+0000,2021-05-12T13:27:28.000+0000,Major,3,Improvement
TIKA-3390,TIKA,2021-05-11T01:20:08.000+0000,2021-05-12T13:28:49.000+0000,Minor,5,Improvement
TIKA-3389,TIKA,2021-05-08T19:54:07.000+0000,2021-05-12T13:29:47.000+0000,Major,4,Bug
TIKA-3398,TIKA,2021-05-12T15:59:27.000+0000,2021-05-12T16:28:24.000+0000,Major,4,Improvement
TIKA-3396,TIKA,2021-05-12T13:03:59.000+0000,2021-05-12T17:18:23.000+0000,Trivial,1,Task
TIKA-3392,TIKA,2021-05-11T14:47:29.000+0000,2021-05-12T17:41:18.000+0000,Major,15,Bug
TIKA-3399,TIKA,2021-05-12T17:54:44.000+0000,2021-05-12T18:12:29.000+0000,Major,5,Bug
TIKA-1301,TIKA,2014-05-16T19:42:46.000+0000,2021-05-14T16:04:52.000+0000,Major,8,Bug
TIKA-3406,TIKA,2021-05-14T21:32:43.000+0000,2021-05-14T21:41:30.000+0000,Major,3,Task
TIKA-3401,TIKA,2021-05-13T18:40:35.000+0000,2021-05-17T17:21:38.000+0000,Minor,4,Improvement
TIKA-3402,TIKA,2021-05-13T19:09:51.000+0000,2021-05-17T17:22:38.000+0000,Minor,5,Improvement
TIKA-3413,TIKA,2021-05-21T16:42:24.000+0000,2021-05-21T18:23:22.000+0000,Major,1,Task
TIKA-3415,TIKA,2021-05-21T18:25:24.000+0000,2021-05-21T18:42:01.000+0000,Major,1,Task
TIKA-3414,TIKA,2021-05-21T17:34:47.000+0000,2021-05-22T09:29:21.000+0000,Minor,2,Task
TIKA-1631,TIKA,2015-05-20T07:34:03.000+0000,2021-05-28T17:10:02.000+0000,Major,24,Bug
TIKA-3430,TIKA,2021-06-01T16:00:35.000+0000,2021-06-01T16:01:44.000+0000,Major,1,Improvement
TIKA-3424,TIKA,2021-05-28T18:12:58.000+0000,2021-06-02T13:50:32.000+0000,Major,5,Bug
TIKA-3432,TIKA,2021-06-02T14:36:22.000+0000,2021-06-03T17:15:09.000+0000,Minor,7,Improvement
TIKA-3435,TIKA,2021-06-03T15:56:34.000+0000,2021-06-03T17:15:37.000+0000,Minor,1,Bug
TIKA-3436,TIKA,2021-06-03T17:07:06.000+0000,2021-06-03T17:17:12.000+0000,Major,1,Bug
TIKA-3434,TIKA,2021-06-03T13:43:39.000+0000,2021-06-03T17:18:14.000+0000,Minor,2,Bug
TIKA-3438,TIKA,2021-06-04T12:41:33.000+0000,2021-06-04T12:46:43.000+0000,Trivial,0,Bug
TIKA-3419,TIKA,2021-05-26T15:29:43.000+0000,2021-06-05T17:19:01.000+0000,Major,3,Improvement
TIKA-3444,TIKA,2021-06-11T10:59:49.000+0000,2021-06-11T11:02:17.000+0000,Major,2,Improvement
TIKA-3412,TIKA,2021-05-21T11:14:00.000+0000,2021-06-15T16:11:36.000+0000,Minor,4,Task
TIKA-3448,TIKA,2021-06-17T06:04:39.000+0000,2021-06-17T11:05:16.000+0000,Major,1,Bug
TIKA-3441,TIKA,2021-06-09T10:04:25.000+0000,2021-06-17T11:32:24.000+0000,Major,32,Bug
TIKA-3449,TIKA,2021-06-17T11:33:50.000+0000,2021-06-17T19:53:13.000+0000,Major,3,Task
TIKA-3453,TIKA,2021-06-23T23:09:14.000+0000,2021-06-24T14:33:58.000+0000,Major,12,Bug
TIKA-3403,TIKA,2021-05-14T02:22:02.000+0000,2021-06-24T14:59:09.000+0000,Major,6,Improvement
TIKA-3457,TIKA,2021-06-28T16:49:16.000+0000,2021-06-28T19:00:48.000+0000,Major,2,Task
TIKA-3456,TIKA,2021-06-28T15:52:14.000+0000,2021-06-28T19:01:00.000+0000,Minor,2,Task
TIKA-3451,TIKA,2021-06-23T00:17:54.000+0000,2021-06-29T14:32:18.000+0000,Minor,1,Bug
TIKA-3460,TIKA,2021-06-29T16:54:51.000+0000,2021-06-29T20:13:56.000+0000,Major,4,Task
TIKA-3450,TIKA,2021-06-18T16:54:55.000+0000,2021-06-30T14:15:00.000+0000,Major,9,Bug
TIKA-3459,TIKA,2021-06-29T16:51:28.000+0000,2021-06-30T18:53:03.000+0000,Blocker,2,Task
TIKA-3440,TIKA,2021-06-08T14:19:41.000+0000,2021-07-02T20:47:38.000+0000,Major,2,New Feature
TIKA-3385,TIKA,2021-05-05T12:46:50.000+0000,2021-07-07T13:27:25.000+0000,Major,1,Bug
TIKA-3462,TIKA,2021-07-07T14:51:37.000+0000,2021-07-07T15:13:59.000+0000,Minor,1,Task
TIKA-3463,TIKA,2021-07-07T14:53:29.000+0000,2021-07-07T18:26:24.000+0000,Trivial,1,Task
TIKA-3461,TIKA,2021-07-02T20:48:46.000+0000,2021-07-07T18:26:54.000+0000,Major,2,Task
TIKA-3467,TIKA,2021-07-07T20:00:25.000+0000,2021-07-07T21:54:39.000+0000,Major,1,Task
TIKA-3469,TIKA,2021-07-08T13:20:07.000+0000,2021-07-08T13:49:02.000+0000,Trivial,2,Task
TIKA-3470,TIKA,2021-07-08T14:24:55.000+0000,2021-07-08T15:23:03.000+0000,Trivial,2,Task
TIKA-3473,TIKA,2021-07-13T13:43:40.000+0000,2021-07-13T14:04:19.000+0000,Trivial,1,Task
TIKA-3474,TIKA,2021-07-13T13:45:03.000+0000,2021-07-13T14:04:31.000+0000,Trivial,1,Task
TIKA-3476,TIKA,2021-07-13T20:13:46.000+0000,2021-07-13T20:24:06.000+0000,Major,1,Task
TIKA-3477,TIKA,2021-07-13T20:26:47.000+0000,2021-07-14T14:38:28.000+0000,Major,2,Task
TIKA-3478,TIKA,2021-07-14T14:38:40.000+0000,2021-07-14T15:42:23.000+0000,Trivial,2,Task
TIKA-3472,TIKA,2021-07-09T15:03:58.000+0000,2021-07-14T20:41:45.000+0000,Trivial,2,Task
TIKA-3480,TIKA,2021-07-15T16:36:54.000+0000,2021-07-15T16:42:24.000+0000,Major,1,Task
TIKA-3484,TIKA,2021-07-16T17:44:14.000+0000,2021-07-16T18:00:28.000+0000,Minor,1,Bug
TIKA-3485,TIKA,2021-07-16T18:53:06.000+0000,2021-07-16T18:54:35.000+0000,Minor,1,Bug
TIKA-3361,TIKA,2021-04-17T16:13:30.000+0000,2021-07-16T21:20:43.000+0000,Major,22,Improvement
TIKA-3475,TIKA,2021-07-13T13:50:56.000+0000,2021-07-19T11:56:20.000+0000,Trivial,2,Task
TIKA-3410,TIKA,2021-05-19T20:41:44.000+0000,2021-07-19T11:58:12.000+0000,Minor,1,Task
TIKA-3297,TIKA,2021-02-09T17:10:07.000+0000,2021-07-19T11:58:48.000+0000,Major,14,Task
TIKA-3253,TIKA,2020-12-17T08:57:18.000+0000,2021-07-19T11:59:13.000+0000,Minor,7,Improvement
TIKA-2943,TIKA,2019-09-13T11:38:11.000+0000,2021-07-19T11:59:49.000+0000,Critical,0,Improvement
TIKA-2944,TIKA,2019-09-13T11:39:22.000+0000,2021-07-19T12:00:46.000+0000,Major,2,Improvement
TIKA-2385,TIKA,2017-06-02T18:58:43.000+0000,2021-07-19T12:02:33.000+0000,Major,10,Bug
TIKA-1706,TIKA,2015-08-12T22:04:52.000+0000,2021-07-19T12:03:56.000+0000,Minor,18,Improvement
TIKA-3224,TIKA,2020-11-04T16:40:28.000+0000,2021-07-20T15:15:41.000+0000,Major,8,Bug
TIKA-2443,TIKA,2017-08-15T15:37:18.000+0000,2021-07-21T14:43:48.000+0000,Major,7,Bug
TIKA-3153,TIKA,2020-08-07T08:12:59.000+0000,2021-07-21T14:44:24.000+0000,Major,18,Bug
TIKA-3490,TIKA,2021-07-21T22:12:04.000+0000,2021-07-22T20:27:41.000+0000,Major,2,Task
TIKA-3494,TIKA,2021-07-22T12:28:55.000+0000,2021-07-22T20:28:24.000+0000,Major,2,New Feature
TIKA-3496,TIKA,2021-07-23T17:26:43.000+0000,2021-07-23T21:22:35.000+0000,Major,5,Bug
TIKA-3492,TIKA,2021-07-22T07:40:00.000+0000,2021-07-26T15:41:45.000+0000,Major,2,Bug
TIKA-3498,TIKA,2021-07-26T14:46:58.000+0000,2021-07-26T15:44:04.000+0000,Major,3,Bug
TIKA-3500,TIKA,2021-07-27T13:43:44.000+0000,2021-07-27T21:44:57.000+0000,Minor,1,Task
TIKA-3501,TIKA,2021-07-27T20:13:14.000+0000,2021-07-27T21:45:14.000+0000,Minor,1,Task
TIKA-1436,TIKA,2014-10-05T19:20:09.000+0000,2021-07-28T16:27:29.000+0000,Major,10,Improvement
TIKA-3505,TIKA,2021-07-28T19:55:47.000+0000,2021-07-28T20:04:10.000+0000,Trivial,2,Task
TIKA-3508,TIKA,2021-07-29T18:02:49.000+0000,2021-07-29T18:48:04.000+0000,Trivial,1,Task
TIKA-3495,TIKA,2021-07-23T15:28:38.000+0000,2021-07-29T20:27:53.000+0000,Minor,19,Bug
TIKA-3509,TIKA,2021-07-30T16:01:26.000+0000,2021-07-30T17:57:28.000+0000,Major,2,Bug
TIKA-3507,TIKA,2021-07-29T15:43:48.000+0000,2021-08-05T15:20:06.000+0000,Trivial,2,Task
TIKA-3514,TIKA,2021-08-05T18:00:43.000+0000,2021-08-05T18:03:26.000+0000,Trivial,1,Task
TIKA-3513,TIKA,2021-08-05T15:26:18.000+0000,2021-08-05T18:04:07.000+0000,Major,1,Task
TIKA-3512,TIKA,2021-08-04T14:34:34.000+0000,2021-08-05T18:04:40.000+0000,Trivial,1,Task
TIKA-3483,TIKA,2021-07-16T15:49:01.000+0000,2021-08-11T15:58:54.000+0000,Major,9,Improvement
TIKA-3520,TIKA,2021-08-11T14:57:14.000+0000,2021-08-11T16:17:07.000+0000,Major,1,Task
TIKA-3515,TIKA,2021-08-06T16:41:33.000+0000,2021-08-11T16:17:35.000+0000,Minor,17,Improvement
TIKA-3489,TIKA,2021-07-21T13:24:42.000+0000,2021-08-11T16:26:18.000+0000,Minor,12,Bug
TIKA-3521,TIKA,2021-08-11T16:04:09.000+0000,2021-08-11T17:09:22.000+0000,Trivial,1,Task
TIKA-3524,TIKA,2021-08-16T17:44:56.000+0000,2021-08-17T13:25:37.000+0000,Minor,3,Task
TIKA-3510,TIKA,2021-08-02T08:45:41.000+0000,2021-08-17T13:26:03.000+0000,Major,15,Bug
TIKA-3522,TIKA,2021-08-11T17:06:42.000+0000,2021-08-17T13:26:43.000+0000,Trivial,1,Task
TIKA-3516,TIKA,2021-08-06T17:41:41.000+0000,2021-08-17T15:21:58.000+0000,Major,8,Bug
TIKA-3497,TIKA,2021-07-24T16:54:26.000+0000,2021-08-17T15:25:13.000+0000,Minor,2,Improvement
TIKA-3527,TIKA,2021-08-17T13:04:01.000+0000,2021-08-17T16:25:51.000+0000,Minor,1,Task
TIKA-3518,TIKA,2021-08-08T05:51:46.000+0000,2021-08-18T16:36:54.000+0000,Major,10,Bug
TIKA-3530,TIKA,2021-08-18T16:51:53.000+0000,2021-08-18T17:19:20.000+0000,Minor,2,Task
TIKA-3531,TIKA,2021-08-18T18:16:47.000+0000,2021-08-18T18:17:05.000+0000,Trivial,0,Task
TIKA-3532,TIKA,2021-08-18T20:23:55.000+0000,2021-08-18T20:24:10.000+0000,Trivial,0,Task
TIKA-3529,TIKA,2021-08-18T16:16:25.000+0000,2021-08-18T21:14:49.000+0000,Trivial,1,Task
TIKA-3535,TIKA,2021-08-24T10:20:38.000+0000,2021-08-24T20:03:48.000+0000,Minor,5,Wish
TIKA-3003,TIKA,2019-11-28T15:22:49.000+0000,2021-08-30T15:09:12.000+0000,Minor,9,Improvement
TIKA-3541,TIKA,2021-08-30T18:38:04.000+0000,2021-08-30T19:02:12.000+0000,Major,1,Task
TIKA-3542,TIKA,2021-08-31T14:04:48.000+0000,2021-08-31T15:37:57.000+0000,Major,2,Task
TIKA-3547,TIKA,2021-09-10T15:40:46.000+0000,2021-09-10T15:40:53.000+0000,Trivial,1,Task
TIKA-3549,TIKA,2021-09-10T18:30:23.000+0000,2021-09-10T18:46:29.000+0000,Major,2,Task
TIKA-3551,TIKA,2021-09-14T08:25:50.000+0000,2021-09-14T14:39:55.000+0000,Major,7,Bug
TIKA-3552,TIKA,2021-09-14T14:05:52.000+0000,2021-09-14T14:40:06.000+0000,Major,1,Task
TIKA-3553,TIKA,2021-09-14T14:08:58.000+0000,2021-09-14T14:40:18.000+0000,Major,1,Task
TIKA-3550,TIKA,2021-09-12T11:26:14.000+0000,2021-09-14T14:41:31.000+0000,Major,7,Bug
TIKA-3562,TIKA,2021-09-30T14:41:25.000+0000,2021-09-30T15:07:06.000+0000,Major,1,Task
TIKA-3563,TIKA,2021-10-01T16:53:16.000+0000,2021-10-01T17:18:55.000+0000,Trivial,1,Task
TIKA-3564,TIKA,2021-10-04T18:31:27.000+0000,2021-10-04T19:50:41.000+0000,Trivial,1,Task
TIKA-3565,TIKA,2021-10-04T19:18:31.000+0000,2021-10-04T19:51:59.000+0000,Minor,2,Task
TIKA-3560,TIKA,2021-09-22T19:29:12.000+0000,2021-10-04T21:02:30.000+0000,Major,12,Bug
TIKA-3569,TIKA,2021-10-12T05:41:35.000+0000,2021-10-12T14:55:12.000+0000,Minor,2,Bug
TIKA-3312,TIKA,2021-03-04T06:30:41.000+0000,2021-10-12T15:06:18.000+0000,Critical,9,Improvement
TIKA-3572,TIKA,2021-10-13T13:20:24.000+0000,2021-10-13T13:24:25.000+0000,Trivial,2,Wish
TIKA-3573,TIKA,2021-10-13T15:21:39.000+0000,2021-10-13T15:37:17.000+0000,Trivial,1,Wish
TIKA-3570,TIKA,2021-10-12T21:14:19.000+0000,2021-10-14T15:08:08.000+0000,Minor,8,Improvement
TIKA-3567,TIKA,2021-10-11T10:49:02.000+0000,2021-10-14T15:22:06.000+0000,Critical,2,Improvement
TIKA-3576,TIKA,2021-10-19T09:23:45.000+0000,2021-10-19T10:31:13.000+0000,Major,2,Bug
TIKA-2696,TIKA,2018-07-26T23:51:02.000+0000,2021-10-20T14:04:36.000+0000,Minor,23,Improvement
TIKA-3579,TIKA,2021-10-20T14:35:44.000+0000,2021-10-20T16:43:44.000+0000,Minor,6,Wish
TIKA-3583,TIKA,2021-10-26T11:44:21.000+0000,2021-10-26T14:23:39.000+0000,Minor,2,Improvement
TIKA-3586,TIKA,2021-10-27T13:30:48.000+0000,2021-10-27T13:51:08.000+0000,Major,1,Bug
TIKA-3582,TIKA,2021-10-26T11:33:57.000+0000,2021-10-27T14:22:44.000+0000,Major,12,Bug
TIKA-3587,TIKA,2021-11-03T13:50:36.000+0000,2021-11-08T14:18:21.000+0000,Minor,2,Bug
TIKA-3588,TIKA,2021-11-03T18:28:29.000+0000,2021-11-08T18:09:37.000+0000,Major,3,Bug
TIKA-3589,TIKA,2021-11-08T19:00:40.000+0000,2021-11-08T19:08:33.000+0000,Trivial,1,Bug
TIKA-3592,TIKA,2021-11-16T15:25:17.000+0000,2021-11-16T15:26:22.000+0000,Major,1,Bug
TIKA-3593,TIKA,2021-11-16T15:45:59.000+0000,2021-11-16T15:47:06.000+0000,Major,1,Bug
TIKA-3595,TIKA,2021-11-18T14:50:22.000+0000,2021-11-18T15:40:56.000+0000,Major,2,Improvement
TIKA-3561,TIKA,2021-09-27T22:47:12.000+0000,2021-11-18T18:56:31.000+0000,Major,6,Bug
TIKA-3575,TIKA,2021-10-14T08:13:23.000+0000,2021-11-18T18:58:52.000+0000,Major,5,Bug
TIKA-3598,TIKA,2021-11-22T18:49:13.000+0000,2021-11-22T18:50:36.000+0000,Major,1,Improvement
TIKA-3596,TIKA,2021-11-20T19:23:30.000+0000,2021-11-23T17:34:20.000+0000,Minor,7,Improvement
TIKA-3602,TIKA,2021-11-26T17:31:48.000+0000,2021-11-29T14:42:35.000+0000,Major,3,Bug
TIKA-3603,TIKA,2021-11-30T20:45:51.000+0000,2021-11-30T20:49:15.000+0000,Trivial,1,Improvement
TIKA-3605,TIKA,2021-12-01T15:47:18.000+0000,2021-12-01T16:04:13.000+0000,Trivial,1,Improvement
TIKA-2963,TIKA,2019-10-11T11:03:19.000+0000,2021-12-02T11:52:15.000+0000,Major,4,Improvement
TIKA-2961,TIKA,2019-10-11T09:55:26.000+0000,2021-12-02T11:52:26.000+0000,Critical,6,Bug
TIKA-3611,TIKA,2021-12-05T21:44:00.000+0000,2021-12-08T14:29:47.000+0000,Major,3,Bug
TIKA-3616,TIKA,2021-12-10T16:36:36.000+0000,2021-12-10T16:39:23.000+0000,Blocker,14,Task
TIKA-369,TIKA,2010-01-24T18:52:11.000+0000,2021-12-15T16:02:17.000+0000,Major,32,Improvement
TIKA-3241,TIKA,2020-12-01T18:56:44.000+0000,2021-12-15T16:12:10.000+0000,Major,9,Task
TIKA-3621,TIKA,2021-12-16T16:31:58.000+0000,2021-12-16T17:02:37.000+0000,Minor,2,Task
TIKA-3623,TIKA,2021-12-17T12:33:43.000+0000,2021-12-17T12:34:06.000+0000,Blocker,0,Task
TIKA-3624,TIKA,2021-12-17T16:56:43.000+0000,2021-12-17T17:42:53.000+0000,Major,3,Bug
TIKA-3620,TIKA,2021-12-15T16:29:00.000+0000,2021-12-17T19:06:55.000+0000,Major,2,Improvement
TIKA-3622,TIKA,2021-12-17T12:32:11.000+0000,2021-12-18T12:44:47.000+0000,Minor,4,Task
TIKA-3625,TIKA,2021-12-19T12:50:45.000+0000,2021-12-19T12:54:30.000+0000,Major,2,Task
TIKA-3627,TIKA,2021-12-20T02:24:12.000+0000,2021-12-20T19:16:33.000+0000,Blocker,6,Bug
TIKA-3601,TIKA,2021-11-25T08:00:36.000+0000,2021-12-24T07:27:09.000+0000,Major,7,Improvement
TIKA-3631,TIKA,2021-12-21T10:27:02.000+0000,2021-12-27T13:32:42.000+0000,Critical,1,Improvement
TIKA-3488,TIKA,2021-07-21T11:18:55.000+0000,2021-12-30T04:31:47.000+0000,Major,13,Task
TIKA-3635,TIKA,2021-12-30T01:18:04.000+0000,2021-12-30T04:32:20.000+0000,Major,3,Improvement
TIKA-3539,TIKA,2021-08-26T13:11:30.000+0000,2021-12-30T04:34:03.000+0000,Major,3,Task
TIKA-3636,TIKA,2021-12-30T23:47:27.000+0000,2021-12-31T00:39:53.000+0000,Major,9,New Feature
TIKA-3638,TIKA,2022-01-04T06:33:06.000+0000,2022-01-05T12:09:07.000+0000,Major,7,Bug
TIKA-3639,TIKA,2022-01-05T07:03:10.000+0000,2022-01-10T12:09:50.000+0000,Minor,4,Bug
TIKA-3647,TIKA,2022-01-13T11:27:46.000+0000,2022-01-13T13:15:32.000+0000,Blocker,4,Bug
TIKA-3644,TIKA,2022-01-12T08:48:24.000+0000,2022-01-13T19:58:08.000+0000,Minor,6,Bug
TIKA-1675,TIKA,2015-07-07T19:57:57.000+0000,2022-01-18T14:43:50.000+0000,Major,10,Bug
TIKA-3650,TIKA,2022-01-18T09:33:16.000+0000,2022-01-18T15:15:12.000+0000,Major,4,Improvement
TIKA-3651,TIKA,2022-01-18T20:27:23.000+0000,2022-01-18T21:18:08.000+0000,Major,5,Improvement
TIKA-3649,TIKA,2022-01-17T15:08:55.000+0000,2022-01-20T02:55:03.000+0000,Major,10,Improvement
TIKA-3653,TIKA,2022-01-20T15:03:27.000+0000,2022-01-20T15:52:59.000+0000,Minor,2,Improvement
TIKA-3164,TIKA,2020-08-13T18:25:01.000+0000,2022-01-20T17:37:58.000+0000,Major,73,Task
TIKA-3654,TIKA,2022-01-20T17:17:14.000+0000,2022-01-20T19:53:58.000+0000,Minor,1,Improvement
TIKA-3658,TIKA,2022-01-21T12:34:22.000+0000,2022-01-21T12:36:54.000+0000,Trivial,2,Task
TIKA-3566,TIKA,2021-10-08T20:28:12.000+0000,2022-01-23T01:48:15.000+0000,Major,1,Improvement
TIKA-3663,TIKA,2022-01-27T16:57:15.000+0000,2022-01-27T20:47:21.000+0000,Trivial,1,Task
TIKA-3664,TIKA,2022-01-28T10:57:33.000+0000,2022-01-28T22:11:03.000+0000,Major,7,Bug
TIKA-3672,TIKA,2022-02-03T18:55:42.000+0000,2022-02-03T19:02:56.000+0000,Major,1,Task
TIKA-3458,TIKA,2021-06-28T18:38:52.000+0000,2022-02-04T20:06:34.000+0000,Minor,4,Task
TIKA-3669,TIKA,2022-02-02T18:48:41.000+0000,2022-02-07T16:35:24.000+0000,Major,2,Bug
TIKA-3674,TIKA,2022-02-09T11:30:38.000+0000,2022-02-09T13:16:36.000+0000,Blocker,6,Bug
TIKA-3648,TIKA,2022-01-16T22:15:35.000+0000,2022-02-10T18:05:56.000+0000,Critical,14,Improvement
TIKA-3678,TIKA,2022-02-10T17:57:20.000+0000,2022-02-10T21:59:14.000+0000,Minor,2,Task
TIKA-3676,TIKA,2022-02-09T14:29:01.000+0000,2022-02-11T11:29:22.000+0000,Major,2,Task
TIKA-3640,TIKA,2022-01-05T12:26:55.000+0000,2022-02-11T14:10:40.000+0000,Major,8,Task
TIKA-3679,TIKA,2022-02-11T11:48:00.000+0000,2022-02-11T17:52:04.000+0000,Minor,2,Task
TIKA-3680,TIKA,2022-02-16T20:45:39.000+0000,2022-02-22T17:00:52.000+0000,Major,3,Improvement
TIKA-3687,TIKA,2022-03-03T17:55:31.000+0000,2022-03-03T19:13:10.000+0000,Minor,12,Bug
TIKA-3671,TIKA,2022-02-03T14:25:27.000+0000,2022-03-04T14:45:55.000+0000,Minor,2,Task
TIKA-3690,TIKA,2022-03-04T15:45:10.000+0000,2022-03-04T18:52:00.000+0000,Major,4,Improvement
TIKA-3691,TIKA,2022-03-04T19:47:42.000+0000,2022-03-04T20:18:55.000+0000,Minor,1,Task
TIKA-3692,TIKA,2022-03-04T21:20:24.000+0000,2022-03-04T22:13:37.000+0000,Trivial,1,Task
TIKA-3694,TIKA,2022-03-07T22:09:44.000+0000,2022-03-09T16:26:02.000+0000,Major,6,Improvement
TIKA-3696,TIKA,2022-03-09T17:29:01.000+0000,2022-03-10T19:32:44.000+0000,Minor,3,Task
TIKA-3698,TIKA,2022-03-10T19:55:35.000+0000,2022-03-10T19:57:31.000+0000,Trivial,0,Task
TIKA-3701,TIKA,2022-03-15T23:27:37.000+0000,2022-03-15T23:29:10.000+0000,Major,2,Task
TIKA-3697,TIKA,2022-03-09T17:30:44.000+0000,2022-03-18T20:45:05.000+0000,Minor,2,Task
TIKA-3699,TIKA,2022-03-11T19:21:57.000+0000,2022-03-21T11:19:39.000+0000,Blocker,12,Task
TIKA-3695,TIKA,2022-03-08T08:46:40.000+0000,2022-03-23T19:52:28.000+0000,Major,35,New Feature
TIKA-3706,TIKA,2022-03-23T19:23:28.000+0000,2022-03-25T10:18:47.000+0000,Trivial,2,Task
TIKA-3581,TIKA,2021-10-26T10:48:35.000+0000,2022-03-25T17:59:19.000+0000,Major,1,Bug
TIKA-3689,TIKA,2022-03-04T15:16:28.000+0000,2022-03-30T13:56:24.000+0000,Major,3,Task
TIKA-3716,TIKA,2022-04-06T10:21:44.000+0000,2022-04-06T11:35:12.000+0000,Minor,1,Task
TIKA-3714,TIKA,2022-04-05T04:28:15.000+0000,2022-04-06T14:50:56.000+0000,Major,2,Bug
TIKA-3713,TIKA,2022-04-05T03:54:18.000+0000,2022-04-06T14:52:25.000+0000,Major,1,Bug
TIKA-3715,TIKA,2022-04-05T18:11:33.000+0000,2022-04-06T14:57:21.000+0000,Minor,4,Task
TIKA-3717,TIKA,2022-04-08T15:44:49.000+0000,2022-04-08T18:16:43.000+0000,Major,1,Task
TIKA-3711,TIKA,2022-04-01T03:23:43.000+0000,2022-04-08T19:36:52.000+0000,Major,16,Bug
TIKA-3723,TIKA,2022-04-20T17:58:06.000+0000,2022-04-20T18:55:35.000+0000,Major,1,New Feature
TIKA-3724,TIKA,2022-04-20T19:00:30.000+0000,2022-04-20T19:13:29.000+0000,Major,1,New Feature
TIKA-3726,TIKA,2022-04-21T11:39:11.000+0000,2022-04-21T19:54:42.000+0000,Minor,1,Task
TIKA-3730,TIKA,2022-04-25T20:50:37.000+0000,2022-04-25T20:54:27.000+0000,Trivial,5,Task
TIKA-3734,TIKA,2022-04-26T11:04:04.000+0000,2022-04-26T12:24:38.000+0000,Minor,2,Task
TIKA-3733,TIKA,2022-04-26T10:51:26.000+0000,2022-04-26T12:25:24.000+0000,Minor,3,Task
TIKA-3731,TIKA,2022-04-25T22:12:00.000+0000,2022-04-26T12:26:06.000+0000,Minor,8,Improvement
TIKA-3721,TIKA,2022-04-19T19:07:40.000+0000,2022-04-26T15:04:32.000+0000,Minor,32,New Feature
TIKA-3741,TIKA,2022-04-27T12:03:13.000+0000,2022-04-27T16:08:18.000+0000,Trivial,2,Task
TIKA-3739,TIKA,2022-04-26T19:41:52.000+0000,2022-04-27T16:48:09.000+0000,Minor,1,Task
TIKA-3740,TIKA,2022-04-26T19:59:52.000+0000,2022-04-28T13:49:37.000+0000,Minor,4,Task
TIKA-3745,TIKA,2022-04-29T15:42:25.000+0000,2022-04-29T15:47:26.000+0000,Major,1,Wish
TIKA-3746,TIKA,2022-05-02T10:16:10.000+0000,2022-05-02T11:14:25.000+0000,Trivial,2,Task
TIKA-3737,TIKA,2022-04-26T14:24:16.000+0000,2022-05-02T15:08:48.000+0000,Minor,2,Task
TIKA-3748,TIKA,2022-05-03T14:26:49.000+0000,2022-05-03T15:31:59.000+0000,Minor,3,Wish
TIKA-3750,TIKA,2022-05-04T16:00:57.000+0000,2022-05-04T19:32:23.000+0000,Major,4,Bug
TIKA-3719,TIKA,2022-04-13T17:28:20.000+0000,2022-05-04T19:36:00.000+0000,Minor,56,Wish
TIKA-3729,TIKA,2022-04-22T17:45:16.000+0000,2022-05-04T19:37:58.000+0000,Major,4,Bug
TIKA-3675,TIKA,2022-02-09T14:10:13.000+0000,2022-05-06T18:35:33.000+0000,Minor,14,Task
TIKA-3688,TIKA,2022-03-04T14:48:35.000+0000,2022-05-06T18:36:03.000+0000,Minor,4,Task
TIKA-3752,TIKA,2022-05-09T15:04:32.000+0000,2022-05-09T17:31:59.000+0000,Minor,1,Bug
TIKA-3760,TIKA,2022-05-12T19:40:32.000+0000,2022-05-13T11:55:03.000+0000,Major,1,Sub-task
TIKA-3762,TIKA,2022-05-13T09:44:18.000+0000,2022-05-13T11:55:21.000+0000,Trivial,1,Sub-task
TIKA-3761,TIKA,2022-05-13T09:03:46.000+0000,2022-05-13T11:55:31.000+0000,Trivial,1,Sub-task
TIKA-3758,TIKA,2022-05-12T19:39:43.000+0000,2022-05-13T11:56:00.000+0000,Trivial,1,Sub-task
TIKA-3757,TIKA,2022-05-12T19:39:26.000+0000,2022-05-13T11:56:12.000+0000,Minor,1,Sub-task
TIKA-3756,TIKA,2022-05-12T19:17:18.000+0000,2022-05-13T11:56:30.000+0000,Trivial,1,Sub-task
TIKA-3499,TIKA,2021-07-27T07:09:45.000+0000,2022-05-13T12:00:11.000+0000,Minor,6,Task
TIKA-1570,TIKA,2015-03-10T02:21:53.000+0000,2022-05-13T13:22:58.000+0000,Minor,16,Improvement
TIKA-3759,TIKA,2022-05-12T19:40:15.000+0000,2022-05-14T10:43:39.000+0000,Trivial,5,Sub-task
TIKA-3763,TIKA,2022-05-16T13:05:14.000+0000,2022-05-16T13:12:33.000+0000,Major,3,Bug
TIKA-3766,TIKA,2022-05-17T02:29:45.000+0000,2022-05-17T06:04:42.000+0000,Minor,6,Improvement
TIKA-3769,TIKA,2022-05-18T01:32:56.000+0000,2022-05-18T14:45:37.000+0000,Major,4,Bug
TIKA-3773,TIKA,2022-05-22T06:37:58.000+0000,2022-05-22T18:25:57.000+0000,Minor,10,Improvement
TIKA-3771,TIKA,2022-05-20T03:13:11.000+0000,2022-05-22T21:25:28.000+0000,Major,9,Bug
TIKA-3774,TIKA,2022-05-24T01:59:44.000+0000,2022-05-24T02:26:18.000+0000,Minor,2,Bug
TIKA-3775,TIKA,2022-05-26T14:57:08.000+0000,2022-05-27T16:13:55.000+0000,Major,3,Improvement
TIKA-3770,TIKA,2022-05-18T13:44:11.000+0000,2022-05-27T17:12:51.000+0000,Minor,11,Improvement
TIKA-3776,TIKA,2022-05-26T21:07:10.000+0000,2022-05-27T17:57:49.000+0000,Major,14,Bug
TIKA-3777,TIKA,2022-05-27T18:10:44.000+0000,2022-05-27T18:30:24.000+0000,Major,4,Improvement
TIKA-3747,TIKA,2022-05-02T14:48:23.000+0000,2022-05-27T20:34:25.000+0000,Minor,4,Improvement
TIKA-3778,TIKA,2022-05-28T10:26:38.000+0000,2022-05-28T10:28:38.000+0000,Minor,1,Improvement
TIKA-3705,TIKA,2022-03-18T21:08:20.000+0000,2022-05-29T09:45:03.000+0000,Trivial,2,Task
TIKA-3781,TIKA,2022-05-31T16:59:20.000+0000,2022-05-31T17:29:21.000+0000,Trivial,2,Improvement
TIKA-3710,TIKA,2022-04-01T01:11:57.000+0000,2022-06-02T09:53:59.000+0000,Major,19,Bug
TIKA-3783,TIKA,2022-06-02T06:05:10.000+0000,2022-06-02T09:56:07.000+0000,Minor,2,Bug
TIKA-3785,TIKA,2022-06-03T13:05:00.000+0000,2022-06-03T13:19:44.000+0000,Major,1,Improvement
TIKA-3782,TIKA,2022-05-31T18:36:04.000+0000,2022-06-03T13:19:52.000+0000,Trivial,1,Improvement
TIKA-3786,TIKA,2022-06-07T13:31:43.000+0000,2022-06-07T14:10:37.000+0000,Trivial,2,Improvement
TIKA-3787,TIKA,2022-06-07T15:49:05.000+0000,2022-06-08T20:34:42.000+0000,Minor,1,Improvement
TIKA-3788,TIKA,2022-06-08T16:15:28.000+0000,2022-06-08T20:34:54.000+0000,Major,2,Improvement
TIKA-3791,TIKA,2022-06-13T14:09:04.000+0000,2022-06-13T14:42:43.000+0000,Minor,1,Improvement
TIKA-3790,TIKA,2022-06-10T13:19:43.000+0000,2022-06-13T14:48:41.000+0000,Major,2,Improvement
TIKA-3779,TIKA,2022-05-28T16:08:04.000+0000,2022-06-13T15:45:35.000+0000,Minor,5,Bug
TIKA-3780,TIKA,2022-05-29T09:55:55.000+0000,2022-06-13T16:01:18.000+0000,Minor,10,Improvement
TIKA-3792,TIKA,2022-06-14T14:35:19.000+0000,2022-06-14T16:09:31.000+0000,Minor,1,Improvement
TIKA-3751,TIKA,2022-05-06T18:36:25.000+0000,2022-06-17T18:09:42.000+0000,Minor,44,Task
TIKA-3794,TIKA,2022-06-17T20:43:11.000+0000,2022-06-20T19:15:16.000+0000,Minor,1,Bug
TIKA-3754,TIKA,2022-05-09T19:43:28.000+0000,2022-06-20T19:16:21.000+0000,Major,3,Task
TIKA-3571,TIKA,2021-10-13T13:07:23.000+0000,2022-06-20T19:16:45.000+0000,Major,21,Wish
TIKA-3796,TIKA,2022-06-20T20:12:16.000+0000,2022-06-20T20:16:52.000+0000,Minor,1,Bug
TIKA-3799,TIKA,2022-06-22T14:50:52.000+0000,2022-06-22T21:45:24.000+0000,Major,2,Task
TIKA-3800,TIKA,2022-06-23T19:11:37.000+0000,2022-06-24T21:44:16.000+0000,Minor,6,Task
TIKA-3804,TIKA,2022-06-29T14:01:21.000+0000,2022-06-29T16:31:42.000+0000,Major,1,Task
TIKA-3810,TIKA,2022-07-05T09:56:09.000+0000,2022-07-05T10:31:48.000+0000,Major,2,Bug
TIKA-3815,TIKA,2022-07-11T21:49:39.000+0000,2022-07-13T18:35:56.000+0000,Major,19,Bug
TIKA-3818,TIKA,2022-07-15T03:09:17.000+0000,2022-07-15T04:31:14.000+0000,Trivial,1,Task
TIKA-2492,TIKA,2017-11-04T18:10:50.000+0000,2022-07-15T04:31:54.000+0000,Minor,8,Improvement
TIKA-3808,TIKA,2022-07-05T06:37:07.000+0000,2022-07-18T05:38:51.000+0000,Major,0,Task
TIKA-3820,TIKA,2022-07-18T20:33:25.000+0000,2022-07-25T21:34:20.000+0000,Major,4,New Feature
TIKA-3824,TIKA,2022-07-26T15:47:08.000+0000,2022-07-27T15:29:41.000+0000,Trivial,1,Task
TIKA-3825,TIKA,2022-07-30T19:50:57.000+0000,2022-08-02T10:30:42.000+0000,Major,14,Improvement
TIKA-3832,TIKA,2022-08-05T12:00:06.000+0000,2022-08-05T14:36:36.000+0000,Major,7,Bug
TIKA-3833,TIKA,2022-08-08T17:57:05.000+0000,2022-08-10T17:16:18.000+0000,Major,16,Bug
TIKA-3836,TIKA,2022-08-12T17:06:02.000+0000,2022-08-12T19:18:19.000+0000,Minor,5,New Feature
TIKA-3840,TIKA,2022-08-24T16:32:50.000+0000,2022-08-29T15:31:16.000+0000,Minor,2,Improvement
TIKA-3839,TIKA,2022-08-17T23:25:33.000+0000,2022-08-29T17:18:32.000+0000,Minor,4,Bug
TIKA-2525,TIKA,2017-12-11T13:33:58.000+0000,2022-08-30T12:07:38.000+0000,Minor,1,Improvement
TIKA-3163,TIKA,2020-08-13T11:27:03.000+0000,2022-08-30T12:08:19.000+0000,Minor,3,Bug
TIKA-2605,TIKA,2018-03-13T05:14:27.000+0000,2022-08-30T12:08:43.000+0000,Major,2,Bug
TIKA-2163,TIKA,2016-11-04T16:36:41.000+0000,2022-08-30T12:09:24.000+0000,Major,3,Bug
TIKA-3844,TIKA,2022-08-31T16:22:17.000+0000,2022-08-31T17:29:10.000+0000,Minor,1,Improvement
TIKA-3812,TIKA,2022-07-05T21:40:14.000+0000,2022-09-01T12:58:37.000+0000,Minor,28,Bug
TIKA-3845,TIKA,2022-09-01T13:49:05.000+0000,2022-09-01T15:20:24.000+0000,Trivial,1,Improvement
TIKA-3831,TIKA,2022-08-04T19:01:48.000+0000,2022-09-02T14:33:05.000+0000,Trivial,4,Task
TIKA-3849,TIKA,2022-09-12T17:48:47.000+0000,2022-09-12T18:06:51.000+0000,Minor,3,Wish
TIKA-3851,TIKA,2022-09-13T13:56:33.000+0000,2022-09-13T14:09:22.000+0000,Trivial,1,Wish
TIKA-3852,TIKA,2022-09-13T15:19:41.000+0000,2022-09-14T16:34:28.000+0000,Minor,7,Wish
TIKA-3853,TIKA,2022-09-14T11:06:13.000+0000,2022-09-14T16:35:54.000+0000,Major,1,Wish
TIKA-3854,TIKA,2022-09-14T18:03:41.000+0000,2022-09-14T18:07:27.000+0000,Trivial,1,Task
TIKA-3843,TIKA,2022-08-30T22:50:11.000+0000,2022-09-14T18:11:49.000+0000,Major,2,Improvement
TIKA-3846,TIKA,2022-09-01T15:20:39.000+0000,2022-09-14T18:12:07.000+0000,Trivial,2,Improvement
TIKA-3848,TIKA,2022-09-10T14:53:39.000+0000,2022-09-14T18:19:19.000+0000,Major,1,Bug
TIKA-3793,TIKA,2022-06-17T17:41:37.000+0000,2022-09-14T18:23:30.000+0000,Minor,29,Improvement
TIKA-3767,TIKA,2022-05-17T13:31:34.000+0000,2022-09-14T18:24:18.000+0000,Minor,5,Improvement
TIKA-3855,TIKA,2022-09-15T15:13:46.000+0000,2022-09-15T16:51:00.000+0000,Major,1,Task
TIKA-3856,TIKA,2022-09-15T17:42:20.000+0000,2022-09-15T17:56:47.000+0000,Major,1,Task
TIKA-3857,TIKA,2022-09-15T17:43:24.000+0000,2022-09-18T11:14:49.000+0000,Minor,1,Task
TIKA-3842,TIKA,2022-08-29T16:12:13.000+0000,2022-09-20T10:35:13.000+0000,Minor,8,Improvement
TIKA-3847,TIKA,2022-09-06T10:08:37.000+0000,2022-09-20T17:22:54.000+0000,Major,6,Bug
TIKA-3859,TIKA,2022-09-20T19:23:11.000+0000,2022-09-20T22:00:39.000+0000,Major,3,Bug
TIKA-3862,TIKA,2022-09-27T15:03:44.000+0000,2022-09-27T15:06:39.000+0000,Major,3,Task
TIKA-3863,TIKA,2022-09-27T18:47:50.000+0000,2022-09-27T19:21:23.000+0000,Minor,3,Task
TIKA-3867,TIKA,2022-09-29T18:59:11.000+0000,2022-09-29T19:36:53.000+0000,Major,2,Task
TIKA-3865,TIKA,2022-09-29T14:22:07.000+0000,2022-09-29T19:37:19.000+0000,Major,1,Task
TIKA-3866,TIKA,2022-09-29T15:57:38.000+0000,2022-09-29T19:46:55.000+0000,Major,1,Task
TIKA-3795,TIKA,2022-06-18T01:53:46.000+0000,2022-10-03T16:12:22.000+0000,Minor,50,Improvement
TIKA-3871,TIKA,2022-10-04T14:29:39.000+0000,2022-10-04T15:07:10.000+0000,Trivial,1,Task
TIKA-3870,TIKA,2022-10-03T19:34:32.000+0000,2022-10-04T15:07:59.000+0000,Minor,2,Task
TIKA-3141,TIKA,2020-07-16T22:42:35.000+0000,2022-10-04T17:14:30.000+0000,Trivial,6,Bug
TIKA-3864,TIKA,2022-09-27T20:56:01.000+0000,2022-10-04T22:04:59.000+0000,Major,16,Bug
TIKA-1735,TIKA,2015-09-18T10:27:16.000+0000,2022-10-06T15:43:01.000+0000,Major,76,New Feature
TIKA-3876,TIKA,2022-10-13T13:13:38.000+0000,2022-10-13T13:20:00.000+0000,Trivial,1,Task
TIKA-3877,TIKA,2022-10-13T13:23:10.000+0000,2022-10-13T13:39:34.000+0000,Major,1,Bug
TIKA-3874,TIKA,2022-10-13T10:44:52.000+0000,2022-10-13T18:39:19.000+0000,Minor,2,Task
TIKA-3875,TIKA,2022-10-13T10:45:26.000+0000,2022-10-13T18:53:37.000+0000,Minor,3,Task
TIKA-3882,TIKA,2022-10-17T14:57:14.000+0000,2022-10-17T15:07:25.000+0000,Major,1,Bug
TIKA-3885,TIKA,2022-10-18T18:47:59.000+0000,2022-10-19T14:57:20.000+0000,Major,1,Improvement
TIKA-3887,TIKA,2022-10-19T16:39:47.000+0000,2022-10-19T17:13:50.000+0000,Minor,1,Improvement
TIKA-3888,TIKA,2022-10-19T17:13:26.000+0000,2022-10-19T17:15:35.000+0000,Trivial,1,Task
TIKA-3889,TIKA,2022-10-19T17:43:33.000+0000,2022-10-19T17:54:43.000+0000,Trivial,1,Task
TIKA-1508,TIKA,2015-01-08T18:07:47.000+0000,2022-10-20T13:26:13.000+0000,Major,24,Improvement
TIKA-3890,TIKA,2022-10-19T21:20:21.000+0000,2022-10-20T19:10:24.000+0000,Blocker,10,Improvement
TIKA-3895,TIKA,2022-10-20T20:26:28.000+0000,2022-10-20T20:33:47.000+0000,Trivial,1,Task
TIKA-3860,TIKA,2022-09-27T13:51:03.000+0000,2022-10-21T19:25:07.000+0000,Major,3,Task
TIKA-3894,TIKA,2022-10-20T19:22:46.000+0000,2022-10-21T20:01:28.000+0000,Minor,2,Improvement
TIKA-3897,TIKA,2022-10-21T19:41:07.000+0000,2022-10-21T21:13:57.000+0000,Minor,2,Task
TIKA-3899,TIKA,2022-10-25T19:08:04.000+0000,2022-10-26T13:23:19.000+0000,Minor,1,Task
TIKA-3901,TIKA,2022-10-26T13:44:52.000+0000,2022-10-26T17:22:29.000+0000,Major,4,Task
TIKA-3906,TIKA,2022-10-27T09:00:56.000+0000,2022-10-27T19:39:58.000+0000,Major,12,Bug
TIKA-3911,TIKA,2022-10-28T16:39:27.000+0000,2022-10-31T15:36:48.000+0000,Trivial,3,Task
TIKA-3912,TIKA,2022-10-28T20:56:59.000+0000,2022-10-31T17:04:32.000+0000,Minor,9,Bug
TIKA-3913,TIKA,2022-11-01T13:14:59.000+0000,2022-11-01T13:20:46.000+0000,Trivial,1,Task
TIKA-3869,TIKA,2022-10-03T18:18:40.000+0000,2022-11-01T18:51:12.000+0000,Minor,3,Task
TIKA-3914,TIKA,2022-11-01T20:04:17.000+0000,2022-11-01T22:56:44.000+0000,Major,3,Task
TIKA-3903,TIKA,2022-10-26T16:55:31.000+0000,2022-11-01T22:57:13.000+0000,Minor,3,Task
TIKA-3915,TIKA,2022-11-03T17:36:28.000+0000,2022-11-03T17:38:32.000+0000,Trivial,1,Task
TIKA-3896,TIKA,2022-10-20T20:34:56.000+0000,2022-11-04T14:44:32.000+0000,Minor,5,Task
TIKA-3884,TIKA,2022-10-17T19:24:22.000+0000,2022-11-06T12:51:51.000+0000,Major,4,Bug
TIKA-3922,TIKA,2022-11-09T06:32:59.000+0000,2022-11-09T13:52:57.000+0000,Minor,2,Bug
TIKA-3926,TIKA,2022-11-10T16:33:24.000+0000,2022-11-10T22:09:14.000+0000,Major,2,Bug
TIKA-3929,TIKA,2022-11-16T22:14:21.000+0000,2022-11-16T22:44:36.000+0000,Minor,1,Task
TIKA-3930,TIKA,2022-11-17T14:06:19.000+0000,2022-11-17T15:05:33.000+0000,Minor,1,Task
TIKA-3931,TIKA,2022-11-17T15:18:01.000+0000,2022-11-17T18:58:36.000+0000,Major,3,Task
TIKA-3933,TIKA,2022-11-18T08:03:38.000+0000,2022-11-18T15:22:57.000+0000,Minor,3,Task
TIKA-3308,TIKA,2021-03-02T16:36:28.000+0000,2022-11-18T19:01:54.000+0000,Minor,6,Bug
TIKA-3367,TIKA,2021-04-23T23:48:09.000+0000,2022-11-19T20:09:42.000+0000,Major,6,Improvement
TIKA-3712,TIKA,2022-04-04T10:15:33.000+0000,2022-11-19T21:26:06.000+0000,Critical,1,Bug
TIKA-3939,TIKA,2022-11-28T17:16:04.000+0000,2022-11-28T22:53:12.000+0000,Major,3,Task
TIKA-3942,TIKA,2022-12-02T18:49:40.000+0000,2022-12-02T22:02:15.000+0000,Minor,2,Task
TIKA-3936,TIKA,2022-11-21T11:14:12.000+0000,2022-12-03T00:17:56.000+0000,Major,5,Task
TIKA-3943,TIKA,2022-12-02T22:07:23.000+0000,2022-12-03T12:28:14.000+0000,Minor,3,Task
TIKA-3944,TIKA,2022-12-11T23:44:38.000+0000,2022-12-12T16:05:20.000+0000,Major,6,Bug
TIKA-3945,TIKA,2022-12-12T15:25:17.000+0000,2022-12-13T19:23:37.000+0000,Major,3,Task
TIKA-3946,TIKA,2022-12-13T19:50:42.000+0000,2022-12-15T18:59:49.000+0000,Major,3,Task
TIKA-3213,TIKA,2020-10-23T17:49:17.000+0000,2022-12-16T14:30:24.000+0000,Major,10,Task
TIKA-3953,TIKA,2023-01-11T13:32:29.000+0000,2023-01-11T19:38:53.000+0000,Major,3,Bug
TIKA-3958,TIKA,2023-01-18T10:36:59.000+0000,2023-01-19T15:17:55.000+0000,Major,2,Improvement
TIKA-3959,TIKA,2023-01-19T15:55:39.000+0000,2023-01-19T16:55:37.000+0000,Minor,3,Task
TIKA-3957,TIKA,2023-01-17T16:40:15.000+0000,2023-01-19T17:32:01.000+0000,Major,6,Task
TIKA-3962,TIKA,2023-01-30T16:08:26.000+0000,2023-01-30T16:21:13.000+0000,Minor,2,Task
TIKA-2680,TIKA,2018-06-26T13:32:09.000+0000,2023-02-01T19:27:00.000+0000,Major,15,Bug
TIKA-2685,TIKA,2018-07-05T14:30:11.000+0000,2023-02-01T19:36:26.000+0000,Major,13,Bug
TIKA-3963,TIKA,2023-02-01T22:04:33.000+0000,2023-02-02T22:07:31.000+0000,Major,7,Bug
TIKA-3388,TIKA,2021-05-08T00:41:42.000+0000,2023-02-06T22:41:17.000+0000,Minor,3,Bug
TIKA-3968,TIKA,2023-02-06T18:54:41.000+0000,2023-02-07T19:26:23.000+0000,Major,18,Task
TIKA-2689,TIKA,2018-07-18T12:45:59.000+0000,2023-02-17T16:49:48.000+0000,Major,29,Bug
TIKA-3976,TIKA,2023-02-17T14:48:37.000+0000,2023-02-17T18:39:15.000+0000,Minor,2,Task
TIKA-3980,TIKA,2023-02-23T04:04:17.000+0000,2023-02-23T07:37:08.000+0000,Minor,1,Task
TIKA-3979,TIKA,2023-02-20T22:53:22.000+0000,2023-03-02T20:52:00.000+0000,Major,11,Improvement
TIKA-3452,TIKA,2021-06-23T18:11:00.000+0000,2023-03-03T17:29:29.000+0000,Major,15,Bug
TIKA-3986,TIKA,2023-03-14T13:33:01.000+0000,2023-03-14T18:29:14.000+0000,Minor,5,Task
TIKA-3987,TIKA,2023-03-15T19:07:22.000+0000,2023-03-15T19:52:57.000+0000,Major,4,Task
TIKA-3988,TIKA,2023-03-20T02:23:27.000+0000,2023-03-20T22:10:48.000+0000,Major,7,Improvement
TIKA-3990,TIKA,2023-03-21T18:05:37.000+0000,2023-03-21T19:06:30.000+0000,Trivial,4,Task
TIKA-3960,TIKA,2023-01-26T19:09:51.000+0000,2023-03-28T18:10:27.000+0000,Major,8,Bug
TIKA-3993,TIKA,2023-03-29T16:57:24.000+0000,2023-03-29T18:43:24.000+0000,Minor,2,Task
TIKA-4001,TIKA,2023-03-31T11:09:22.000+0000,2023-03-31T11:09:39.000+0000,Major,0,Sub-task
TIKA-3994,TIKA,2023-03-30T20:56:28.000+0000,2023-03-31T17:39:23.000+0000,Minor,4,Sub-task
TIKA-3991,TIKA,2023-03-22T14:25:34.000+0000,2023-03-31T18:10:32.000+0000,Minor,11,Task
TIKA-4008,TIKA,2023-03-31T20:44:37.000+0000,2023-03-31T20:46:04.000+0000,Trivial,4,Bug
TIKA-4009,TIKA,2023-04-03T17:00:23.000+0000,2023-04-03T18:29:25.000+0000,Major,5,Bug
TIKA-4011,TIKA,2023-04-10T19:39:44.000+0000,2023-04-11T13:31:49.000+0000,Trivial,4,New Feature
TIKA-4013,TIKA,2023-04-11T17:04:01.000+0000,2023-04-11T18:47:51.000+0000,Trivial,6,New Feature
TIKA-4014,TIKA,2023-04-12T16:46:09.000+0000,2023-04-12T16:55:01.000+0000,Trivial,1,New Feature
TIKA-4016,TIKA,2023-04-13T17:11:21.000+0000,2023-04-13T19:05:01.000+0000,Minor,8,Task
TIKA-4012,TIKA,2023-04-11T10:51:27.000+0000,2023-04-13T19:06:20.000+0000,Major,10,New Feature
TIKA-4017,TIKA,2023-04-14T13:31:32.000+0000,2023-05-03T17:02:12.000+0000,Major,8,Task
TIKA-4022,TIKA,2023-04-20T16:40:06.000+0000,2023-05-03T17:27:24.000+0000,Major,8,Bug
TIKA-4025,TIKA,2023-05-02T17:00:25.000+0000,2023-05-03T17:28:03.000+0000,Trivial,6,Task
TIKA-4027,TIKA,2023-05-04T13:43:12.000+0000,2023-05-04T15:00:54.000+0000,Minor,3,Task
TIKA-4028,TIKA,2023-05-04T14:57:48.000+0000,2023-05-05T11:03:55.000+0000,Minor,6,Improvement
TIKA-3971,TIKA,2023-02-10T17:36:35.000+0000,2023-05-05T17:01:30.000+0000,Minor,4,Task
TIKA-4029,TIKA,2023-05-05T15:35:54.000+0000,2023-05-05T17:01:52.000+0000,Minor,1,Task
TIKA-4030,TIKA,2023-05-05T16:11:48.000+0000,2023-05-05T17:02:07.000+0000,Trivial,1,Task
TIKA-4032,TIKA,2023-05-08T18:52:32.000+0000,2023-05-08T19:16:47.000+0000,Minor,3,Task
TIKA-4033,TIKA,2023-05-09T12:59:00.000+0000,2023-05-09T16:50:38.000+0000,Trivial,3,Task
TIKA-4018,TIKA,2023-04-14T18:21:01.000+0000,2023-05-10T12:31:52.000+0000,Minor,3,Task
TIKA-4034,TIKA,2023-05-10T13:50:45.000+0000,2023-05-10T15:31:12.000+0000,Trivial,4,Task
TIKA-4035,TIKA,2023-05-10T14:21:59.000+0000,2023-05-10T15:31:27.000+0000,Trivial,4,Task
TIKA-4037,TIKA,2023-05-10T16:52:20.000+0000,2023-05-10T18:39:24.000+0000,Trivial,2,Task
TIKA-4036,TIKA,2023-05-10T15:53:24.000+0000,2023-05-10T18:45:05.000+0000,Major,1,Task
TIKA-4038,TIKA,2023-05-11T16:34:52.000+0000,2023-05-11T19:05:32.000+0000,Blocker,18,Task
TIKA-3064,TIKA,2020-03-08T19:38:11.000+0000,2023-05-12T13:45:50.000+0000,Major,2,Task
TIKA-4046,TIKA,2023-05-17T13:50:50.000+0000,2023-05-17T13:51:51.000+0000,Trivial,1,Task
TIKA-4005,TIKA,2023-03-31T11:11:40.000+0000,2023-05-24T21:04:34.000+0000,Major,8,Sub-task
TIKA-3996,TIKA,2023-03-31T10:33:53.000+0000,2023-05-24T21:22:26.000+0000,Major,2,Sub-task
TIKA-4002,TIKA,2023-03-31T11:10:11.000+0000,2023-05-24T21:54:07.000+0000,Major,5,Sub-task
TIKA-4055,TIKA,2023-05-26T15:12:47.000+0000,2023-05-26T17:59:31.000+0000,Major,4,Bug
TIKA-4054,TIKA,2023-05-25T12:56:11.000+0000,2023-05-26T19:40:28.000+0000,Major,3,Sub-task
TIKA-3995,TIKA,2023-03-31T10:32:35.000+0000,2023-05-26T19:41:16.000+0000,Major,0,Sub-task
TIKA-4003,TIKA,2023-03-31T11:10:36.000+0000,2023-05-26T19:44:10.000+0000,Major,7,Sub-task
TIKA-4052,TIKA,2023-05-25T12:26:00.000+0000,2023-05-26T19:54:20.000+0000,Major,1,Sub-task
TIKA-4056,TIKA,2023-05-26T19:59:14.000+0000,2023-05-26T20:04:30.000+0000,Minor,2,Improvement
TIKA-4004,TIKA,2023-03-31T11:11:17.000+0000,2023-05-26T20:11:48.000+0000,Major,13,Sub-task
TIKA-4000,TIKA,2023-03-31T11:08:59.000+0000,2023-05-26T20:18:53.000+0000,Major,2,Sub-task
TIKA-4023,TIKA,2023-04-27T19:40:41.000+0000,2023-05-30T18:17:37.000+0000,Minor,0,Improvement
TIKA-4061,TIKA,2023-06-05T21:36:42.000+0000,2023-06-07T13:34:40.000+0000,Blocker,1,Bug
TIKA-4063,TIKA,2023-06-07T16:36:25.000+0000,2023-06-07T16:48:04.000+0000,Trivial,1,Improvement
TIKA-4039,TIKA,2023-05-12T14:44:12.000+0000,2023-06-08T14:57:02.000+0000,Blocker,5,Improvement
TIKA-3941,TIKA,2022-12-02T14:40:51.000+0000,2023-06-08T15:14:53.000+0000,Major,7,Task
TIKA-4060,TIKA,2023-05-31T18:05:23.000+0000,2023-06-08T21:15:59.000+0000,Minor,5,Sub-task
TIKA-4066,TIKA,2023-06-11T10:33:51.000+0000,2023-06-11T10:37:08.000+0000,Minor,1,Task
TIKA-4043,TIKA,2023-05-15T10:25:11.000+0000,2023-06-12T15:47:56.000+0000,Major,4,Task
TIKA-4062,TIKA,2023-06-07T04:24:57.000+0000,2023-06-12T16:53:21.000+0000,Critical,17,Bug
TIKA-4065,TIKA,2023-06-11T09:39:33.000+0000,2023-06-13T14:25:26.000+0000,Major,15,Bug
TIKA-4082,TIKA,2023-06-14T19:30:30.000+0000,2023-06-16T14:40:15.000+0000,Minor,20,Bug
TIKA-3666,TIKA,2022-01-31T20:01:11.000+0000,2023-06-20T19:10:01.000+0000,Major,20,Improvement
TIKA-4096,TIKA,2023-07-05T18:52:30.000+0000,2023-07-05T20:25:53.000+0000,Minor,3,Improvement
TIKA-3227,TIKA,2020-11-12T02:33:28.000+0000,2023-07-14T16:21:47.000+0000,Minor,5,Improvement
TIKA-4100,TIKA,2023-07-18T18:23:17.000+0000,2023-07-19T17:17:21.000+0000,Minor,5,Bug
TIKA-4102,TIKA,2023-07-20T15:12:46.000+0000,2023-07-20T16:16:00.000+0000,Trivial,4,Improvement
TIKA-4104,TIKA,2023-07-21T14:40:46.000+0000,2023-07-21T16:23:44.000+0000,Minor,3,Improvement
TIKA-4111,TIKA,2023-08-09T23:41:56.000+0000,2023-08-10T22:51:59.000+0000,Minor,2,Bug
TIKA-3314,TIKA,2021-03-08T10:21:52.000+0000,2023-08-12T14:08:13.000+0000,Minor,1,Improvement
TIKA-4114,TIKA,2023-08-12T13:36:07.000+0000,2023-08-13T18:14:28.000+0000,Minor,8,Sub-task
TIKA-4091,TIKA,2023-06-18T22:48:14.000+0000,2023-08-15T16:00:33.000+0000,Blocker,13,Bug
TIKA-4116,TIKA,2023-08-15T14:29:31.000+0000,2023-08-15T16:02:34.000+0000,Major,3,Bug
TIKA-4048,TIKA,2023-05-19T14:19:17.000+0000,2023-08-16T18:49:05.000+0000,Blocker,22,Bug
TIKA-3109,TIKA,2020-06-10T14:10:24.000+0000,2023-08-16T18:49:24.000+0000,Major,12,Bug
TIKA-4064,TIKA,2023-06-10T17:26:53.000+0000,2023-08-28T19:27:36.000+0000,Minor,23,Task
TIKA-4124,TIKA,2023-09-04T08:38:14.000+0000,2023-09-11T20:10:41.000+0000,Minor,8,Bug
TIKA-4125,TIKA,2023-09-08T14:35:55.000+0000,2023-09-11T20:10:55.000+0000,Trivial,3,Task
TIKA-4126,TIKA,2023-09-11T13:20:49.000+0000,2023-09-12T13:25:21.000+0000,Major,21,Bug
TIKA-4127,TIKA,2023-09-13T15:27:19.000+0000,2023-09-13T15:29:13.000+0000,Major,2,Task
TIKA-4129,TIKA,2023-09-13T18:50:12.000+0000,2023-09-13T19:36:34.000+0000,Major,19,Task
TIKA-3641,TIKA,2022-01-05T12:50:18.000+0000,2023-09-13T19:37:20.000+0000,Minor,3,Task
TIKA-4128,TIKA,2023-09-13T16:43:16.000+0000,2023-09-13T19:46:19.000+0000,Major,3,Task
TIKA-4120,TIKA,2023-08-29T15:01:22.000+0000,2023-09-15T16:44:58.000+0000,Trivial,1,Task
TIKA-3655,TIKA,2022-01-20T19:24:08.000+0000,2023-09-19T15:27:27.000+0000,Trivial,5,Task
TIKA-4108,TIKA,2023-07-31T09:46:49.000+0000,2023-09-21T15:33:20.000+0000,Major,4,Bug
TIKA-4138,TIKA,2023-09-22T13:55:37.000+0000,2023-09-22T16:28:45.000+0000,Minor,3,Task
TIKA-4137,TIKA,2023-09-20T19:54:55.000+0000,2023-09-22T16:42:15.000+0000,Major,23,Bug
TIKA-1599,TIKA,2015-04-08T23:07:02.000+0000,2023-09-26T14:24:45.000+0000,Major,42,Improvement
TIKA-2010,TIKA,2016-06-15T14:04:26.000+0000,2023-09-26T14:26:19.000+0000,Minor,4,Improvement
TIKA-2928,TIKA,2019-08-22T11:19:17.000+0000,2023-09-26T14:27:08.000+0000,Minor,5,Improvement
TIKA-2562,TIKA,2018-02-02T01:24:39.000+0000,2023-09-26T14:31:53.000+0000,Major,8,Bug
TIKA-4109,TIKA,2023-07-31T10:21:47.000+0000,2023-09-27T12:24:55.000+0000,Major,3,Bug
TIKA-4149,TIKA,2023-09-29T16:56:29.000+0000,2023-09-29T19:23:58.000+0000,Minor,3,Task
TIKA-4139,TIKA,2023-09-25T04:13:49.000+0000,2023-10-03T19:02:54.000+0000,Major,12,Improvement
TIKA-4135,TIKA,2023-09-19T14:47:11.000+0000,2023-10-03T19:50:37.000+0000,Major,11,Wish
TIKA-3324,TIKA,2021-03-15T22:10:50.000+0000,2023-10-03T19:51:35.000+0000,Major,14,Task
TIKA-3873,TIKA,2022-10-12T17:28:06.000+0000,2023-10-03T19:52:19.000+0000,Major,1,Task
TIKA-3891,TIKA,2022-10-20T13:27:24.000+0000,2023-10-03T19:52:55.000+0000,Major,5,Task
TIKA-3580,TIKA,2021-10-20T17:59:35.000+0000,2023-10-03T19:53:19.000+0000,Trivial,1,Task
TIKA-1953,TIKA,2016-04-15T19:43:41.000+0000,2023-10-03T19:54:53.000+0000,Major,10,Bug
TIKA-1454,TIKA,2014-10-22T19:01:07.000+0000,2023-10-03T19:55:22.000+0000,Major,7,Bug
TIKA-2242,TIKA,2017-01-17T11:05:16.000+0000,2023-10-03T19:56:03.000+0000,Major,19,Bug
TIKA-3104,TIKA,2020-05-27T20:49:26.000+0000,2023-10-03T19:56:50.000+0000,Major,94,Wish
TIKA-3270,TIKA,2021-01-12T15:41:17.000+0000,2023-10-03T19:57:14.000+0000,Major,11,Improvement
TIKA-3289,TIKA,2021-02-01T20:08:49.000+0000,2023-10-03T19:57:32.000+0000,Major,1,Task
TIKA-3243,TIKA,2020-12-02T22:14:25.000+0000,2023-10-03T19:57:52.000+0000,Major,3,Bug
TIKA-3160,TIKA,2020-08-12T09:52:32.000+0000,2023-10-03T19:58:05.000+0000,Trivial,4,Task
TIKA-3036,TIKA,2020-02-05T00:16:40.000+0000,2023-10-03T19:59:46.000+0000,Major,2,Task
TIKA-4130,TIKA,2023-09-14T06:52:21.000+0000,2023-10-05T13:38:17.000+0000,Major,10,Improvement
TIKA-4157,TIKA,2023-10-16T10:37:43.000+0000,2023-10-16T10:53:59.000+0000,Minor,1,Task
TIKA-4153,TIKA,2023-10-10T19:37:31.000+0000,2023-10-16T14:41:59.000+0000,Minor,7,Task
TIKA-3121,TIKA,2020-06-19T17:31:12.000+0000,2023-11-01T12:54:03.000+0000,Major,11,Task
TIKA-4163,TIKA,2023-11-01T12:47:58.000+0000,2023-11-06T15:20:48.000+0000,Minor,1,Task
TIKA-4161,TIKA,2023-10-17T13:16:29.000+0000,2023-11-20T16:34:48.000+0000,Minor,6,Task
TIKA-4160,TIKA,2023-10-17T10:21:49.000+0000,2023-12-01T15:42:42.000+0000,Minor,2,Task
TIKA-4173,TIKA,2023-12-13T19:50:23.000+0000,2023-12-13T20:15:47.000+0000,Major,7,Bug
TIKA-3948,TIKA,2022-12-15T16:36:56.000+0000,2023-12-26T19:18:53.000+0000,Major,52,Task
TIKA-4176,TIKA,2024-01-02T14:26:59.000+0000,2024-01-04T18:15:24.000+0000,Minor,4,New Feature
TIKA-4174,TIKA,2023-12-20T17:49:01.000+0000,2024-01-04T18:20:11.000+0000,Major,4,Bug
TIKA-4179,TIKA,2024-01-04T21:52:41.000+0000,2024-01-08T21:47:41.000+0000,Minor,2,Bug
TIKA-4119,TIKA,2023-08-29T08:14:38.000+0000,2024-01-24T21:23:23.000+0000,Major,16,Improvement
TIKA-4184,TIKA,2024-01-25T12:17:21.000+0000,2024-01-25T12:44:38.000+0000,Trivial,3,Bug
TIKA-4187,TIKA,2024-01-30T14:06:29.000+0000,2024-01-31T13:47:11.000+0000,Minor,8,New Feature
TIKA-4193,TIKA,2024-02-08T19:37:25.000+0000,2024-02-08T20:05:16.000+0000,Trivial,3,Improvement
TIKA-4188,TIKA,2024-02-02T18:02:01.000+0000,2024-02-09T15:43:57.000+0000,Minor,9,Improvement
TIKA-4195,TIKA,2024-02-12T16:24:00.000+0000,2024-02-12T18:12:21.000+0000,Minor,3,Improvement
TIKA-4197,TIKA,2024-02-12T18:16:17.000+0000,2024-02-12T18:32:15.000+0000,Major,0,Bug
TIKA-4198,TIKA,2024-02-16T14:12:49.000+0000,2024-02-20T16:02:22.000+0000,Minor,8,Improvement
TIKA-4203,TIKA,2024-02-24T15:33:28.000+0000,2024-02-24T15:40:54.000+0000,Trivial,1,Task
TIKA-4205,TIKA,2024-02-28T14:25:09.000+0000,2024-02-28T15:08:27.000+0000,Minor,3,New Feature
TIKA-4202,TIKA,2024-02-23T17:22:46.000+0000,2024-02-28T15:08:47.000+0000,Minor,7,New Feature
TIKA-4204,TIKA,2024-02-27T19:02:26.000+0000,2024-02-28T16:47:46.000+0000,Blocker,4,Bug
TIKA-4199,TIKA,2024-02-20T11:49:55.000+0000,2024-03-09T10:58:15.000+0000,Major,15,Bug
TIKA-4215,TIKA,2024-03-21T13:12:56.000+0000,2024-03-21T14:14:05.000+0000,Major,3,New Feature
TIKA-4216,TIKA,2024-03-21T13:29:09.000+0000,2024-03-21T14:14:30.000+0000,Minor,5,Improvement
TIKA-4213,TIKA,2024-03-14T20:25:23.000+0000,2024-03-21T14:14:59.000+0000,Trivial,3,New Feature
TIKA-4211,TIKA,2024-03-14T14:26:21.000+0000,2024-03-21T15:19:49.000+0000,Major,23,Bug
TIKA-4217,TIKA,2024-03-21T14:19:01.000+0000,2024-03-21T15:40:26.000+0000,Minor,4,Improvement
TIKA-4222,TIKA,2024-03-24T13:23:40.000+0000,2024-03-26T12:34:55.000+0000,Major,6,Improvement
TIKA-4223,TIKA,2024-03-24T13:29:55.000+0000,2024-03-26T12:35:32.000+0000,Major,12,Improvement
TIKA-4224,TIKA,2024-03-24T13:34:36.000+0000,2024-03-26T12:36:24.000+0000,Major,9,Improvement
TIKA-4225,TIKA,2024-03-24T13:36:01.000+0000,2024-03-26T12:36:41.000+0000,Major,7,Improvement
TIKA-4207,TIKA,2024-03-08T18:08:08.000+0000,2024-03-28T14:01:10.000+0000,Major,4,New Feature
TIKA-4227,TIKA,2024-03-26T15:50:56.000+0000,2024-03-30T21:46:28.000+0000,Minor,3,Task
TIKA-4234,TIKA,2024-04-04T13:49:15.000+0000,2024-04-04T14:32:19.000+0000,Trivial,3,Improvement
TIKA-4236,TIKA,2024-04-05T11:38:06.000+0000,2024-04-05T16:10:03.000+0000,Major,8,Bug
TIKA-4162,TIKA,2023-10-21T10:23:24.000+0000,2024-04-06T11:27:52.000+0000,Minor,0,Task
TIKA-4238,TIKA,2024-04-06T10:26:59.000+0000,2024-04-06T12:28:59.000+0000,Minor,3,Task
TIKA-4171,TIKA,2023-11-17T17:10:59.000+0000,2024-04-06T13:28:39.000+0000,Major,15,Bug
TIKA-4218,TIKA,2024-03-23T12:22:03.000+0000,2024-04-06T13:29:55.000+0000,Major,18,Task
TIKA-4219,TIKA,2024-03-23T13:17:10.000+0000,2024-04-06T14:04:03.000+0000,Major,5,Task
TIKA-4240,TIKA,2024-04-11T13:55:57.000+0000,2024-04-11T14:40:51.000+0000,Trivial,5,Task
TIKA-4242,TIKA,2024-04-17T13:49:04.000+0000,2024-04-17T19:44:01.000+0000,Major,6,Bug
TIKA-4244,TIKA,2024-04-24T17:30:13.000+0000,2024-04-25T16:03:47.000+0000,Major,6,Bug
TIKA-4249,TIKA,2024-04-30T13:26:07.000+0000,2024-05-01T11:19:48.000+0000,Blocker,12,Bug
TIKA-4233,TIKA,2024-03-31T02:11:41.000+0000,2024-05-09T14:46:10.000+0000,Major,4,New Feature
TIKA-4232,TIKA,2024-03-30T21:51:14.000+0000,2024-05-10T21:29:16.000+0000,Major,8,Improvement
TIKA-4256,TIKA,2024-05-16T13:52:30.000+0000,2024-05-20T20:09:47.000+0000,Major,3,Task
TIKA-4258,TIKA,2024-05-20T13:36:11.000+0000,2024-05-21T19:11:42.000+0000,Major,18,Task
TIKA-4259,TIKA,2024-05-23T20:41:23.000+0000,2024-05-24T13:28:21.000+0000,Trivial,3,Task
TIKA-4220,TIKA,2024-03-23T14:10:44.000+0000,2024-05-30T19:35:25.000+0000,Minor,8,Task
TIKA-4221,TIKA,2024-03-23T15:03:58.000+0000,2024-05-30T19:35:46.000+0000,Major,16,Task
TIKA-4243,TIKA,2024-04-24T15:20:06.000+0000,2024-06-06T18:06:31.000+0000,Major,26,New Feature
TIKA-4268,TIKA,2024-06-07T11:06:22.000+0000,2024-06-07T17:52:30.000+0000,Trivial,1,Task
TIKA-4274,TIKA,2024-07-07T10:26:20.000+0000,2024-07-07T10:30:04.000+0000,Minor,3,Improvement
TIKA-3172,TIKA,2020-08-17T20:43:51.000+0000,2024-07-16T12:59:36.000+0000,Major,10,Wish
TIKA-4282,TIKA,2024-07-17T07:14:13.000+0000,2024-07-17T07:53:38.000+0000,Minor,1,Bug
TIKA-4194,TIKA,2024-02-09T10:58:18.000+0000,2024-07-18T17:41:55.000+0000,Major,14,Bug
TIKA-4285,TIKA,2024-07-22T08:00:00.000+0000,2024-07-22T21:20:31.000+0000,Major,3,Task
TIKA-4283,TIKA,2024-07-18T17:29:20.000+0000,2024-07-24T09:39:35.000+0000,Major,12,New Feature
TIKA-4287,TIKA,2024-07-30T13:54:59.000+0000,2024-07-30T16:28:02.000+0000,Trivial,3,Task
TIKA-4288,TIKA,2024-07-30T15:10:39.000+0000,2024-07-30T16:28:22.000+0000,Major,3,Task
TIKA-4289,TIKA,2024-07-30T15:51:05.000+0000,2024-07-31T15:30:20.000+0000,Trivial,3,Task
TIKA-4293,TIKA,2024-08-04T18:13:14.000+0000,2024-08-05T09:00:16.000+0000,Major,2,Bug
TIKA-4292,TIKA,2024-08-04T18:12:31.000+0000,2024-08-05T14:09:55.000+0000,Major,2,Bug
TIKA-4291,TIKA,2024-08-04T10:15:29.000+0000,2024-08-05T14:25:02.000+0000,Major,4,Bug
TIKA-4252,TIKA,2024-05-09T13:35:58.000+0000,2024-08-06T12:42:20.000+0000,Major,36,Bug
TIKA-4294,TIKA,2024-08-05T15:28:33.000+0000,2024-08-06T14:03:31.000+0000,Trivial,18,Task
TIKA-4295,TIKA,2024-08-07T13:21:20.000+0000,2024-08-07T14:26:32.000+0000,Minor,3,Task
TIKA-4296,TIKA,2024-08-07T13:50:04.000+0000,2024-08-09T09:27:10.000+0000,Major,7,Bug
TIKA-4290,TIKA,2024-08-03T16:30:34.000+0000,2024-08-09T17:42:03.000+0000,Minor,62,Bug
TIKA-4299,TIKA,2024-08-19T16:14:48.000+0000,2024-08-21T13:08:52.000+0000,Trivial,3,Task
TIKA-4308,TIKA,2024-09-11T05:50:34.000+0000,2024-09-11T17:54:10.000+0000,Trivial,4,Bug
TIKA-4310,TIKA,2024-09-16T14:47:00.000+0000,2024-09-16T20:07:17.000+0000,Minor,3,Task
TIKA-4311,TIKA,2024-09-17T11:33:26.000+0000,2024-09-17T11:39:55.000+0000,Major,8,Bug
TIKA-4317,TIKA,2024-10-14T14:01:03.000+0000,2024-10-14T15:31:28.000+0000,Major,1,Bug
TIKA-4280,TIKA,2024-07-15T17:54:13.000+0000,2024-10-16T13:51:00.000+0000,Major,14,Task
TIKA-4320,TIKA,2024-10-16T15:37:05.000+0000,2024-10-16T16:49:26.000+0000,Minor,4,Task
TIKA-4278,TIKA,2024-07-13T10:57:14.000+0000,2024-10-17T03:47:21.000+0000,Major,22,Bug
TIKA-4166,TIKA,2023-11-03T16:28:14.000+0000,2024-10-17T03:48:35.000+0000,Minor,106,Task
TIKA-4247,TIKA,2024-04-29T17:20:26.000+0000,2024-10-19T18:16:39.000+0000,Major,9,New Feature
TIKA-4298,TIKA,2024-08-15T05:33:43.000+0000,2024-10-20T04:37:46.000+0000,Major,10,Bug
TIKA-1907,TIKA,2016-03-23T08:20:14.000+0000,2024-10-20T07:44:01.000+0000,Major,3,Bug
TIKA-4123,TIKA,2023-09-02T09:36:25.000+0000,2024-10-21T06:28:09.000+0000,Minor,9,Task
TIKA-4118,TIKA,2023-08-28T19:27:57.000+0000,2024-10-21T06:28:18.000+0000,Minor,0,Task
TIKA-4329,TIKA,2024-10-21T13:11:01.000+0000,2024-10-21T13:43:05.000+0000,Minor,0,Task
TIKA-4330,TIKA,2024-10-21T13:52:26.000+0000,2024-10-22T13:59:58.000+0000,Minor,3,Task
TIKA-4315,TIKA,2024-10-01T14:32:33.000+0000,2024-10-24T11:18:14.000+0000,Major,10,Bug
TIKA-4336,TIKA,2024-10-23T09:54:36.000+0000,2024-10-24T16:01:50.000+0000,Major,5,Bug
TIKA-4338,TIKA,2024-10-25T06:25:11.000+0000,2024-10-25T14:10:48.000+0000,Major,2,Bug
TIKA-4340,TIKA,2024-10-29T14:39:35.000+0000,2024-10-30T13:26:30.000+0000,Major,2,Sub-task
TIKA-4341,TIKA,2024-10-30T13:13:28.000+0000,2024-10-30T13:30:22.000+0000,Trivial,3,Bug
TIKA-4344,TIKA,2024-11-05T15:00:13.000+0000,2024-11-05T17:47:07.000+0000,Minor,3,Task
TIKA-4271,TIKA,2024-06-24T19:01:09.000+0000,2024-11-09T17:21:07.000+0000,Blocker,3,Improvement
TIKA-4348,TIKA,2024-11-13T15:00:40.000+0000,2024-11-13T15:55:22.000+0000,Minor,6,Task
TIKA-4350,TIKA,2024-11-14T11:07:32.000+0000,2024-11-14T14:22:59.000+0000,Major,5,Bug
TIKA-4352,TIKA,2024-11-14T20:00:14.000+0000,2024-11-14T20:26:39.000+0000,Minor,3,Task
TIKA-4354,TIKA,2024-11-19T13:52:22.000+0000,2024-11-19T16:10:24.000+0000,Minor,4,Task
TIKA-4358,TIKA,2024-11-21T14:22:27.000+0000,2024-11-21T15:09:47.000+0000,Minor,2,Task
TIKA-4356,TIKA,2024-11-19T19:22:37.000+0000,2024-11-22T16:18:58.000+0000,Major,7,Bug
TIKA-4355,TIKA,2024-11-19T15:15:09.000+0000,2024-12-04T21:13:48.000+0000,Minor,4,Task
TIKA-4362,TIKA,2024-12-04T21:37:43.000+0000,2024-12-05T21:41:07.000+0000,Minor,3,Improvement
TIKA-4360,TIKA,2024-12-02T16:33:10.000+0000,2024-12-05T21:41:55.000+0000,Minor,2,Improvement
TIKA-3059,TIKA,2020-03-05T14:42:25.000+0000,2024-12-28T18:16:55.000+0000,Major,7,Task
TIKA-3119,TIKA,2020-06-19T17:11:02.000+0000,2024-12-28T18:22:39.000+0000,Major,14,Task
TIKA-3181,TIKA,2020-08-21T17:36:10.000+0000,2024-12-28T19:55:17.000+0000,Major,3,Improvement
TIKA-3142,TIKA,2020-07-17T17:36:01.000+0000,2024-12-29T09:39:59.000+0000,Major,2,Task
TIKA-4266,TIKA,2024-05-30T19:38:09.000+0000,2025-01-02T16:25:27.000+0000,Major,3,Task
TIKA-4366,TIKA,2025-01-09T21:32:11.000+0000,2025-01-09T22:11:21.000+0000,Minor,10,Task
TIKA-4257,TIKA,2024-05-20T08:26:21.000+0000,2025-01-20T13:20:26.000+0000,Major,6,Bug
TIKA-2342,TIKA,2017-04-27T11:16:47.000+0000,2025-01-24T04:52:45.000+0000,Major,8,Bug
TIKA-4372,TIKA,2025-01-28T09:42:51.000+0000,2025-01-28T11:42:36.000+0000,Major,2,Bug
TIKA-4361,TIKA,2024-12-04T19:25:31.000+0000,2025-01-28T17:02:32.000+0000,Trivial,7,Improvement
TIKA-4337,TIKA,2024-10-24T18:41:12.000+0000,2025-01-28T17:02:45.000+0000,Minor,18,Task
TIKA-4326,TIKA,2024-10-21T06:29:16.000+0000,2025-02-03T09:20:26.000+0000,Major,83,Task
TIKA-4239,TIKA,2024-04-06T11:28:18.000+0000,2025-02-03T09:59:30.000+0000,Minor,111,Task
TIKA-4375,TIKA,2025-01-30T18:38:17.000+0000,2025-02-09T10:23:05.000+0000,Major,23,Task
TIKA-4382,TIKA,2025-02-07T09:05:33.000+0000,2025-02-11T16:50:02.000+0000,Minor,8,Improvement
TIKA-4384,TIKA,2025-02-12T05:00:01.000+0000,2025-02-12T15:18:34.000+0000,Minor,9,Improvement
TIKA-4385,TIKA,2025-02-13T00:50:11.000+0000,2025-02-18T13:42:31.000+0000,Minor,19,Bug
TIKA-4387,TIKA,2025-02-25T20:54:33.000+0000,2025-02-25T22:35:26.000+0000,Major,5,Task
TIKA-4389,TIKA,2025-02-26T17:41:05.000+0000,2025-02-26T18:12:08.000+0000,Minor,4,Task
TIKA-4381,TIKA,2025-02-06T13:37:14.000+0000,2025-02-26T18:12:50.000+0000,Major,11,Task
TIKA-4393,TIKA,2025-03-12T14:00:27.000+0000,2025-03-13T18:23:28.000+0000,Minor,8,Bug
TIKA-4396,TIKA,2025-03-31T15:53:55.000+0000,2025-03-31T15:56:47.000+0000,Minor,4,Bug
TIKA-3604,TIKA,2021-12-01T03:48:53.000+0000,2025-04-08T08:33:58.000+0000,Minor,1,Improvement
TIKA-4399,TIKA,2025-04-08T11:52:57.000+0000,2025-04-08T18:27:27.000+0000,Major,6,Task
TIKA-4402,TIKA,2025-04-09T10:41:57.000+0000,2025-04-09T12:11:45.000+0000,Minor,2,Improvement
TIKA-4401,TIKA,2025-04-08T18:52:56.000+0000,2025-04-10T12:32:24.000+0000,Minor,7,Task
TIKA-4403,TIKA,2025-04-09T20:02:30.000+0000,2025-04-10T12:33:20.000+0000,Minor,3,Task
TIKA-4395,TIKA,2025-03-25T13:07:02.000+0000,2025-04-10T12:50:33.000+0000,Major,17,Bug
TIKA-4404,TIKA,2025-04-10T14:31:15.000+0000,2025-04-10T14:54:43.000+0000,Trivial,1,Bug
TIKA-4406,TIKA,2025-04-12T08:19:48.000+0000,2025-04-12T08:30:36.000+0000,Minor,2,Bug
TIKA-4383,TIKA,2025-02-09T10:23:38.000+0000,2025-04-30T11:30:20.000+0000,Major,31,Task
TIKA-4409,TIKA,2025-04-29T12:42:12.000+0000,2025-05-05T15:56:19.000+0000,Major,4,Task
TIKA-4400,TIKA,2025-04-08T18:34:55.000+0000,2025-05-07T21:21:58.000+0000,Major,4,Task
TIKA-4391,TIKA,2025-02-27T17:47:06.000+0000,2025-05-08T13:30:41.000+0000,Major,9,Task
TIKA-4414,TIKA,2025-05-08T13:55:34.000+0000,2025-05-09T15:55:24.000+0000,Trivial,4,Task
TIKA-4374,TIKA,2025-01-29T21:33:36.000+0000,2025-05-09T15:55:55.000+0000,Trivial,8,Task
TIKA-4413,TIKA,2025-05-08T13:21:31.000+0000,2025-05-09T15:56:15.000+0000,Trivial,4,Task
TIKA-4416,TIKA,2025-05-12T14:34:34.000+0000,2025-05-12T14:37:59.000+0000,Trivial,0,Task
TIKA-4415,TIKA,2025-05-09T15:38:08.000+0000,2025-05-19T12:02:20.000+0000,Trivial,4,Task
TIKA-4417,TIKA,2025-05-18T09:05:14.000+0000,2025-05-19T14:34:33.000+0000,Minor,7,Bug
TIKA-4418,TIKA,2025-05-19T14:29:36.000+0000,2025-05-19T16:01:27.000+0000,Minor,3,Task
TIKA-4411,TIKA,2025-05-05T15:52:48.000+0000,2025-05-22T06:52:35.000+0000,Major,27,Task
TIKA-4423,TIKA,2025-05-28T15:43:44.000+0000,2025-05-29T18:31:54.000+0000,Trivial,1,Task
TIKA-4425,TIKA,2025-05-30T12:18:29.000+0000,2025-05-30T13:52:45.000+0000,Trivial,4,Task
TIKA-4410,TIKA,2025-05-01T14:23:51.000+0000,2025-05-30T23:11:23.000+0000,Minor,10,Task
TIKA-4429,TIKA,2025-06-02T11:07:39.000+0000,2025-06-02T11:51:27.000+0000,Minor,1,Task
TIKA-4379,TIKA,2025-02-03T09:21:06.000+0000,2025-06-02T12:36:38.000+0000,Major,49,Task
TIKA-4427,TIKA,2025-05-30T16:32:15.000+0000,2025-06-03T12:57:50.000+0000,Major,17,Bug
TIKA-4430,TIKA,2025-06-03T00:25:17.000+0000,2025-06-03T13:10:59.000+0000,Major,3,Task
TIKA-4433,TIKA,2025-06-05T14:22:19.000+0000,2025-06-05T14:44:17.000+0000,Trivial,4,Task
TIKA-4434,TIKA,2025-06-05T19:58:33.000+0000,2025-06-05T21:03:44.000+0000,Minor,5,Task
TIKA-4435,TIKA,2025-06-08T05:54:09.000+0000,2025-06-08T18:41:37.000+0000,Minor,10,Task
TIKA-4436,TIKA,2025-06-10T03:14:35.000+0000,2025-06-10T07:09:55.000+0000,Minor,4,Improvement
TIKA-4397,TIKA,2025-03-31T17:37:54.000+0000,2025-06-10T10:08:29.000+0000,Minor,23,Improvement
TIKA-4432,TIKA,2025-06-04T10:10:48.000+0000,2025-06-17T17:25:15.000+0000,Major,8,Bug
TIKA-4443,TIKA,2025-06-24T12:38:29.000+0000,2025-06-24T14:44:19.000+0000,Minor,3,Bug
TIKA-4442,TIKA,2025-06-23T14:09:23.000+0000,2025-06-25T10:47:49.000+0000,Major,16,Improvement
TIKA-4441,TIKA,2025-06-23T13:20:37.000+0000,2025-06-25T18:31:27.000+0000,Major,13,Bug
TIKA-4444,TIKA,2025-06-25T07:52:22.000+0000,2025-06-26T03:56:39.000+0000,Major,22,Bug
TIKA-4445,TIKA,2025-06-26T11:24:42.000+0000,2025-06-26T18:53:13.000+0000,Minor,2,Bug
TIKA-4437,TIKA,2025-06-10T14:18:22.000+0000,2025-07-02T15:44:14.000+0000,Minor,2,Task
TIKA-4449,TIKA,2025-07-02T15:31:12.000+0000,2025-07-08T11:57:09.000+0000,Major,9,Task
TIKA-4446,TIKA,2025-06-26T13:32:34.000+0000,2025-07-08T14:14:05.000+0000,Minor,4,Task
TIKA-4450,TIKA,2025-07-08T19:43:36.000+0000,2025-07-08T21:57:44.000+0000,Major,2,Sub-task
TIKA-4342,TIKA,2024-10-30T13:27:43.000+0000,2025-07-08T21:57:55.000+0000,Minor,4,Sub-task
TIKA-4451,TIKA,2025-07-08T19:44:53.000+0000,2025-07-08T21:58:34.000+0000,Minor,5,Improvement
TIKA-4452,TIKA,2025-07-08T19:46:29.000+0000,2025-07-08T21:59:44.000+0000,Minor,4,Improvement
TIKA-4333,TIKA,2024-10-22T13:28:51.000+0000,2025-07-09T14:28:20.000+0000,Major,3,Task
TIKA-4453,TIKA,2025-07-10T12:26:13.000+0000,2025-07-10T13:17:30.000+0000,Minor,11,Bug
TIKA-4440,TIKA,2025-06-23T06:33:51.000+0000,2025-07-12T04:21:39.000+0000,Major,18,Task
TIKA-4438,TIKA,2025-06-18T12:48:35.000+0000,2025-07-12T16:47:31.000+0000,Major,18,Task
TIKA-4457,TIKA,2025-07-14T16:36:29.000+0000,2025-07-14T19:13:09.000+0000,Major,5,Bug
TIKA-4458,TIKA,2025-07-24T18:43:31.000+0000,2025-07-29T07:00:04.000+0000,Minor,5,Wish
TIKA-4459,TIKA,2025-07-25T07:46:52.000+0000,2025-07-31T21:38:54.000+0000,Minor,23,Bug
TIKA-4455,TIKA,2025-07-12T04:22:24.000+0000,2025-08-11T07:18:22.000+0000,Major,50,Task
TIKA-4462,TIKA,2025-08-08T11:16:16.000+0000,2025-08-17T23:48:34.000+0000,Major,6,Task
TIKA-4465,TIKA,2025-08-13T14:05:54.000+0000,2025-08-18T19:56:34.000+0000,Minor,15,Task
TIKA-4466,TIKA,2025-08-15T11:58:09.000+0000,2025-08-20T13:05:41.000+0000,Major,22,Bug
TIKA-4460,TIKA,2025-08-05T00:29:27.000+0000,2025-08-21T11:24:56.000+0000,Major,2,Task
TIKA-4470,TIKA,2025-08-21T03:05:18.000+0000,2025-08-21T12:04:06.000+0000,Major,7,Bug
TIKA-4472,TIKA,2025-08-21T13:50:59.000+0000,2025-08-21T16:26:40.000+0000,Minor,9,Task
TIKA-4468,TIKA,2025-08-20T04:24:29.000+0000,2025-08-22T06:26:12.000+0000,Minor,3,Task
TIKA-4473,TIKA,2025-08-22T07:13:30.000+0000,2025-08-23T10:46:12.000+0000,Minor,8,Improvement
TIKA-4471,TIKA,2025-08-21T11:40:27.000+0000,2025-09-09T13:55:03.000+0000,Minor,17,Task
TIKA-4476,TIKA,2025-09-07T19:04:51.000+0000,2025-09-10T16:34:57.000+0000,Minor,13,Improvement
TIKA-4154,TIKA,2023-10-11T12:17:10.000+0000,2025-09-10T17:56:43.000+0000,Critical,20,Improvement
TIKA-4482,TIKA,2025-09-10T13:16:58.000+0000,2025-09-11T12:37:10.000+0000,Blocker,8,Task
TIKA-4469,TIKA,2025-08-20T08:56:32.000+0000,2025-09-11T12:37:53.000+0000,Minor,8,Bug
TIKA-4483,TIKA,2025-09-11T12:29:11.000+0000,2025-09-15T20:01:12.000+0000,Major,4,Task
TIKA-4485,TIKA,2025-09-16T01:03:22.000+0000,2025-09-16T08:56:02.000+0000,Blocker,10,Bug
TIKA-4486,TIKA,2025-09-17T15:21:02.000+0000,2025-09-17T15:33:25.000+0000,Trivial,0,Task
TIKA-4463,TIKA,2025-08-11T09:01:29.000+0000,2025-09-18T09:03:52.000+0000,Major,1,Task
TIKA-4392,TIKA,2025-03-05T08:24:18.000+0000,2025-09-24T18:38:55.000+0000,Major,8,Bug
TIKA-4334,TIKA,2024-10-22T13:29:43.000+0000,2025-10-01T16:06:34.000+0000,Major,12,Task
TIKA-4496,TIKA,2025-09-29T12:31:54.000+0000,2025-10-01T16:38:31.000+0000,Trivial,3,Task
TIKA-4448,TIKA,2025-07-02T12:15:25.000+0000,2025-10-03T16:43:51.000+0000,Trivial,14,Task
TIKA-4503,TIKA,2025-10-03T15:05:37.000+0000,2025-10-03T16:44:15.000+0000,Minor,5,Task
TIKA-4499,TIKA,2025-10-02T18:53:06.000+0000,2025-10-03T16:44:41.000+0000,Major,2,Task
TIKA-4343,TIKA,2024-10-30T15:06:21.000+0000,2025-10-03T16:45:07.000+0000,Trivial,4,Task
TIKA-4328,TIKA,2024-10-21T12:46:04.000+0000,2025-10-03T16:45:18.000+0000,Minor,0,Task
TIKA-4332,TIKA,2024-10-22T13:26:50.000+0000,2025-10-03T16:45:36.000+0000,Minor,3,Task
TIKA-4500,TIKA,2025-10-02T18:57:19.000+0000,2025-10-03T16:45:52.000+0000,Minor,3,Task
TIKA-4498,TIKA,2025-10-01T18:49:13.000+0000,2025-10-04T17:19:57.000+0000,Minor,4,Task
TIKA-4505,TIKA,2025-10-05T21:50:55.000+0000,2025-10-06T10:54:40.000+0000,Major,3,Bug
TIKA-4508,TIKA,2025-10-06T14:14:13.000+0000,2025-10-06T15:31:13.000+0000,Minor,4,Task
TIKA-4506,TIKA,2025-10-06T13:19:17.000+0000,2025-10-06T20:00:18.000+0000,Minor,3,Task
TIKA-4504,TIKA,2025-10-04T17:10:56.000+0000,2025-10-07T11:36:03.000+0000,Minor,13,Task
TIKA-4511,TIKA,2025-10-09T12:05:18.000+0000,2025-10-09T14:13:23.000+0000,Trivial,6,Task
TIKA-4510,TIKA,2025-10-09T06:58:20.000+0000,2025-10-09T17:48:05.000+0000,Minor,4,Test
TIKA-4517,TIKA,2025-10-14T22:11:19.000+0000,2025-10-15T16:22:55.000+0000,Trivial,14,Task
TIKA-4518,TIKA,2025-10-15T12:08:48.000+0000,2025-10-15T17:47:44.000+0000,Minor,4,Task
TIKA-4524,TIKA,2025-10-18T08:36:42.000+0000,2025-10-18T13:16:59.000+0000,Minor,3,Improvement
TIKA-4526,TIKA,2025-10-20T03:47:50.000+0000,2025-10-21T04:03:50.000+0000,Minor,7,Test
TIKA-4527,TIKA,2025-10-21T11:51:03.000+0000,2025-10-21T12:29:09.000+0000,Minor,1,Improvement
TIKA-4525,TIKA,2025-10-19T13:29:28.000+0000,2025-10-25T13:50:32.000+0000,Minor,13,Improvement
TIKA-4530,TIKA,2025-10-27T16:22:05.000+0000,2025-10-27T17:39:24.000+0000,Minor,3,Improvement
TIKA-4512,TIKA,2025-10-10T14:35:37.000+0000,2025-10-27T18:45:29.000+0000,Major,12,Sub-task
TIKA-4531,TIKA,2025-10-28T06:21:03.000+0000,2025-10-28T11:40:07.000+0000,Minor,8,Improvement
TIKA-4535,TIKA,2025-10-30T18:10:28.000+0000,2025-10-30T21:16:17.000+0000,Trivial,4,Improvement
TIKA-4538,TIKA,2025-10-31T17:32:06.000+0000,2025-10-31T18:33:18.000+0000,Minor,5,Bug
TIKA-4542,TIKA,2025-11-14T14:00:45.000+0000,2025-11-14T14:59:41.000+0000,Minor,2,Improvement
TIKA-4544,TIKA,2025-11-24T13:36:45.000+0000,2025-11-24T20:39:50.000+0000,Major,6,Task
TIKA-4543,TIKA,2025-11-24T13:33:53.000+0000,2025-11-24T20:40:07.000+0000,Major,8,Task
TIKA-4519,TIKA,2025-10-17T12:08:06.000+0000,2025-11-24T20:45:44.000+0000,Major,15,Sub-task
TIKA-4546,TIKA,2025-11-25T18:13:26.000+0000,2025-11-25T19:48:21.000+0000,Minor,3,Task
TIKA-4548,TIKA,2025-12-02T09:25:52.000+0000,2025-12-02T10:15:18.000+0000,Trivial,0,Improvement
TIKA-4251,TIKA,2024-05-06T19:44:55.000+0000,2025-12-03T21:31:51.000+0000,Major,43,Task
TIKA-4551,TIKA,2025-12-04T15:54:05.000+0000,2025-12-04T16:06:46.000+0000,Minor,4,Improvement
TIKA-4549,TIKA,2025-12-03T22:43:45.000+0000,2025-12-04T17:07:42.000+0000,Major,6,Task
TIKA-4550,TIKA,2025-12-04T13:35:56.000+0000,2025-12-07T13:25:32.000+0000,Major,2,Task
TIKA-4558,TIKA,2025-12-09T11:52:20.000+0000,2025-12-09T14:21:42.000+0000,Major,6,Task
TIKA-4556,TIKA,2025-12-05T11:33:39.000+0000,2025-12-09T17:08:56.000+0000,Major,6,Task
TIKA-4564,TIKA,2025-12-11T11:40:34.000+0000,2025-12-11T13:56:55.000+0000,Major,3,Task
TIKA-4545,TIKA,2025-11-24T20:39:44.000+0000,2025-12-11T15:38:57.000+0000,Major,42,Task
TIKA-4566,TIKA,2025-12-11T14:38:14.000+0000,2025-12-11T15:44:14.000+0000,Trivial,3,Task
TIKA-4565,TIKA,2025-12-11T14:18:21.000+0000,2025-12-11T20:15:27.000+0000,Minor,3,Task
TIKA-4553,TIKA,2025-12-04T22:23:15.000+0000,2025-12-12T22:29:50.000+0000,Major,14,Task
TIKA-4568,TIKA,2025-12-12T15:58:47.000+0000,2025-12-12T23:07:55.000+0000,Major,3,Task
TIKA-4573,TIKA,2025-12-15T20:30:12.000+0000,2025-12-16T00:53:48.000+0000,Major,10,Task
TIKA-4569,TIKA,2025-12-15T12:25:08.000+0000,2025-12-16T13:29:33.000+0000,Major,3,Task
TIKA-4571,TIKA,2025-12-15T18:02:01.000+0000,2025-12-16T13:30:23.000+0000,Major,3,Task
TIKA-4570,TIKA,2025-12-15T12:29:47.000+0000,2025-12-16T16:12:46.000+0000,Minor,4,Task
TIKA-4554,TIKA,2025-12-04T22:41:10.000+0000,2025-12-16T16:13:00.000+0000,Major,3,Task
TIKA-4555,TIKA,2025-12-04T22:44:35.000+0000,2025-12-16T16:13:18.000+0000,Major,3,Task
TIKA-4574,TIKA,2025-12-16T11:55:43.000+0000,2025-12-16T16:14:03.000+0000,Minor,3,Task
TIKA-4575,TIKA,2025-12-16T15:08:24.000+0000,2025-12-16T19:55:11.000+0000,Minor,4,Task
TIKA-4586,TIKA,2025-12-21T23:35:43.000+0000,2025-12-22T11:36:27.000+0000,Major,6,Bug
TIKA-4588,TIKA,2025-12-26T13:41:02.000+0000,2025-12-26T14:31:19.000+0000,Major,2,Bug
TIKA-4587,TIKA,2025-12-22T00:38:55.000+0000,2025-12-26T15:44:54.000+0000,Minor,11,Improvement
TIKA-4598,TIKA,2025-12-29T09:10:25.000+0000,2025-12-29T09:20:44.000+0000,Major,8,Task
TIKA-4600,TIKA,2025-12-29T09:47:59.000+0000,2025-12-29T10:47:24.000+0000,Major,3,Sub-task
TIKA-4605,TIKA,2025-12-29T13:52:02.000+0000,2025-12-29T19:37:25.000+0000,Major,5,New Feature
TIKA-4610,TIKA,2026-01-01T14:29:54.000+0000,2026-01-01T17:14:59.000+0000,Trivial,3,Task
TIKA-4582,TIKA,2025-12-17T15:49:03.000+0000,2026-01-01T21:26:30.000+0000,Major,5,Task
TIKA-4615,TIKA,2026-01-08T22:35:00.000+0000,2026-01-09T00:29:06.000+0000,Trivial,3,Task
TIKA-4607,TIKA,2025-12-30T16:26:43.000+0000,2026-01-09T00:45:34.000+0000,Major,3,Task
TIKA-4474,TIKA,2025-08-22T11:09:30.000+0000,2026-01-09T01:05:17.000+0000,Major,19,Bug
TIKA-4617,TIKA,2026-01-09T00:42:29.000+0000,2026-01-09T01:36:21.000+0000,Minor,7,Task
TIKA-4612,TIKA,2026-01-06T18:07:23.000+0000,2026-01-09T22:21:58.000+0000,Major,5,Bug
TIKA-4620,TIKA,2026-01-14T08:38:43.000+0000,2026-01-14T09:21:44.000+0000,Major,4,Bug
TIKA-4621,TIKA,2026-01-14T09:22:51.000+0000,2026-01-14T10:03:42.000+0000,Major,6,Bug
TIKA-4616,TIKA,2026-01-09T00:30:55.000+0000,2026-01-14T13:15:01.000+0000,Minor,3,Task
TIKA-4622,TIKA,2026-01-14T12:40:25.000+0000,2026-01-14T13:24:07.000+0000,Minor,4,Improvement
TIKA-4619,TIKA,2026-01-12T17:39:22.000+0000,2026-01-14T19:25:51.000+0000,Major,2,Task
TIKA-4628,TIKA,2026-01-22T20:00:04.000+0000,2026-01-23T20:38:33.000+0000,Minor,2,Task
TIKA-4625,TIKA,2026-01-16T12:13:22.000+0000,2026-01-23T20:39:04.000+0000,Major,4,Task
TIKA-4632,TIKA,2026-01-23T19:40:52.000+0000,2026-01-23T20:39:57.000+0000,Minor,6,Task
TIKA-4631,TIKA,2026-01-23T14:58:01.000+0000,2026-01-23T20:40:21.000+0000,Minor,2,Task
TIKA-4634,TIKA,2026-01-26T21:15:23.000+0000,2026-01-28T13:32:51.000+0000,Major,3,Task
TIKA-4633,TIKA,2026-01-26T17:45:03.000+0000,2026-01-28T22:05:31.000+0000,Major,2,Task
TIKA-4638,TIKA,2026-01-29T11:41:11.000+0000,2026-01-29T12:54:51.000+0000,Minor,2,Task
TIKA-4648,TIKA,2026-02-03T11:47:39.000+0000,2026-02-03T17:19:01.000+0000,Minor,6,Task
TIKA-4646,TIKA,2026-02-02T19:17:02.000+0000,2026-02-03T17:23:23.000+0000,Minor,3,Task
TIKA-4645,TIKA,2026-02-01T16:28:51.000+0000,2026-02-03T17:23:38.000+0000,Minor,2,Task
TIKA-4641,TIKA,2026-01-31T01:49:47.000+0000,2026-02-03T17:24:25.000+0000,Minor,6,Task
TIKA-4643,TIKA,2026-02-01T00:52:33.000+0000,2026-02-03T17:24:48.000+0000,Minor,2,Task
TIKA-4637,TIKA,2026-01-28T22:07:54.000+0000,2026-02-03T17:25:32.000+0000,Major,3,Task
TIKA-4644,TIKA,2026-02-01T13:17:26.000+0000,2026-02-03T17:26:12.000+0000,Minor,2,Task
TIKA-4640,TIKA,2026-01-30T17:40:18.000+0000,2026-02-03T17:26:45.000+0000,Trivial,4,Task
TIKA-4636,TIKA,2026-01-28T22:06:12.000+0000,2026-02-03T17:27:18.000+0000,Minor,3,Task
TIKA-4642,TIKA,2026-01-31T22:56:48.000+0000,2026-02-03T17:30:07.000+0000,Minor,2,Task
TIKA-4639,TIKA,2026-01-29T12:10:05.000+0000,2026-02-03T17:32:41.000+0000,Minor,5,Task
TIKA-4635,TIKA,2026-01-27T23:04:02.000+0000,2026-02-03T17:33:45.000+0000,Minor,2,Task
TIKA-4649,TIKA,2026-02-04T14:54:13.000+0000,2026-02-04T15:43:23.000+0000,Trivial,3,Task
TIKA-4652,TIKA,2026-02-05T22:56:40.000+0000,2026-02-06T17:31:26.000+0000,Minor,2,Task
TIKA-4651,TIKA,2026-02-05T15:01:50.000+0000,2026-02-06T17:32:06.000+0000,Minor,3,Task
TIKA-4650,TIKA,2026-02-05T13:14:32.000+0000,2026-02-06T17:34:58.000+0000,Major,11,Task
TIKA-4653,TIKA,2026-02-07T15:30:04.000+0000,2026-02-09T15:25:10.000+0000,Major,9,Task
TIKA-4655,TIKA,2026-02-09T16:09:28.000+0000,2026-02-10T12:54:57.000+0000,Minor,5,Improvement
TIKA-4657,TIKA,2026-02-11T16:31:30.000+0000,2026-02-13T02:02:49.000+0000,Major,5,Bug
TIKA-4660,TIKA,2026-02-16T01:40:05.000+0000,2026-02-16T03:05:16.000+0000,Minor,6,Improvement
TIKA-4630,TIKA,2026-01-22T20:23:32.000+0000,2026-02-17T19:52:14.000+0000,Major,20,Improvement
TIKA-4661,TIKA,2026-02-16T03:44:41.000+0000,2026-02-18T01:05:30.000+0000,Major,3,Improvement
TIKA-4665,TIKA,2026-02-17T19:34:06.000+0000,2026-02-24T14:11:28.000+0000,Major,3,New Feature
TIKA-4664,TIKA,2026-02-17T19:31:32.000+0000,2026-02-24T14:13:58.000+0000,Major,3,Task
TIKA-4666,TIKA,2026-02-17T19:36:19.000+0000,2026-02-24T14:14:11.000+0000,Major,3,New Feature
TIKA-4667,TIKA,2026-02-17T19:38:42.000+0000,2026-02-24T14:14:26.000+0000,Major,3,New Feature
TIKA-4668,TIKA,2026-02-18T16:25:20.000+0000,2026-02-24T14:14:47.000+0000,Minor,3,Improvement
TIKA-4669,TIKA,2026-02-18T18:54:27.000+0000,2026-02-24T14:14:56.000+0000,Minor,3,Bug
TIKA-4670,TIKA,2026-02-18T19:10:42.000+0000,2026-02-24T14:15:08.000+0000,Major,3,Bug
TIKA-4647,TIKA,2026-02-02T19:35:20.000+0000,2026-02-24T14:21:03.000+0000,Minor,3,Task
TIKA-4497,TIKA,2025-10-01T18:39:34.000+0000,2026-02-25T13:10:18.000+0000,Minor,3,Task
TIKA-4614,TIKA,2026-01-08T09:59:00.000+0000,2026-03-09T19:35:24.000+0000,Minor,4,Improvement
TIKA-4687,TIKA,2026-03-10T22:37:59.000+0000,2026-03-11T15:56:49.000+0000,Major,6,Bug
TIKA-4488,TIKA,2025-09-18T09:04:39.000+0000,2026-03-19T03:33:53.000+0000,Major,62,Task
TIKA-4563,TIKA,2025-12-10T17:07:56.000+0000,2026-03-19T12:16:08.000+0000,Major,27,Task
TIKA-4679,TIKA,2026-03-03T02:15:07.000+0000,2026-03-26T11:32:00.000+0000,Minor,19,Improvement
TIKA-4706,TIKA,2026-04-03T20:42:07.000+0000,2026-04-03T22:02:28.000+0000,Minor,4,Task
TIKA-4708,TIKA,2026-04-03T21:20:02.000+0000,2026-04-03T22:02:53.000+0000,Major,3,Task
TIKA-4677,TIKA,2026-03-01T01:05:50.000+0000,2026-04-04T01:14:50.000+0000,Major,2,Improvement
TIKA-4678,TIKA,2026-03-01T01:50:20.000+0000,2026-04-04T01:15:14.000+0000,Major,10,New Feature
TIKA-4701,TIKA,2026-03-25T16:05:29.000+0000,2026-04-06T12:57:33.000+0000,Minor,1,Task
TIKA-4710,TIKA,2026-04-06T12:58:31.000+0000,2026-04-07T00:28:46.000+0000,Minor,3,Task
TIKA-4704,TIKA,2026-03-29T12:51:26.000+0000,2026-04-07T11:55:39.000+0000,Minor,73,Task
TIKA-4702,TIKA,2026-03-26T10:48:58.000+0000,2026-04-07T12:51:08.000+0000,Critical,4,Bug
TIKA-4717,TIKA,2026-04-09T12:52:36.000+0000,2026-04-09T16:47:30.000+0000,Major,3,Task
TIKA-4719,TIKA,2026-04-23T21:23:22.000+0000,2026-04-24T12:14:53.000+0000,Major,2,Task
TIKA-4721,TIKA,2026-04-27T14:53:04.000+0000,2026-04-28T17:42:30.000+0000,Minor,6,Bug
TIKA-4692,TIKA,2026-03-18T21:42:58.000+0000,2026-05-12T14:50:01.000+0000,Major,13,Task
TIKA-4683,TIKA,2026-03-06T20:38:49.000+0000,2026-05-13T08:50:59.000+0000,Major,29,Task
TIKA-4723,TIKA,2026-05-05T00:24:28.000+0000,2026-05-13T20:12:51.000+0000,Major,20,Task
TIKA-4732,TIKA,2026-05-15T19:49:34.000+0000,2026-05-18T19:36:56.000+0000,Minor,6,Improvement
TIKA-4728,TIKA,2026-05-13T18:57:39.000+0000,2026-05-21T21:00:38.000+0000,Major,10,Improvement
TIKA-4736,TIKA,2026-05-21T09:38:05.000+0000,2026-05-22T01:36:20.000+0000,Major,4,Bug
TIKA-4695,TIKA,2026-03-23T05:34:47.000+0000,2026-05-26T04:42:38.000+0000,Major,29,Task
TIKA-4729,TIKA,2026-05-15T11:50:43.000+0000,2026-05-26T12:10:38.000+0000,Major,6,Task
TIKA-4705,TIKA,2026-04-02T14:37:20.000+0000,2026-05-26T12:49:05.000+0000,Major,17,Improvement
TIKA-4724,TIKA,2026-05-11T05:49:15.000+0000,2026-05-26T12:49:53.000+0000,Major,4,Bug
TIKA-4733,TIKA,2026-05-19T14:08:26.000+0000,2026-05-27T00:48:18.000+0000,Blocker,10,Bug
TIKA-4739,TIKA,2026-05-26T06:08:49.000+0000,2026-05-27T14:03:48.000+0000,Major,8,Bug
TIKA-4731,TIKA,2026-05-15T12:02:32.000+0000,2026-05-27T14:06:18.000+0000,Minor,12,Task
TIKA-4740,TIKA,2026-05-26T21:19:05.000+0000,2026-05-27T14:08:04.000+0000,Minor,6,Task
TIKA-4737,TIKA,2026-05-25T06:58:13.000+0000,2026-05-27T14:29:38.000+0000,Major,4,Bug
TIKA-4700,TIKA,2026-03-25T14:55:45.000+0000,2026-06-04T16:42:05.000+0000,Major,14,Improvement
TIKA-4752,TIKA,2026-06-05T12:06:37.000+0000,2026-06-05T16:19:05.000+0000,Trivial,8,Task
TIKA-4745,TIKA,2026-05-28T19:51:51.000+0000,2026-06-05T16:56:58.000+0000,Minor,30,Task
TIKA-4753,TIKA,2026-06-05T13:46:38.000+0000,2026-06-05T16:58:18.000+0000,Trivial,7,Task
TIKA-4751,TIKA,2026-06-05T12:06:14.000+0000,2026-06-05T16:59:05.000+0000,Minor,3,Task
TIKA-4747,TIKA,2026-06-03T10:40:22.000+0000,2026-06-05T17:03:06.000+0000,Major,13,Bug
TIKA-4744,TIKA,2026-05-28T12:51:02.000+0000,2026-06-05T17:04:01.000+0000,Minor,7,Task
TIKA-4754,TIKA,2026-06-05T20:01:58.000+0000,2026-06-05T20:54:25.000+0000,Trivial,4,Task
TIKA-4663,TIKA,2026-02-17T19:30:14.000+0000,2026-06-06T01:22:15.000+0000,Major,15,Task
TIKA-4758,TIKA,2026-06-23T13:23:52.000+0000,2026-06-24T13:32:13.000+0000,Major,3,Task
TIKA-4759,TIKA,2026-06-24T10:26:49.000+0000,2026-06-24T19:27:36.000+0000,Minor,4,Task
TIKA-4768,TIKA,2026-06-30T11:04:46.000+0000,2026-06-30T17:27:01.000+0000,Major,4,Task
TIKA-4730,TIKA,2026-05-15T11:54:58.000+0000,2026-07-03T15:39:52.000+0000,Major,23,Task
TIKA-4769,TIKA,2026-07-01T21:01:12.000+0000,2026-07-09T00:16:52.000+0000,Minor,2,Task
TIKA-4785,TIKA,2026-07-10T15:55:28.000+0000,2026-07-10T18:33:46.000+0000,Major,5,Bug
TIKA-4788,TIKA,2026-07-11T14:54:33.000+0000,2026-07-11T16:41:15.000+0000,Minor,1,Bug
TIKA-3328,TIKA,2021-03-17T13:34:02.000+0000,2026-07-14T10:09:03.000+0000,Trivial,3,Task
TIKA-4756,TIKA,2026-06-10T06:34:29.000+0000,2026-07-15T08:23:24.000+0000,Minor,19,Improvement
TIKA-4738,TIKA,2026-05-25T08:58:23.000+0000,2026-07-17T07:58:13.000+0000,Major,21,Task
TIKA-1997,TIKA,2016-06-07T08:06:19.000+0000,2026-07-17T16:27:59.000+0000,Blocker,21,Sub-task
TIKA-4454,TIKA,2025-07-11T09:12:17.000+0000,2026-07-17T16:49:09.000+0000,Major,7,Bug
TIKA-3784,TIKA,2022-06-02T12:30:49.000+0000,2026-07-17T16:49:49.000+0000,Critical,14,Bug
TIKA-2856,TIKA,2019-04-18T12:13:09.000+0000,2026-07-18T11:27:09.000+0000,Minor,6,Bug
TIKA-4757,TIKA,2026-06-16T02:29:57.000+0000,2026-07-21T17:31:55.000+0000,Major,0,Bug
TIKA-4790,TIKA,2026-07-14T10:46:36.000+0000,2026-07-21T18:14:19.000+0000,Major,3,Task
TIKA-4796,TIKA,2026-07-27T19:43:02.000+0000,2026-07-29T12:34:13.000+0000,Minor,9,Improvement
TIKA-4774,TIKA,2026-07-06T11:40:20.000+0000,2026-07-29T21:11:30.000+0000,Major,5,Bug
TIKA-4776,TIKA,2026-07-09T08:08:08.000+0000,2026-07-31T06:17:30.000+0000,Major,17,Improvement
TIKA-4806,TIKA,2026-08-04T21:11:15.000+0000,2026-08-05T17:21:03.000+0000,Major,3,Task
TIKA-4698,TIKA,2026-03-25T10:58:14.000+0000,2026-08-07T11:05:45.000+0000,Major,6,Bug
TIKA-4807,TIKA,2026-08-06T00:44:03.000+0000,2026-08-07T19:31:50.000+0000,Major,4,Task
TIKA-4810,TIKA,2026-08-07T18:14:07.000+0000,2026-08-07T22:54:22.000+0000,Trivial,9,Task
TIKA-4811,TIKA,2026-08-10T08:39:05.000+0000,2026-08-10T12:35:25.000+0000,Trivial,5,Bug
TIKA-4813,TIKA,2026-08-10T14:59:45.000+0000,2026-08-12T19:58:54.000+0000,Minor,7,Task
TIKA-4793,TIKA,2026-07-21T16:58:38.000+0000,2026-08-14T15:45:59.000+0000,Major,28,Improvement
TIKA-4820,TIKA,2026-08-14T10:56:03.000+0000,2026-08-14T20:26:06.000+0000,Minor,7,Task
TIKA-4815,TIKA,2026-08-11T19:53:53.000+0000,2026-08-14T20:26:28.000+0000,Major,11,Bug
TIKA-4819,TIKA,2026-08-13T22:09:08.000+0000,2026-08-14T20:26:52.000+0000,Minor,3,Task
TIKA-4821,TIKA,2026-08-14T16:09:49.000+0000,2026-08-14T20:27:29.000+0000,Minor,2,Task
TIKA-4809,TIKA,2026-08-07T12:11:17.000+0000,2026-08-14T20:28:22.000+0000,Major,31,Task
TIKA-4318,TIKA,2024-10-15T11:08:30.000+0000,2026-08-14T20:32:06.000+0000,Minor,14,Task
TIKA-1295,TIKA,2014-05-12T17:42:43.000+0000,2026-08-14T20:33:21.000+0000,Minor,10,Bug
TIKA-2861,TIKA,2019-05-01T04:41:29.000+0000,2026-08-14T20:42:32.000+0000,Major,43,Bug
TIKA-4507,TIKA,2025-10-06T13:51:07.000+0000,2026-08-14T20:42:50.000+0000,Trivial,3,Task
TIKA-4515,TIKA,2025-10-10T21:37:13.000+0000,2026-08-14T20:43:01.000+0000,Major,10,Task
TIKA-4533,TIKA,2025-10-29T12:47:20.000+0000,2026-08-14T20:43:26.000+0000,Major,14,Improvement
TIKA-4534,TIKA,2025-10-30T10:44:06.000+0000,2026-08-14T20:43:59.000+0000,Major,7,Bug
TIKA-4552,TIKA,2025-12-04T22:22:17.000+0000,2026-08-14T20:44:27.000+0000,Major,3,Task
TIKA-4559,TIKA,2025-12-09T16:43:20.000+0000,2026-08-14T20:44:43.000+0000,Major,3,Task
TIKA-4560,TIKA,2025-12-09T17:55:31.000+0000,2026-08-14T20:45:03.000+0000,Major,3,Task
TIKA-4561,TIKA,2025-12-09T18:00:05.000+0000,2026-08-14T20:45:16.000+0000,Major,3,Task
TIKA-4562,TIKA,2025-12-09T21:36:20.000+0000,2026-08-14T20:45:28.000+0000,Major,3,Task
TIKA-4572,TIKA,2025-12-15T20:19:10.000+0000,2026-08-14T20:45:47.000+0000,Major,14,Task
TIKA-4577,TIKA,2025-12-16T19:18:39.000+0000,2026-08-14T20:46:00.000+0000,Minor,3,Task
TIKA-4608,TIKA,2025-12-30T21:32:12.000+0000,2026-08-14T20:46:15.000+0000,Minor,3,Task
TIKA-4613,TIKA,2026-01-06T20:29:00.000+0000,2026-08-14T20:46:28.000+0000,Trivial,3,Task
TIKA-4618,TIKA,2026-01-09T01:13:05.000+0000,2026-08-14T20:46:41.000+0000,Major,4,Task
TIKA-4623,TIKA,2026-01-15T13:36:50.000+0000,2026-08-14T20:46:56.000+0000,Minor,3,Task
TIKA-4626,TIKA,2026-01-18T13:08:57.000+0000,2026-08-14T20:47:09.000+0000,Major,7,Task
TIKA-4656,TIKA,2026-02-09T21:58:56.000+0000,2026-08-14T20:47:26.000+0000,Major,3,Task
TIKA-4662,TIKA,2026-02-17T19:13:18.000+0000,2026-08-14T20:47:43.000+0000,Minor,6,Task
TIKA-4671,TIKA,2026-02-18T21:30:20.000+0000,2026-08-14T20:47:54.000+0000,Major,3,New Feature
TIKA-4672,TIKA,2026-02-20T16:34:16.000+0000,2026-08-14T20:48:07.000+0000,Minor,3,New Feature
TIKA-4674,TIKA,2026-02-25T13:15:21.000+0000,2026-08-14T20:48:18.000+0000,Major,1,New Feature
TIKA-4675,TIKA,2026-02-25T14:24:00.000+0000,2026-08-14T20:48:32.000+0000,Minor,2,New Feature
TIKA-4676,TIKA,2026-02-26T21:11:57.000+0000,2026-08-14T20:48:44.000+0000,Minor,1,Improvement
TIKA-4682,TIKA,2026-03-05T13:44:06.000+0000,2026-08-14T20:48:56.000+0000,Minor,3,Improvement
TIKA-4685,TIKA,2026-03-06T21:20:06.000+0000,2026-08-14T20:49:08.000+0000,Major,6,Task
TIKA-4688,TIKA,2026-03-11T12:54:36.000+0000,2026-08-14T20:49:21.000+0000,Minor,3,Task
TIKA-4689,TIKA,2026-03-11T12:59:17.000+0000,2026-08-14T20:49:35.000+0000,Major,3,Task
TIKA-4699,TIKA,2026-03-25T11:34:56.000+0000,2026-08-14T20:49:56.000+0000,Major,9,Bug
TIKA-4707,TIKA,2026-04-03T21:11:33.000+0000,2026-08-14T20:50:13.000+0000,Major,3,Task
TIKA-4712,TIKA,2026-04-08T13:08:25.000+0000,2026-08-14T20:50:27.000+0000,Minor,5,Task
TIKA-4716,TIKA,2026-04-09T12:28:20.000+0000,2026-08-14T20:50:40.000+0000,Minor,3,Task
TIKA-4718,TIKA,2026-04-09T17:07:18.000+0000,2026-08-14T20:50:56.000+0000,Trivial,3,Task
TIKA-4720,TIKA,2026-04-24T00:41:33.000+0000,2026-08-14T20:51:13.000+0000,Minor,9,Task
TIKA-4734,TIKA,2026-05-21T08:49:52.000+0000,2026-08-14T20:51:29.000+0000,Major,9,Bug
TIKA-4735,TIKA,2026-05-21T09:22:02.000+0000,2026-08-14T20:52:11.000+0000,Major,15,Bug
TIKA-4748,TIKA,2026-06-03T16:11:10.000+0000,2026-08-14T20:52:47.000+0000,Minor,4,Task
TIKA-4742,TIKA,2026-05-27T16:27:49.000+0000,2026-08-14T20:52:57.000+0000,Minor,4,Task
TIKA-4749,TIKA,2026-06-03T16:24:28.000+0000,2026-08-14T20:53:09.000+0000,Minor,4,Task
TIKA-4750,TIKA,2026-06-04T08:38:05.000+0000,2026-08-14T20:53:32.000+0000,Major,9,Bug
TIKA-4755,TIKA,2026-06-06T18:59:48.000+0000,2026-08-14T20:53:49.000+0000,Minor,8,Task
TIKA-4760,TIKA,2026-06-24T21:19:25.000+0000,2026-08-14T20:54:04.000+0000,Major,1,Task
TIKA-4761,TIKA,2026-06-25T15:03:58.000+0000,2026-08-14T20:54:27.000+0000,Minor,4,Task
TIKA-4763,TIKA,2026-06-26T15:25:43.000+0000,2026-08-14T20:54:39.000+0000,Minor,4,Task
TIKA-4764,TIKA,2026-06-26T15:27:49.000+0000,2026-08-14T20:54:54.000+0000,Minor,6,Task
TIKA-4775,TIKA,2026-07-09T00:18:03.000+0000,2026-08-14T20:55:11.000+0000,Minor,9,Task
TIKA-4783,TIKA,2026-07-10T12:17:09.000+0000,2026-08-14T20:55:24.000+0000,Minor,5,Task
TIKA-4784,TIKA,2026-07-10T13:21:29.000+0000,2026-08-14T20:55:36.000+0000,Trivial,7,Task
TIKA-4789,TIKA,2026-07-11T15:52:48.000+0000,2026-08-14T20:55:50.000+0000,Minor,3,Task
TIKA-4794,TIKA,2026-07-23T19:36:43.000+0000,2026-08-14T20:56:05.000+0000,Major,10,Task
TIKA-4797,TIKA,2026-07-28T14:27:31.000+0000,2026-08-14T20:56:34.000+0000,Minor,9,Task
TIKA-4817,TIKA,2026-08-12T20:31:51.000+0000,2026-08-14T20:56:48.000+0000,Minor,3,Task
TIKA-4514,TIKA,2025-10-10T20:30:02.000+0000,2026-08-14T20:57:53.000+0000,Major,4,Task
TIKA-4585,TIKA,2025-12-20T11:46:58.000+0000,2026-08-14T20:58:25.000+0000,Major,4,Task
TIKA-4746,TIKA,2026-05-30T08:13:48.000+0000,2026-08-14T20:59:05.000+0000,Major,8,Bug
TIKA-4727,TIKA,2026-05-13T17:35:49.000+0000,2026-08-14T20:59:30.000+0000,Minor,11,Improvement
TIKA-4804,TIKA,2026-08-01T08:32:17.000+0000,2026-08-15T08:42:23.000+0000,Major,3,Bug
TIKA-4778,TIKA,2026-07-09T20:33:37.000+0000,2026-08-16T09:02:37.000+0000,Major,1,Task
TIKA-4782,TIKA,2026-07-10T10:09:33.000+0000,2026-08-17T01:44:41.000+0000,Major,6,Bug
