issue_id,num_reassignments
CAMEL-137,0
CAMEL-153,0
CAMEL-134,0
CAMEL-100,0
CAMEL-151,0
CAMEL-150,1
CAMEL-146,0
CAMEL-120,0
CAMEL-133,0
CAMEL-135,0
CAMEL-154,2
CAMEL-148,0
CAMEL-147,0
CAMEL-156,0
CAMEL-158,0
CAMEL-163,0
CAMEL-160,0
CAMEL-155,0
CAMEL-157,1
CAMEL-161,0
CAMEL-1,1
CAMEL-128,0
CAMEL-142,0
CAMEL-152,0
CAMEL-10,3
CAMEL-141,0
CAMEL-140,0
CAMEL-139,0
CAMEL-167,0
CAMEL-168,0
CAMEL-149,0
CAMEL-117,0
CAMEL-121,0
CAMEL-119,0
CAMEL-162,0
CAMEL-175,0
CAMEL-166,0
CAMEL-165,0
CAMEL-138,0
CAMEL-20,1
CAMEL-45,1
CAMEL-181,0
CAMEL-178,0
CAMEL-176,0
CAMEL-191,0
CAMEL-187,0
CAMEL-143,0
CAMEL-169,0
CAMEL-183,0
CAMEL-196,0
CAMEL-192,0
CAMEL-198,0
CAMEL-204,0
CAMEL-205,0
CAMEL-197,0
CAMEL-206,0
CAMEL-202,2
CAMEL-213,0
CAMEL-210,2
CAMEL-211,0
CAMEL-180,0
CAMEL-193,0
CAMEL-215,0
CAMEL-194,0
CAMEL-189,0
CAMEL-219,0
CAMEL-218,0
CAMEL-221,0
CAMEL-225,0
CAMEL-222,0
CAMEL-216,0
CAMEL-226,0
CAMEL-199,0
CAMEL-203,0
CAMEL-220,0
CAMEL-230,0
CAMEL-233,0
CAMEL-224,0
CAMEL-229,0
CAMEL-231,0
CAMEL-237,1
CAMEL-232,1
CAMEL-238,0
CAMEL-240,0
CAMEL-236,0
CAMEL-164,0
CAMEL-242,0
CAMEL-212,0
CAMEL-243,0
CAMEL-248,0
CAMEL-247,0
CAMEL-245,0
CAMEL-253,0
CAMEL-250,0
CAMEL-190,0
CAMEL-184,0
CAMEL-256,0
CAMEL-255,0
CAMEL-2,0
CAMEL-249,2
CAMEL-207,0
CAMEL-3,0
CAMEL-13,0
CAMEL-17,0
CAMEL-16,0
CAMEL-15,0
CAMEL-19,0
CAMEL-21,0
CAMEL-18,0
CAMEL-22,0
CAMEL-24,0
CAMEL-23,0
CAMEL-26,0
CAMEL-27,0
CAMEL-30,0
CAMEL-31,0
CAMEL-32,0
CAMEL-33,0
CAMEL-34,0
CAMEL-35,0
CAMEL-29,0
CAMEL-37,0
CAMEL-25,0
CAMEL-28,0
CAMEL-38,0
CAMEL-39,0
CAMEL-40,0
CAMEL-41,0
CAMEL-42,0
CAMEL-44,0
CAMEL-43,0
CAMEL-55,0
CAMEL-52,1
CAMEL-50,0
CAMEL-51,0
CAMEL-56,0
CAMEL-59,0
CAMEL-60,0
CAMEL-54,0
CAMEL-61,0
CAMEL-58,0
CAMEL-57,0
CAMEL-7,1
CAMEL-63,0
CAMEL-70,0
CAMEL-72,0
CAMEL-65,0
CAMEL-66,0
CAMEL-53,1
CAMEL-74,0
CAMEL-62,0
CAMEL-76,0
CAMEL-79,0
CAMEL-78,0
CAMEL-81,0
CAMEL-86,0
CAMEL-71,0
CAMEL-87,0
CAMEL-82,0
CAMEL-85,0
CAMEL-77,0
CAMEL-36,1
CAMEL-83,0
CAMEL-67,0
CAMEL-90,0
CAMEL-88,0
CAMEL-89,0
CAMEL-96,0
CAMEL-95,0
CAMEL-98,0
CAMEL-97,0
CAMEL-4,1
CAMEL-91,0
CAMEL-93,0
CAMEL-92,0
CAMEL-68,0
CAMEL-105,0
CAMEL-99,0
CAMEL-75,0
CAMEL-110,0
CAMEL-108,0
CAMEL-111,0
CAMEL-49,0
CAMEL-47,0
CAMEL-103,0
CAMEL-112,0
CAMEL-109,0
CAMEL-114,0
CAMEL-104,2
CAMEL-113,0
CAMEL-80,2
CAMEL-125,0
CAMEL-12,1
CAMEL-116,0
CAMEL-127,0
CAMEL-118,0
CAMEL-129,0
CAMEL-130,0
CAMEL-131,0
CAMEL-132,0
CAMEL-251,0
CAMEL-208,2
CAMEL-258,2
CAMEL-261,0
CAMEL-252,2
CAMEL-262,1
CAMEL-265,1
CAMEL-273,0
CAMEL-271,0
CAMEL-282,0
CAMEL-275,0
CAMEL-287,0
CAMEL-286,1
CAMEL-260,1
CAMEL-288,0
CAMEL-223,2
CAMEL-274,2
CAMEL-294,0
CAMEL-290,0
CAMEL-276,3
CAMEL-277,2
CAMEL-278,0
CAMEL-270,0
CAMEL-269,1
CAMEL-283,1
CAMEL-254,1
CAMEL-303,0
CAMEL-305,0
CAMEL-304,0
CAMEL-296,1
CAMEL-309,0
CAMEL-297,1
CAMEL-318,0
CAMEL-295,2
CAMEL-314,1
CAMEL-317,1
CAMEL-320,2
CAMEL-310,0
CAMEL-200,1
CAMEL-291,2
CAMEL-328,0
CAMEL-334,0
CAMEL-285,0
CAMEL-279,2
CAMEL-333,1
CAMEL-337,0
CAMEL-323,0
CAMEL-311,0
CAMEL-332,1
CAMEL-339,1
CAMEL-338,0
CAMEL-329,0
CAMEL-259,1
CAMEL-347,0
CAMEL-327,0
CAMEL-344,0
CAMEL-348,0
CAMEL-301,1
CAMEL-324,1
CAMEL-268,1
CAMEL-345,1
CAMEL-340,2
CAMEL-315,2
CAMEL-343,0
CAMEL-346,0
CAMEL-312,0
CAMEL-352,0
CAMEL-244,0
CAMEL-353,1
CAMEL-362,0
CAMEL-369,0
CAMEL-370,1
CAMEL-373,0
CAMEL-368,0
CAMEL-378,0
CAMEL-356,1
CAMEL-376,0
CAMEL-377,0
CAMEL-364,0
CAMEL-371,0
CAMEL-375,0
CAMEL-257,1
CAMEL-380,1
CAMEL-358,1
CAMEL-48,1
CAMEL-363,1
CAMEL-384,1
CAMEL-381,1
CAMEL-289,1
CAMEL-391,0
CAMEL-388,1
CAMEL-387,1
CAMEL-241,0
CAMEL-386,0
CAMEL-374,1
CAMEL-266,1
CAMEL-395,1
CAMEL-383,1
CAMEL-394,1
CAMEL-392,1
CAMEL-5,2
CAMEL-529,0
CAMEL-6,2
CAMEL-284,1
CAMEL-497,0
CAMEL-519,0
CAMEL-534,0
CAMEL-530,1
CAMEL-538,1
CAMEL-539,0
CAMEL-528,1
CAMEL-531,0
CAMEL-264,1
CAMEL-272,2
CAMEL-536,1
CAMEL-548,0
CAMEL-544,0
CAMEL-307,3
CAMEL-514,0
CAMEL-551,0
CAMEL-550,0
CAMEL-549,0
CAMEL-441,0
CAMEL-517,0
CAMEL-542,0
CAMEL-554,0
CAMEL-552,0
CAMEL-540,0
CAMEL-560,0
CAMEL-471,1
CAMEL-561,0
CAMEL-555,0
CAMEL-543,0
CAMEL-563,1
CAMEL-562,1
CAMEL-567,0
CAMEL-566,1
CAMEL-319,1
CAMEL-569,1
CAMEL-572,1
CAMEL-568,1
CAMEL-556,1
CAMEL-574,0
CAMEL-576,0
CAMEL-573,1
CAMEL-575,1
CAMEL-579,1
CAMEL-580,0
CAMEL-545,2
CAMEL-581,0
CAMEL-578,1
CAMEL-546,1
CAMEL-584,0
CAMEL-527,2
CAMEL-557,0
CAMEL-535,0
CAMEL-583,1
CAMEL-586,0
CAMEL-475,2
CAMEL-589,0
CAMEL-472,1
CAMEL-591,1
CAMEL-593,1
CAMEL-592,1
CAMEL-594,0
CAMEL-596,1
CAMEL-597,1
CAMEL-595,1
CAMEL-600,1
CAMEL-598,1
CAMEL-587,0
CAMEL-521,0
CAMEL-590,0
CAMEL-558,0
CAMEL-582,1
CAMEL-607,0
CAMEL-610,0
CAMEL-611,1
CAMEL-605,1
CAMEL-608,0
CAMEL-614,0
CAMEL-559,1
CAMEL-483,0
CAMEL-602,0
CAMEL-477,1
CAMEL-615,1
CAMEL-482,0
CAMEL-618,1
CAMEL-421,1
CAMEL-622,1
CAMEL-624,0
CAMEL-626,1
CAMEL-629,0
CAMEL-612,0
CAMEL-631,1
CAMEL-613,0
CAMEL-620,1
CAMEL-625,0
CAMEL-606,3
CAMEL-401,0
CAMEL-553,0
CAMEL-399,1
CAMEL-397,0
CAMEL-351,1
CAMEL-354,0
CAMEL-179,0
CAMEL-171,1
CAMEL-406,0
CAMEL-173,1
CAMEL-365,1
CAMEL-359,1
CAMEL-407,0
CAMEL-408,0
CAMEL-411,0
CAMEL-415,0
CAMEL-341,1
CAMEL-414,0
CAMEL-404,0
CAMEL-214,2
CAMEL-413,0
CAMEL-389,1
CAMEL-422,0
CAMEL-425,1
CAMEL-429,0
CAMEL-426,0
CAMEL-428,0
CAMEL-427,1
CAMEL-430,1
CAMEL-431,1
CAMEL-435,0
CAMEL-419,0
CAMEL-439,1
CAMEL-434,1
CAMEL-436,1
CAMEL-440,0
CAMEL-410,1
CAMEL-444,0
CAMEL-416,0
CAMEL-449,0
CAMEL-357,1
CAMEL-457,1
CAMEL-445,0
CAMEL-195,1
CAMEL-448,0
CAMEL-455,1
CAMEL-420,1
CAMEL-443,1
CAMEL-424,1
CAMEL-73,0
CAMEL-456,1
CAMEL-308,2
CAMEL-461,0
CAMEL-322,1
CAMEL-466,0
CAMEL-46,2
CAMEL-409,0
CAMEL-281,1
CAMEL-432,1
CAMEL-453,1
CAMEL-298,1
CAMEL-469,0
CAMEL-467,1
CAMEL-464,0
CAMEL-342,0
CAMEL-465,0
CAMEL-321,1
CAMEL-479,1
CAMEL-385,1
CAMEL-306,0
CAMEL-492,0
CAMEL-201,1
CAMEL-488,0
CAMEL-490,1
CAMEL-487,0
CAMEL-412,1
CAMEL-498,0
CAMEL-495,0
CAMEL-468,0
CAMEL-496,0
CAMEL-499,0
CAMEL-474,0
CAMEL-491,0
CAMEL-335,1
CAMEL-396,1
CAMEL-500,1
CAMEL-433,1
CAMEL-503,2
CAMEL-509,1
CAMEL-510,1
CAMEL-267,1
CAMEL-361,1
CAMEL-508,1
CAMEL-518,0
CAMEL-513,0
CAMEL-504,1
CAMEL-478,1
CAMEL-451,1
CAMEL-512,0
CAMEL-11,2
CAMEL-524,1
CAMEL-627,1
CAMEL-619,0
CAMEL-481,0
CAMEL-643,0
CAMEL-641,0
CAMEL-637,0
CAMEL-649,1
CAMEL-652,0
CAMEL-644,1
CAMEL-634,1
CAMEL-651,1
CAMEL-653,1
CAMEL-657,1
CAMEL-577,2
CAMEL-646,0
CAMEL-664,1
CAMEL-642,1
CAMEL-648,2
CAMEL-662,0
CAMEL-669,0
CAMEL-661,0
CAMEL-609,1
CAMEL-671,0
CAMEL-667,0
CAMEL-672,0
CAMEL-668,1
CAMEL-670,0
CAMEL-623,1
CAMEL-675,1
CAMEL-676,1
CAMEL-678,0
CAMEL-666,0
CAMEL-685,0
CAMEL-684,0
CAMEL-687,0
CAMEL-679,1
CAMEL-636,0
CAMEL-673,0
CAMEL-686,0
CAMEL-458,1
CAMEL-655,1
CAMEL-691,0
CAMEL-692,1
CAMEL-689,1
CAMEL-688,1
CAMEL-681,0
CAMEL-693,1
CAMEL-697,0
CAMEL-694,0
CAMEL-695,0
CAMEL-696,0
CAMEL-698,0
CAMEL-701,0
CAMEL-638,0
CAMEL-677,1
CAMEL-650,1
CAMEL-703,0
CAMEL-663,0
CAMEL-704,0
CAMEL-707,1
CAMEL-690,0
CAMEL-658,0
CAMEL-710,1
CAMEL-705,0
CAMEL-712,0
CAMEL-713,0
CAMEL-709,1
CAMEL-647,0
CAMEL-717,1
CAMEL-702,1
CAMEL-719,1
CAMEL-721,0
CAMEL-722,0
CAMEL-724,0
CAMEL-727,1
CAMEL-718,1
CAMEL-728,1
CAMEL-729,0
CAMEL-485,2
CAMEL-730,0
CAMEL-732,0
CAMEL-734,1
CAMEL-617,1
CAMEL-737,1
CAMEL-736,1
CAMEL-738,1
CAMEL-739,0
CAMEL-747,0
CAMEL-726,1
CAMEL-741,0
CAMEL-749,0
CAMEL-715,1
CAMEL-740,1
CAMEL-751,0
CAMEL-755,0
CAMEL-746,1
CAMEL-744,0
CAMEL-759,0
CAMEL-760,0
CAMEL-654,1
CAMEL-996,1
CAMEL-742,0
CAMEL-1003,0
CAMEL-948,1
CAMEL-1011,0
CAMEL-1010,0
CAMEL-1009,1
CAMEL-989,1
CAMEL-820,1
CAMEL-1001,1
CAMEL-1013,1
CAMEL-1012,0
CAMEL-1016,1
CAMEL-1006,0
CAMEL-901,1
CAMEL-1014,0
CAMEL-987,1
CAMEL-865,0
CAMEL-883,3
CAMEL-990,1
CAMEL-929,1
CAMEL-1015,0
CAMEL-1027,0
CAMEL-1028,0
CAMEL-1021,1
CAMEL-1023,0
CAMEL-1029,0
CAMEL-1020,0
CAMEL-1033,0
CAMEL-939,0
CAMEL-1034,1
CAMEL-1039,0
CAMEL-1036,0
CAMEL-1045,0
CAMEL-507,1
CAMEL-1044,1
CAMEL-1050,0
CAMEL-1051,0
CAMEL-1052,0
CAMEL-1053,1
CAMEL-502,1
CAMEL-1040,0
CAMEL-947,0
CAMEL-1057,1
CAMEL-1056,1
CAMEL-1058,0
CAMEL-1062,0
CAMEL-822,1
CAMEL-1018,1
CAMEL-1038,0
CAMEL-1070,1
CAMEL-1071,0
CAMEL-1076,0
CAMEL-1065,1
CAMEL-872,1
CAMEL-1073,1
CAMEL-1079,1
CAMEL-1063,1
CAMEL-1080,0
CAMEL-246,1
CAMEL-1082,0
CAMEL-1081,0
CAMEL-1084,1
CAMEL-1088,0
CAMEL-1085,1
CAMEL-1042,1
CAMEL-1089,0
CAMEL-1086,1
CAMEL-1090,0
CAMEL-1094,1
CAMEL-1096,0
CAMEL-1091,0
CAMEL-1061,0
CAMEL-1103,1
CAMEL-1105,1
CAMEL-985,1
CAMEL-1095,0
CAMEL-1107,0
CAMEL-1083,1
CAMEL-1093,1
CAMEL-1109,0
CAMEL-1110,0
CAMEL-1113,0
CAMEL-1104,0
CAMEL-1087,0
CAMEL-1122,0
CAMEL-1120,0
CAMEL-1118,0
CAMEL-1111,1
CAMEL-1116,0
CAMEL-1049,1
CAMEL-1074,1
CAMEL-102,1
CAMEL-1123,0
CAMEL-1108,1
CAMEL-828,1
CAMEL-1124,0
CAMEL-1072,0
CAMEL-1125,1
CAMEL-1130,0
CAMEL-570,1
CAMEL-763,0
CAMEL-768,1
CAMEL-765,1
CAMEL-753,1
CAMEL-773,0
CAMEL-771,0
CAMEL-767,0
CAMEL-764,0
CAMEL-774,1
CAMEL-758,1
CAMEL-757,1
CAMEL-748,0
CAMEL-778,1
CAMEL-783,0
CAMEL-787,0
CAMEL-785,1
CAMEL-784,0
CAMEL-635,0
CAMEL-788,1
CAMEL-789,1
CAMEL-769,1
CAMEL-793,1
CAMEL-633,1
CAMEL-777,1
CAMEL-795,0
CAMEL-659,1
CAMEL-355,1
CAMEL-776,0
CAMEL-786,0
CAMEL-801,1
CAMEL-799,1
CAMEL-766,1
CAMEL-802,0
CAMEL-796,1
CAMEL-804,0
CAMEL-94,2
CAMEL-790,1
CAMEL-798,0
CAMEL-628,0
CAMEL-803,1
CAMEL-805,0
CAMEL-806,1
CAMEL-809,1
CAMEL-811,1
CAMEL-532,1
CAMEL-815,0
CAMEL-812,0
CAMEL-810,0
CAMEL-808,0
CAMEL-826,0
CAMEL-792,1
CAMEL-821,1
CAMEL-819,1
CAMEL-818,1
CAMEL-779,0
CAMEL-770,1
CAMEL-823,1
CAMEL-829,0
CAMEL-731,1
CAMEL-830,0
CAMEL-832,0
CAMEL-827,1
CAMEL-533,0
CAMEL-762,1
CAMEL-834,1
CAMEL-836,0
CAMEL-835,0
CAMEL-842,0
CAMEL-817,1
CAMEL-840,1
CAMEL-115,2
CAMEL-621,0
CAMEL-839,1
CAMEL-711,1
CAMEL-846,0
CAMEL-844,0
CAMEL-845,2
CAMEL-847,0
CAMEL-841,0
CAMEL-723,0
CAMEL-848,0
CAMEL-852,0
CAMEL-856,1
CAMEL-782,1
CAMEL-853,0
CAMEL-857,0
CAMEL-858,0
CAMEL-859,0
CAMEL-867,0
CAMEL-850,1
CAMEL-520,1
CAMEL-831,1
CAMEL-860,1
CAMEL-873,0
CAMEL-851,1
CAMEL-874,0
CAMEL-616,2
CAMEL-400,1
CAMEL-837,1
CAMEL-460,2
CAMEL-875,1
CAMEL-880,1
CAMEL-855,1
CAMEL-878,1
CAMEL-881,0
CAMEL-791,1
CAMEL-882,1
CAMEL-813,1
CAMEL-794,1
CAMEL-887,0
CAMEL-700,1
CAMEL-299,1
CAMEL-889,0
CAMEL-706,1
CAMEL-885,1
CAMEL-890,1
CAMEL-894,0
CAMEL-891,1
CAMEL-897,0
CAMEL-899,1
CAMEL-876,1
CAMEL-871,1
CAMEL-886,1
CAMEL-902,0
CAMEL-892,0
CAMEL-900,0
CAMEL-904,1
CAMEL-903,0
CAMEL-906,0
CAMEL-909,0
CAMEL-912,1
CAMEL-914,1
CAMEL-640,1
CAMEL-601,0
CAMEL-921,0
CAMEL-501,1
CAMEL-300,1
CAMEL-923,0
CAMEL-920,1
CAMEL-922,0
CAMEL-925,0
CAMEL-919,1
CAMEL-926,1
CAMEL-928,0
CAMEL-910,0
CAMEL-931,1
CAMEL-932,0
CAMEL-936,1
CAMEL-934,0
CAMEL-917,0
CAMEL-716,1
CAMEL-84,2
CAMEL-325,0
CAMEL-807,1
CAMEL-938,0
CAMEL-930,1
CAMEL-942,0
CAMEL-941,0
CAMEL-927,1
CAMEL-945,0
CAMEL-944,0
CAMEL-950,0
CAMEL-953,1
CAMEL-126,1
CAMEL-954,1
CAMEL-952,1
CAMEL-956,0
CAMEL-955,1
CAMEL-957,0
CAMEL-958,1
CAMEL-907,1
CAMEL-877,2
CAMEL-965,0
CAMEL-970,0
CAMEL-967,0
CAMEL-403,2
CAMEL-951,1
CAMEL-969,1
CAMEL-964,1
CAMEL-972,0
CAMEL-816,0
CAMEL-943,0
CAMEL-960,1
CAMEL-976,0
CAMEL-978,0
CAMEL-979,1
CAMEL-981,0
CAMEL-968,1
CAMEL-988,1
CAMEL-986,1
CAMEL-983,1
CAMEL-843,1
CAMEL-991,1
CAMEL-992,1
CAMEL-980,0
CAMEL-995,0
CAMEL-998,0
CAMEL-997,0
CAMEL-999,0
CAMEL-1068,0
CAMEL-1060,1
CAMEL-1133,1
CAMEL-1135,1
CAMEL-1119,1
CAMEL-1112,1
CAMEL-1137,0
CAMEL-1134,0
CAMEL-64,2
CAMEL-1067,1
CAMEL-1141,1
CAMEL-1140,0
CAMEL-1138,1
CAMEL-1099,1
CAMEL-982,1
CAMEL-1144,1
CAMEL-1146,0
CAMEL-1145,0
CAMEL-1129,1
CAMEL-1143,0
CAMEL-1150,0
CAMEL-1148,1
CAMEL-1098,1
CAMEL-1152,1
CAMEL-895,1
CAMEL-1147,1
CAMEL-1101,0
CAMEL-1128,0
CAMEL-1156,0
CAMEL-1157,0
CAMEL-1037,1
CAMEL-959,2
CAMEL-1160,0
CAMEL-1158,0
CAMEL-1172,0
CAMEL-1167,1
CAMEL-1149,0
CAMEL-1155,1
CAMEL-1170,1
CAMEL-1165,1
CAMEL-1177,0
CAMEL-1166,1
CAMEL-1182,0
CAMEL-1181,0
CAMEL-1171,2
CAMEL-1136,0
CAMEL-918,0
CAMEL-680,0
CAMEL-660,1
CAMEL-239,0
CAMEL-1184,0
CAMEL-486,0
CAMEL-1161,0
CAMEL-1180,0
CAMEL-1162,1
CAMEL-1187,1
CAMEL-1164,1
CAMEL-1159,0
CAMEL-1190,1
CAMEL-1188,1
CAMEL-1191,0
CAMEL-1189,0
CAMEL-1196,0
CAMEL-975,0
CAMEL-800,1
CAMEL-1192,0
CAMEL-1193,1
CAMEL-1117,2
CAMEL-1200,0
CAMEL-159,1
CAMEL-1195,0
CAMEL-1132,0
CAMEL-124,1
CAMEL-1154,0
CAMEL-1153,0
CAMEL-1186,0
CAMEL-393,2
CAMEL-1163,1
CAMEL-1209,1
CAMEL-1210,0
CAMEL-1041,0
CAMEL-1203,1
CAMEL-1215,0
CAMEL-1198,1
CAMEL-1217,0
CAMEL-1207,0
CAMEL-1100,1
CAMEL-1225,1
CAMEL-1199,2
CAMEL-1219,2
CAMEL-1213,1
CAMEL-1227,0
CAMEL-1230,0
CAMEL-1223,0
CAMEL-1220,1
CAMEL-984,0
CAMEL-1228,0
CAMEL-1233,0
CAMEL-1208,0
CAMEL-1235,0
CAMEL-1347,0
CAMEL-1346,1
CAMEL-1349,0
CAMEL-1302,0
CAMEL-971,1
CAMEL-1335,0
CAMEL-1323,0
CAMEL-1344,1
CAMEL-1352,1
CAMEL-1229,1
CAMEL-1357,0
CAMEL-1358,0
CAMEL-888,1
CAMEL-879,2
CAMEL-1313,0
CAMEL-1341,0
CAMEL-470,0
CAMEL-1206,1
CAMEL-1359,0
CAMEL-745,1
CAMEL-1363,0
CAMEL-1362,1
CAMEL-1367,0
CAMEL-1368,0
CAMEL-935,1
CAMEL-1360,1
CAMEL-1370,1
CAMEL-1374,0
CAMEL-1375,0
CAMEL-136,1
CAMEL-1064,1
CAMEL-966,1
CAMEL-1365,0
CAMEL-1378,0
CAMEL-1308,0
CAMEL-1380,0
CAMEL-1356,1
CAMEL-1377,1
CAMEL-1004,1
CAMEL-1115,1
CAMEL-1400,0
CAMEL-1401,1
CAMEL-1405,1
CAMEL-1384,1
CAMEL-1366,1
CAMEL-1373,0
CAMEL-1403,1
CAMEL-1406,0
CAMEL-1407,0
CAMEL-1408,0
CAMEL-1307,1
CAMEL-541,1
CAMEL-1379,1
CAMEL-1345,0
CAMEL-1364,1
CAMEL-1369,1
CAMEL-588,1
CAMEL-1404,0
CAMEL-1411,2
CAMEL-1414,1
CAMEL-1416,0
CAMEL-1417,0
CAMEL-1420,0
CAMEL-1421,0
CAMEL-1423,0
CAMEL-1418,1
CAMEL-1422,0
CAMEL-1425,0
CAMEL-1426,0
CAMEL-1413,0
CAMEL-1412,1
CAMEL-1430,0
CAMEL-1434,0
CAMEL-1433,0
CAMEL-1435,0
CAMEL-1436,1
CAMEL-1376,1
CAMEL-1441,1
CAMEL-1438,1
CAMEL-1444,0
CAMEL-1428,1
CAMEL-1395,1
CAMEL-1440,0
CAMEL-1451,0
CAMEL-1448,0
CAMEL-1439,0
CAMEL-1443,1
CAMEL-1445,0
CAMEL-1442,1
CAMEL-905,1
CAMEL-1387,1
CAMEL-1452,0
CAMEL-1454,0
CAMEL-1226,1
CAMEL-1456,0
CAMEL-1178,1
CAMEL-1446,1
CAMEL-1458,0
CAMEL-1457,0
CAMEL-1460,0
CAMEL-1234,0
CAMEL-1221,1
CAMEL-1245,0
CAMEL-1243,0
CAMEL-1035,1
CAMEL-1246,0
CAMEL-639,3
CAMEL-1249,1
CAMEL-1244,1
CAMEL-1251,0
CAMEL-1253,0
CAMEL-1247,1
CAMEL-1258,0
CAMEL-1201,0
CAMEL-1257,0
CAMEL-1262,0
CAMEL-1240,0
CAMEL-1265,0
CAMEL-1092,1
CAMEL-1043,2
CAMEL-1270,0
CAMEL-1263,1
CAMEL-1264,1
CAMEL-1255,0
CAMEL-1274,0
CAMEL-1272,1
CAMEL-1031,1
CAMEL-1277,1
CAMEL-1273,0
CAMEL-1278,1
CAMEL-1194,1
CAMEL-122,2
CAMEL-1275,0
CAMEL-1204,0
CAMEL-1214,0
CAMEL-1231,0
CAMEL-1237,1
CAMEL-1287,1
CAMEL-1283,0
CAMEL-1269,0
CAMEL-1284,0
CAMEL-1292,0
CAMEL-1294,0
CAMEL-1296,0
CAMEL-1002,1
CAMEL-1239,1
CAMEL-1256,0
CAMEL-1300,1
CAMEL-398,1
CAMEL-1254,3
CAMEL-1305,0
CAMEL-1259,1
CAMEL-1301,1
CAMEL-1299,1
CAMEL-1290,2
CAMEL-1173,0
CAMEL-1306,0
CAMEL-1309,1
CAMEL-1312,0
CAMEL-1314,1
CAMEL-1315,0
CAMEL-1317,0
CAMEL-1319,0
CAMEL-1142,1
CAMEL-1318,0
CAMEL-1236,0
CAMEL-630,1
CAMEL-1324,0
CAMEL-1325,0
CAMEL-1326,0
CAMEL-1297,0
CAMEL-1329,0
CAMEL-1279,0
CAMEL-933,1
CAMEL-699,1
CAMEL-1331,0
CAMEL-1232,0
CAMEL-1271,2
CAMEL-973,1
CAMEL-1205,1
CAMEL-1202,1
CAMEL-1291,1
CAMEL-1288,0
CAMEL-1321,1
CAMEL-1330,0
CAMEL-1238,1
CAMEL-1252,1
CAMEL-1333,0
CAMEL-1334,0
CAMEL-1327,1
CAMEL-209,1
CAMEL-505,2
CAMEL-1289,3
CAMEL-1339,0
CAMEL-1295,1
CAMEL-1340,0
CAMEL-1343,0
CAMEL-1338,1
CAMEL-1342,0
CAMEL-2271,1
CAMEL-1337,0
CAMEL-2274,0
CAMEL-2276,0
CAMEL-2273,0
CAMEL-2275,0
CAMEL-2270,0
CAMEL-2267,0
CAMEL-2264,0
CAMEL-2282,1
CAMEL-2278,1
CAMEL-2248,1
CAMEL-2287,0
CAMEL-2218,1
CAMEL-2288,0
CAMEL-2272,1
CAMEL-2283,0
CAMEL-2289,0
CAMEL-2284,0
CAMEL-2285,0
CAMEL-2293,0
CAMEL-2195,0
CAMEL-2294,0
CAMEL-2297,0
CAMEL-2295,0
CAMEL-2296,0
CAMEL-2291,1
CAMEL-2021,2
CAMEL-1909,2
CAMEL-2299,0
CAMEL-2280,0
CAMEL-2300,0
CAMEL-2286,0
CAMEL-2306,0
CAMEL-2303,0
CAMEL-2302,1
CAMEL-2199,1
CAMEL-2148,1
CAMEL-2308,1
CAMEL-2304,1
CAMEL-2310,0
CAMEL-2313,1
CAMEL-2318,0
CAMEL-2321,0
CAMEL-2319,0
CAMEL-2315,0
CAMEL-2320,1
CAMEL-1483,1
CAMEL-2316,0
CAMEL-2292,1
CAMEL-2323,0
CAMEL-2322,1
CAMEL-2317,0
CAMEL-2307,0
CAMEL-2312,0
CAMEL-2324,0
CAMEL-1966,0
CAMEL-2314,0
CAMEL-2326,0
CAMEL-2082,0
CAMEL-2325,0
CAMEL-2329,0
CAMEL-2327,0
CAMEL-2334,0
CAMEL-2059,1
CAMEL-2336,0
CAMEL-2335,1
CAMEL-2338,0
CAMEL-2328,0
CAMEL-2330,0
CAMEL-2339,1
CAMEL-2342,0
CAMEL-2344,1
CAMEL-2341,1
CAMEL-1472,1
CAMEL-2249,1
CAMEL-2348,0
CAMEL-2350,0
CAMEL-2351,0
CAMEL-2352,0
CAMEL-2343,0
CAMEL-2354,0
CAMEL-2353,0
CAMEL-2355,0
CAMEL-2359,0
CAMEL-2345,1
CAMEL-2357,0
CAMEL-2363,0
CAMEL-2365,0
CAMEL-2362,1
CAMEL-2361,1
CAMEL-2366,0
CAMEL-2368,1
CAMEL-1690,2
CAMEL-2373,0
CAMEL-2372,1
CAMEL-2378,1
CAMEL-2375,0
CAMEL-2376,1
CAMEL-2377,1
CAMEL-2379,0
CAMEL-1547,0
CAMEL-1561,1
CAMEL-1575,0
CAMEL-1571,0
CAMEL-1576,1
CAMEL-1581,0
CAMEL-1578,1
CAMEL-1569,1
CAMEL-1580,1
CAMEL-1584,0
CAMEL-1583,1
CAMEL-1573,1
CAMEL-1499,0
CAMEL-1585,1
CAMEL-1586,0
CAMEL-1587,0
CAMEL-797,1
CAMEL-1589,1
CAMEL-656,0
CAMEL-1590,0
CAMEL-1591,0
CAMEL-1592,0
CAMEL-1570,1
CAMEL-1582,1
CAMEL-1596,0
CAMEL-1572,0
CAMEL-1593,0
CAMEL-1597,0
CAMEL-1595,0
CAMEL-1598,0
CAMEL-1600,0
CAMEL-1602,0
CAMEL-1607,0
CAMEL-1603,0
CAMEL-1609,1
CAMEL-1614,1
CAMEL-1594,0
CAMEL-1611,1
CAMEL-1176,0
CAMEL-915,0
CAMEL-1618,0
CAMEL-1604,0
CAMEL-735,0
CAMEL-1615,1
CAMEL-1620,0
CAMEL-1621,0
CAMEL-1563,1
CAMEL-1557,1
CAMEL-1550,1
CAMEL-1549,1
CAMEL-1005,1
CAMEL-1415,1
CAMEL-1622,0
CAMEL-1419,1
CAMEL-1625,1
CAMEL-1626,0
CAMEL-1624,1
CAMEL-1627,0
CAMEL-1630,1
CAMEL-1632,0
CAMEL-1634,0
CAMEL-1629,0
CAMEL-1635,0
CAMEL-1637,0
CAMEL-1639,0
CAMEL-1638,0
CAMEL-1640,0
CAMEL-1643,0
CAMEL-8,1
CAMEL-1642,0
CAMEL-1646,0
CAMEL-1644,0
CAMEL-1641,2
CAMEL-1649,1
CAMEL-1599,1
CAMEL-1617,0
CAMEL-1623,0
CAMEL-1647,0
CAMEL-1652,1
CAMEL-1651,1
CAMEL-1653,1
CAMEL-825,2
CAMEL-1665,0
CAMEL-1667,0
CAMEL-1662,0
CAMEL-1664,1
CAMEL-1663,1
CAMEL-1668,1
CAMEL-1671,1
CAMEL-1657,0
CAMEL-1658,0
CAMEL-1601,1
CAMEL-1674,1
CAMEL-1654,0
CAMEL-1650,1
CAMEL-1677,1
CAMEL-1670,1
CAMEL-1666,0
CAMEL-1676,1
CAMEL-1812,0
CAMEL-993,1
CAMEL-1811,0
CAMEL-1815,0
CAMEL-1813,0
CAMEL-1820,0
CAMEL-1824,1
CAMEL-1832,0
CAMEL-1825,1
CAMEL-1831,1
CAMEL-1834,0
CAMEL-1660,0
CAMEL-1828,0
CAMEL-1827,0
CAMEL-1789,0
CAMEL-1835,0
CAMEL-1826,0
CAMEL-1833,0
CAMEL-1836,0
CAMEL-1838,0
CAMEL-1839,1
CAMEL-1806,0
CAMEL-1848,1
CAMEL-1847,1
CAMEL-1844,1
CAMEL-1849,2
CAMEL-1851,1
CAMEL-1854,0
CAMEL-1855,0
CAMEL-1859,0
CAMEL-1853,0
CAMEL-1858,1
CAMEL-1856,0
CAMEL-1840,0
CAMEL-1845,0
CAMEL-1841,0
CAMEL-1842,0
CAMEL-1553,1
CAMEL-1852,0
CAMEL-1861,0
CAMEL-1863,0
CAMEL-1864,0
CAMEL-1862,1
CAMEL-1822,0
CAMEL-1865,1
CAMEL-1866,0
CAMEL-720,0
CAMEL-316,2
CAMEL-1870,0
CAMEL-1871,0
CAMEL-1114,0
CAMEL-1873,0
CAMEL-1876,2
CAMEL-1874,0
CAMEL-1875,0
CAMEL-1867,1
CAMEL-1869,1
CAMEL-1879,1
CAMEL-1882,0
CAMEL-1878,0
CAMEL-1887,0
CAMEL-1883,0
CAMEL-1884,1
CAMEL-1885,1
CAMEL-1888,1
CAMEL-1881,1
CAMEL-1766,1
CAMEL-1890,0
CAMEL-1894,0
CAMEL-1892,0
CAMEL-1891,0
CAMEL-1896,0
CAMEL-1886,0
CAMEL-1903,0
CAMEL-1889,0
CAMEL-1899,0
CAMEL-1897,3
CAMEL-1905,0
CAMEL-1907,0
CAMEL-1904,0
CAMEL-1910,0
CAMEL-1922,1
CAMEL-1917,0
CAMEL-1927,1
CAMEL-1928,1
CAMEL-1929,0
CAMEL-1920,0
CAMEL-1924,1
CAMEL-1754,0
CAMEL-1712,0
CAMEL-1908,1
CAMEL-1926,0
CAMEL-1916,0
CAMEL-1931,1
CAMEL-1911,0
CAMEL-1932,0
CAMEL-1266,1
CAMEL-863,1
CAMEL-1767,1
CAMEL-1936,1
CAMEL-1914,1
CAMEL-1579,1
CAMEL-1688,0
CAMEL-1687,1
CAMEL-756,1
CAMEL-1672,0
CAMEL-1645,1
CAMEL-1633,1
CAMEL-1696,0
CAMEL-1691,0
CAMEL-1701,0
CAMEL-1697,0
CAMEL-1703,0
CAMEL-1705,0
CAMEL-1692,1
CAMEL-1706,0
CAMEL-1704,0
CAMEL-1715,0
CAMEL-1608,0
CAMEL-1681,0
CAMEL-1716,1
CAMEL-1719,0
CAMEL-1717,1
CAMEL-1700,0
CAMEL-1711,1
CAMEL-1725,0
CAMEL-1723,0
CAMEL-1721,1
CAMEL-1727,0
CAMEL-1728,0
CAMEL-1724,0
CAMEL-1702,1
CAMEL-1729,1
CAMEL-1710,0
CAMEL-1673,0
CAMEL-1708,1
CAMEL-1722,0
CAMEL-1720,0
CAMEL-1731,1
CAMEL-1741,0
CAMEL-1497,0
CAMEL-1736,0
CAMEL-1745,0
CAMEL-1742,0
CAMEL-1743,0
CAMEL-1747,0
CAMEL-1748,0
CAMEL-1744,0
CAMEL-761,1
CAMEL-1735,0
CAMEL-1753,0
CAMEL-1752,0
CAMEL-1755,0
CAMEL-1758,0
CAMEL-1757,1
CAMEL-1127,1
CAMEL-1760,1
CAMEL-1761,0
CAMEL-1759,0
CAMEL-1763,0
CAMEL-1764,0
CAMEL-1750,0
CAMEL-1768,0
CAMEL-1694,1
CAMEL-1726,1
CAMEL-1774,0
CAMEL-1772,1
CAMEL-1737,0
CAMEL-1771,1
CAMEL-1778,0
CAMEL-1746,0
CAMEL-1738,1
CAMEL-1777,1
CAMEL-1779,0
CAMEL-1689,1
CAMEL-1781,0
CAMEL-1784,0
CAMEL-1783,0
CAMEL-1734,1
CAMEL-1786,1
CAMEL-1785,0
CAMEL-1740,1
CAMEL-1765,1
CAMEL-1790,0
CAMEL-1762,0
CAMEL-1792,0
CAMEL-1659,1
CAMEL-1793,0
CAMEL-1795,0
CAMEL-1787,1
CAMEL-1693,1
CAMEL-1078,0
CAMEL-1756,1
CAMEL-1797,0
CAMEL-1798,0
CAMEL-1803,0
CAMEL-1805,0
CAMEL-1801,1
CAMEL-1808,0
CAMEL-1809,0
CAMEL-1958,1
CAMEL-1810,1
CAMEL-1655,1
CAMEL-2003,1
CAMEL-2050,0
CAMEL-1392,1
CAMEL-1556,1
CAMEL-2049,1
CAMEL-2056,1
CAMEL-2046,0
CAMEL-2042,0
CAMEL-2060,0
CAMEL-2015,0
CAMEL-916,0
CAMEL-2062,0
CAMEL-2064,1
CAMEL-1930,1
CAMEL-2065,1
CAMEL-2066,1
CAMEL-2069,1
CAMEL-1517,1
CAMEL-2067,1
CAMEL-2054,1
CAMEL-2070,0
CAMEL-2073,1
CAMEL-2072,0
CAMEL-2076,0
CAMEL-2071,1
CAMEL-2075,0
CAMEL-2078,0
CAMEL-2074,0
CAMEL-2077,0
CAMEL-2080,0
CAMEL-2081,0
CAMEL-2079,0
CAMEL-2084,0
CAMEL-2086,0
CAMEL-1943,0
CAMEL-2088,0
CAMEL-2090,0
CAMEL-2089,0
CAMEL-1168,1
CAMEL-2092,0
CAMEL-2087,1
CAMEL-2094,0
CAMEL-2098,0
CAMEL-2097,0
CAMEL-2095,1
CAMEL-2093,0
CAMEL-2096,0
CAMEL-2101,0
CAMEL-2100,0
CAMEL-2058,1
CAMEL-2105,0
CAMEL-2106,0
CAMEL-1949,1
CAMEL-2104,0
CAMEL-2068,0
CAMEL-1935,1
CAMEL-2091,0
CAMEL-2108,0
CAMEL-2102,1
CAMEL-2107,0
CAMEL-2110,0
CAMEL-2111,1
CAMEL-2113,0
CAMEL-2112,1
CAMEL-2041,0
CAMEL-2043,0
CAMEL-2119,1
CAMEL-2115,0
CAMEL-2114,0
CAMEL-2109,1
CAMEL-2121,0
CAMEL-2120,1
CAMEL-2118,1
CAMEL-2122,1
CAMEL-2125,1
CAMEL-2117,1
CAMEL-2048,1
CAMEL-2047,1
CAMEL-1048,1
CAMEL-2127,1
CAMEL-2128,1
CAMEL-2132,0
CAMEL-2133,0
CAMEL-2131,1
CAMEL-522,1
CAMEL-2134,1
CAMEL-2136,0
CAMEL-2141,0
CAMEL-2139,1
CAMEL-2146,0
CAMEL-2145,0
CAMEL-2147,0
CAMEL-2149,0
CAMEL-2154,0
CAMEL-2138,1
CAMEL-2152,1
CAMEL-2155,1
CAMEL-2153,1
CAMEL-2142,0
CAMEL-2129,1
CAMEL-2157,0
CAMEL-2158,0
CAMEL-2151,0
CAMEL-2160,1
CAMEL-2161,1
CAMEL-2135,0
CAMEL-1843,0
CAMEL-2168,1
CAMEL-2159,0
CAMEL-2164,0
CAMEL-2170,0
CAMEL-2171,0
CAMEL-2173,0
CAMEL-1941,0
CAMEL-2051,0
CAMEL-2172,0
CAMEL-2144,1
CAMEL-2174,0
CAMEL-1730,1
CAMEL-2099,1
CAMEL-2103,1
CAMEL-2176,1
CAMEL-2124,1
CAMEL-2175,1
CAMEL-2178,0
CAMEL-2177,1
CAMEL-2180,0
CAMEL-2179,0
CAMEL-2150,1
CAMEL-2181,1
CAMEL-2184,0
CAMEL-2183,0
CAMEL-2162,1
CAMEL-2185,0
CAMEL-2186,1
CAMEL-2165,1
CAMEL-2196,0
CAMEL-2198,0
CAMEL-2143,0
CAMEL-2189,1
CAMEL-2201,0
CAMEL-2063,2
CAMEL-2203,0
CAMEL-2202,0
CAMEL-1791,2
CAMEL-2116,1
CAMEL-2200,1
CAMEL-2208,0
CAMEL-1794,1
CAMEL-2205,1
CAMEL-2156,1
CAMEL-2209,0
CAMEL-2204,1
CAMEL-2212,0
CAMEL-2215,0
CAMEL-2206,1
CAMEL-2220,0
CAMEL-2222,0
CAMEL-2221,0
CAMEL-2216,0
CAMEL-2225,0
CAMEL-2182,1
CAMEL-2227,0
CAMEL-2010,0
CAMEL-2224,1
CAMEL-2230,0
CAMEL-2231,1
CAMEL-2228,1
CAMEL-2232,1
CAMEL-2233,0
CAMEL-2234,0
CAMEL-1567,1
CAMEL-2238,0
CAMEL-2240,0
CAMEL-2242,0
CAMEL-2244,0
CAMEL-2237,1
CAMEL-2245,0
CAMEL-2246,0
CAMEL-2247,0
CAMEL-2250,0
CAMEL-2243,0
CAMEL-2210,0
CAMEL-2251,0
CAMEL-2252,0
CAMEL-2254,0
CAMEL-2255,0
CAMEL-2256,0
CAMEL-2223,1
CAMEL-2257,0
CAMEL-2259,0
CAMEL-2260,0
CAMEL-2265,0
CAMEL-2269,0
CAMEL-2226,0
CAMEL-2263,0
CAMEL-1921,1
CAMEL-1837,1
CAMEL-1938,1
CAMEL-1934,1
CAMEL-1946,1
CAMEL-1944,1
CAMEL-1937,1
CAMEL-1948,0
CAMEL-1952,0
CAMEL-1955,0
CAMEL-1957,0
CAMEL-1942,1
CAMEL-1956,1
CAMEL-1950,1
CAMEL-1960,0
CAMEL-1940,1
CAMEL-1968,0
CAMEL-1969,0
CAMEL-1970,0
CAMEL-1971,1
CAMEL-1972,1
CAMEL-1484,1
CAMEL-868,1
CAMEL-1973,0
CAMEL-1976,0
CAMEL-1951,1
CAMEL-1979,1
CAMEL-1980,0
CAMEL-1939,1
CAMEL-1982,0
CAMEL-1984,0
CAMEL-1985,0
CAMEL-1981,0
CAMEL-1987,0
CAMEL-1990,0
CAMEL-1983,0
CAMEL-1991,0
CAMEL-1965,0
CAMEL-1992,0
CAMEL-1996,0
CAMEL-1997,1
CAMEL-1999,0
CAMEL-1993,0
CAMEL-1139,1
CAMEL-1963,1
CAMEL-1975,0
CAMEL-2000,0
CAMEL-2002,0
CAMEL-1933,1
CAMEL-1995,1
CAMEL-1679,0
CAMEL-2005,0
CAMEL-1868,2
CAMEL-1998,1
CAMEL-2006,0
CAMEL-1925,1
CAMEL-2009,0
CAMEL-402,0
CAMEL-1978,1
CAMEL-911,1
CAMEL-1612,1
CAMEL-1977,1
CAMEL-2012,0
CAMEL-2011,0
CAMEL-2014,0
CAMEL-1804,0
CAMEL-2016,1
CAMEL-1974,1
CAMEL-1473,1
CAMEL-2004,0
CAMEL-1850,1
CAMEL-2020,0
CAMEL-1988,1
CAMEL-2018,1
CAMEL-1989,2
CAMEL-2025,1
CAMEL-2023,1
CAMEL-2029,0
CAMEL-2027,1
CAMEL-1819,1
CAMEL-2031,0
CAMEL-1800,1
CAMEL-2032,1
CAMEL-1994,2
CAMEL-1675,1
CAMEL-2017,1
CAMEL-2007,1
CAMEL-1821,1
CAMEL-1782,1
CAMEL-2028,1
CAMEL-2033,1
CAMEL-2008,1
CAMEL-2036,0
CAMEL-2035,1
CAMEL-2038,1
CAMEL-2037,1
CAMEL-2034,1
CAMEL-2039,1
CAMEL-2045,0
CAMEL-2040,1
CAMEL-1453,0
CAMEL-1462,0
CAMEL-898,3
CAMEL-1912,1
CAMEL-1699,2
CAMEL-1465,0
CAMEL-1463,1
CAMEL-1427,1
CAMEL-1459,0
CAMEL-1320,0
CAMEL-1470,0
CAMEL-1469,0
CAMEL-1030,0
CAMEL-1468,0
CAMEL-1212,1
CAMEL-1478,0
CAMEL-1477,0
CAMEL-870,1
CAMEL-1476,0
CAMEL-585,3
CAMEL-1479,0
CAMEL-1480,0
CAMEL-1461,1
CAMEL-908,1
CAMEL-1485,0
CAMEL-1474,1
CAMEL-1489,0
CAMEL-1490,0
CAMEL-1488,1
CAMEL-1424,1
CAMEL-1481,0
CAMEL-1491,0
CAMEL-1492,1
CAMEL-1498,0
CAMEL-1486,1
CAMEL-1493,1
CAMEL-1281,1
CAMEL-1501,0
CAMEL-1500,1
CAMEL-1502,0
CAMEL-1351,0
CAMEL-1505,0
CAMEL-1508,0
CAMEL-1503,0
CAMEL-1450,2
CAMEL-961,1
CAMEL-1507,1
CAMEL-1512,0
CAMEL-714,1
CAMEL-1126,1
CAMEL-1504,1
CAMEL-1506,1
CAMEL-1496,1
CAMEL-1514,0
CAMEL-1515,0
CAMEL-1511,0
CAMEL-1518,1
CAMEL-1519,0
CAMEL-1523,0
CAMEL-1509,1
CAMEL-1521,0
CAMEL-1513,1
CAMEL-1525,0
CAMEL-1522,1
CAMEL-1429,1
CAMEL-1332,1
CAMEL-1531,1
CAMEL-1535,0
CAMEL-1536,0
CAMEL-1539,0
CAMEL-1510,1
CAMEL-1475,0
CAMEL-1527,0
CAMEL-1538,0
CAMEL-1533,1
CAMEL-1447,1
CAMEL-1268,2
CAMEL-974,1
CAMEL-1516,0
CAMEL-1545,0
CAMEL-866,1
CAMEL-1524,1
CAMEL-1540,1
CAMEL-1548,0
CAMEL-1551,0
CAMEL-1554,0
CAMEL-1544,0
CAMEL-1529,1
CAMEL-1555,0
CAMEL-1560,0
CAMEL-1541,1
CAMEL-1528,1
CAMEL-1534,0
CAMEL-1565,1
CAMEL-1558,1
CAMEL-1568,1
CAMEL-1543,1
CAMEL-1562,0
CAMEL-1526,0
CAMEL-1552,1
CAMEL-1559,0
CAMEL-1566,1
CAMEL-2380,0
CAMEL-2369,0
CAMEL-2385,0
CAMEL-2382,0
CAMEL-2381,1
CAMEL-2391,0
CAMEL-2387,0
CAMEL-2392,0
CAMEL-2388,1
CAMEL-2395,0
CAMEL-2397,0
CAMEL-2400,0
CAMEL-2401,0
CAMEL-2187,2
CAMEL-2188,1
CAMEL-2411,0
CAMEL-2386,0
CAMEL-2403,1
CAMEL-2402,1
CAMEL-2404,1
CAMEL-2412,0
CAMEL-2398,1
CAMEL-2413,0
CAMEL-2415,0
CAMEL-2347,1
CAMEL-2414,0
CAMEL-2383,0
CAMEL-2410,1
CAMEL-2399,1
CAMEL-2416,1
CAMEL-2423,1
CAMEL-2418,0
CAMEL-2266,1
CAMEL-2384,1
CAMEL-2424,0
CAMEL-2422,0
CAMEL-2420,1
CAMEL-2428,1
CAMEL-2407,1
CAMEL-2417,0
CAMEL-2426,0
CAMEL-2425,1
CAMEL-2431,0
CAMEL-2430,1
CAMEL-2434,0
CAMEL-2432,0
CAMEL-2435,0
CAMEL-2439,0
CAMEL-2436,0
CAMEL-2441,0
CAMEL-2440,0
CAMEL-2442,1
CAMEL-2443,0
CAMEL-2447,0
CAMEL-2444,1
CAMEL-2445,1
CAMEL-2448,0
CAMEL-2450,0
CAMEL-2451,1
CAMEL-2394,1
CAMEL-2409,0
CAMEL-2370,1
CAMEL-2085,1
CAMEL-1631,1
CAMEL-2429,0
CAMEL-2360,1
CAMEL-2454,0
CAMEL-2455,1
CAMEL-1877,1
CAMEL-2126,1
CAMEL-2333,1
CAMEL-2458,0
CAMEL-2463,0
CAMEL-2456,0
CAMEL-2462,0
CAMEL-2465,0
CAMEL-2457,0
CAMEL-2466,1
CAMEL-2214,0
CAMEL-1947,1
CAMEL-1686,1
CAMEL-1684,1
CAMEL-1683,0
CAMEL-1775,1
CAMEL-1967,2
CAMEL-2476,1
CAMEL-2478,1
CAMEL-2481,1
CAMEL-2471,1
CAMEL-2483,0
CAMEL-2477,1
CAMEL-2140,1
CAMEL-2358,1
CAMEL-2467,1
CAMEL-2486,1
CAMEL-2489,0
CAMEL-2461,0
CAMEL-1959,1
CAMEL-2492,0
CAMEL-2491,1
CAMEL-2842,1
CAMEL-2843,0
CAMEL-2848,0
CAMEL-2788,2
CAMEL-2839,0
CAMEL-2847,0
CAMEL-2838,0
CAMEL-2850,0
CAMEL-2855,0
CAMEL-2856,0
CAMEL-2851,1
CAMEL-2836,0
CAMEL-2844,1
CAMEL-2859,0
CAMEL-2857,0
CAMEL-2863,0
CAMEL-2837,0
CAMEL-2864,0
CAMEL-2862,0
CAMEL-2870,0
CAMEL-2867,0
CAMEL-2866,0
CAMEL-2873,0
CAMEL-2868,0
CAMEL-2871,0
CAMEL-2854,1
CAMEL-2828,0
CAMEL-2878,0
CAMEL-2869,0
CAMEL-2880,0
CAMEL-2875,0
CAMEL-2879,1
CAMEL-2881,0
CAMEL-2877,0
CAMEL-2718,1
CAMEL-2865,0
CAMEL-2858,1
CAMEL-2846,1
CAMEL-2884,0
CAMEL-2860,0
CAMEL-2885,0
CAMEL-2886,0
CAMEL-2889,0
CAMEL-2883,0
CAMEL-2888,0
CAMEL-2887,0
CAMEL-2891,0
CAMEL-2893,0
CAMEL-2892,0
CAMEL-2894,0
CAMEL-2895,0
CAMEL-2890,0
CAMEL-2896,0
CAMEL-2882,0
CAMEL-2897,0
CAMEL-2616,0
CAMEL-2901,0
CAMEL-2876,0
CAMEL-2903,1
CAMEL-2904,0
CAMEL-2906,0
CAMEL-2849,0
CAMEL-2908,0
CAMEL-2907,0
CAMEL-2845,0
CAMEL-2899,1
CAMEL-2192,1
CAMEL-2193,1
CAMEL-2818,1
CAMEL-2594,1
CAMEL-2909,1
CAMEL-2910,0
CAMEL-2913,0
CAMEL-2912,1
CAMEL-2916,0
CAMEL-2917,0
CAMEL-2874,0
CAMEL-2695,0
CAMEL-2723,0
CAMEL-1467,1
CAMEL-2716,0
CAMEL-2919,0
CAMEL-2928,1
CAMEL-2920,1
CAMEL-2918,0
CAMEL-2914,1
CAMEL-2923,0
CAMEL-2929,0
CAMEL-2926,1
CAMEL-2935,1
CAMEL-2930,1
CAMEL-2937,0
CAMEL-2940,1
CAMEL-2915,1
CAMEL-2942,1
CAMEL-2941,1
CAMEL-2922,1
CAMEL-2701,0
CAMEL-2721,1
CAMEL-2944,0
CAMEL-2948,1
CAMEL-2464,1
CAMEL-2728,0
CAMEL-1619,2
CAMEL-2727,0
CAMEL-2732,1
CAMEL-2733,1
CAMEL-2735,0
CAMEL-2738,0
CAMEL-1898,0
CAMEL-2741,2
CAMEL-2744,1
CAMEL-2734,1
CAMEL-2636,1
CAMEL-2061,1
CAMEL-2739,1
CAMEL-2745,0
CAMEL-2644,1
CAMEL-2742,1
CAMEL-2746,1
CAMEL-2748,0
CAMEL-2751,1
CAMEL-2750,1
CAMEL-2758,0
CAMEL-2756,0
CAMEL-2755,1
CAMEL-2760,0
CAMEL-2763,0
CAMEL-2762,1
CAMEL-2757,0
CAMEL-1372,1
CAMEL-2702,0
CAMEL-2766,0
CAMEL-2704,1
CAMEL-2767,0
CAMEL-2736,1
CAMEL-2768,1
CAMEL-2772,0
CAMEL-2778,1
CAMEL-2780,0
CAMEL-2781,0
CAMEL-2769,1
CAMEL-2786,0
CAMEL-2784,0
CAMEL-2790,0
CAMEL-2789,0
CAMEL-2693,1
CAMEL-2792,0
CAMEL-2776,1
CAMEL-2496,1
CAMEL-2793,1
CAMEL-2537,1
CAMEL-2628,1
CAMEL-2642,1
CAMEL-2795,0
CAMEL-2798,1
CAMEL-2774,1
CAMEL-2785,0
CAMEL-2797,0
CAMEL-2804,0
CAMEL-1915,1
CAMEL-2802,0
CAMEL-2705,1
CAMEL-2803,1
CAMEL-2806,0
CAMEL-2773,1
CAMEL-2807,0
CAMEL-2813,0
CAMEL-2809,0
CAMEL-2771,1
CAMEL-2782,1
CAMEL-2812,0
CAMEL-2800,0
CAMEL-2814,0
CAMEL-2691,1
CAMEL-2815,1
CAMEL-2811,1
CAMEL-2787,1
CAMEL-2821,0
CAMEL-2817,1
CAMEL-2808,1
CAMEL-2810,0
CAMEL-2805,0
CAMEL-1872,1
CAMEL-2826,1
CAMEL-2824,1
CAMEL-2825,0
CAMEL-2731,1
CAMEL-2775,1
CAMEL-2832,0
CAMEL-2833,1
CAMEL-2835,0
CAMEL-1371,1
CAMEL-2829,1
CAMEL-2827,0
CAMEL-2753,1
CAMEL-2834,1
CAMEL-2167,1
CAMEL-2831,0
CAMEL-2438,0
CAMEL-2841,0
CAMEL-2437,0
CAMEL-2484,1
CAMEL-2479,1
CAMEL-2498,0
CAMEL-2474,1
CAMEL-2499,0
CAMEL-2473,0
CAMEL-1530,1
CAMEL-2396,1
CAMEL-2490,3
CAMEL-2453,0
CAMEL-2502,0
CAMEL-2500,0
CAMEL-2503,0
CAMEL-2501,0
CAMEL-2468,0
CAMEL-2506,0
CAMEL-2497,1
CAMEL-2504,0
CAMEL-217,1
CAMEL-2495,0
CAMEL-2515,0
CAMEL-2508,0
CAMEL-2511,1
CAMEL-2509,1
CAMEL-2514,1
CAMEL-2516,1
CAMEL-2512,1
CAMEL-2522,0
CAMEL-2521,0
CAMEL-2517,1
CAMEL-2523,1
CAMEL-1437,1
CAMEL-2505,1
CAMEL-2531,0
CAMEL-2529,0
CAMEL-2532,0
CAMEL-2528,1
CAMEL-2513,0
CAMEL-2533,0
CAMEL-2510,1
CAMEL-2534,0
CAMEL-2518,1
CAMEL-2530,1
CAMEL-2524,0
CAMEL-2535,0
CAMEL-2539,0
CAMEL-2527,0
CAMEL-2538,0
CAMEL-1211,0
CAMEL-2544,0
CAMEL-2542,1
CAMEL-2547,1
CAMEL-2548,0
CAMEL-2546,0
CAMEL-2552,0
CAMEL-2551,1
CAMEL-2556,0
CAMEL-2557,0
CAMEL-2560,1
CAMEL-1913,2
CAMEL-2554,0
CAMEL-2553,0
CAMEL-2545,1
CAMEL-2559,0
CAMEL-2561,1
CAMEL-1588,0
CAMEL-2564,1
CAMEL-2540,1
CAMEL-2567,0
CAMEL-2566,1
CAMEL-2541,0
CAMEL-2475,1
CAMEL-2569,1
CAMEL-2570,0
CAMEL-2332,1
CAMEL-2574,0
CAMEL-2576,0
CAMEL-2578,1
CAMEL-2588,0
CAMEL-2587,0
CAMEL-2575,1
CAMEL-2590,0
CAMEL-2591,1
CAMEL-2577,0
CAMEL-2592,1
CAMEL-2586,1
CAMEL-2571,0
CAMEL-2589,0
CAMEL-1471,0
CAMEL-2602,0
CAMEL-2601,1
CAMEL-2600,0
CAMEL-2604,0
CAMEL-2605,0
CAMEL-2595,0
CAMEL-2596,1
CAMEL-2371,1
CAMEL-2607,0
CAMEL-2947,0
CAMEL-2949,1
CAMEL-2938,1
CAMEL-2955,0
CAMEL-2945,1
CAMEL-2950,0
CAMEL-2924,1
CAMEL-2958,1
CAMEL-2952,0
CAMEL-2931,2
CAMEL-2957,1
CAMEL-2963,0
CAMEL-2956,0
CAMEL-2962,0
CAMEL-2964,0
CAMEL-2965,0
CAMEL-2967,0
CAMEL-2968,0
CAMEL-2969,0
CAMEL-2974,1
CAMEL-2973,0
CAMEL-2977,0
CAMEL-2796,1
CAMEL-2981,1
CAMEL-2985,0
CAMEL-2898,0
CAMEL-2979,1
CAMEL-2982,0
CAMEL-2988,0
CAMEL-2986,0
CAMEL-2984,1
CAMEL-2970,0
CAMEL-2990,0
CAMEL-2992,0
CAMEL-2994,1
CAMEL-2978,1
CAMEL-2991,2
CAMEL-2997,0
CAMEL-2972,1
CAMEL-3000,1
CAMEL-2999,0
CAMEL-3003,0
CAMEL-2946,1
CAMEL-2779,1
CAMEL-2961,0
CAMEL-2995,1
CAMEL-3002,1
CAMEL-3011,0
CAMEL-3010,0
CAMEL-3001,1
CAMEL-2998,1
CAMEL-3012,0
CAMEL-3015,0
CAMEL-3008,0
CAMEL-3014,0
CAMEL-3016,0
CAMEL-2971,0
CAMEL-3018,1
CAMEL-3020,0
CAMEL-3004,0
CAMEL-3019,1
CAMEL-3013,1
CAMEL-2959,1
CAMEL-3022,1
CAMEL-3023,1
CAMEL-3007,0
CAMEL-3026,0
CAMEL-3024,0
CAMEL-3025,1
CAMEL-2980,0
CAMEL-3028,0
CAMEL-3029,0
CAMEL-3006,0
CAMEL-3030,1
CAMEL-3031,1
CAMEL-3035,1
CAMEL-3027,1
CAMEL-3036,0
CAMEL-3038,0
CAMEL-3034,1
CAMEL-2752,1
CAMEL-3039,0
CAMEL-3044,0
CAMEL-3045,1
CAMEL-3040,0
CAMEL-3037,0
CAMEL-3041,0
CAMEL-3050,0
CAMEL-3042,0
CAMEL-3049,0
CAMEL-3053,1
CAMEL-3054,1
CAMEL-3052,0
CAMEL-3051,0
CAMEL-3055,0
CAMEL-3056,1
CAMEL-2822,1
CAMEL-1399,0
CAMEL-3058,0
CAMEL-3005,0
CAMEL-2599,0
CAMEL-2526,1
CAMEL-2610,1
CAMEL-2615,0
CAMEL-2606,0
CAMEL-2550,1
CAMEL-2618,1
CAMEL-2619,0
CAMEL-2621,0
CAMEL-2627,0
CAMEL-2622,1
CAMEL-2558,1
CAMEL-2580,0
CAMEL-2629,0
CAMEL-2598,2
CAMEL-2634,0
CAMEL-2623,0
CAMEL-2637,0
CAMEL-2633,0
CAMEL-2626,0
CAMEL-1799,1
CAMEL-2632,0
CAMEL-2568,0
CAMEL-2640,0
CAMEL-2647,0
CAMEL-2643,0
CAMEL-2549,1
CAMEL-2581,0
CAMEL-2582,1
CAMEL-2646,0
CAMEL-2645,0
CAMEL-2641,0
CAMEL-2651,0
CAMEL-2649,1
CAMEL-2653,1
CAMEL-2635,1
CAMEL-2625,1
CAMEL-2597,0
CAMEL-2655,0
CAMEL-2608,1
CAMEL-2482,2
CAMEL-2658,0
CAMEL-2565,0
CAMEL-2638,1
CAMEL-2662,0
CAMEL-2652,1
CAMEL-2656,1
CAMEL-2555,1
CAMEL-2664,0
CAMEL-2660,2
CAMEL-2657,2
CAMEL-2668,0
CAMEL-2665,0
CAMEL-2666,0
CAMEL-2667,0
CAMEL-2670,0
CAMEL-2563,1
CAMEL-2675,1
CAMEL-2677,0
CAMEL-2673,0
CAMEL-1919,0
CAMEL-2676,0
CAMEL-2679,0
CAMEL-2603,1
CAMEL-2680,0
CAMEL-2678,1
CAMEL-2631,1
CAMEL-2639,1
CAMEL-2683,1
CAMEL-2690,0
CAMEL-2682,0
CAMEL-2689,1
CAMEL-2698,0
CAMEL-2022,1
CAMEL-2687,1
CAMEL-2699,0
CAMEL-2700,0
CAMEL-2614,0
CAMEL-2688,1
CAMEL-2686,0
CAMEL-2694,0
CAMEL-2663,1
CAMEL-2696,0
CAMEL-2709,0
CAMEL-2708,0
CAMEL-2669,1
CAMEL-2711,0
CAMEL-2672,1
CAMEL-2712,0
CAMEL-2710,1
CAMEL-2253,1
CAMEL-2692,1
CAMEL-2717,0
CAMEL-2724,0
CAMEL-2579,0
CAMEL-2720,1
CAMEL-2697,1
CAMEL-2722,0
CAMEL-2725,0
CAMEL-3057,0
CAMEL-2706,1
CAMEL-2713,1
CAMEL-3060,1
CAMEL-3064,0
CAMEL-3047,1
CAMEL-2993,1
CAMEL-3063,1
CAMEL-3033,1
CAMEL-3062,0
CAMEL-3059,1
CAMEL-3067,1
CAMEL-3048,0
CAMEL-1895,0
CAMEL-2943,0
CAMEL-3068,0
CAMEL-3069,0
CAMEL-3072,1
CAMEL-3071,1
CAMEL-3075,0
CAMEL-3076,1
CAMEL-3077,1
CAMEL-1537,1
CAMEL-3078,1
CAMEL-3061,1
CAMEL-3080,0
CAMEL-3079,1
CAMEL-3070,0
CAMEL-2191,1
CAMEL-2996,0
CAMEL-3081,1
CAMEL-3021,1
CAMEL-3073,1
CAMEL-3082,0
CAMEL-3083,0
CAMEL-3084,0
CAMEL-2932,1
CAMEL-3088,0
CAMEL-2925,0
CAMEL-3089,0
CAMEL-3074,1
CAMEL-3085,1
CAMEL-3091,0
CAMEL-3093,0
CAMEL-3097,0
CAMEL-3100,1
CAMEL-3086,0
CAMEL-3095,0
CAMEL-3094,0
CAMEL-2966,1
CAMEL-3099,1
CAMEL-2951,1
CAMEL-3092,1
CAMEL-2791,1
CAMEL-3107,0
CAMEL-3102,0
CAMEL-3106,0
CAMEL-3103,0
CAMEL-2987,1
CAMEL-3109,0
CAMEL-3113,0
CAMEL-3116,0
CAMEL-3112,1
CAMEL-3118,1
CAMEL-3117,1
CAMEL-3122,0
CAMEL-3121,0
CAMEL-3108,1
CAMEL-3123,1
CAMEL-3120,1
CAMEL-3119,0
CAMEL-3128,0
CAMEL-3130,0
CAMEL-3129,1
CAMEL-3125,1
CAMEL-3124,1
CAMEL-3134,1
CAMEL-3114,1
CAMEL-3111,1
CAMEL-313,0
CAMEL-3137,0
CAMEL-3115,0
CAMEL-3138,0
CAMEL-2975,1
CAMEL-3141,1
CAMEL-3136,1
CAMEL-3139,0
CAMEL-3144,2
CAMEL-3131,1
CAMEL-2743,0
CAMEL-3143,1
CAMEL-3149,1
CAMEL-3152,1
CAMEL-3140,0
CAMEL-3132,0
CAMEL-3154,1
CAMEL-3153,1
CAMEL-3160,0
CAMEL-3158,1
CAMEL-3159,1
CAMEL-3043,0
CAMEL-3308,0
CAMEL-3322,0
CAMEL-3324,0
CAMEL-3310,1
CAMEL-3237,1
CAMEL-3323,1
CAMEL-3328,1
CAMEL-3267,1
CAMEL-3309,1
CAMEL-3332,1
CAMEL-3334,1
CAMEL-3333,0
CAMEL-3342,0
CAMEL-3336,1
CAMEL-3337,1
CAMEL-3343,1
CAMEL-3341,1
CAMEL-3335,1
CAMEL-3172,0
CAMEL-3306,1
CAMEL-3329,1
CAMEL-3330,1
CAMEL-3344,1
CAMEL-1954,0
CAMEL-3348,1
CAMEL-3349,0
CAMEL-3350,1
CAMEL-3357,0
CAMEL-3358,1
CAMEL-3352,0
CAMEL-3209,1
CAMEL-3167,1
CAMEL-3359,0
CAMEL-3360,0
CAMEL-3355,0
CAMEL-3356,2
CAMEL-3366,0
CAMEL-3202,1
CAMEL-3161,1
CAMEL-3373,0
CAMEL-3374,1
CAMEL-3266,2
CAMEL-3377,0
CAMEL-3378,0
CAMEL-3389,1
CAMEL-3279,0
CAMEL-3379,1
CAMEL-3385,1
CAMEL-3384,0
CAMEL-3388,1
CAMEL-3370,1
CAMEL-3392,0
CAMEL-3381,1
CAMEL-3382,1
CAMEL-3394,0
CAMEL-3395,0
CAMEL-3386,1
CAMEL-3271,1
CAMEL-3399,0
CAMEL-3391,1
CAMEL-3380,1
CAMEL-3398,0
CAMEL-3393,1
CAMEL-3390,1
CAMEL-3375,0
CAMEL-3295,1
CAMEL-3184,2
CAMEL-3351,1
CAMEL-3403,0
CAMEL-3186,2
CAMEL-3409,0
CAMEL-3402,1
CAMEL-3410,1
CAMEL-3414,0
CAMEL-3415,0
CAMEL-3404,1
CAMEL-3418,0
CAMEL-3416,0
CAMEL-3413,1
CAMEL-3421,1
CAMEL-3419,1
CAMEL-3417,0
CAMEL-3422,0
CAMEL-3400,1
CAMEL-3423,0
CAMEL-3387,0
CAMEL-3376,1
CAMEL-3406,2
CAMEL-3405,1
CAMEL-3412,2
CAMEL-3427,0
CAMEL-3428,1
CAMEL-3243,2
CAMEL-3430,0
CAMEL-3426,0
CAMEL-3432,1
CAMEL-3434,0
CAMEL-3433,1
CAMEL-3401,0
CAMEL-3436,1
CAMEL-3369,1
CAMEL-3425,0
CAMEL-3437,0
CAMEL-3441,0
CAMEL-3442,1
CAMEL-3444,0
CAMEL-3443,0
CAMEL-3446,1
CAMEL-3253,1
CAMEL-3163,1
CAMEL-3447,1
CAMEL-3431,0
CAMEL-3448,0
CAMEL-3451,0
CAMEL-3453,1
CAMEL-3285,0
CAMEL-3457,1
CAMEL-3458,0
CAMEL-3460,0
CAMEL-3464,1
CAMEL-3463,0
CAMEL-3462,0
CAMEL-3461,0
CAMEL-3218,1
CAMEL-3347,0
CAMEL-3469,0
CAMEL-3353,1
CAMEL-3467,1
CAMEL-1397,1
CAMEL-3411,1
CAMEL-1396,1
CAMEL-1355,1
CAMEL-3475,1
CAMEL-3470,0
CAMEL-3429,1
CAMEL-3479,0
CAMEL-3296,1
CAMEL-3346,0
CAMEL-3484,0
CAMEL-3482,1
CAMEL-3455,1
CAMEL-3473,1
CAMEL-3486,0
CAMEL-3368,1
CAMEL-3487,1
CAMEL-3483,0
CAMEL-3492,0
CAMEL-3493,1
CAMEL-3468,1
CAMEL-3488,1
CAMEL-3489,1
CAMEL-3494,0
CAMEL-3500,0
CAMEL-3499,1
CAMEL-3485,0
CAMEL-3133,1
CAMEL-3204,2
CAMEL-3506,0
CAMEL-3502,1
CAMEL-3498,1
CAMEL-1902,1
CAMEL-3509,0
CAMEL-3454,0
CAMEL-3508,1
CAMEL-3495,1
CAMEL-3513,0
CAMEL-3478,1
CAMEL-3497,1
CAMEL-3472,1
CAMEL-3507,1
CAMEL-3514,2
CAMEL-3339,1
CAMEL-3523,0
CAMEL-3480,2
CAMEL-3526,1
CAMEL-3525,1
CAMEL-3520,1
CAMEL-3327,0
CAMEL-3527,0
CAMEL-3530,1
CAMEL-3528,1
CAMEL-3529,0
CAMEL-3537,0
CAMEL-3533,1
CAMEL-3532,0
CAMEL-3536,0
CAMEL-3538,0
CAMEL-3228,2
CAMEL-3540,1
CAMEL-3541,0
CAMEL-3535,1
CAMEL-3543,0
CAMEL-3165,2
CAMEL-3545,1
CAMEL-3550,1
CAMEL-3240,5
CAMEL-3555,0
CAMEL-3558,0
CAMEL-3559,0
CAMEL-2543,1
CAMEL-3164,0
CAMEL-3157,0
CAMEL-3166,0
CAMEL-3170,0
CAMEL-3174,0
CAMEL-3181,1
CAMEL-3156,0
CAMEL-3182,0
CAMEL-2936,1
CAMEL-3189,1
CAMEL-3187,0
CAMEL-3188,1
CAMEL-3185,0
CAMEL-3151,1
CAMEL-3524,0
CAMEL-3196,0
CAMEL-2703,0
CAMEL-3193,0
CAMEL-3199,0
CAMEL-3178,1
CAMEL-3198,1
CAMEL-3191,0
CAMEL-3203,1
CAMEL-3201,1
CAMEL-3173,0
CAMEL-3190,0
CAMEL-3169,0
CAMEL-3205,0
CAMEL-3207,0
CAMEL-3208,0
CAMEL-3212,1
CAMEL-3046,1
CAMEL-3210,0
CAMEL-1102,1
CAMEL-2337,0
CAMEL-3206,0
CAMEL-3219,0
CAMEL-3216,0
CAMEL-3220,0
CAMEL-3221,1
CAMEL-3222,1
CAMEL-3225,1
CAMEL-1350,4
CAMEL-3226,1
CAMEL-3230,0
CAMEL-3229,1
CAMEL-3233,1
CAMEL-3231,1
CAMEL-3223,2
CAMEL-3234,1
CAMEL-3232,1
CAMEL-3250,1
CAMEL-3252,0
CAMEL-3242,0
CAMEL-3255,1
CAMEL-3257,1
CAMEL-3259,1
CAMEL-3263,1
CAMEL-3249,2
CAMEL-3248,1
CAMEL-3244,0
CAMEL-3265,0
CAMEL-3247,1
CAMEL-3256,0
CAMEL-3274,0
CAMEL-3276,0
CAMEL-3277,1
CAMEL-3270,1
CAMEL-3238,0
CAMEL-3278,1
CAMEL-3273,1
CAMEL-3275,0
CAMEL-3281,0
CAMEL-3287,0
CAMEL-3289,0
CAMEL-3241,0
CAMEL-3286,0
CAMEL-3197,0
CAMEL-3293,0
CAMEL-3297,0
CAMEL-3269,1
CAMEL-3299,1
CAMEL-3300,1
CAMEL-3303,0
CAMEL-3301,1
CAMEL-2452,0
CAMEL-3302,1
CAMEL-3313,1
CAMEL-3105,1
CAMEL-3298,0
CAMEL-3314,1
CAMEL-3316,1
CAMEL-2737,2
CAMEL-3236,1
CAMEL-3318,1
CAMEL-3320,0
CAMEL-3319,0
CAMEL-3192,0
CAMEL-3560,0
CAMEL-3227,1
CAMEL-3554,1
CAMEL-3321,1
CAMEL-3566,0
CAMEL-3562,1
CAMEL-3567,0
CAMEL-3561,2
CAMEL-3569,0
CAMEL-3553,0
CAMEL-3565,1
CAMEL-3572,1
CAMEL-3564,1
CAMEL-3581,0
CAMEL-3596,0
CAMEL-3440,0
CAMEL-3600,0
CAMEL-3597,0
CAMEL-3599,0
CAMEL-3598,0
CAMEL-3254,1
CAMEL-3575,1
CAMEL-3340,0
CAMEL-3578,0
CAMEL-3587,1
CAMEL-2630,1
CAMEL-3592,0
CAMEL-3595,1
CAMEL-3580,1
CAMEL-3605,0
CAMEL-3577,0
CAMEL-3613,0
CAMEL-3573,0
CAMEL-3585,0
CAMEL-3501,1
CAMEL-3589,0
CAMEL-3616,0
CAMEL-3614,0
CAMEL-3615,0
CAMEL-3608,0
CAMEL-3609,1
CAMEL-3610,0
CAMEL-3602,0
CAMEL-3617,1
CAMEL-3601,1
CAMEL-3603,2
CAMEL-3624,0
CAMEL-3604,1
CAMEL-3588,1
CAMEL-3438,2
CAMEL-3239,1
CAMEL-3579,0
CAMEL-3633,0
CAMEL-3627,1
CAMEL-3576,0
CAMEL-3628,4
CAMEL-3636,0
CAMEL-3634,1
CAMEL-3637,0
CAMEL-3642,0
CAMEL-2229,1
CAMEL-3584,1
CAMEL-3643,0
CAMEL-3629,1
CAMEL-3645,0
CAMEL-3646,0
CAMEL-3647,0
CAMEL-3648,0
CAMEL-3641,0
CAMEL-3563,2
CAMEL-3652,0
CAMEL-3639,2
CAMEL-3653,2
CAMEL-3644,0
CAMEL-3654,0
CAMEL-3640,1
CAMEL-3657,0
CAMEL-3658,0
CAMEL-3630,2
CAMEL-3661,0
CAMEL-1353,3
CAMEL-3664,0
CAMEL-3665,0
CAMEL-3666,1
CAMEL-3668,0
CAMEL-2954,1
CAMEL-3669,0
CAMEL-3670,0
CAMEL-3672,0
CAMEL-3675,1
CAMEL-3677,0
CAMEL-3676,1
CAMEL-3681,0
CAMEL-3683,1
CAMEL-3638,0
CAMEL-3678,0
CAMEL-3685,0
CAMEL-3690,0
CAMEL-3687,1
CAMEL-3694,1
CAMEL-3679,1
CAMEL-3695,1
CAMEL-3618,1
CAMEL-3574,1
CAMEL-3490,1
CAMEL-3307,1
CAMEL-3692,1
CAMEL-3696,1
CAMEL-3689,0
CAMEL-3171,2
CAMEL-3268,1
CAMEL-3703,0
CAMEL-3667,1
CAMEL-3649,0
CAMEL-3701,1
CAMEL-3707,0
CAMEL-3708,0
CAMEL-3713,1
CAMEL-3709,1
CAMEL-3712,0
CAMEL-3620,1
CAMEL-3711,0
CAMEL-3717,1
CAMEL-3715,0
CAMEL-3693,1
CAMEL-3315,2
CAMEL-3450,0
CAMEL-3718,0
CAMEL-3720,1
CAMEL-3674,1
CAMEL-3724,0
CAMEL-3722,0
CAMEL-3721,0
CAMEL-3593,1
CAMEL-3570,1
CAMEL-3651,0
CAMEL-3590,1
CAMEL-3727,1
CAMEL-3731,0
CAMEL-3726,1
CAMEL-3650,1
CAMEL-3728,1
CAMEL-3725,1
CAMEL-3729,1
CAMEL-3738,0
CAMEL-3737,1
CAMEL-3740,0
CAMEL-3736,1
CAMEL-3733,0
CAMEL-3732,0
CAMEL-3744,0
CAMEL-3745,0
CAMEL-3748,0
CAMEL-3568,2
CAMEL-3716,1
CAMEL-3741,1
CAMEL-3749,1
CAMEL-3549,3
CAMEL-3753,0
CAMEL-3739,1
CAMEL-3612,1
CAMEL-3760,0
CAMEL-3757,0
CAMEL-3761,0
CAMEL-3764,0
CAMEL-3769,1
CAMEL-3765,1
CAMEL-3771,1
CAMEL-3770,1
CAMEL-3465,1
CAMEL-3782,0
CAMEL-3783,0
CAMEL-3773,1
CAMEL-3768,0
CAMEL-3788,1
CAMEL-3794,0
CAMEL-3476,4
CAMEL-3797,1
CAMEL-3778,1
CAMEL-3796,1
CAMEL-3802,1
CAMEL-3798,1
CAMEL-3808,0
CAMEL-3805,0
CAMEL-3809,0
CAMEL-3515,1
CAMEL-3807,0
CAMEL-3811,0
CAMEL-3789,1
CAMEL-3791,0
CAMEL-3755,1
CAMEL-3812,1
CAMEL-3806,1
CAMEL-3814,0
CAMEL-3813,1
CAMEL-3817,0
CAMEL-3816,1
CAMEL-3200,1
CAMEL-3790,0
CAMEL-3795,1
CAMEL-2281,2
CAMEL-3815,1
CAMEL-3793,1
CAMEL-3926,0
CAMEL-3925,1
CAMEL-3927,1
CAMEL-3930,0
CAMEL-3936,1
CAMEL-3937,1
CAMEL-3928,2
CAMEL-3747,2
CAMEL-3922,0
CAMEL-3953,0
CAMEL-3954,0
CAMEL-3949,0
CAMEL-3260,1
CAMEL-3032,1
CAMEL-3950,2
CAMEL-3942,1
CAMEL-3955,1
CAMEL-3959,0
CAMEL-3367,1
CAMEL-3960,0
CAMEL-3963,0
CAMEL-3965,0
CAMEL-3958,0
CAMEL-3967,1
CAMEL-3972,0
CAMEL-3909,2
CAMEL-3970,0
CAMEL-3973,0
CAMEL-3969,1
CAMEL-3975,0
CAMEL-3869,1
CAMEL-3978,0
CAMEL-3943,0
CAMEL-3780,1
CAMEL-3979,0
CAMEL-3971,0
CAMEL-3982,1
CAMEL-3984,0
CAMEL-3980,1
CAMEL-3993,0
CAMEL-3992,1
CAMEL-3990,1
CAMEL-3962,1
CAMEL-3986,0
CAMEL-3987,0
CAMEL-3879,1
CAMEL-3939,1
CAMEL-3867,1
CAMEL-3880,1
CAMEL-3996,0
CAMEL-3325,1
CAMEL-3935,1
CAMEL-4016,0
CAMEL-4002,0
CAMEL-4011,0
CAMEL-4012,1
CAMEL-3911,0
CAMEL-4005,0
CAMEL-4018,1
CAMEL-3897,1
CAMEL-3921,1
CAMEL-4021,1
CAMEL-4019,1
CAMEL-2197,2
CAMEL-3964,1
CAMEL-3705,1
CAMEL-3781,2
CAMEL-4030,0
CAMEL-4023,0
CAMEL-4025,1
CAMEL-3974,0
CAMEL-3899,1
CAMEL-3822,2
CAMEL-3934,1
CAMEL-3946,0
CAMEL-3834,1
CAMEL-4027,1
CAMEL-4032,0
CAMEL-4009,1
CAMEL-4033,0
CAMEL-4035,0
CAMEL-4036,0
CAMEL-4040,0
CAMEL-4037,0
CAMEL-3981,0
CAMEL-4038,1
CAMEL-2389,0
CAMEL-3945,0
CAMEL-3944,0
CAMEL-3947,0
CAMEL-4046,1
CAMEL-4043,1
CAMEL-3991,0
CAMEL-2525,1
CAMEL-3735,1
CAMEL-4051,0
CAMEL-4050,1
CAMEL-4053,0
CAMEL-3819,0
CAMEL-3546,1
CAMEL-3829,0
CAMEL-4052,1
CAMEL-3810,3
CAMEL-3832,1
CAMEL-3804,1
CAMEL-3766,1
CAMEL-3754,1
CAMEL-3827,0
CAMEL-3148,2
CAMEL-2648,1
CAMEL-3792,1
CAMEL-3786,1
CAMEL-3699,1
CAMEL-3831,0
CAMEL-3836,0
CAMEL-3835,1
CAMEL-3784,0
CAMEL-3840,1
CAMEL-3833,0
CAMEL-3763,1
CAMEL-3844,0
CAMEL-3825,1
CAMEL-3830,2
CAMEL-3818,1
CAMEL-3848,1
CAMEL-3847,0
CAMEL-3828,1
CAMEL-3843,0
CAMEL-3623,0
CAMEL-3850,0
CAMEL-3800,1
CAMEL-3556,1
CAMEL-3849,1
CAMEL-3826,0
CAMEL-3756,0
CAMEL-3851,1
CAMEL-3702,1
CAMEL-3424,0
CAMEL-3857,0
CAMEL-3688,2
CAMEL-3856,1
CAMEL-3858,0
CAMEL-3861,0
CAMEL-3859,1
CAMEL-3481,2
CAMEL-3866,0
CAMEL-2194,1
CAMEL-3860,0
CAMEL-3854,1
CAMEL-3871,0
CAMEL-3841,1
CAMEL-1669,6
CAMEL-3864,1
CAMEL-3862,1
CAMEL-3873,0
CAMEL-3876,0
CAMEL-3875,1
CAMEL-3877,0
CAMEL-3878,0
CAMEL-3734,0
CAMEL-3622,1
CAMEL-3534,1
CAMEL-3842,1
CAMEL-3758,0
CAMEL-3874,1
CAMEL-3714,1
CAMEL-3881,1
CAMEL-3883,1
CAMEL-3882,1
CAMEL-3884,0
CAMEL-3885,0
CAMEL-3823,1
CAMEL-3887,0
CAMEL-3799,1
CAMEL-3886,1
CAMEL-3891,0
CAMEL-3853,1
CAMEL-3852,5
CAMEL-3895,0
CAMEL-3893,1
CAMEL-3896,1
CAMEL-3531,1
CAMEL-3900,1
CAMEL-3902,0
CAMEL-3803,1
CAMEL-3908,1
CAMEL-3905,1
CAMEL-3913,0
CAMEL-3914,1
CAMEL-3915,1
CAMEL-3916,0
CAMEL-3889,1
CAMEL-3918,1
CAMEL-3912,1
CAMEL-3917,1
CAMEL-3919,0
CAMEL-3890,1
CAMEL-3920,1
CAMEL-3439,1
CAMEL-4429,0
CAMEL-4422,0
CAMEL-4436,0
CAMEL-3619,1
CAMEL-4433,0
CAMEL-4430,0
CAMEL-4432,1
CAMEL-4438,0
CAMEL-4213,0
CAMEL-4439,0
CAMEL-4445,0
CAMEL-3742,2
CAMEL-4440,1
CAMEL-4444,1
CAMEL-4401,1
CAMEL-4446,0
CAMEL-4448,1
CAMEL-4358,0
CAMEL-4411,0
CAMEL-4453,0
CAMEL-4028,1
CAMEL-4459,0
CAMEL-4460,0
CAMEL-4452,1
CAMEL-4449,1
CAMEL-4450,0
CAMEL-4169,1
CAMEL-4423,0
CAMEL-4463,2
CAMEL-4443,1
CAMEL-4467,0
CAMEL-4469,0
CAMEL-4312,1
CAMEL-4366,1
CAMEL-4441,1
CAMEL-4472,1
CAMEL-4431,0
CAMEL-4097,1
CAMEL-4473,1
CAMEL-4386,0
CAMEL-4476,1
CAMEL-4474,2
CAMEL-4182,2
CAMEL-4457,0
CAMEL-4240,1
CAMEL-4481,0
CAMEL-4482,0
CAMEL-4484,0
CAMEL-4486,1
CAMEL-4487,1
CAMEL-4268,1
CAMEL-4490,0
CAMEL-4387,1
CAMEL-4496,1
CAMEL-4499,0
CAMEL-4492,1
CAMEL-4502,0
CAMEL-4477,1
CAMEL-4478,1
CAMEL-4504,0
CAMEL-4505,1
CAMEL-3824,1
CAMEL-4493,2
CAMEL-4506,1
CAMEL-4447,1
CAMEL-4509,1
CAMEL-4420,0
CAMEL-4518,0
CAMEL-4521,1
CAMEL-4525,0
CAMEL-4480,2
CAMEL-4529,0
CAMEL-4530,0
CAMEL-4489,1
CAMEL-4524,0
CAMEL-4526,0
CAMEL-4523,0
CAMEL-4534,1
CAMEL-4516,0
CAMEL-4500,0
CAMEL-4533,1
CAMEL-4415,0
CAMEL-4373,1
CAMEL-4542,1
CAMEL-4541,1
CAMEL-4540,1
CAMEL-4550,0
CAMEL-4554,0
CAMEL-4548,0
CAMEL-4557,0
CAMEL-4465,2
CAMEL-4461,1
CAMEL-4558,1
CAMEL-4547,1
CAMEL-4544,1
CAMEL-4535,1
CAMEL-4559,0
CAMEL-3775,3
CAMEL-4545,1
CAMEL-4162,0
CAMEL-4520,0
CAMEL-4029,1
CAMEL-4125,0
CAMEL-4159,1
CAMEL-2934,1
CAMEL-4165,0
CAMEL-4166,1
CAMEL-4167,1
CAMEL-4173,0
CAMEL-4170,1
CAMEL-3626,1
CAMEL-4177,0
CAMEL-4181,0
CAMEL-3894,3
CAMEL-4184,0
CAMEL-4183,0
CAMEL-4186,0
CAMEL-4174,0
CAMEL-4187,0
CAMEL-4172,1
CAMEL-4194,0
CAMEL-4193,1
CAMEL-4196,0
CAMEL-4197,0
CAMEL-4195,2
CAMEL-4144,1
CAMEL-4199,0
CAMEL-4192,0
CAMEL-4201,0
CAMEL-4206,0
CAMEL-4205,0
CAMEL-4207,1
CAMEL-4210,0
CAMEL-4175,1
CAMEL-4211,0
CAMEL-4216,1
CAMEL-4218,0
CAMEL-4093,1
CAMEL-4219,0
CAMEL-4215,1
CAMEL-4223,0
CAMEL-4222,0
CAMEL-4190,0
CAMEL-4212,1
CAMEL-4235,0
CAMEL-4231,1
CAMEL-4228,0
CAMEL-4236,0
CAMEL-4229,0
CAMEL-4237,0
CAMEL-4233,1
CAMEL-4238,0
CAMEL-4176,1
CAMEL-4241,0
CAMEL-4234,1
CAMEL-4242,0
CAMEL-4252,0
CAMEL-4245,0
CAMEL-4253,0
CAMEL-4260,1
CAMEL-4261,0
CAMEL-4246,1
CAMEL-4200,1
CAMEL-4092,1
CAMEL-4026,1
CAMEL-4263,0
CAMEL-3961,1
CAMEL-4265,1
CAMEL-4134,1
CAMEL-4272,0
CAMEL-4269,1
CAMEL-4180,1
CAMEL-4273,1
CAMEL-4274,1
CAMEL-4198,1
CAMEL-4255,1
CAMEL-4049,0
CAMEL-4276,0
CAMEL-3968,1
CAMEL-4280,0
CAMEL-4095,1
CAMEL-4282,0
CAMEL-4283,0
CAMEL-4275,1
CAMEL-4247,1
CAMEL-4285,1
CAMEL-4239,0
CAMEL-4250,1
CAMEL-4060,1
CAMEL-4287,1
CAMEL-4286,0
CAMEL-4288,0
CAMEL-4290,0
CAMEL-4244,0
CAMEL-4168,1
CAMEL-4291,0
CAMEL-4248,1
CAMEL-4295,0
CAMEL-4297,0
CAMEL-4292,1
CAMEL-4249,1
CAMEL-3408,1
CAMEL-4293,1
CAMEL-4118,1
CAMEL-4305,0
CAMEL-4294,1
CAMEL-4254,1
CAMEL-4308,1
CAMEL-4311,1
CAMEL-4031,0
CAMEL-4314,0
CAMEL-4214,1
CAMEL-4318,0
CAMEL-4322,0
CAMEL-4316,0
CAMEL-4317,0
CAMEL-4299,1
CAMEL-4319,1
CAMEL-4326,1
CAMEL-3938,1
CAMEL-4323,1
CAMEL-4298,1
CAMEL-4328,0
CAMEL-4329,1
CAMEL-4331,1
CAMEL-4335,0
CAMEL-4202,0
CAMEL-4110,1
CAMEL-4333,0
CAMEL-4259,0
CAMEL-4336,0
CAMEL-4258,0
CAMEL-4137,0
CAMEL-4334,1
CAMEL-4251,1
CAMEL-4310,1
CAMEL-4338,0
CAMEL-4313,1
CAMEL-4337,1
CAMEL-4262,0
CAMEL-4281,1
CAMEL-4342,0
CAMEL-4339,0
CAMEL-4346,1
CAMEL-4349,0
CAMEL-4217,3
CAMEL-4347,0
CAMEL-4348,1
CAMEL-4352,0
CAMEL-4345,1
CAMEL-4344,1
CAMEL-4343,0
CAMEL-4353,0
CAMEL-4354,1
CAMEL-4360,0
CAMEL-4357,0
CAMEL-4355,1
CAMEL-4364,0
CAMEL-4359,1
CAMEL-4372,0
CAMEL-4370,1
CAMEL-4369,0
CAMEL-4365,0
CAMEL-4368,0
CAMEL-4374,1
CAMEL-2472,1
CAMEL-4379,0
CAMEL-4377,1
CAMEL-4227,1
CAMEL-4382,0
CAMEL-4264,1
CAMEL-4367,1
CAMEL-4375,1
CAMEL-4390,0
CAMEL-4383,1
CAMEL-4388,1
CAMEL-4385,0
CAMEL-4380,0
CAMEL-4356,1
CAMEL-4392,0
CAMEL-4394,0
CAMEL-4351,1
CAMEL-4378,1
CAMEL-4398,1
CAMEL-4350,1
CAMEL-4406,0
CAMEL-3510,3
CAMEL-4324,1
CAMEL-4407,0
CAMEL-4325,1
CAMEL-4409,0
CAMEL-4396,1
CAMEL-4408,1
CAMEL-4403,1
CAMEL-4381,0
CAMEL-4410,1
CAMEL-4414,0
CAMEL-4412,0
CAMEL-4402,0
CAMEL-4416,0
CAMEL-4668,0
CAMEL-4528,3
CAMEL-4672,0
CAMEL-4676,0
CAMEL-4655,1
CAMEL-4437,1
CAMEL-4670,1
CAMEL-4609,1
CAMEL-4678,0
CAMEL-4650,1
CAMEL-4682,0
CAMEL-4683,0
CAMEL-4663,0
CAMEL-4664,0
CAMEL-4679,0
CAMEL-4667,0
CAMEL-4681,0
CAMEL-4686,1
CAMEL-4695,0
CAMEL-4697,0
CAMEL-4694,1
CAMEL-4689,0
CAMEL-4435,1
CAMEL-4673,1
CAMEL-4698,1
CAMEL-4700,1
CAMEL-4692,1
CAMEL-4607,1
CAMEL-3999,1
CAMEL-4362,1
CAMEL-4705,1
CAMEL-4706,0
CAMEL-4708,0
CAMEL-4699,0
CAMEL-4712,0
CAMEL-4711,0
CAMEL-4696,2
CAMEL-4514,1
CAMEL-4267,1
CAMEL-4574,1
CAMEL-4161,1
CAMEL-4601,0
CAMEL-4716,0
CAMEL-3923,1
CAMEL-4034,3
CAMEL-4718,1
CAMEL-4623,0
CAMEL-4723,0
CAMEL-4728,0
CAMEL-4662,1
CAMEL-4726,0
CAMEL-4727,0
CAMEL-4720,0
CAMEL-4722,1
CAMEL-4674,0
CAMEL-4539,1
CAMEL-4677,1
CAMEL-4645,0
CAMEL-4729,0
CAMEL-4715,1
CAMEL-4724,1
CAMEL-4732,1
CAMEL-4735,0
CAMEL-4736,0
CAMEL-4733,0
CAMEL-4737,1
CAMEL-3371,2
CAMEL-4714,1
CAMEL-4738,0
CAMEL-4740,0
CAMEL-4741,0
CAMEL-4742,0
CAMEL-3966,1
CAMEL-4730,1
CAMEL-4744,1
CAMEL-4669,2
CAMEL-4747,0
CAMEL-4745,1
CAMEL-4748,0
CAMEL-4746,1
CAMEL-4749,0
CAMEL-4751,1
CAMEL-4752,0
CAMEL-4468,1
CAMEL-4701,1
CAMEL-4760,1
CAMEL-4684,0
CAMEL-4709,1
CAMEL-4756,0
CAMEL-4762,0
CAMEL-4687,1
CAMEL-4765,0
CAMEL-4754,1
CAMEL-4769,0
CAMEL-4772,1
CAMEL-4675,0
CAMEL-4721,0
CAMEL-4771,1
CAMEL-4768,1
CAMEL-4774,0
CAMEL-4553,0
CAMEL-4561,1
CAMEL-4571,0
CAMEL-4569,1
CAMEL-4563,0
CAMEL-4562,0
CAMEL-4503,1
CAMEL-4560,1
CAMEL-4572,0
CAMEL-4551,1
CAMEL-4573,1
CAMEL-4555,1
CAMEL-4278,1
CAMEL-4510,1
CAMEL-4419,0
CAMEL-4536,1
CAMEL-4570,0
CAMEL-4513,1
CAMEL-4086,1
CAMEL-4418,1
CAMEL-4497,0
CAMEL-4531,1
CAMEL-4568,1
CAMEL-4566,0
CAMEL-4508,3
CAMEL-4578,0
CAMEL-4579,0
CAMEL-3929,1
CAMEL-3632,1
CAMEL-4491,1
CAMEL-4003,1
CAMEL-4584,0
CAMEL-4582,0
CAMEL-4586,0
CAMEL-4583,0
CAMEL-4587,0
CAMEL-4588,0
CAMEL-4581,1
CAMEL-4591,0
CAMEL-4592,0
CAMEL-4594,0
CAMEL-4595,0
CAMEL-4225,1
CAMEL-4522,1
CAMEL-4604,0
CAMEL-4599,0
CAMEL-4585,0
CAMEL-2960,1
CAMEL-4606,0
CAMEL-4610,0
CAMEL-4611,0
CAMEL-4614,0
CAMEL-4615,0
CAMEL-4612,0
CAMEL-4600,1
CAMEL-4613,2
CAMEL-4619,0
CAMEL-4617,0
CAMEL-4549,1
CAMEL-4620,0
CAMEL-4605,1
CAMEL-4621,0
CAMEL-4622,0
CAMEL-4624,0
CAMEL-4625,0
CAMEL-4010,1
CAMEL-4626,0
CAMEL-4628,0
CAMEL-4627,0
CAMEL-4630,0
CAMEL-4631,0
CAMEL-4634,0
CAMEL-4632,0
CAMEL-4633,0
CAMEL-4635,0
CAMEL-4618,1
CAMEL-4404,0
CAMEL-4376,0
CAMEL-4636,1
CAMEL-4639,0
CAMEL-4426,1
CAMEL-4637,1
CAMEL-4638,1
CAMEL-4642,0
CAMEL-4004,3
CAMEL-4644,0
CAMEL-4647,1
CAMEL-2740,1
CAMEL-4649,1
CAMEL-4651,0
CAMEL-4608,1
CAMEL-4656,0
CAMEL-4654,0
CAMEL-4657,0
CAMEL-4660,1
CAMEL-4648,0
CAMEL-4659,1
CAMEL-4646,1
CAMEL-4658,1
CAMEL-4054,1
CAMEL-4666,1
CAMEL-4042,0
CAMEL-4059,1
CAMEL-3994,1
CAMEL-4066,0
CAMEL-4067,0
CAMEL-4068,0
CAMEL-4047,1
CAMEL-4071,0
CAMEL-4072,1
CAMEL-4074,0
CAMEL-4006,1
CAMEL-3983,1
CAMEL-3868,1
CAMEL-3779,1
CAMEL-4078,0
CAMEL-3750,1
CAMEL-4041,1
CAMEL-4079,0
CAMEL-4022,1
CAMEL-4073,1
CAMEL-4076,1
CAMEL-4077,1
CAMEL-4065,1
CAMEL-3989,1
CAMEL-3582,1
CAMEL-4082,0
CAMEL-4057,1
CAMEL-4085,0
CAMEL-3383,3
CAMEL-4044,3
CAMEL-3995,0
CAMEL-3951,0
CAMEL-4087,0
CAMEL-4089,0
CAMEL-4090,0
CAMEL-4091,0
CAMEL-4083,1
CAMEL-4094,1
CAMEL-3586,4
CAMEL-4100,1
CAMEL-4099,1
CAMEL-4101,0
CAMEL-4103,0
CAMEL-4106,0
CAMEL-4105,1
CAMEL-4111,0
CAMEL-4112,0
CAMEL-4107,1
CAMEL-4113,0
CAMEL-4061,1
CAMEL-4062,1
CAMEL-4064,1
CAMEL-4063,1
CAMEL-3759,0
CAMEL-4115,0
CAMEL-4116,1
CAMEL-4119,1
CAMEL-4117,0
CAMEL-4124,0
CAMEL-4121,0
CAMEL-4123,0
CAMEL-4120,1
CAMEL-1817,0
CAMEL-4128,0
CAMEL-4133,0
CAMEL-4135,0
CAMEL-4122,1
CAMEL-4138,0
CAMEL-4132,0
CAMEL-4131,0
CAMEL-4140,1
CAMEL-4139,0
CAMEL-4104,2
CAMEL-4141,0
CAMEL-4143,1
CAMEL-4130,1
CAMEL-4084,1
CAMEL-4129,1
CAMEL-4153,0
CAMEL-4055,0
CAMEL-4154,0
CAMEL-4155,0
CAMEL-4149,1
CAMEL-4156,0
CAMEL-4126,1
CAMEL-4136,0
CAMEL-3452,1
CAMEL-4109,1
CAMEL-4069,1
CAMEL-4114,0
CAMEL-4157,0
CAMEL-3948,1
CAMEL-3284,1
CAMEL-3931,1
CAMEL-3888,1
CAMEL-4096,1
CAMEL-3655,2
CAMEL-4158,0
CAMEL-4145,1
CAMEL-4773,0
CAMEL-4776,0
CAMEL-4781,0
CAMEL-4775,1
CAMEL-4777,0
CAMEL-4795,0
CAMEL-4784,0
CAMEL-4787,0
CAMEL-4791,0
CAMEL-4785,0
CAMEL-4786,0
CAMEL-4790,0
CAMEL-3591,2
CAMEL-4793,0
CAMEL-4794,0
CAMEL-4800,0
CAMEL-4802,0
CAMEL-4798,0
CAMEL-4801,0
CAMEL-4813,0
CAMEL-4805,1
CAMEL-4783,0
CAMEL-4806,0
CAMEL-4808,1
CAMEL-4788,1
CAMEL-4764,1
CAMEL-4812,2
CAMEL-4811,0
CAMEL-4810,0
CAMEL-4823,0
CAMEL-4819,0
CAMEL-4829,0
CAMEL-4758,1
CAMEL-4731,1
CAMEL-4820,1
CAMEL-4822,1
CAMEL-4834,0
CAMEL-4838,1
CAMEL-4818,0
CAMEL-4815,0
CAMEL-4827,0
CAMEL-4828,0
CAMEL-4826,1
CAMEL-4836,0
CAMEL-4835,0
CAMEL-4862,0
CAMEL-4845,0
CAMEL-4841,1
CAMEL-4844,0
CAMEL-4848,0
CAMEL-4850,0
CAMEL-4792,0
CAMEL-4856,1
CAMEL-3471,2
CAMEL-4854,1
CAMEL-4858,0
CAMEL-4759,1
CAMEL-4809,1
CAMEL-4861,0
CAMEL-4860,0
CAMEL-4865,0
CAMEL-4867,0
CAMEL-4868,0
CAMEL-4846,0
CAMEL-4870,1
CAMEL-4874,0
CAMEL-4152,0
CAMEL-4839,1
CAMEL-4875,0
CAMEL-4883,1
CAMEL-4888,0
CAMEL-4842,0
CAMEL-3774,0
CAMEL-4852,1
CAMEL-4849,1
CAMEL-4864,0
CAMEL-4017,0
CAMEL-4779,1
CAMEL-4873,1
CAMEL-4882,0
CAMEL-4890,1
CAMEL-4767,1
CAMEL-4885,0
CAMEL-4719,0
CAMEL-4886,0
CAMEL-4892,0
CAMEL-4887,0
CAMEL-4896,0
CAMEL-4884,1
CAMEL-4903,0
CAMEL-4603,0
CAMEL-4796,0
CAMEL-4905,1
CAMEL-4902,1
CAMEL-4906,0
CAMEL-4895,1
CAMEL-4872,1
CAMEL-4880,0
CAMEL-4911,1
CAMEL-4913,0
CAMEL-4891,1
CAMEL-4918,0
CAMEL-4909,1
CAMEL-4908,1
CAMEL-4877,1
CAMEL-4915,1
CAMEL-4904,1
CAMEL-4899,0
CAMEL-4920,0
CAMEL-4922,0
CAMEL-4926,0
CAMEL-4927,0
CAMEL-3940,1
CAMEL-4924,0
CAMEL-4925,1
CAMEL-4804,0
CAMEL-4914,1
CAMEL-4933,0
CAMEL-4934,0
CAMEL-4937,1
CAMEL-4936,0
CAMEL-4932,1
CAMEL-4939,1
CAMEL-4940,1
CAMEL-4943,0
CAMEL-4946,0
CAMEL-4947,0
CAMEL-4942,1
CAMEL-4944,1
CAMEL-4577,2
CAMEL-4950,0
CAMEL-4949,1
CAMEL-4953,0
CAMEL-4938,1
CAMEL-4962,0
CAMEL-4958,0
CAMEL-4957,1
CAMEL-4961,0
CAMEL-4945,1
CAMEL-4965,0
CAMEL-4968,0
CAMEL-4971,0
CAMEL-4973,0
CAMEL-4972,0
CAMEL-4975,0
CAMEL-4954,1
CAMEL-4977,0
CAMEL-4929,1
CAMEL-4976,0
CAMEL-4979,0
CAMEL-4985,0
CAMEL-4980,0
CAMEL-4970,1
CAMEL-4981,0
CAMEL-4951,1
CAMEL-4986,1
CAMEL-4989,0
CAMEL-4990,0
CAMEL-4889,0
CAMEL-4996,0
CAMEL-4998,0
CAMEL-4713,1
CAMEL-5000,0
CAMEL-4999,1
CAMEL-4997,0
CAMEL-5006,1
CAMEL-5004,1
CAMEL-5002,2
CAMEL-5009,1
CAMEL-5005,1
CAMEL-5011,1
CAMEL-5012,0
CAMEL-4837,1
CAMEL-5013,0
CAMEL-4789,0
CAMEL-5017,0
CAMEL-5022,1
CAMEL-5010,0
CAMEL-5024,1
CAMEL-5023,1
CAMEL-4910,0
CAMEL-4878,0
CAMEL-5015,1
CAMEL-4964,1
CAMEL-5029,1
CAMEL-5027,1
CAMEL-5026,0
CAMEL-5028,1
CAMEL-5019,2
CAMEL-5032,0
CAMEL-5021,1
CAMEL-5033,0
CAMEL-4988,1
CAMEL-4959,1
CAMEL-5038,1
CAMEL-5035,0
CAMEL-5036,1
CAMEL-5034,0
CAMEL-4984,1
CAMEL-5040,0
CAMEL-4782,1
CAMEL-5045,0
CAMEL-5046,0
CAMEL-5042,0
CAMEL-5048,0
CAMEL-4923,1
CAMEL-5049,0
CAMEL-5039,1
CAMEL-4871,1
CAMEL-5053,0
CAMEL-5051,1
CAMEL-5054,1
CAMEL-4866,1
CAMEL-3985,1
CAMEL-5056,1
CAMEL-4894,0
CAMEL-4451,0
CAMEL-4840,1
CAMEL-4081,0
CAMEL-5041,0
CAMEL-5057,1
CAMEL-5018,1
CAMEL-5059,0
CAMEL-5030,1
CAMEL-4602,1
CAMEL-5047,1
CAMEL-4797,1
CAMEL-4994,1
CAMEL-4967,1
CAMEL-4680,0
CAMEL-4665,1
CAMEL-5062,0
CAMEL-3998,1
CAMEL-5058,1
CAMEL-4230,3
CAMEL-5067,0
CAMEL-5071,0
CAMEL-4881,0
CAMEL-5068,1
CAMEL-5066,1
CAMEL-5072,0
CAMEL-5073,0
CAMEL-5070,1
CAMEL-5007,1
CAMEL-4300,1
CAMEL-5078,0
CAMEL-5077,0
CAMEL-5079,0
CAMEL-5081,0
CAMEL-5082,1
CAMEL-5083,0
CAMEL-5088,0
CAMEL-5089,0
CAMEL-5087,0
CAMEL-5085,0
CAMEL-5084,1
CAMEL-5090,0
CAMEL-5080,1
CAMEL-5097,0
CAMEL-5099,0
CAMEL-5092,1
CAMEL-4900,2
CAMEL-5102,0
CAMEL-5061,0
CAMEL-5100,1
CAMEL-5105,0
CAMEL-5091,0
CAMEL-5063,1
CAMEL-5107,0
CAMEL-5098,0
CAMEL-5086,1
CAMEL-4498,1
CAMEL-5110,0
CAMEL-5117,0
CAMEL-5114,1
CAMEL-5003,2
CAMEL-4770,1
CAMEL-4778,2
CAMEL-5121,0
CAMEL-4160,1
CAMEL-5118,1
CAMEL-5128,0
CAMEL-5124,0
CAMEL-5115,0
CAMEL-5020,0
CAMEL-5134,0
CAMEL-5131,0
CAMEL-5116,0
CAMEL-4987,0
CAMEL-5135,0
CAMEL-5140,0
CAMEL-5133,1
CAMEL-5129,1
CAMEL-5141,0
CAMEL-5137,1
CAMEL-5143,1
CAMEL-5142,0
CAMEL-5144,1
CAMEL-5146,0
CAMEL-5149,0
CAMEL-5147,0
CAMEL-5148,0
CAMEL-5150,0
CAMEL-4556,1
CAMEL-4960,1
CAMEL-4853,2
CAMEL-5152,0
CAMEL-5130,0
CAMEL-3551,2
CAMEL-5154,0
CAMEL-5153,0
CAMEL-5158,0
CAMEL-5136,1
CAMEL-5162,0
CAMEL-5163,0
CAMEL-5157,0
CAMEL-5126,1
CAMEL-5161,1
CAMEL-3776,1
CAMEL-5168,0
CAMEL-5173,1
CAMEL-5172,0
CAMEL-5167,1
CAMEL-5175,0
CAMEL-5181,0
CAMEL-4471,1
CAMEL-4470,2
CAMEL-5180,1
CAMEL-5187,1
CAMEL-5188,0
CAMEL-5184,1
CAMEL-5178,1
CAMEL-5189,0
CAMEL-1260,1
CAMEL-5164,1
CAMEL-5190,0
CAMEL-5196,1
CAMEL-5195,1
CAMEL-5200,0
CAMEL-5185,1
CAMEL-5201,0
CAMEL-5202,0
CAMEL-5199,1
CAMEL-5177,0
CAMEL-5204,0
CAMEL-5171,1
CAMEL-5207,1
CAMEL-5205,0
CAMEL-5174,0
CAMEL-5208,0
CAMEL-5214,0
CAMEL-5211,1
CAMEL-5215,0
CAMEL-5216,0
CAMEL-5209,1
CAMEL-5220,0
CAMEL-5218,1
CAMEL-5222,0
CAMEL-5170,1
CAMEL-4952,1
CAMEL-5227,1
CAMEL-5210,1
CAMEL-5229,0
CAMEL-5230,1
CAMEL-5166,1
CAMEL-4309,2
CAMEL-5217,1
CAMEL-5016,1
CAMEL-5232,1
CAMEL-5224,1
CAMEL-5212,1
CAMEL-5193,1
CAMEL-5233,0
CAMEL-5235,0
CAMEL-5236,1
CAMEL-5052,0
CAMEL-5245,0
CAMEL-5238,1
CAMEL-5241,1
CAMEL-5248,0
CAMEL-5253,0
CAMEL-5243,1
CAMEL-5254,0
CAMEL-5256,1
CAMEL-5266,1
CAMEL-5260,1
CAMEL-5263,1
CAMEL-5255,1
CAMEL-4341,1
CAMEL-5270,1
CAMEL-5155,1
CAMEL-5274,0
CAMEL-5265,1
CAMEL-5275,1
CAMEL-5279,0
CAMEL-5276,1
CAMEL-5277,1
CAMEL-5287,0
CAMEL-5291,1
CAMEL-5289,0
CAMEL-5262,0
CAMEL-5159,1
CAMEL-5295,1
CAMEL-5261,1
CAMEL-5300,1
CAMEL-5268,1
CAMEL-5297,1
CAMEL-5303,1
CAMEL-5299,1
CAMEL-5044,0
CAMEL-5302,1
CAMEL-5298,1
CAMEL-5247,1
CAMEL-5307,1
CAMEL-5281,0
CAMEL-5258,0
CAMEL-5186,1
CAMEL-5055,1
CAMEL-5294,1
CAMEL-5285,1
CAMEL-5308,1
CAMEL-5313,0
CAMEL-5315,0
CAMEL-5264,1
CAMEL-5316,0
CAMEL-5317,0
CAMEL-5318,1
CAMEL-5306,1
CAMEL-5321,1
CAMEL-5322,0
CAMEL-4955,1
CAMEL-5249,1
CAMEL-5111,1
CAMEL-4552,1
CAMEL-3924,1
CAMEL-4993,1
CAMEL-5284,1
CAMEL-5176,0
CAMEL-4799,1
CAMEL-5257,0
CAMEL-5324,0
CAMEL-3547,1
CAMEL-5060,0
CAMEL-5326,1
CAMEL-5192,1
CAMEL-5327,0
CAMEL-5043,1
CAMEL-5309,1
CAMEL-5239,0
CAMEL-5145,1
CAMEL-5329,0
CAMEL-5259,1
CAMEL-5305,1
CAMEL-4930,0
CAMEL-5333,0
CAMEL-5198,1
CAMEL-5339,0
CAMEL-5335,1
CAMEL-5334,0
CAMEL-5337,0
CAMEL-5330,1
CAMEL-5336,1
CAMEL-5108,1
CAMEL-5340,1
CAMEL-5280,1
CAMEL-5234,1
CAMEL-5347,0
CAMEL-5225,1
CAMEL-5101,0
CAMEL-5349,0
CAMEL-5346,0
CAMEL-5311,2
CAMEL-5345,0
CAMEL-5351,1
CAMEL-5348,1
CAMEL-5122,4
CAMEL-5314,1
CAMEL-5357,0
CAMEL-5355,0
CAMEL-5363,0
CAMEL-5366,0
CAMEL-5350,1
CAMEL-5352,0
CAMEL-5365,1
CAMEL-5151,1
CAMEL-5342,1
CAMEL-5332,0
CAMEL-5242,1
CAMEL-5370,1
CAMEL-5223,1
CAMEL-5372,1
CAMEL-5331,1
CAMEL-5369,1
CAMEL-5373,0
CAMEL-5371,0
CAMEL-5325,1
CAMEL-5375,0
CAMEL-5341,0
CAMEL-5374,1
CAMEL-5367,1
CAMEL-5380,1
CAMEL-5381,1
CAMEL-5360,2
CAMEL-5310,0
CAMEL-4279,0
CAMEL-5386,0
CAMEL-5385,0
CAMEL-5384,1
CAMEL-5391,1
CAMEL-5393,0
CAMEL-5392,0
CAMEL-5237,2
CAMEL-5404,1
CAMEL-5401,1
CAMEL-5395,3
CAMEL-5412,1
CAMEL-4743,0
CAMEL-5406,1
CAMEL-5417,1
CAMEL-5415,1
CAMEL-5419,0
CAMEL-5418,1
CAMEL-5421,0
CAMEL-463,2
CAMEL-1698,3
CAMEL-3291,1
CAMEL-2609,5
CAMEL-4048,1
CAMEL-4527,1
CAMEL-4702,1
CAMEL-4859,1
CAMEL-4919,1
CAMEL-5424,1
CAMEL-5050,1
CAMEL-3607,1
CAMEL-5428,1
CAMEL-5226,1
CAMEL-5429,1
CAMEL-5433,0
CAMEL-5431,1
CAMEL-4014,1
CAMEL-5437,1
CAMEL-5439,0
CAMEL-5430,1
CAMEL-5432,1
CAMEL-5441,0
CAMEL-5444,1
CAMEL-5445,0
CAMEL-5451,0
CAMEL-5450,0
CAMEL-5449,0
CAMEL-4327,1
CAMEL-5448,1
CAMEL-5455,1
CAMEL-5462,1
CAMEL-5343,1
CAMEL-5440,0
CAMEL-5460,0
CAMEL-5468,0
CAMEL-5438,1
CAMEL-5461,1
CAMEL-5472,0
CAMEL-5474,0
CAMEL-5470,0
CAMEL-5219,2
CAMEL-5454,1
CAMEL-5482,1
CAMEL-5485,1
CAMEL-5481,0
CAMEL-5489,1
CAMEL-5486,1
CAMEL-5499,0
CAMEL-5487,0
CAMEL-5403,1
CAMEL-5479,1
CAMEL-5407,1
CAMEL-5500,0
CAMEL-5492,1
CAMEL-5496,1
CAMEL-5495,1
CAMEL-5475,1
CAMEL-5501,0
CAMEL-5504,0
CAMEL-5508,0
CAMEL-5506,1
CAMEL-5411,1
CAMEL-5513,0
CAMEL-5502,1
CAMEL-5512,0
CAMEL-5511,0
CAMEL-5488,1
CAMEL-4303,1
CAMEL-5516,0
CAMEL-5517,0
CAMEL-5514,1
CAMEL-5509,0
CAMEL-5519,0
CAMEL-5518,1
CAMEL-5507,1
CAMEL-5527,0
CAMEL-5382,0
CAMEL-5528,0
CAMEL-5531,1
CAMEL-5521,1
CAMEL-5505,1
CAMEL-5328,1
CAMEL-5529,1
CAMEL-5540,0
CAMEL-5530,1
CAMEL-5537,1
CAMEL-5533,0
CAMEL-5526,1
CAMEL-5525,1
CAMEL-5446,1
CAMEL-5542,0
CAMEL-5541,2
CAMEL-5396,3
CAMEL-5547,1
CAMEL-4224,5
CAMEL-5544,1
CAMEL-5549,0
CAMEL-4691,1
CAMEL-5552,0
CAMEL-5494,1
CAMEL-5538,0
CAMEL-5543,1
CAMEL-5480,1
CAMEL-5545,5
CAMEL-5409,1
CAMEL-5560,0
CAMEL-5564,0
CAMEL-5565,0
CAMEL-5566,0
CAMEL-5570,1
CAMEL-5304,1
CAMEL-5554,1
CAMEL-5573,0
CAMEL-5562,1
CAMEL-5477,1
CAMEL-3104,1
CAMEL-4643,0
CAMEL-5575,2
CAMEL-5563,0
CAMEL-5584,0
CAMEL-5582,1
CAMEL-5580,1
CAMEL-5577,0
CAMEL-5436,1
CAMEL-3364,2
CAMEL-4734,0
CAMEL-5546,1
CAMEL-5550,1
CAMEL-5535,1
CAMEL-5240,1
CAMEL-5568,1
CAMEL-5569,1
CAMEL-5559,0
CAMEL-5556,1
CAMEL-5555,1
CAMEL-5551,1
CAMEL-5588,1
CAMEL-5589,0
CAMEL-5600,0
CAMEL-5591,0
CAMEL-5586,1
CAMEL-5607,0
CAMEL-5603,0
CAMEL-5610,0
CAMEL-5609,0
CAMEL-5615,0
CAMEL-5602,0
CAMEL-5595,0
CAMEL-5614,1
CAMEL-5596,0
CAMEL-5619,1
CAMEL-5613,1
CAMEL-5605,1
CAMEL-5627,0
CAMEL-5594,1
CAMEL-5414,1
CAMEL-5390,0
CAMEL-5626,1
CAMEL-5616,1
CAMEL-5624,1
CAMEL-5625,1
CAMEL-5632,1
CAMEL-5634,0
CAMEL-5631,1
CAMEL-5641,1
CAMEL-5642,0
CAMEL-5633,0
CAMEL-5617,0
CAMEL-5620,1
CAMEL-5644,0
CAMEL-5611,1
CAMEL-5640,1
CAMEL-4857,3
CAMEL-5622,0
CAMEL-5420,1
CAMEL-5647,0
CAMEL-5638,0
CAMEL-5649,1
CAMEL-5648,1
CAMEL-5497,1
CAMEL-5536,1
CAMEL-5655,1
CAMEL-5621,0
CAMEL-5405,1
CAMEL-5656,0
CAMEL-5658,0
CAMEL-5657,0
CAMEL-5659,0
CAMEL-5653,0
CAMEL-5652,0
CAMEL-5650,1
CAMEL-5630,0
CAMEL-5447,1
CAMEL-5661,0
CAMEL-5664,0
CAMEL-5571,1
CAMEL-5663,0
CAMEL-5592,1
CAMEL-5456,2
CAMEL-5672,0
CAMEL-5677,0
CAMEL-5578,0
CAMEL-5676,0
CAMEL-5675,1
CAMEL-5682,1
CAMEL-5686,0
CAMEL-5687,0
CAMEL-5681,0
CAMEL-5670,1
CAMEL-5688,0
CAMEL-5689,1
CAMEL-5668,1
CAMEL-5691,1
CAMEL-5693,0
CAMEL-5694,0
CAMEL-5667,0
CAMEL-5696,1
CAMEL-5702,0
CAMEL-5703,0
CAMEL-5697,1
CAMEL-5636,0
CAMEL-5707,0
CAMEL-5608,1
CAMEL-5712,1
CAMEL-5704,1
CAMEL-5710,1
CAMEL-5715,0
CAMEL-5713,1
CAMEL-5714,0
CAMEL-5721,0
CAMEL-5720,0
CAMEL-5725,0
CAMEL-5705,1
CAMEL-5726,0
CAMEL-5729,0
CAMEL-5730,1
CAMEL-5734,1
CAMEL-4171,1
CAMEL-5735,1
CAMEL-5733,1
CAMEL-5737,0
CAMEL-5736,0
CAMEL-5738,1
CAMEL-5732,1
CAMEL-5623,1
CAMEL-5490,1
CAMEL-5739,0
CAMEL-5746,1
CAMEL-5740,1
CAMEL-5701,0
CAMEL-5756,0
CAMEL-5749,1
CAMEL-5741,1
CAMEL-5722,0
CAMEL-5747,1
CAMEL-5579,1
CAMEL-5683,1
CAMEL-5760,0
CAMEL-5763,0
CAMEL-5534,1
CAMEL-5755,1
CAMEL-5764,0
CAMEL-5416,1
CAMEL-5765,0
CAMEL-5761,1
CAMEL-5766,0
CAMEL-5757,1
CAMEL-5769,0
CAMEL-5731,1
CAMEL-5770,0
CAMEL-5773,1
CAMEL-5745,1
CAMEL-5775,0
CAMEL-5524,2
CAMEL-5464,1
CAMEL-5872,1
CAMEL-5777,1
CAMEL-5849,1
CAMEL-5936,0
CAMEL-5840,1
CAMEL-5930,0
CAMEL-5934,0
CAMEL-5898,1
CAMEL-5674,1
CAMEL-5835,1
CAMEL-5213,1
CAMEL-5443,0
CAMEL-4851,1
CAMEL-5919,1
CAMEL-5915,0
CAMEL-5938,1
CAMEL-5937,0
CAMEL-5671,1
CAMEL-5939,1
CAMEL-5945,0
CAMEL-5865,0
CAMEL-5949,0
CAMEL-5948,0
CAMEL-5947,1
CAMEL-5944,2
CAMEL-5954,0
CAMEL-5955,0
CAMEL-5950,1
CAMEL-5943,1
CAMEL-5959,0
CAMEL-5708,1
CAMEL-5962,0
CAMEL-5942,1
CAMEL-5964,0
CAMEL-5933,1
CAMEL-5935,0
CAMEL-5973,0
CAMEL-5975,0
CAMEL-5075,0
CAMEL-5977,0
CAMEL-5976,0
CAMEL-5643,1
CAMEL-5890,0
CAMEL-5972,1
CAMEL-5924,1
CAMEL-5834,1
CAMEL-5779,2
CAMEL-5752,0
CAMEL-5750,0
CAMEL-5597,1
CAMEL-5522,1
CAMEL-5503,1
CAMEL-4209,2
CAMEL-5651,1
CAMEL-5931,0
CAMEL-5590,1
CAMEL-5957,1
CAMEL-5951,1
CAMEL-5700,1
CAMEL-5645,1
CAMEL-4869,1
CAMEL-5981,0
CAMEL-5788,0
CAMEL-5984,1
CAMEL-5905,0
CAMEL-5987,0
CAMEL-5982,1
CAMEL-5748,0
CAMEL-4931,1
CAMEL-5983,1
CAMEL-5358,1
CAMEL-5992,1
CAMEL-5998,1
CAMEL-5991,1
CAMEL-6008,0
CAMEL-5989,1
CAMEL-5574,1
CAMEL-6010,0
CAMEL-6005,0
CAMEL-5995,1
CAMEL-5994,1
CAMEL-5970,1
CAMEL-5821,1
CAMEL-4814,3
CAMEL-5999,1
CAMEL-5997,0
CAMEL-6011,0
CAMEL-6006,1
CAMEL-6023,0
CAMEL-5269,1
CAMEL-6024,1
CAMEL-4629,1
CAMEL-6019,1
CAMEL-6002,1
CAMEL-6022,1
CAMEL-6021,1
CAMEL-5971,2
CAMEL-6020,0
CAMEL-6013,1
CAMEL-6025,1
CAMEL-6030,0
CAMEL-5782,1
CAMEL-5785,1
CAMEL-5784,1
CAMEL-5783,1
CAMEL-5768,1
CAMEL-5557,1
CAMEL-5320,3
CAMEL-1069,3
CAMEL-5789,0
CAMEL-5678,3
CAMEL-5718,1
CAMEL-5792,0
CAMEL-5776,1
CAMEL-5388,1
CAMEL-5794,0
CAMEL-5799,1
CAMEL-5796,1
CAMEL-5803,1
CAMEL-5808,0
CAMEL-5805,0
CAMEL-5809,0
CAMEL-5751,1
CAMEL-5810,1
CAMEL-5813,1
CAMEL-5711,1
CAMEL-5767,0
CAMEL-5426,0
CAMEL-5816,1
CAMEL-5820,1
CAMEL-5801,1
CAMEL-5818,1
CAMEL-5812,1
CAMEL-5793,1
CAMEL-5822,0
CAMEL-5814,0
CAMEL-5791,1
CAMEL-5744,1
CAMEL-5830,1
CAMEL-5826,1
CAMEL-5823,1
CAMEL-5699,1
CAMEL-5824,1
CAMEL-5838,1
CAMEL-5841,1
CAMEL-5781,1
CAMEL-5847,1
CAMEL-5851,0
CAMEL-5855,0
CAMEL-5856,1
CAMEL-5859,0
CAMEL-5861,0
CAMEL-5862,0
CAMEL-5864,1
CAMEL-5874,0
CAMEL-5854,1
CAMEL-5873,0
CAMEL-5109,0
CAMEL-5875,1
CAMEL-5853,0
CAMEL-5868,1
CAMEL-5778,0
CAMEL-4963,1
CAMEL-5843,1
CAMEL-5844,1
CAMEL-5867,0
CAMEL-5863,0
CAMEL-5848,0
CAMEL-5827,1
CAMEL-5886,0
CAMEL-5846,1
CAMEL-5866,0
CAMEL-5897,0
CAMEL-5877,1
CAMEL-5899,0
CAMEL-5896,0
CAMEL-5901,0
CAMEL-5902,1
CAMEL-5888,1
CAMEL-5893,0
CAMEL-5881,1
CAMEL-5724,1
CAMEL-5887,1
CAMEL-5871,1
CAMEL-5908,1
CAMEL-5787,1
CAMEL-5910,1
CAMEL-5914,1
CAMEL-5912,0
CAMEL-5917,2
CAMEL-5907,1
CAMEL-5921,0
CAMEL-5523,1
CAMEL-5903,1
CAMEL-5923,0
CAMEL-5904,1
CAMEL-5906,1
CAMEL-5926,0
CAMEL-5925,3
CAMEL-5928,1
CAMEL-6031,0
CAMEL-5889,1
CAMEL-6016,1
CAMEL-5774,1
CAMEL-5459,1
CAMEL-5965,2
CAMEL-5974,0
CAMEL-5953,1
CAMEL-6036,1
CAMEL-6033,1
CAMEL-6035,1
CAMEL-6038,0
CAMEL-5206,1
CAMEL-6045,1
CAMEL-6046,1
CAMEL-6050,0
CAMEL-6048,1
CAMEL-6051,0
CAMEL-6055,0
CAMEL-6053,0
CAMEL-6032,0
CAMEL-6059,1
CAMEL-6001,1
CAMEL-6052,1
CAMEL-6057,1
CAMEL-6060,0
CAMEL-6069,1
CAMEL-6068,1
CAMEL-6064,1
CAMEL-6063,1
CAMEL-6054,1
CAMEL-6072,0
CAMEL-6073,0
CAMEL-6074,0
CAMEL-6075,0
CAMEL-6066,1
CAMEL-5807,1
CAMEL-6081,1
CAMEL-6080,1
CAMEL-6079,1
CAMEL-6061,1
CAMEL-6085,0
CAMEL-6092,1
CAMEL-6088,1
CAMEL-6090,0
CAMEL-6096,1
CAMEL-6102,0
CAMEL-6110,0
CAMEL-5968,1
CAMEL-6043,1
CAMEL-6084,0
CAMEL-6047,1
CAMEL-6089,1
CAMEL-5817,1
CAMEL-6039,0
CAMEL-6109,1
CAMEL-6111,0
CAMEL-6114,0
CAMEL-6100,1
CAMEL-6097,1
CAMEL-6101,1
CAMEL-6119,0
CAMEL-6105,1
CAMEL-6112,1
CAMEL-6127,1
CAMEL-6122,1
CAMEL-5960,1
CAMEL-6128,0
CAMEL-6131,1
CAMEL-6135,0
CAMEL-6136,1
CAMEL-6140,1
CAMEL-6141,1
CAMEL-6125,1
CAMEL-6142,0
CAMEL-6138,1
CAMEL-5967,0
CAMEL-6145,0
CAMEL-6146,0
CAMEL-6116,1
CAMEL-5860,1
CAMEL-6153,1
CAMEL-6120,1
CAMEL-6129,0
CAMEL-6130,1
CAMEL-5979,1
CAMEL-6040,1
CAMEL-5969,1
CAMEL-6155,0
CAMEL-6147,1
CAMEL-6017,0
CAMEL-6159,1
CAMEL-6156,1
CAMEL-6166,0
CAMEL-6164,0
CAMEL-6160,1
CAMEL-6169,1
CAMEL-6056,1
CAMEL-6172,1
CAMEL-6170,0
CAMEL-6121,1
CAMEL-6173,0
CAMEL-5990,1
CAMEL-6177,0
CAMEL-6175,0
CAMEL-6149,0
CAMEL-6148,0
CAMEL-5753,1
CAMEL-6184,0
CAMEL-6026,0
CAMEL-6183,1
CAMEL-6152,1
CAMEL-6189,1
CAMEL-6168,1
CAMEL-5837,1
CAMEL-6186,1
CAMEL-6192,0
CAMEL-6154,1
CAMEL-6193,0
CAMEL-6161,1
CAMEL-6181,1
CAMEL-6195,1
CAMEL-4693,1
CAMEL-6123,0
CAMEL-6199,0
CAMEL-6200,0
CAMEL-6207,0
CAMEL-6202,1
CAMEL-6179,1
CAMEL-6204,1
CAMEL-6037,1
CAMEL-5453,3
CAMEL-6208,0
CAMEL-6176,1
CAMEL-6210,0
CAMEL-6217,0
CAMEL-6205,1
CAMEL-6178,1
CAMEL-6220,0
CAMEL-6117,1
CAMEL-6216,1
CAMEL-5698,0
CAMEL-6188,1
CAMEL-6171,1
CAMEL-6225,1
CAMEL-6227,1
CAMEL-5916,0
CAMEL-6229,1
CAMEL-5278,1
CAMEL-6230,0
CAMEL-6235,0
CAMEL-6218,1
CAMEL-6239,0
CAMEL-6237,0
CAMEL-6233,1
CAMEL-6241,0
CAMEL-6242,0
CAMEL-6244,0
CAMEL-6182,0
CAMEL-6042,1
CAMEL-6247,0
CAMEL-6249,0
CAMEL-6259,0
CAMEL-6255,0
CAMEL-6268,0
CAMEL-6278,1
CAMEL-6281,1
CAMEL-6286,1
CAMEL-6277,1
CAMEL-6276,1
CAMEL-6280,1
CAMEL-6274,1
CAMEL-6282,0
CAMEL-6283,0
CAMEL-6262,1
CAMEL-6275,1
CAMEL-6271,0
CAMEL-6264,1
CAMEL-6272,1
CAMEL-6270,0
CAMEL-6265,0
CAMEL-6260,1
CAMEL-6261,0
CAMEL-6267,0
CAMEL-6299,0
CAMEL-6300,1
CAMEL-6298,1
CAMEL-6301,0
CAMEL-6297,1
CAMEL-6306,0
CAMEL-6304,0
CAMEL-6303,1
CAMEL-6308,1
CAMEL-6293,1
CAMEL-6307,1
CAMEL-6311,0
CAMEL-6312,0
CAMEL-6313,1
CAMEL-6310,0
CAMEL-6302,1
CAMEL-4515,2
CAMEL-6434,1
CAMEL-6431,0
CAMEL-6429,1
CAMEL-5829,3
CAMEL-6432,0
CAMEL-6448,1
CAMEL-6442,1
CAMEL-6451,0
CAMEL-6445,1
CAMEL-6456,0
CAMEL-6453,0
CAMEL-6449,0
CAMEL-6471,1
CAMEL-6455,0
CAMEL-6464,1
CAMEL-6470,0
CAMEL-6478,1
CAMEL-6317,2
CAMEL-6473,0
CAMEL-6004,1
CAMEL-6477,1
CAMEL-6479,1
CAMEL-6480,0
CAMEL-6482,0
CAMEL-6483,0
CAMEL-6465,1
CAMEL-6481,1
CAMEL-6485,1
CAMEL-6327,0
CAMEL-6446,1
CAMEL-6491,0
CAMEL-6488,0
CAMEL-6496,0
CAMEL-6495,0
CAMEL-6492,1
CAMEL-6252,1
CAMEL-6497,0
CAMEL-6494,0
CAMEL-6501,1
CAMEL-6490,1
CAMEL-6499,1
CAMEL-6503,0
CAMEL-6504,1
CAMEL-6506,1
CAMEL-6502,1
CAMEL-6266,1
CAMEL-6507,2
CAMEL-6498,1
CAMEL-6320,1
CAMEL-6515,0
CAMEL-6518,0
CAMEL-6519,0
CAMEL-6520,0
CAMEL-6521,0
CAMEL-6414,1
CAMEL-6522,0
CAMEL-6527,0
CAMEL-6528,0
CAMEL-6529,0
CAMEL-6530,0
CAMEL-6524,0
CAMEL-6537,0
CAMEL-6536,1
CAMEL-6516,1
CAMEL-6514,1
CAMEL-6517,0
CAMEL-6486,1
CAMEL-6531,0
CAMEL-6532,0
CAMEL-6533,0
CAMEL-6538,0
CAMEL-6540,0
CAMEL-6493,0
CAMEL-6541,1
CAMEL-6539,1
CAMEL-6487,1
CAMEL-6548,2
CAMEL-6407,0
CAMEL-6467,1
CAMEL-6546,0
CAMEL-6139,1
CAMEL-6547,0
CAMEL-6408,1
CAMEL-6549,1
CAMEL-6553,0
CAMEL-6424,0
CAMEL-6554,0
CAMEL-5425,1
CAMEL-6544,0
CAMEL-5883,1
CAMEL-6292,1
CAMEL-6505,1
CAMEL-6560,1
CAMEL-6452,1
CAMEL-6563,1
CAMEL-6461,1
CAMEL-6476,0
CAMEL-6534,1
CAMEL-6459,1
CAMEL-6463,1
CAMEL-6305,1
CAMEL-6322,0
CAMEL-6323,2
CAMEL-6330,0
CAMEL-5880,1
CAMEL-6331,0
CAMEL-6284,1
CAMEL-6344,0
CAMEL-6328,1
CAMEL-6340,1
CAMEL-6347,0
CAMEL-6343,1
CAMEL-5359,1
CAMEL-6348,1
CAMEL-6315,1
CAMEL-6349,0
CAMEL-6350,0
CAMEL-6234,0
CAMEL-6246,1
CAMEL-6351,0
CAMEL-6352,0
CAMEL-6354,1
CAMEL-6355,0
CAMEL-6353,0
CAMEL-6357,0
CAMEL-6333,1
CAMEL-6359,1
CAMEL-6345,0
CAMEL-6361,1
CAMEL-6363,1
CAMEL-6369,1
CAMEL-6191,1
CAMEL-6373,1
CAMEL-6374,0
CAMEL-6372,0
CAMEL-6115,1
CAMEL-6371,0
CAMEL-6375,1
CAMEL-6364,0
CAMEL-6341,1
CAMEL-6257,1
CAMEL-6290,1
CAMEL-6285,1
CAMEL-6383,0
CAMEL-6384,0
CAMEL-6358,0
CAMEL-6296,1
CAMEL-6078,1
CAMEL-6318,1
CAMEL-6389,0
CAMEL-6391,0
CAMEL-6394,0
CAMEL-2989,0
CAMEL-1386,0
CAMEL-6392,1
CAMEL-6395,0
CAMEL-6385,1
CAMEL-6396,0
CAMEL-5383,2
CAMEL-6356,1
CAMEL-6397,0
CAMEL-5978,1
CAMEL-6326,1
CAMEL-6398,0
CAMEL-2620,2
CAMEL-4593,1
CAMEL-4966,1
CAMEL-5639,1
CAMEL-5228,2
CAMEL-5878,1
CAMEL-6196,1
CAMEL-6113,1
CAMEL-6379,1
CAMEL-6402,1
CAMEL-6390,1
CAMEL-6405,1
CAMEL-6404,1
CAMEL-6041,1
CAMEL-6370,1
CAMEL-6409,1
CAMEL-6410,0
CAMEL-6412,0
CAMEL-6413,0
CAMEL-6157,1
CAMEL-6197,1
CAMEL-6324,1
CAMEL-6190,1
CAMEL-6416,1
CAMEL-6388,1
CAMEL-6417,0
CAMEL-6253,0
CAMEL-6418,0
CAMEL-6346,0
CAMEL-6151,1
CAMEL-5828,1
CAMEL-6419,0
CAMEL-6421,0
CAMEL-5819,0
CAMEL-6426,1
CAMEL-6422,0
CAMEL-6441,1
CAMEL-6443,1
CAMEL-6438,0
CAMEL-6309,1
CAMEL-6569,0
CAMEL-6564,0
CAMEL-6474,0
CAMEL-6570,1
CAMEL-6559,0
CAMEL-6144,1
CAMEL-6572,1
CAMEL-6571,0
CAMEL-6580,0
CAMEL-6583,0
CAMEL-6581,0
CAMEL-6508,0
CAMEL-6585,0
CAMEL-6578,0
CAMEL-6335,1
CAMEL-4974,1
CAMEL-6377,0
CAMEL-6573,0
CAMEL-6436,1
CAMEL-6587,1
CAMEL-6576,0
CAMEL-6590,1
CAMEL-6594,0
CAMEL-6567,1
CAMEL-6595,1
CAMEL-6598,0
CAMEL-6599,0
CAMEL-6597,0
CAMEL-6603,1
CAMEL-6588,1
CAMEL-6604,0
CAMEL-6596,0
CAMEL-6608,1
CAMEL-6592,1
CAMEL-6611,0
CAMEL-6607,1
CAMEL-6165,1
CAMEL-5037,0
CAMEL-4855,1
CAMEL-6614,0
CAMEL-6561,1
CAMEL-6444,1
CAMEL-6000,1
CAMEL-4928,1
CAMEL-6615,1
CAMEL-6610,1
CAMEL-6617,0
CAMEL-4703,1
CAMEL-6602,1
CAMEL-3338,1
CAMEL-6403,1
CAMEL-6621,1
CAMEL-6619,1
CAMEL-6366,1
CAMEL-4075,5
CAMEL-6627,0
CAMEL-6628,1
CAMEL-6236,0
CAMEL-6626,1
CAMEL-6631,0
CAMEL-6634,0
CAMEL-6633,0
CAMEL-6637,1
CAMEL-6435,1
CAMEL-6638,0
CAMEL-6639,0
CAMEL-6625,1
CAMEL-6622,1
CAMEL-6640,1
CAMEL-6641,1
CAMEL-6642,0
CAMEL-4876,1
CAMEL-6644,0
CAMEL-6609,0
CAMEL-6651,0
CAMEL-6650,0
CAMEL-6091,3
CAMEL-5932,1
CAMEL-6630,1
CAMEL-6575,1
CAMEL-6545,1
CAMEL-3096,2
CAMEL-6653,0
CAMEL-6378,0
CAMEL-6591,1
CAMEL-6659,0
CAMEL-6657,1
CAMEL-6656,1
CAMEL-6586,0
CAMEL-6662,0
CAMEL-6663,0
CAMEL-6447,1
CAMEL-6393,1
CAMEL-6593,1
CAMEL-6658,1
CAMEL-6652,1
CAMEL-6018,1
CAMEL-6556,1
CAMEL-6557,1
CAMEL-6606,1
CAMEL-6666,0
CAMEL-6067,1
CAMEL-6655,1
CAMEL-6667,0
CAMEL-6291,1
CAMEL-3215,1
CAMEL-6605,1
CAMEL-6258,1
CAMEL-6187,1
CAMEL-5376,1
CAMEL-6672,0
CAMEL-6673,1
CAMEL-6674,0
CAMEL-6680,0
CAMEL-4321,3
CAMEL-6682,0
CAMEL-6681,1
CAMEL-6629,1
CAMEL-6542,0
CAMEL-6684,0
CAMEL-6093,1
CAMEL-6692,0
CAMEL-6691,1
CAMEL-6693,0
CAMEL-6466,1
CAMEL-6688,1
CAMEL-6687,1
CAMEL-6683,0
CAMEL-6697,0
CAMEL-6428,1
CAMEL-6339,3
CAMEL-6699,0
CAMEL-6696,0
CAMEL-6700,0
CAMEL-6702,0
CAMEL-6704,0
CAMEL-6695,1
CAMEL-6701,1
CAMEL-6705,0
CAMEL-6706,0
CAMEL-6671,0
CAMEL-6709,0
CAMEL-6710,0
CAMEL-6714,0
CAMEL-6719,0
CAMEL-6711,1
CAMEL-6723,0
CAMEL-6722,0
CAMEL-6718,1
CAMEL-6725,0
CAMEL-6724,0
CAMEL-6728,0
CAMEL-6730,0
CAMEL-6734,1
CAMEL-6677,1
CAMEL-6726,1
CAMEL-6737,0
CAMEL-6741,0
CAMEL-6727,1
CAMEL-6743,0
CAMEL-6744,0
CAMEL-6745,0
CAMEL-6676,1
CAMEL-6738,1
CAMEL-6740,1
CAMEL-6749,0
CAMEL-6748,1
CAMEL-6754,1
CAMEL-6752,1
CAMEL-6500,1
CAMEL-6729,1
CAMEL-6750,1
CAMEL-6690,0
CAMEL-6751,1
CAMEL-6758,3
CAMEL-6760,1
CAMEL-6762,0
CAMEL-6757,1
CAMEL-6761,0
CAMEL-6731,0
CAMEL-6678,1
CAMEL-6759,1
CAMEL-6440,2
CAMEL-6763,0
CAMEL-6764,0
CAMEL-6765,0
CAMEL-6368,1
CAMEL-6755,1
CAMEL-5510,1
CAMEL-6766,0
CAMEL-6772,0
CAMEL-6686,1
CAMEL-6773,0
CAMEL-6778,0
CAMEL-6776,0
CAMEL-6780,0
CAMEL-6775,0
CAMEL-4257,1
CAMEL-6770,0
CAMEL-6782,0
CAMEL-6787,0
CAMEL-6753,1
CAMEL-6789,1
CAMEL-6795,0
CAMEL-6785,1
CAMEL-6769,1
CAMEL-6796,0
CAMEL-5771,1
CAMEL-6792,1
CAMEL-6781,1
CAMEL-6800,0
CAMEL-6771,1
CAMEL-6797,1
CAMEL-6802,0
CAMEL-6801,1
CAMEL-6612,2
CAMEL-6675,1
CAMEL-5922,3
CAMEL-6804,0
CAMEL-6746,1
CAMEL-6654,1
CAMEL-6779,1
CAMEL-6805,1
CAMEL-6818,0
CAMEL-6240,1
CAMEL-6817,1
CAMEL-6613,2
CAMEL-6808,1
CAMEL-6810,1
CAMEL-6830,0
CAMEL-6790,1
CAMEL-6238,2
CAMEL-6825,1
CAMEL-6806,0
CAMEL-6831,0
CAMEL-6834,0
CAMEL-6835,0
CAMEL-6739,1
CAMEL-6833,0
CAMEL-4015,1
CAMEL-6839,1
CAMEL-6845,1
CAMEL-6852,0
CAMEL-6849,0
CAMEL-6767,1
CAMEL-6843,0
CAMEL-6856,0
CAMEL-6853,1
CAMEL-6841,0
CAMEL-6836,1
CAMEL-6837,1
CAMEL-6670,1
CAMEL-6850,1
CAMEL-6194,1
CAMEL-6851,1
CAMEL-6842,1
CAMEL-6832,1
CAMEL-6828,1
CAMEL-6823,1
CAMEL-6859,1
CAMEL-6862,0
CAMEL-6861,0
CAMEL-6381,1
CAMEL-6870,0
CAMEL-6793,1
CAMEL-6028,2
CAMEL-6872,0
CAMEL-6584,1
CAMEL-6860,1
CAMEL-6708,1
CAMEL-6243,1
CAMEL-6876,0
CAMEL-6874,0
CAMEL-6867,0
CAMEL-6873,1
CAMEL-6877,1
CAMEL-6879,0
CAMEL-6880,0
CAMEL-6882,0
CAMEL-6871,1
CAMEL-6857,1
CAMEL-6866,1
CAMEL-6881,1
CAMEL-6885,0
CAMEL-6886,0
CAMEL-6892,0
CAMEL-6889,0
CAMEL-6774,1
CAMEL-6893,0
CAMEL-6894,0
CAMEL-6888,0
CAMEL-6847,1
CAMEL-6904,0
CAMEL-6903,0
CAMEL-6883,1
CAMEL-6905,1
CAMEL-6890,1
CAMEL-6821,1
CAMEL-6908,0
CAMEL-6907,0
CAMEL-6895,1
CAMEL-6910,0
CAMEL-6875,1
CAMEL-6887,0
CAMEL-6742,1
CAMEL-6786,1
CAMEL-6906,1
CAMEL-6362,1
CAMEL-6915,0
CAMEL-6921,0
CAMEL-6919,1
CAMEL-6923,0
CAMEL-6917,0
CAMEL-6929,0
CAMEL-6185,1
CAMEL-6733,1
CAMEL-6938,0
CAMEL-6935,0
CAMEL-6933,0
CAMEL-6918,0
CAMEL-6926,1
CAMEL-6932,1
CAMEL-6942,1
CAMEL-5790,1
CAMEL-6945,0
CAMEL-6946,0
CAMEL-6947,0
CAMEL-6909,1
CAMEL-6941,1
CAMEL-6949,0
CAMEL-6948,0
CAMEL-6920,1
CAMEL-6574,1
CAMEL-6916,1
CAMEL-6951,0
CAMEL-6936,1
CAMEL-6086,0
CAMEL-6846,1
CAMEL-6953,1
CAMEL-6954,0
CAMEL-6899,1
CAMEL-6107,1
CAMEL-6956,1
CAMEL-6957,0
CAMEL-6958,0
CAMEL-6960,0
CAMEL-6959,1
CAMEL-6964,1
CAMEL-6962,1
CAMEL-6963,0
CAMEL-6965,0
CAMEL-6940,1
CAMEL-6966,0
CAMEL-6970,0
CAMEL-6967,1
CAMEL-6974,1
CAMEL-6972,0
CAMEL-6980,0
CAMEL-6981,0
CAMEL-6982,0
CAMEL-6983,0
CAMEL-6878,1
CAMEL-6985,0
CAMEL-6989,0
CAMEL-6987,3
CAMEL-6952,0
CAMEL-6971,0
CAMEL-6995,0
CAMEL-6996,1
CAMEL-6990,0
CAMEL-6994,1
CAMEL-6689,1
CAMEL-6991,1
CAMEL-7000,0
CAMEL-7001,0
CAMEL-6911,1
CAMEL-7004,0
CAMEL-7011,0
CAMEL-6973,0
CAMEL-6809,1
CAMEL-7005,0
CAMEL-7006,1
CAMEL-7016,0
CAMEL-7018,0
CAMEL-7017,0
CAMEL-7020,0
CAMEL-6998,1
CAMEL-7013,1
CAMEL-7021,1
CAMEL-7022,0
CAMEL-7026,0
CAMEL-7025,1
CAMEL-7029,0
CAMEL-7028,0
CAMEL-7009,1
CAMEL-7162,0
CAMEL-7031,1
CAMEL-7160,1
CAMEL-7159,0
CAMEL-7139,1
CAMEL-7163,0
CAMEL-7164,0
CAMEL-7165,0
CAMEL-7168,1
CAMEL-7172,0
CAMEL-7173,1
CAMEL-7167,1
CAMEL-7175,0
CAMEL-7131,0
CAMEL-7146,1
CAMEL-6365,1
CAMEL-7112,1
CAMEL-7125,1
CAMEL-7176,0
CAMEL-7002,1
CAMEL-7181,0
CAMEL-7150,0
CAMEL-7182,0
CAMEL-7177,0
CAMEL-7183,0
CAMEL-7170,0
CAMEL-7185,0
CAMEL-7186,0
CAMEL-7190,1
CAMEL-7188,0
CAMEL-7192,1
CAMEL-7187,0
CAMEL-7200,0
CAMEL-7195,2
CAMEL-7202,0
CAMEL-7203,0
CAMEL-7198,1
CAMEL-7205,0
CAMEL-7184,1
CAMEL-7208,0
CAMEL-7210,0
CAMEL-7211,0
CAMEL-7212,0
CAMEL-7209,1
CAMEL-7171,1
CAMEL-7213,0
CAMEL-6824,0
CAMEL-7155,1
CAMEL-6978,1
CAMEL-6838,1
CAMEL-7207,1
CAMEL-7218,0
CAMEL-7216,0
CAMEL-7219,0
CAMEL-7221,0
CAMEL-7222,0
CAMEL-7201,1
CAMEL-7223,0
CAMEL-7053,1
CAMEL-7226,1
CAMEL-7092,0
CAMEL-7191,1
CAMEL-7230,0
CAMEL-7215,1
CAMEL-7232,0
CAMEL-6777,2
CAMEL-7148,1
CAMEL-7228,1
CAMEL-7239,0
CAMEL-7240,0
CAMEL-7178,1
CAMEL-7242,1
CAMEL-7250,0
CAMEL-7244,1
CAMEL-7254,1
CAMEL-7252,1
CAMEL-7251,1
CAMEL-7241,1
CAMEL-7217,0
CAMEL-7156,1
CAMEL-7258,1
CAMEL-7260,1
CAMEL-6803,1
CAMEL-6337,1
CAMEL-7229,1
CAMEL-6321,2
CAMEL-7265,0
CAMEL-2823,3
CAMEL-7262,1
CAMEL-7267,0
CAMEL-7268,1
CAMEL-7194,1
CAMEL-7253,1
CAMEL-7147,1
CAMEL-7256,1
CAMEL-7238,1
CAMEL-7261,0
CAMEL-7274,1
CAMEL-7275,0
CAMEL-7272,1
CAMEL-7032,0
CAMEL-7277,0
CAMEL-7034,0
CAMEL-7035,0
CAMEL-7030,0
CAMEL-7037,0
CAMEL-7038,0
CAMEL-7041,0
CAMEL-7045,0
CAMEL-7044,0
CAMEL-7036,0
CAMEL-6551,1
CAMEL-6854,1
CAMEL-7058,0
CAMEL-7060,0
CAMEL-7062,0
CAMEL-7061,1
CAMEL-7057,1
CAMEL-7056,1
CAMEL-7064,1
CAMEL-7065,0
CAMEL-7068,1
CAMEL-7066,1
CAMEL-7055,1
CAMEL-6868,2
CAMEL-7070,1
CAMEL-7073,1
CAMEL-7076,0
CAMEL-7075,1
CAMEL-7072,1
CAMEL-7077,1
CAMEL-7078,1
CAMEL-7082,0
CAMEL-7087,1
CAMEL-7079,1
CAMEL-7042,1
CAMEL-7086,0
CAMEL-7088,1
CAMEL-7085,0
CAMEL-7083,1
CAMEL-7080,1
CAMEL-7093,1
CAMEL-6623,3
CAMEL-7097,0
CAMEL-7096,0
CAMEL-7098,0
CAMEL-7099,0
CAMEL-7101,1
CAMEL-6661,1
CAMEL-6914,1
CAMEL-7102,1
CAMEL-7010,0
CAMEL-6126,1
CAMEL-7051,1
CAMEL-7103,0
CAMEL-7100,2
CAMEL-7048,1
CAMEL-7052,1
CAMEL-6975,1
CAMEL-6822,1
CAMEL-7106,1
CAMEL-7014,1
CAMEL-7110,0
CAMEL-7111,0
CAMEL-7109,1
CAMEL-7104,1
CAMEL-7090,0
CAMEL-6993,1
CAMEL-7113,1
CAMEL-7119,0
CAMEL-6969,1
CAMEL-7116,1
CAMEL-7123,0
CAMEL-7117,1
CAMEL-7120,1
CAMEL-7107,1
CAMEL-7122,1
CAMEL-7105,1
CAMEL-7124,0
CAMEL-7129,0
CAMEL-7130,0
CAMEL-7134,0
CAMEL-7138,0
CAMEL-7067,2
CAMEL-7142,1
CAMEL-7140,0
CAMEL-7145,0
CAMEL-6925,1
CAMEL-7126,1
CAMEL-7137,0
CAMEL-7154,0
CAMEL-7135,1
CAMEL-7049,1
CAMEL-7132,1
CAMEL-5940,1
CAMEL-6717,1
CAMEL-6922,1
CAMEL-7069,0
CAMEL-6988,1
CAMEL-7161,0
CAMEL-7143,1
CAMEL-7264,1
CAMEL-7279,0
CAMEL-7280,0
CAMEL-7276,1
CAMEL-7128,0
CAMEL-6665,1
CAMEL-7273,1
CAMEL-7281,1
CAMEL-7282,0
CAMEL-7286,0
CAMEL-7284,1
CAMEL-7227,2
CAMEL-7214,1
CAMEL-7257,1
CAMEL-7287,1
CAMEL-7292,1
CAMEL-7290,0
CAMEL-7283,2
CAMEL-7295,0
CAMEL-7293,1
CAMEL-7278,1
CAMEL-3933,1
CAMEL-7299,0
CAMEL-7249,1
CAMEL-7300,1
CAMEL-7289,1
CAMEL-7231,0
CAMEL-6820,1
CAMEL-7298,1
CAMEL-7305,1
CAMEL-7303,1
CAMEL-7285,1
CAMEL-7309,0
CAMEL-7304,1
CAMEL-7310,0
CAMEL-7311,0
CAMEL-7312,0
CAMEL-7323,0
CAMEL-7320,1
CAMEL-7328,0
CAMEL-7321,0
CAMEL-7308,1
CAMEL-7329,1
CAMEL-7330,1
CAMEL-7331,1
CAMEL-7319,1
CAMEL-7296,1
CAMEL-7315,1
CAMEL-7081,1
CAMEL-7317,1
CAMEL-7327,1
CAMEL-7336,0
CAMEL-7334,0
CAMEL-7333,0
CAMEL-7313,1
CAMEL-7033,1
CAMEL-7337,1
CAMEL-7326,0
CAMEL-7341,1
CAMEL-7343,1
CAMEL-6458,1
CAMEL-7347,0
CAMEL-7344,1
CAMEL-6694,2
CAMEL-7355,0
CAMEL-7356,1
CAMEL-7353,1
CAMEL-7351,1
CAMEL-7346,0
CAMEL-7362,0
CAMEL-7357,1
CAMEL-7360,1
CAMEL-7359,1
CAMEL-7324,1
CAMEL-7335,1
CAMEL-7338,1
CAMEL-7141,1
CAMEL-7365,1
CAMEL-7369,1
CAMEL-7118,1
CAMEL-7363,1
CAMEL-7370,0
CAMEL-7361,1
CAMEL-7372,1
CAMEL-7386,0
CAMEL-7368,1
CAMEL-7389,1
CAMEL-7387,0
CAMEL-7373,1
CAMEL-7379,0
CAMEL-6668,1
CAMEL-7382,1
CAMEL-7391,1
CAMEL-7383,0
CAMEL-7388,0
CAMEL-7393,0
CAMEL-7394,0
CAMEL-7395,1
CAMEL-7377,1
CAMEL-7358,1
CAMEL-7396,0
CAMEL-7397,0
CAMEL-7271,1
CAMEL-7401,0
CAMEL-7121,1
CAMEL-7400,1
CAMEL-7399,1
CAMEL-7406,0
CAMEL-7398,1
CAMEL-7306,1
CAMEL-7409,0
CAMEL-7225,1
CAMEL-7410,1
CAMEL-7411,1
CAMEL-7423,0
CAMEL-7412,0
CAMEL-7424,1
CAMEL-7426,0
CAMEL-7427,0
CAMEL-7430,0
CAMEL-7435,0
CAMEL-7436,0
CAMEL-7431,1
CAMEL-6716,1
CAMEL-6819,1
CAMEL-7416,1
CAMEL-7441,1
CAMEL-7440,1
CAMEL-7446,1
CAMEL-7316,0
CAMEL-7449,1
CAMEL-7442,1
CAMEL-7459,1
CAMEL-7451,1
CAMEL-7462,0
CAMEL-7415,0
CAMEL-7465,1
CAMEL-7404,1
CAMEL-7457,0
CAMEL-7127,1
CAMEL-7447,1
CAMEL-7470,1
CAMEL-7450,1
CAMEL-7472,0
CAMEL-7466,1
CAMEL-7468,0
CAMEL-7422,0
CAMEL-7479,1
CAMEL-7478,1
CAMEL-7455,1
CAMEL-7484,0
CAMEL-7483,1
CAMEL-7471,1
CAMEL-7375,1
CAMEL-7486,1
CAMEL-7494,0
CAMEL-7380,1
CAMEL-7502,1
CAMEL-7497,1
CAMEL-6869,2
CAMEL-7384,1
CAMEL-7453,0
CAMEL-7491,0
CAMEL-7496,0
CAMEL-7506,0
CAMEL-7508,1
CAMEL-7507,1
CAMEL-7514,0
CAMEL-7513,1
CAMEL-7518,0
CAMEL-7429,1
CAMEL-7524,1
CAMEL-7527,1
CAMEL-7189,1
CAMEL-7504,1
CAMEL-7529,1
CAMEL-7531,0
CAMEL-7541,0
CAMEL-7542,0
CAMEL-7544,1
CAMEL-7545,0
CAMEL-7546,0
CAMEL-7458,1
CAMEL-7405,3
CAMEL-7407,1
CAMEL-7432,1
CAMEL-6939,1
CAMEL-7562,0
CAMEL-7560,0
CAMEL-7535,1
CAMEL-7540,1
CAMEL-7549,0
CAMEL-7537,1
CAMEL-7533,1
CAMEL-7534,1
CAMEL-7530,1
CAMEL-7523,1
CAMEL-7566,1
CAMEL-7418,1
CAMEL-7569,1
CAMEL-7571,0
CAMEL-7574,1
CAMEL-7572,1
CAMEL-7570,0
CAMEL-7567,0
CAMEL-7573,1
CAMEL-7521,1
CAMEL-7557,1
CAMEL-7577,0
CAMEL-7525,1
CAMEL-7579,1
CAMEL-7578,1
CAMEL-7583,0
CAMEL-7532,0
CAMEL-7538,0
CAMEL-7584,0
CAMEL-7539,0
CAMEL-7587,1
CAMEL-7563,1
CAMEL-4817,0
CAMEL-7593,0
CAMEL-7594,0
CAMEL-7595,0
CAMEL-7477,1
CAMEL-7599,1
CAMEL-7611,1
CAMEL-7610,1
CAMEL-7586,1
CAMEL-7600,1
CAMEL-7604,0
CAMEL-7605,1
CAMEL-7617,0
CAMEL-7456,1
CAMEL-7626,0
CAMEL-7624,0
CAMEL-7622,1
CAMEL-7629,0
CAMEL-7606,1
CAMEL-7596,1
CAMEL-7582,1
CAMEL-7498,1
CAMEL-7618,1
CAMEL-5604,4
CAMEL-7613,1
CAMEL-7633,0
CAMEL-7598,1
CAMEL-7631,1
CAMEL-7636,1
CAMEL-7637,0
CAMEL-7630,0
CAMEL-6555,3
CAMEL-7639,0
CAMEL-7642,0
CAMEL-7641,0
CAMEL-7619,0
CAMEL-7647,0
CAMEL-7648,0
CAMEL-7646,1
CAMEL-7649,0
CAMEL-7650,1
CAMEL-7655,1
CAMEL-7632,1
CAMEL-7656,0
CAMEL-7645,1
CAMEL-7657,1
CAMEL-7653,1
CAMEL-7667,0
CAMEL-7666,0
CAMEL-7510,1
CAMEL-7669,1
CAMEL-7620,0
CAMEL-7674,1
CAMEL-7675,0
CAMEL-7680,1
CAMEL-7679,1
CAMEL-7682,0
CAMEL-7603,0
CAMEL-7686,1
CAMEL-7597,0
CAMEL-7602,1
CAMEL-5286,1
CAMEL-7592,0
CAMEL-7691,0
CAMEL-7681,1
CAMEL-7654,1
CAMEL-7690,0
CAMEL-7659,1
CAMEL-7695,0
CAMEL-7554,1
CAMEL-7701,1
CAMEL-7702,0
CAMEL-7707,0
CAMEL-7706,0
CAMEL-7709,1
CAMEL-7711,0
CAMEL-7694,1
CAMEL-6827,1
CAMEL-7700,0
CAMEL-7589,1
CAMEL-7712,1
CAMEL-7635,1
CAMEL-7714,0
CAMEL-7717,0
CAMEL-7718,1
CAMEL-7713,0
CAMEL-7715,1
CAMEL-7720,0
CAMEL-7721,0
CAMEL-7719,0
CAMEL-7520,0
CAMEL-7723,1
CAMEL-7482,0
CAMEL-7614,1
CAMEL-7608,2
CAMEL-7727,1
CAMEL-7726,1
CAMEL-7728,0
CAMEL-7725,1
CAMEL-7724,1
CAMEL-7730,1
CAMEL-7734,1
CAMEL-7736,0
CAMEL-7735,0
CAMEL-7696,0
CAMEL-7738,1
CAMEL-7007,0
CAMEL-7485,1
CAMEL-7676,1
CAMEL-7731,1
CAMEL-7515,1
CAMEL-6568,1
CAMEL-7487,0
CAMEL-7553,0
CAMEL-7517,1
CAMEL-7516,1
CAMEL-7509,1
CAMEL-7512,1
CAMEL-7511,1
CAMEL-6999,2
CAMEL-7505,1
CAMEL-7493,1
CAMEL-7499,1
CAMEL-5353,0
CAMEL-6162,1
CAMEL-5377,2
CAMEL-7615,1
CAMEL-7740,1
CAMEL-7495,0
CAMEL-7663,1
CAMEL-7288,1
CAMEL-7548,1
CAMEL-7743,1
CAMEL-7744,0
CAMEL-7745,1
CAMEL-7742,1
CAMEL-7354,1
CAMEL-7467,0
CAMEL-7747,0
CAMEL-7689,0
CAMEL-7576,1
CAMEL-7748,1
CAMEL-7749,1
CAMEL-7688,1
CAMEL-7448,1
CAMEL-7751,1
CAMEL-7552,1
CAMEL-7673,1
CAMEL-7628,1
CAMEL-7754,1
CAMEL-7753,0
CAMEL-7756,1
CAMEL-7403,1
CAMEL-7761,0
CAMEL-7763,0
CAMEL-7759,0
CAMEL-7114,1
CAMEL-7757,1
CAMEL-7765,1
CAMEL-7764,1
CAMEL-7762,0
CAMEL-7769,0
CAMEL-7768,0
CAMEL-7767,0
CAMEL-7770,1
CAMEL-7771,0
CAMEL-7772,0
CAMEL-7668,0
CAMEL-7568,1
CAMEL-7774,0
CAMEL-7581,0
CAMEL-7452,1
CAMEL-7364,1
CAMEL-7780,0
CAMEL-6934,1
CAMEL-7776,1
CAMEL-7782,0
CAMEL-7773,0
CAMEL-7402,1
CAMEL-7755,0
CAMEL-7074,1
CAMEL-7665,1
CAMEL-7473,1
CAMEL-7314,0
CAMEL-7556,1
CAMEL-7788,0
CAMEL-7790,0
CAMEL-6513,2
CAMEL-7783,1
CAMEL-7793,0
CAMEL-7796,0
CAMEL-7795,0
CAMEL-7797,0
CAMEL-7580,0
CAMEL-7799,0
CAMEL-7798,0
CAMEL-7801,0
CAMEL-7805,1
CAMEL-7806,0
CAMEL-7807,0
CAMEL-7826,0
CAMEL-7804,0
CAMEL-7803,1
CAMEL-7829,0
CAMEL-7830,0
CAMEL-7824,1
CAMEL-7220,2
CAMEL-7802,1
CAMEL-7827,1
CAMEL-7840,0
CAMEL-7843,1
CAMEL-7836,1
CAMEL-7835,1
CAMEL-7839,1
CAMEL-7828,0
CAMEL-7847,1
CAMEL-7842,1
CAMEL-7850,1
CAMEL-7852,0
CAMEL-7823,0
CAMEL-7856,0
CAMEL-7858,1
CAMEL-7859,0
CAMEL-7846,0
CAMEL-7845,1
CAMEL-7860,1
CAMEL-7863,1
CAMEL-7866,1
CAMEL-7870,1
CAMEL-7868,1
CAMEL-7869,1
CAMEL-7864,1
CAMEL-7871,1
CAMEL-7855,1
CAMEL-7874,1
CAMEL-7876,1
CAMEL-7885,1
CAMEL-7867,1
CAMEL-7881,1
CAMEL-7896,0
CAMEL-7894,1
CAMEL-7892,1
CAMEL-7886,1
CAMEL-7899,0
CAMEL-7902,1
CAMEL-7900,1
CAMEL-7890,1
CAMEL-7888,1
CAMEL-7917,0
CAMEL-7918,0
CAMEL-7920,1
CAMEL-7915,1
CAMEL-7916,1
CAMEL-7909,0
CAMEL-7929,0
CAMEL-7910,0
CAMEL-7883,1
CAMEL-7872,1
CAMEL-7924,1
CAMEL-7873,1
CAMEL-7932,0
CAMEL-7931,0
CAMEL-7895,2
CAMEL-7940,0
CAMEL-7930,2
CAMEL-4494,1
CAMEL-7848,1
CAMEL-7948,1
CAMEL-7955,0
CAMEL-7919,1
CAMEL-7961,1
CAMEL-7964,0
CAMEL-7958,0
CAMEL-7792,1
CAMEL-7935,0
CAMEL-7966,0
CAMEL-7963,0
CAMEL-7971,1
CAMEL-7928,1
CAMEL-7976,0
CAMEL-7981,0
CAMEL-7967,1
CAMEL-7980,0
CAMEL-7975,1
CAMEL-7973,1
CAMEL-7947,0
CAMEL-7989,0
CAMEL-7977,0
CAMEL-7988,0
CAMEL-7990,0
CAMEL-7968,1
CAMEL-7962,1
CAMEL-7986,1
CAMEL-7834,1
CAMEL-7943,0
CAMEL-7913,1
CAMEL-7912,1
CAMEL-7994,1
CAMEL-7996,0
CAMEL-7992,1
CAMEL-7987,1
CAMEL-7993,1
CAMEL-7991,1
CAMEL-6099,1
CAMEL-8003,0
CAMEL-8006,0
CAMEL-7908,1
CAMEL-7224,2
CAMEL-8011,0
CAMEL-8004,1
CAMEL-8012,0
CAMEL-8016,0
CAMEL-8022,0
CAMEL-8015,1
CAMEL-8025,0
CAMEL-8030,0
CAMEL-8028,0
CAMEL-8033,0
CAMEL-5301,1
CAMEL-8032,1
CAMEL-8034,0
CAMEL-8037,0
CAMEL-8035,1
CAMEL-8045,0
CAMEL-8039,1
CAMEL-7998,1
CAMEL-7627,1
CAMEL-4710,1
CAMEL-8051,0
CAMEL-8031,0
CAMEL-8052,1
CAMEL-7662,1
CAMEL-7697,1
CAMEL-8014,1
CAMEL-8061,0
CAMEL-8059,1
CAMEL-8062,0
CAMEL-8021,1
CAMEL-8063,1
CAMEL-8049,1
CAMEL-7922,1
CAMEL-7951,1
CAMEL-8048,1
CAMEL-8036,0
CAMEL-7984,1
CAMEL-7938,1
CAMEL-8024,1
CAMEL-8065,1
CAMEL-8053,1
CAMEL-8066,1
CAMEL-8073,0
CAMEL-8068,1
CAMEL-8072,0
CAMEL-8076,0
CAMEL-8064,1
CAMEL-8070,0
CAMEL-8089,0
CAMEL-8087,1
CAMEL-8060,1
CAMEL-8080,1
CAMEL-8084,1
CAMEL-6896,1
CAMEL-7949,1
CAMEL-7490,1
CAMEL-7844,1
CAMEL-7959,0
CAMEL-8094,1
CAMEL-8043,0
CAMEL-7879,1
CAMEL-7953,1
CAMEL-7820,1
CAMEL-7784,1
CAMEL-7882,1
CAMEL-8029,0
CAMEL-7785,1
CAMEL-8077,1
CAMEL-8095,0
CAMEL-6807,2
CAMEL-8038,0
CAMEL-8098,0
CAMEL-8103,1
CAMEL-8104,0
CAMEL-8102,1
CAMEL-8106,0
CAMEL-8100,1
CAMEL-8099,1
CAMEL-8111,0
CAMEL-8085,1
CAMEL-8109,0
CAMEL-8083,0
CAMEL-8107,0
CAMEL-8115,0
CAMEL-7716,2
CAMEL-8008,1
CAMEL-8086,1
CAMEL-8081,0
CAMEL-8050,0
CAMEL-8078,0
CAMEL-8110,0
CAMEL-8082,0
CAMEL-8007,0
CAMEL-7777,1
CAMEL-8096,0
CAMEL-7746,1
CAMEL-7737,1
CAMEL-7421,1
CAMEL-8118,1
CAMEL-3195,1
CAMEL-7880,1
CAMEL-8117,1
CAMEL-8112,1
CAMEL-8001,1
CAMEL-7925,1
CAMEL-8092,1
CAMEL-8121,0
CAMEL-8123,1
CAMEL-8124,0
CAMEL-8122,1
CAMEL-8127,1
CAMEL-8105,1
CAMEL-8079,1
CAMEL-8125,1
CAMEL-8126,1
CAMEL-8130,0
CAMEL-8131,0
CAMEL-8133,0
CAMEL-8132,1
CAMEL-8138,0
CAMEL-8136,0
CAMEL-8134,0
CAMEL-8091,1
CAMEL-8139,0
CAMEL-8140,0
CAMEL-8090,1
CAMEL-8137,1
CAMEL-8144,0
CAMEL-8148,1
CAMEL-8044,0
CAMEL-7927,0
CAMEL-8152,0
CAMEL-8158,0
CAMEL-8156,0
CAMEL-8142,2
CAMEL-8154,1
CAMEL-8153,1
CAMEL-8150,1
CAMEL-8145,0
CAMEL-7794,1
CAMEL-8159,0
CAMEL-8157,1
CAMEL-8146,2
CAMEL-8164,0
CAMEL-8041,0
CAMEL-8129,1
CAMEL-8165,0
CAMEL-8166,1
CAMEL-8160,1
CAMEL-7787,0
CAMEL-8149,1
CAMEL-8170,1
CAMEL-8161,1
CAMEL-8168,0
CAMEL-8177,0
CAMEL-8178,1
CAMEL-7878,2
CAMEL-8180,1
CAMEL-8179,0
CAMEL-8169,0
CAMEL-8189,1
CAMEL-8183,1
CAMEL-8194,1
CAMEL-8192,1
CAMEL-8200,1
CAMEL-8185,1
CAMEL-8184,1
CAMEL-8206,1
CAMEL-8198,0
CAMEL-8210,1
CAMEL-8214,0
CAMEL-8216,0
CAMEL-8218,0
CAMEL-5113,1
CAMEL-8217,1
CAMEL-8204,0
CAMEL-8213,1
CAMEL-8116,1
CAMEL-8227,1
CAMEL-8223,0
CAMEL-6955,1
CAMEL-8225,0
CAMEL-8222,1
CAMEL-8209,0
CAMEL-8233,0
CAMEL-8234,0
CAMEL-8235,0
CAMEL-8212,1
CAMEL-8232,0
CAMEL-8236,1
CAMEL-8220,1
CAMEL-8120,1
CAMEL-8128,0
CAMEL-8193,1
CAMEL-8242,0
CAMEL-8247,1
CAMEL-8246,1
CAMEL-8252,0
CAMEL-8196,1
CAMEL-8250,1
CAMEL-8248,0
CAMEL-8240,1
CAMEL-8253,1
CAMEL-8245,1
CAMEL-8205,5
CAMEL-7965,2
CAMEL-7050,2
CAMEL-8256,0
CAMEL-8239,0
CAMEL-8182,1
CAMEL-8259,0
CAMEL-8260,0
CAMEL-8261,0
CAMEL-8195,1
CAMEL-8263,0
CAMEL-8254,1
CAMEL-8266,1
CAMEL-8267,1
CAMEL-8264,1
CAMEL-8280,0
CAMEL-8262,0
CAMEL-8191,1
CAMEL-8279,1
CAMEL-8282,1
CAMEL-8283,1
CAMEL-8292,1
CAMEL-8294,0
CAMEL-8295,1
CAMEL-8289,0
CAMEL-8172,1
CAMEL-8298,0
CAMEL-8174,0
CAMEL-8265,1
CAMEL-8296,1
CAMEL-8307,1
CAMEL-3723,1
CAMEL-3305,2
CAMEL-5797,0
CAMEL-7661,1
CAMEL-7699,1
CAMEL-8313,0
CAMEL-8309,0
CAMEL-8316,0
CAMEL-8317,0
CAMEL-8319,1
CAMEL-7094,3
CAMEL-3518,3
CAMEL-7781,1
CAMEL-8281,1
CAMEL-8272,1
CAMEL-8113,1
CAMEL-8229,1
CAMEL-8255,1
CAMEL-8190,1
CAMEL-8315,1
CAMEL-8101,1
CAMEL-8324,0
CAMEL-8023,1
CAMEL-8322,0
CAMEL-8299,0
CAMEL-8327,1
CAMEL-8226,1
CAMEL-8329,0
CAMEL-8330,0
CAMEL-8326,1
CAMEL-8197,1
CAMEL-8333,1
CAMEL-8336,1
CAMEL-8288,1
CAMEL-632,2
CAMEL-8108,1
CAMEL-8268,1
CAMEL-8277,1
CAMEL-8432,1
CAMEL-8439,1
CAMEL-8436,1
CAMEL-7318,1
CAMEL-8440,1
CAMEL-8434,0
CAMEL-8441,1
CAMEL-8335,1
CAMEL-8391,1
CAMEL-8444,0
CAMEL-8443,1
CAMEL-8449,0
CAMEL-8450,0
CAMEL-8451,0
CAMEL-8453,0
CAMEL-8459,1
CAMEL-8448,1
CAMEL-8381,1
CAMEL-8447,0
CAMEL-8461,0
CAMEL-8462,0
CAMEL-8454,2
CAMEL-8456,2
CAMEL-8455,2
CAMEL-8458,1
CAMEL-8457,2
CAMEL-8466,0
CAMEL-8464,2
CAMEL-8465,2
CAMEL-8469,1
CAMEL-8471,1
CAMEL-8474,1
CAMEL-8473,0
CAMEL-8468,1
CAMEL-8452,1
CAMEL-8479,0
CAMEL-8483,1
CAMEL-8484,0
CAMEL-8480,0
CAMEL-8476,1
CAMEL-8472,1
CAMEL-8437,1
CAMEL-8489,0
CAMEL-8488,0
CAMEL-8487,1
CAMEL-8491,1
CAMEL-8498,1
CAMEL-8492,1
CAMEL-8501,1
CAMEL-8503,0
CAMEL-8505,1
CAMEL-8506,0
CAMEL-8511,0
CAMEL-8504,1
CAMEL-8514,1
CAMEL-8510,2
CAMEL-8513,1
CAMEL-8515,0
CAMEL-8520,1
CAMEL-8521,0
CAMEL-8512,0
CAMEL-8523,0
CAMEL-8517,0
CAMEL-8516,0
CAMEL-8519,0
CAMEL-8384,1
CAMEL-4147,0
CAMEL-8500,1
CAMEL-7434,3
CAMEL-7903,1
CAMEL-7565,1
CAMEL-7039,1
CAMEL-7474,1
CAMEL-7301,1
CAMEL-8527,0
CAMEL-8525,0
CAMEL-7263,3
CAMEL-8532,0
CAMEL-7019,0
CAMEL-8530,1
CAMEL-7433,1
CAMEL-8533,1
CAMEL-8509,0
CAMEL-8497,1
CAMEL-8536,0
CAMEL-8543,0
CAMEL-8531,0
CAMEL-8544,0
CAMEL-8541,1
CAMEL-4978,1
CAMEL-2258,1
CAMEL-3168,1
CAMEL-6269,1
CAMEL-5452,1
CAMEL-6212,1
CAMEL-5398,2
CAMEL-8547,1
CAMEL-8546,1
CAMEL-8556,1
CAMEL-8558,1
CAMEL-8275,1
CAMEL-8276,1
CAMEL-8274,1
CAMEL-8202,1
CAMEL-8176,0
CAMEL-8338,1
CAMEL-8340,1
CAMEL-8341,1
CAMEL-8339,1
CAMEL-8343,0
CAMEL-8344,1
CAMEL-8337,1
CAMEL-8347,0
CAMEL-8019,1
CAMEL-8348,0
CAMEL-8354,0
CAMEL-8355,1
CAMEL-8353,0
CAMEL-6698,1
CAMEL-8231,1
CAMEL-8286,1
CAMEL-7914,1
CAMEL-7739,1
CAMEL-8088,2
CAMEL-7821,1
CAMEL-7488,2
CAMEL-6134,2
CAMEL-8215,1
CAMEL-7144,1
CAMEL-8303,1
CAMEL-8359,0
CAMEL-8328,0
CAMEL-8363,0
CAMEL-5806,2
CAMEL-8321,1
CAMEL-8358,0
CAMEL-8370,1
CAMEL-8366,1
CAMEL-8352,1
CAMEL-8369,1
CAMEL-2939,1
CAMEL-8360,1
CAMEL-8376,0
CAMEL-8365,1
CAMEL-8375,1
CAMEL-8379,0
CAMEL-8334,1
CAMEL-8382,1
CAMEL-8372,1
CAMEL-8378,1
CAMEL-8284,1
CAMEL-8368,1
CAMEL-8389,1
CAMEL-8387,1
CAMEL-8188,0
CAMEL-8386,1
CAMEL-8241,1
CAMEL-8371,1
CAMEL-8310,1
CAMEL-8395,0
CAMEL-8394,1
CAMEL-8374,0
CAMEL-8409,1
CAMEL-8349,1
CAMEL-8406,0
CAMEL-8411,0
CAMEL-6014,0
CAMEL-8399,1
CAMEL-8401,1
CAMEL-8357,0
CAMEL-8400,1
CAMEL-8342,1
CAMEL-8201,0
CAMEL-8407,1
CAMEL-8416,0
CAMEL-8320,0
CAMEL-7999,0
CAMEL-8383,1
CAMEL-8364,1
CAMEL-7997,0
CAMEL-8055,1
CAMEL-8331,1
CAMEL-8417,1
CAMEL-8312,2
CAMEL-8311,2
CAMEL-8390,1
CAMEL-8385,0
CAMEL-8414,0
CAMEL-1077,1
CAMEL-8424,1
CAMEL-8425,0
CAMEL-8426,0
CAMEL-8356,1
CAMEL-8332,1
CAMEL-7644,2
CAMEL-8427,1
CAMEL-8428,1
CAMEL-8346,1
CAMEL-8421,1
CAMEL-8430,0
CAMEL-8564,1
CAMEL-8563,1
CAMEL-8566,0
CAMEL-8568,0
CAMEL-8559,1
CAMEL-8540,1
CAMEL-8574,0
CAMEL-8573,0
CAMEL-8571,1
CAMEL-7808,1
CAMEL-8577,0
CAMEL-8537,1
CAMEL-8576,0
CAMEL-8580,1
CAMEL-7833,1
CAMEL-8589,1
CAMEL-7905,1
CAMEL-8584,1
CAMEL-8591,0
CAMEL-8585,1
CAMEL-8565,1
CAMEL-8548,1
CAMEL-7877,1
CAMEL-8592,1
CAMEL-8593,1
CAMEL-8579,1
CAMEL-8595,1
CAMEL-8582,1
CAMEL-8027,1
CAMEL-8597,1
CAMEL-8600,0
CAMEL-4704,1
CAMEL-8575,1
CAMEL-8601,0
CAMEL-8586,1
CAMEL-8603,1
CAMEL-8410,1
CAMEL-8608,1
CAMEL-8609,0
CAMEL-8611,1
CAMEL-8612,1
CAMEL-7849,1
CAMEL-8614,0
CAMEL-7634,1
CAMEL-8617,0
CAMEL-8618,0
CAMEL-8615,1
CAMEL-8622,1
CAMEL-8619,1
CAMEL-8623,1
CAMEL-8569,1
CAMEL-8624,0
CAMEL-8628,1
CAMEL-8629,1
CAMEL-8621,1
CAMEL-8620,1
CAMEL-6415,1
CAMEL-8634,0
CAMEL-8635,1
CAMEL-8054,1
CAMEL-8645,0
CAMEL-8636,0
CAMEL-8648,1
CAMEL-8632,1
CAMEL-8651,1
CAMEL-8652,1
CAMEL-8644,1
CAMEL-8641,1
CAMEL-8627,1
CAMEL-8656,0
CAMEL-8658,0
CAMEL-8659,0
CAMEL-8660,0
CAMEL-8661,0
CAMEL-8665,0
CAMEL-8664,1
CAMEL-8662,0
CAMEL-8649,0
CAMEL-8626,1
CAMEL-8671,1
CAMEL-8672,1
CAMEL-8666,1
CAMEL-8669,1
CAMEL-8678,0
CAMEL-8677,1
CAMEL-8679,1
CAMEL-8613,1
CAMEL-8673,1
CAMEL-8682,0
CAMEL-8674,1
CAMEL-8685,0
CAMEL-8642,0
CAMEL-8684,0
CAMEL-8572,1
CAMEL-6406,1
CAMEL-7978,0
CAMEL-8075,0
CAMEL-8687,0
CAMEL-8607,1
CAMEL-8670,1
CAMEL-8686,1
CAMEL-8681,1
CAMEL-8683,0
CAMEL-8690,0
CAMEL-8692,0
CAMEL-8694,1
CAMEL-8693,1
CAMEL-8698,1
CAMEL-8700,1
CAMEL-8699,1
CAMEL-8703,1
CAMEL-8696,1
CAMEL-8709,1
CAMEL-8710,0
CAMEL-8707,1
CAMEL-8713,0
CAMEL-8714,1
CAMEL-8717,1
CAMEL-8715,0
CAMEL-8716,1
CAMEL-8704,1
CAMEL-8712,0
CAMEL-7378,0
CAMEL-7678,1
CAMEL-8702,1
CAMEL-8270,1
CAMEL-8722,0
CAMEL-8725,0
CAMEL-8726,1
CAMEL-8731,1
CAMEL-8733,1
CAMEL-8729,1
CAMEL-8730,1
CAMEL-7501,1
CAMEL-8728,0
CAMEL-8732,0
CAMEL-8727,0
CAMEL-8735,1
CAMEL-8467,1
CAMEL-8739,1
CAMEL-8640,1
CAMEL-8688,1
CAMEL-8689,0
CAMEL-8269,1
CAMEL-8744,1
CAMEL-8743,0
CAMEL-8747,0
CAMEL-8745,1
CAMEL-8711,1
CAMEL-8737,1
CAMEL-8706,1
CAMEL-8750,1
CAMEL-8751,1
CAMEL-8740,1
CAMEL-8753,0
CAMEL-8470,2
CAMEL-8746,1
CAMEL-8718,0
CAMEL-8752,1
CAMEL-8560,1
CAMEL-8758,1
CAMEL-8763,1
CAMEL-8755,1
CAMEL-8697,0
CAMEL-8741,1
CAMEL-8616,2
CAMEL-8764,1
CAMEL-8759,1
CAMEL-8765,0
CAMEL-8766,1
CAMEL-8760,1
CAMEL-8695,1
CAMEL-8779,0
CAMEL-8650,1
CAMEL-8782,0
CAMEL-8167,0
CAMEL-8784,0
CAMEL-8785,0
CAMEL-8786,0
CAMEL-8777,1
CAMEL-8788,0
CAMEL-8780,0
CAMEL-8802,0
CAMEL-8795,1
CAMEL-8807,0
CAMEL-8774,1
CAMEL-8805,1
CAMEL-8806,1
CAMEL-8791,1
CAMEL-8804,1
CAMEL-8808,0
CAMEL-8691,1
CAMEL-8815,1
CAMEL-8798,1
CAMEL-8819,0
CAMEL-8817,1
CAMEL-8812,1
CAMEL-8820,0
CAMEL-8811,1
CAMEL-8821,0
CAMEL-8799,1
CAMEL-8816,0
CAMEL-8825,1
CAMEL-8824,0
CAMEL-8801,1
CAMEL-8800,1
CAMEL-8828,1
CAMEL-8826,1
CAMEL-8829,1
CAMEL-8834,1
CAMEL-8655,0
CAMEL-8796,1
CAMEL-8835,0
CAMEL-7985,1
CAMEL-8837,0
CAMEL-8836,0
CAMEL-8813,1
CAMEL-8840,1
CAMEL-8839,1
CAMEL-8844,0
CAMEL-8845,0
CAMEL-8846,0
CAMEL-8842,1
CAMEL-8843,1
CAMEL-8538,0
CAMEL-8850,1
CAMEL-8849,1
CAMEL-8851,1
CAMEL-8858,1
CAMEL-8856,1
CAMEL-8863,1
CAMEL-8855,1
CAMEL-8865,1
CAMEL-8810,1
CAMEL-8868,1
CAMEL-8869,1
CAMEL-8841,1
CAMEL-8871,1
CAMEL-8870,1
CAMEL-8872,1
CAMEL-8861,1
CAMEL-8874,0
CAMEL-8877,1
CAMEL-8884,1
CAMEL-8882,1
CAMEL-8886,0
CAMEL-8888,1
CAMEL-8883,1
CAMEL-8866,1
CAMEL-8833,1
CAMEL-8862,1
CAMEL-8891,1
CAMEL-8889,1
CAMEL-8892,1
CAMEL-8864,1
CAMEL-8900,0
CAMEL-8397,0
CAMEL-8902,0
CAMEL-8901,1
CAMEL-8903,1
CAMEL-8908,1
CAMEL-8907,1
CAMEL-8909,0
CAMEL-8852,1
CAMEL-8910,1
CAMEL-8175,1
CAMEL-8916,0
CAMEL-8918,1
CAMEL-8921,0
CAMEL-8911,0
CAMEL-8906,1
CAMEL-8897,1
CAMEL-7936,1
CAMEL-8914,1
CAMEL-8915,1
CAMEL-8832,1
CAMEL-8923,1
CAMEL-8922,1
CAMEL-8719,1
CAMEL-8926,0
CAMEL-8920,1
CAMEL-8927,0
CAMEL-8928,1
CAMEL-8093,1
CAMEL-8478,1
CAMEL-8930,1
CAMEL-8931,1
CAMEL-8932,1
CAMEL-8933,1
CAMEL-8935,0
CAMEL-8919,1
CAMEL-8924,1
CAMEL-8925,1
CAMEL-8885,1
CAMEL-8944,0
CAMEL-8894,1
CAMEL-8822,1
CAMEL-8186,1
CAMEL-8768,1
CAMEL-5553,1
CAMEL-8496,0
CAMEL-7760,1
CAMEL-8141,1
CAMEL-5539,1
CAMEL-7937,1
CAMEL-8945,0
CAMEL-7500,2
CAMEL-7907,1
CAMEL-7463,1
CAMEL-7193,1
CAMEL-6336,1
CAMEL-6338,1
CAMEL-7469,0
CAMEL-6976,1
CAMEL-6944,1
CAMEL-4576,1
CAMEL-8949,0
CAMEL-8950,0
CAMEL-5911,3
CAMEL-8893,1
CAMEL-8951,0
CAMEL-6997,1
CAMEL-6469,1
CAMEL-6858,2
CAMEL-8952,0
CAMEL-6098,1
CAMEL-5857,3
CAMEL-4917,2
CAMEL-6826,3
CAMEL-4653,1
CAMEL-8953,1
CAMEL-3110,1
CAMEL-8941,1
CAMEL-3907,1
CAMEL-3910,1
CAMEL-6649,1
CAMEL-7609,1
CAMEL-3552,6
CAMEL-4596,1
CAMEL-8867,1
CAMEL-8967,1
CAMEL-8809,1
CAMEL-8964,0
CAMEL-8968,1
CAMEL-8963,1
CAMEL-8970,0
CAMEL-8578,1
CAMEL-4163,0
CAMEL-8972,1
CAMEL-8976,0
CAMEL-8790,2
CAMEL-8954,1
CAMEL-8977,0
CAMEL-8974,1
CAMEL-6577,1
CAMEL-8946,1
CAMEL-8734,2
CAMEL-8643,1
CAMEL-8639,1
CAMEL-8905,0
CAMEL-7982,1
CAMEL-7152,1
CAMEL-8981,0
CAMEL-8966,1
CAMEL-8984,0
CAMEL-8948,0
CAMEL-8989,0
CAMEL-8988,0
CAMEL-8987,0
CAMEL-8965,1
CAMEL-8991,0
CAMEL-8985,1
CAMEL-8986,1
CAMEL-8983,1
CAMEL-8995,0
CAMEL-8973,1
CAMEL-8978,0
CAMEL-8992,1
CAMEL-6460,1
CAMEL-8990,1
CAMEL-8997,1
CAMEL-9003,0
CAMEL-9005,0
CAMEL-8996,1
CAMEL-9010,0
CAMEL-9011,0
CAMEL-9013,1
CAMEL-8526,1
CAMEL-9012,0
CAMEL-9017,1
CAMEL-9016,0
CAMEL-9015,0
CAMEL-9019,0
CAMEL-9014,1
CAMEL-9022,1
CAMEL-8554,1
CAMEL-9026,1
CAMEL-7683,2
CAMEL-9021,1
CAMEL-9029,0
CAMEL-9120,1
CAMEL-9094,1
CAMEL-9129,1
CAMEL-9130,0
CAMEL-9139,1
CAMEL-9140,1
CAMEL-9080,3
CAMEL-9119,1
CAMEL-9097,1
CAMEL-8393,1
CAMEL-8772,0
CAMEL-8898,1
CAMEL-9143,1
CAMEL-9142,1
CAMEL-9150,0
CAMEL-9151,1
CAMEL-8545,1
CAMEL-9141,2
CAMEL-9149,0
CAMEL-9157,0
CAMEL-9159,1
CAMEL-9160,0
CAMEL-9156,0
CAMEL-7800,1
CAMEL-9163,0
CAMEL-9023,1
CAMEL-9166,1
CAMEL-9112,1
CAMEL-9164,1
CAMEL-9174,0
CAMEL-8876,0
CAMEL-9172,1
CAMEL-8486,1
CAMEL-9122,0
CAMEL-8943,1
CAMEL-9173,1
CAMEL-9179,0
CAMEL-7454,3
CAMEL-8528,0
CAMEL-5742,3
CAMEL-9181,1
CAMEL-8980,1
CAMEL-9177,1
CAMEL-9063,1
CAMEL-8969,0
CAMEL-8890,1
CAMEL-8420,1
CAMEL-9144,1
CAMEL-9187,1
CAMEL-9186,1
CAMEL-8998,1
CAMEL-9188,1
CAMEL-9184,1
CAMEL-9162,1
CAMEL-9191,1
CAMEL-9194,0
CAMEL-9195,1
CAMEL-9199,1
CAMEL-9193,0
CAMEL-9171,1
CAMEL-9175,1
CAMEL-9006,0
CAMEL-9203,0
CAMEL-9204,0
CAMEL-9192,1
CAMEL-9208,0
CAMEL-9205,1
CAMEL-9209,1
CAMEL-9213,0
CAMEL-8431,1
CAMEL-9189,1
CAMEL-9215,1
CAMEL-9216,1
CAMEL-9178,1
CAMEL-9223,0
CAMEL-9219,1
CAMEL-9220,1
CAMEL-9229,1
CAMEL-9227,1
CAMEL-9230,1
CAMEL-9232,0
CAMEL-9148,1
CAMEL-9233,0
CAMEL-9228,3
CAMEL-9236,1
CAMEL-9235,1
CAMEL-9240,1
CAMEL-9145,1
CAMEL-9158,1
CAMEL-9231,1
CAMEL-9248,1
CAMEL-9101,1
CAMEL-9251,0
CAMEL-9247,0
CAMEL-9243,1
CAMEL-9249,1
CAMEL-9245,0
CAMEL-8959,3
CAMEL-9256,0
CAMEL-9113,1
CAMEL-9028,1
CAMEL-9030,1
CAMEL-9002,1
CAMEL-9031,1
CAMEL-9027,1
CAMEL-9009,1
CAMEL-9032,0
CAMEL-8873,1
CAMEL-8818,1
CAMEL-8803,1
CAMEL-9033,1
CAMEL-9036,1
CAMEL-9037,1
CAMEL-9020,1
CAMEL-9035,1
CAMEL-8942,1
CAMEL-9044,1
CAMEL-9039,1
CAMEL-9038,0
CAMEL-9045,1
CAMEL-9043,0
CAMEL-8880,1
CAMEL-8598,1
CAMEL-9052,0
CAMEL-9042,1
CAMEL-9054,0
CAMEL-8887,1
CAMEL-8857,1
CAMEL-9055,0
CAMEL-9056,0
CAMEL-9050,1
CAMEL-9057,1
CAMEL-9048,0
CAMEL-8663,1
CAMEL-9051,0
CAMEL-9059,0
CAMEL-9062,0
CAMEL-5958,1
CAMEL-9061,1
CAMEL-8653,1
CAMEL-8756,1
CAMEL-7974,1
CAMEL-6930,1
CAMEL-7585,1
CAMEL-9064,0
CAMEL-6094,1
CAMEL-9065,1
CAMEL-9049,1
CAMEL-5402,1
CAMEL-9068,1
CAMEL-8982,1
CAMEL-9073,1
CAMEL-8647,1
CAMEL-6660,1
CAMEL-6007,1
CAMEL-6062,1
CAMEL-7425,1
CAMEL-7206,1
CAMEL-7528,1
CAMEL-9078,1
CAMEL-9076,1
CAMEL-9087,1
CAMEL-9082,0
CAMEL-9086,0
CAMEL-9084,1
CAMEL-8667,1
CAMEL-8323,1
CAMEL-9090,1
CAMEL-9066,1
CAMEL-8392,1
CAMEL-9089,1
CAMEL-9093,0
CAMEL-9096,0
CAMEL-8961,1
CAMEL-9099,0
CAMEL-9104,0
CAMEL-8701,0
CAMEL-9092,1
CAMEL-9102,1
CAMEL-9111,1
CAMEL-9088,1
CAMEL-9115,0
CAMEL-8783,1
CAMEL-9116,0
CAMEL-8570,1
CAMEL-9118,1
CAMEL-8415,1
CAMEL-9105,1
CAMEL-4565,1
CAMEL-8446,0
CAMEL-7813,1
CAMEL-9121,1
CAMEL-9124,0
CAMEL-7921,1
CAMEL-9126,1
CAMEL-8748,3
CAMEL-8596,1
CAMEL-9127,1
CAMEL-9125,1
CAMEL-9128,1
CAMEL-9255,1
CAMEL-9225,1
CAMEL-9238,1
CAMEL-9259,1
CAMEL-9263,0
CAMEL-9257,1
CAMEL-9265,1
CAMEL-9269,0
CAMEL-9272,1
CAMEL-9271,1
CAMEL-9279,1
CAMEL-9234,0
CAMEL-9290,0
CAMEL-9211,1
CAMEL-9287,1
CAMEL-9286,1
CAMEL-9298,0
CAMEL-9276,1
CAMEL-9295,0
CAMEL-9300,1
CAMEL-9264,1
CAMEL-9072,1
CAMEL-9132,1
CAMEL-9302,1
CAMEL-9303,0
CAMEL-9224,1
CAMEL-9306,0
CAMEL-9307,1
CAMEL-9305,1
CAMEL-9161,1
CAMEL-9310,1
CAMEL-9297,0
CAMEL-9314,0
CAMEL-9315,0
CAMEL-9309,1
CAMEL-9317,0
CAMEL-9318,1
CAMEL-9321,1
CAMEL-8302,1
CAMEL-9326,0
CAMEL-9329,0
CAMEL-9246,1
CAMEL-9311,1
CAMEL-9328,0
CAMEL-9333,0
CAMEL-9319,1
CAMEL-9334,0
CAMEL-9278,1
CAMEL-9331,1
CAMEL-9335,0
CAMEL-9316,1
CAMEL-9308,1
CAMEL-9346,0
CAMEL-9347,0
CAMEL-9348,1
CAMEL-9270,1
CAMEL-9282,1
CAMEL-9095,1
CAMEL-9202,1
CAMEL-9135,1
CAMEL-9133,1
CAMEL-9284,1
CAMEL-9277,1
CAMEL-9351,0
CAMEL-9352,0
CAMEL-9242,1
CAMEL-9283,1
CAMEL-9357,0
CAMEL-9206,1
CAMEL-9358,1
CAMEL-9359,1
CAMEL-9356,1
CAMEL-9362,0
CAMEL-9364,1
CAMEL-9342,1
CAMEL-9365,0
CAMEL-9366,0
CAMEL-9367,1
CAMEL-9369,1
CAMEL-9349,1
CAMEL-9340,1
CAMEL-9373,0
CAMEL-9374,0
CAMEL-9376,1
CAMEL-9371,1
CAMEL-9381,0
CAMEL-9387,0
CAMEL-9388,0
CAMEL-9361,1
CAMEL-9386,1
CAMEL-9389,0
CAMEL-9390,1
CAMEL-9384,0
CAMEL-9380,1
CAMEL-9392,1
CAMEL-9391,1
CAMEL-9393,1
CAMEL-9395,0
CAMEL-9360,1
CAMEL-9400,1
CAMEL-9398,1
CAMEL-9404,0
CAMEL-9379,0
CAMEL-9338,1
CAMEL-9408,1
CAMEL-9407,1
CAMEL-9410,0
CAMEL-9409,0
CAMEL-9337,1
CAMEL-9382,1
CAMEL-9403,1
CAMEL-9412,1
CAMEL-9411,0
CAMEL-9313,1
CAMEL-8708,1
CAMEL-9417,1
CAMEL-9244,1
CAMEL-9355,1
CAMEL-9424,1
CAMEL-9212,1
CAMEL-9427,0
CAMEL-9423,1
CAMEL-9426,1
CAMEL-9385,0
CAMEL-9368,0
CAMEL-9418,1
CAMEL-9420,0
CAMEL-9345,1
CAMEL-9252,1
CAMEL-9405,1
CAMEL-9433,1
CAMEL-9375,1
CAMEL-9437,1
CAMEL-9399,1
CAMEL-9441,1
CAMEL-9438,0
CAMEL-9442,0
CAMEL-9434,1
CAMEL-9445,0
CAMEL-9439,1
CAMEL-9446,0
CAMEL-9447,0
CAMEL-9448,1
CAMEL-9406,5
CAMEL-9341,1
CAMEL-8325,1
CAMEL-9402,1
CAMEL-9275,1
CAMEL-9325,1
CAMEL-9450,0
CAMEL-9207,1
CAMEL-5561,1
CAMEL-9452,0
CAMEL-9454,0
CAMEL-9453,0
CAMEL-9258,1
CAMEL-9436,0
CAMEL-8561,3
CAMEL-9455,1
CAMEL-9456,0
CAMEL-9457,1
CAMEL-9451,3
CAMEL-9468,1
CAMEL-9469,0
CAMEL-9459,1
CAMEL-9470,0
CAMEL-9471,0
CAMEL-9472,0
CAMEL-9474,0
CAMEL-9473,0
CAMEL-9479,0
CAMEL-9480,0
CAMEL-9482,0
CAMEL-8605,0
CAMEL-9488,0
CAMEL-9486,0
CAMEL-9489,1
CAMEL-9414,1
CAMEL-9492,0
CAMEL-9490,1
CAMEL-9464,1
CAMEL-9494,1
CAMEL-9491,1
CAMEL-9106,1
CAMEL-9281,1
CAMEL-9495,0
CAMEL-9496,0
CAMEL-9503,0
CAMEL-9504,0
CAMEL-9505,1
CAMEL-9500,1
CAMEL-9114,1
CAMEL-9508,1
CAMEL-9509,1
CAMEL-9443,0
CAMEL-9510,1
CAMEL-9475,1
CAMEL-9518,1
CAMEL-9514,0
CAMEL-9330,1
CAMEL-9519,1
CAMEL-9520,1
CAMEL-9524,0
CAMEL-9526,0
CAMEL-9528,0
CAMEL-9515,1
CAMEL-9527,0
CAMEL-9531,0
CAMEL-9529,0
CAMEL-9536,1
CAMEL-7054,1
CAMEL-9336,1
CAMEL-9201,1
CAMEL-9532,1
CAMEL-6095,1
CAMEL-5408,4
CAMEL-6937,3
CAMEL-9312,1
CAMEL-7865,1
CAMEL-9530,0
CAMEL-9449,1
CAMEL-5583,1
CAMEL-8413,1
CAMEL-9538,0
CAMEL-6913,1
CAMEL-9543,0
CAMEL-8742,1
CAMEL-9545,1
CAMEL-9544,1
CAMEL-9548,1
CAMEL-9550,1
CAMEL-9539,0
CAMEL-5986,1
CAMEL-9551,0
CAMEL-9069,1
CAMEL-9483,1
CAMEL-9553,1
CAMEL-9197,1
CAMEL-9556,0
CAMEL-9559,0
CAMEL-9542,1
CAMEL-9557,1
CAMEL-9564,1
CAMEL-9511,1
CAMEL-9560,1
CAMEL-9558,1
CAMEL-9569,0
CAMEL-9507,1
CAMEL-9555,1
CAMEL-9493,0
CAMEL-9577,0
CAMEL-9580,0
CAMEL-9582,0
CAMEL-9583,0
CAMEL-4725,2
CAMEL-9576,1
CAMEL-9431,1
CAMEL-9578,0
CAMEL-9579,0
CAMEL-7638,1
CAMEL-9429,1
CAMEL-9593,1
CAMEL-9591,0
CAMEL-9595,1
CAMEL-9444,1
CAMEL-9573,0
CAMEL-9605,1
CAMEL-9599,0
CAMEL-9596,1
CAMEL-9604,0
CAMEL-9601,0
CAMEL-9394,0
CAMEL-9567,1
CAMEL-9563,1
CAMEL-9416,1
CAMEL-9572,0
CAMEL-9607,1
CAMEL-9608,1
CAMEL-9609,0
CAMEL-9568,1
CAMEL-9584,1
CAMEL-6600,3
CAMEL-9085,1
CAMEL-9430,1
CAMEL-9614,1
CAMEL-9274,1
CAMEL-9616,1
CAMEL-9618,0
CAMEL-9610,1
CAMEL-9611,1
CAMEL-9621,0
CAMEL-9620,1
CAMEL-9461,1
CAMEL-9339,0
CAMEL-9625,0
CAMEL-8522,1
CAMEL-9153,1
CAMEL-9629,0
CAMEL-7247,1
CAMEL-9628,0
CAMEL-9603,1
CAMEL-9413,1
CAMEL-9239,1
CAMEL-9501,0
CAMEL-9458,2
CAMEL-9615,1
CAMEL-9592,0
CAMEL-9624,0
CAMEL-8736,3
CAMEL-9586,0
CAMEL-9630,1
CAMEL-9639,0
CAMEL-9634,1
CAMEL-9633,1
CAMEL-8507,1
CAMEL-9637,1
CAMEL-9641,0
CAMEL-9635,1
CAMEL-9636,1
CAMEL-9432,1
CAMEL-8163,1
CAMEL-9632,1
CAMEL-9640,1
CAMEL-9285,1
CAMEL-9644,0
CAMEL-9180,1
CAMEL-9652,0
CAMEL-9654,0
CAMEL-9653,0
CAMEL-9655,0
CAMEL-8258,1
CAMEL-8243,1
CAMEL-9666,1
CAMEL-9661,0
CAMEL-9662,1
CAMEL-9668,0
CAMEL-9660,1
CAMEL-9658,1
CAMEL-9280,1
CAMEL-9670,1
CAMEL-9657,1
CAMEL-9664,1
CAMEL-8936,3
CAMEL-9665,1
CAMEL-9649,1
CAMEL-9645,1
CAMEL-9673,0
CAMEL-9648,1
CAMEL-9534,1
CAMEL-9669,1
CAMEL-9672,1
CAMEL-9677,0
CAMEL-9506,1
CAMEL-9681,0
CAMEL-9467,2
CAMEL-9513,1
CAMEL-9680,1
CAMEL-9686,0
CAMEL-9523,1
CAMEL-9687,0
CAMEL-9688,1
CAMEL-9679,1
CAMEL-9497,1
CAMEL-9684,0
CAMEL-9693,0
CAMEL-9691,0
CAMEL-9696,0
CAMEL-9697,0
CAMEL-9675,1
CAMEL-9136,1
CAMEL-9685,0
CAMEL-9700,0
CAMEL-8211,1
CAMEL-9704,0
CAMEL-9698,0
CAMEL-9703,1
CAMEL-9702,1
CAMEL-9705,0
CAMEL-9699,1
CAMEL-9707,1
CAMEL-9706,1
CAMEL-9622,0
CAMEL-9689,1
CAMEL-9708,1
CAMEL-9709,1
CAMEL-9712,1
CAMEL-9710,1
CAMEL-9713,1
CAMEL-9714,0
CAMEL-9715,0
CAMEL-9717,1
CAMEL-9718,1
CAMEL-9720,0
CAMEL-9719,0
CAMEL-9721,1
CAMEL-9723,1
CAMEL-9722,1
CAMEL-9566,1
CAMEL-9711,1
CAMEL-9726,0
CAMEL-9728,1
CAMEL-9659,0
CAMEL-9730,0
CAMEL-9731,0
CAMEL-9594,1
CAMEL-9732,0
CAMEL-9734,1
CAMEL-9656,1
CAMEL-9690,1
CAMEL-9739,1
CAMEL-9738,1
CAMEL-9267,1
CAMEL-9745,0
CAMEL-9735,1
CAMEL-9397,1
CAMEL-9343,1
CAMEL-9083,1
CAMEL-8631,1
CAMEL-8373,1
CAMEL-9740,0
CAMEL-7887,4
CAMEL-9747,1
CAMEL-9746,0
CAMEL-9737,0
CAMEL-9750,0
CAMEL-9752,1
CAMEL-9736,1
CAMEL-9757,1
CAMEL-9755,1
CAMEL-9762,1
CAMEL-9760,1
CAMEL-9761,0
CAMEL-9766,1
CAMEL-9769,0
CAMEL-9767,1
CAMEL-9774,0
CAMEL-9771,1
CAMEL-9775,1
CAMEL-9759,0
CAMEL-9777,0
CAMEL-9779,0
CAMEL-9778,1
CAMEL-9765,0
CAMEL-9780,1
CAMEL-9781,1
CAMEL-9776,0
CAMEL-8602,1
CAMEL-9782,1
CAMEL-9764,0
CAMEL-9646,1
CAMEL-9785,0
CAMEL-9794,1
CAMEL-9792,0
CAMEL-9793,1
CAMEL-9796,1
CAMEL-9797,1
CAMEL-9749,1
CAMEL-9787,0
CAMEL-9758,1
CAMEL-9743,1
CAMEL-9803,0
CAMEL-9549,1
CAMEL-9806,0
CAMEL-9798,1
CAMEL-9811,0
CAMEL-9807,1
CAMEL-9808,1
CAMEL-9812,1
CAMEL-9795,0
CAMEL-9816,0
CAMEL-9819,1
CAMEL-9815,1
CAMEL-5690,3
CAMEL-9821,1
CAMEL-9820,1
CAMEL-9827,1
CAMEL-9830,0
CAMEL-9789,1
CAMEL-9768,1
CAMEL-9828,1
CAMEL-9825,1
CAMEL-9838,0
CAMEL-9837,1
CAMEL-9462,1
CAMEL-9801,1
CAMEL-9835,1
CAMEL-9587,1
CAMEL-9833,1
CAMEL-9818,1
CAMEL-9840,0
CAMEL-9600,1
CAMEL-9842,1
CAMEL-9841,1
CAMEL-9843,0
CAMEL-9845,0
CAMEL-9650,1
CAMEL-6163,1
CAMEL-9847,1
CAMEL-9852,0
CAMEL-9783,1
CAMEL-9727,1
CAMEL-9853,0
CAMEL-9772,1
CAMEL-9791,1
CAMEL-9860,1
CAMEL-9858,1
CAMEL-9859,0
CAMEL-9863,1
CAMEL-9850,1
CAMEL-9866,1
CAMEL-9862,1
CAMEL-9867,0
CAMEL-9865,1
CAMEL-9810,1
CAMEL-9844,1
CAMEL-9521,1
CAMEL-9851,1
CAMEL-9870,0
CAMEL-9332,1
CAMEL-9848,1
CAMEL-9871,1
CAMEL-9873,0
CAMEL-7698,1
CAMEL-9881,1
CAMEL-9885,0
CAMEL-9890,0
CAMEL-8789,3
CAMEL-9891,1
CAMEL-9892,1
CAMEL-9895,1
CAMEL-8637,2
CAMEL-9898,1
CAMEL-9899,0
CAMEL-9902,0
CAMEL-9904,0
CAMEL-9903,1
CAMEL-9905,0
CAMEL-9879,0
CAMEL-9875,0
CAMEL-9906,1
CAMEL-9896,1
CAMEL-7853,1
CAMEL-9907,0
CAMEL-9872,1
CAMEL-9877,1
CAMEL-9887,1
CAMEL-9900,0
CAMEL-9571,1
CAMEL-2921,1
CAMEL-9913,0
CAMEL-9883,0
CAMEL-9915,1
CAMEL-9911,0
CAMEL-9909,0
CAMEL-9602,1
CAMEL-9834,0
CAMEL-9917,0
CAMEL-9918,0
CAMEL-9908,1
CAMEL-9886,0
CAMEL-9784,1
CAMEL-9920,0
CAMEL-9805,1
CAMEL-9874,1
CAMEL-9822,0
CAMEL-9836,1
CAMEL-9854,1
CAMEL-7443,1
CAMEL-6720,1
CAMEL-6433,1
CAMEL-9882,0
CAMEL-6256,1
CAMEL-9200,1
CAMEL-9927,0
CAMEL-9925,0
CAMEL-9823,0
CAMEL-9929,0
CAMEL-9869,1
CAMEL-9790,1
CAMEL-9919,1
CAMEL-9849,1
CAMEL-3142,3
CAMEL-4532,1
CAMEL-9932,0
CAMEL-8854,1
CAMEL-5252,1
CAMEL-9934,0
CAMEL-9933,0
CAMEL-8633,1
CAMEL-9937,0
CAMEL-9040,1
CAMEL-7884,2
CAMEL-9940,1
CAMEL-9939,1
CAMEL-9936,1
CAMEL-9946,0
CAMEL-9943,1
CAMEL-9921,3
CAMEL-7536,1
CAMEL-9950,0
CAMEL-7660,1
CAMEL-5585,0
CAMEL-9930,1
CAMEL-9067,1
CAMEL-9953,0
CAMEL-9250,1
CAMEL-9744,1
CAMEL-9951,1
CAMEL-9944,1
CAMEL-9958,0
CAMEL-9959,0
CAMEL-9956,0
CAMEL-9957,0
CAMEL-9960,1
CAMEL-9955,1
CAMEL-9962,0
CAMEL-9916,1
CAMEL-9963,0
CAMEL-9966,0
CAMEL-6707,1
CAMEL-9884,0
CAMEL-9961,0
CAMEL-9972,0
CAMEL-9976,0
CAMEL-9968,1
CAMEL-9970,1
CAMEL-9642,1
CAMEL-9973,1
CAMEL-9979,1
CAMEL-9954,1
CAMEL-9974,1
CAMEL-9980,1
CAMEL-9643,0
CAMEL-9982,1
CAMEL-9981,1
CAMEL-9964,0
CAMEL-9651,3
CAMEL-9926,0
CAMEL-9938,1
CAMEL-9978,0
CAMEL-9983,1
CAMEL-9986,1
CAMEL-9984,1
CAMEL-9987,0
CAMEL-9969,1
CAMEL-9888,0
CAMEL-9985,0
CAMEL-9683,1
CAMEL-9990,1
CAMEL-9993,1
CAMEL-9273,1
CAMEL-9897,1
CAMEL-9733,1
CAMEL-9992,1
CAMEL-9046,2
CAMEL-9176,1
CAMEL-6439,0
CAMEL-9994,1
CAMEL-9826,1
CAMEL-8219,1
CAMEL-10001,0
CAMEL-10003,0
CAMEL-9996,0
CAMEL-10005,0
CAMEL-9941,0
CAMEL-10004,0
CAMEL-10007,1
CAMEL-10006,1
CAMEL-10011,0
CAMEL-10012,0
CAMEL-10009,0
CAMEL-10017,1
CAMEL-10015,1
CAMEL-10014,1
CAMEL-10021,0
CAMEL-10025,0
CAMEL-10022,1
CAMEL-9999,0
CAMEL-9998,0
CAMEL-9997,0
CAMEL-9988,0
CAMEL-9989,0
CAMEL-8668,1
CAMEL-8776,2
CAMEL-10030,0
CAMEL-9419,1
CAMEL-10023,1
CAMEL-10029,1
CAMEL-10019,1
CAMEL-10016,1
CAMEL-10033,1
CAMEL-10032,1
CAMEL-10034,1
CAMEL-10035,0
CAMEL-10039,0
CAMEL-10036,1
CAMEL-10002,3
CAMEL-10041,1
CAMEL-10042,0
CAMEL-10043,0
CAMEL-10044,1
CAMEL-10049,0
CAMEL-10050,1
CAMEL-10048,1
CAMEL-10055,0
CAMEL-10056,0
CAMEL-10037,1
CAMEL-10051,1
CAMEL-10058,1
CAMEL-10059,1
CAMEL-10061,0
CAMEL-10068,1
CAMEL-10052,1
CAMEL-10070,0
CAMEL-10072,1
CAMEL-10074,0
CAMEL-10060,2
CAMEL-9878,1
CAMEL-10079,0
CAMEL-10062,1
CAMEL-10082,0
CAMEL-10063,1
CAMEL-10080,0
CAMEL-10069,0
CAMEL-10065,0
CAMEL-10047,1
CAMEL-10083,5
CAMEL-10024,3
CAMEL-9729,1
CAMEL-10091,0
CAMEL-10094,0
CAMEL-10096,0
CAMEL-9476,2
CAMEL-10095,1
CAMEL-10104,1
CAMEL-10103,1
CAMEL-10020,1
CAMEL-10087,1
CAMEL-10040,1
CAMEL-9638,3
CAMEL-10112,0
CAMEL-10111,1
CAMEL-10045,1
CAMEL-10113,1
CAMEL-10109,1
CAMEL-10114,1
CAMEL-10110,1
CAMEL-10117,0
CAMEL-10115,1
CAMEL-10120,1
CAMEL-10085,1
CAMEL-10100,1
CAMEL-10118,1
CAMEL-10121,0
CAMEL-10125,1
CAMEL-10122,0
CAMEL-10128,1
CAMEL-10127,1
CAMEL-9631,1
CAMEL-10130,0
CAMEL-10116,2
CAMEL-10132,0
CAMEL-10134,0
CAMEL-10137,0
CAMEL-10143,0
CAMEL-10144,0
CAMEL-10145,0
CAMEL-10147,0
CAMEL-10066,1
CAMEL-10133,1
CAMEL-10149,0
CAMEL-10142,1
CAMEL-10151,1
CAMEL-10150,0
CAMEL-10158,0
CAMEL-10157,1
CAMEL-10163,0
CAMEL-10167,0
CAMEL-10038,0
CAMEL-10159,1
CAMEL-10107,0
CAMEL-10106,1
CAMEL-10105,0
CAMEL-10102,0
CAMEL-10101,0
CAMEL-10108,0
CAMEL-10161,1
CAMEL-10170,0
CAMEL-10172,1
CAMEL-10176,1
CAMEL-10177,0
CAMEL-10174,1
CAMEL-10181,0
CAMEL-10180,0
CAMEL-10155,1
CAMEL-10183,0
CAMEL-10169,1
CAMEL-10156,1
CAMEL-10166,1
CAMEL-10136,1
CAMEL-9880,1
CAMEL-9868,1
CAMEL-10190,1
CAMEL-10192,1
CAMEL-10198,1
CAMEL-10200,1
CAMEL-10201,1
CAMEL-10202,1
CAMEL-10184,1
CAMEL-10203,1
CAMEL-10057,1
CAMEL-10119,1
CAMEL-10189,1
CAMEL-10209,1
CAMEL-10212,0
CAMEL-10211,1
CAMEL-10208,1
CAMEL-10213,1
CAMEL-10215,1
CAMEL-10081,1
CAMEL-10214,1
CAMEL-10207,1
CAMEL-10216,0
CAMEL-10168,1
CAMEL-10221,0
CAMEL-10185,1
CAMEL-10195,1
CAMEL-10196,1
CAMEL-10075,1
CAMEL-10077,1
CAMEL-10223,0
CAMEL-10219,1
CAMEL-6616,1
CAMEL-10217,0
CAMEL-10226,0
CAMEL-10210,1
CAMEL-10089,0
CAMEL-10232,0
CAMEL-10231,0
CAMEL-10233,1
CAMEL-10235,1
CAMEL-9428,1
CAMEL-10218,0
CAMEL-10090,0
CAMEL-10239,1
CAMEL-10224,0
CAMEL-10243,0
CAMEL-10234,0
CAMEL-8287,1
CAMEL-10244,2
CAMEL-10246,0
CAMEL-10245,1
CAMEL-10248,1
CAMEL-10229,1
CAMEL-10249,1
CAMEL-10171,1
CAMEL-10252,0
CAMEL-10179,1
CAMEL-10153,0
CAMEL-10228,1
CAMEL-10253,1
CAMEL-10260,1
CAMEL-10237,3
CAMEL-10261,0
CAMEL-10257,0
CAMEL-10205,1
CAMEL-10254,1
CAMEL-10262,0
CAMEL-10256,0
CAMEL-10268,0
CAMEL-10264,0
CAMEL-10273,1
CAMEL-10270,1
CAMEL-8380,1
CAMEL-10255,1
CAMEL-10274,1
CAMEL-10275,0
CAMEL-10227,1
CAMEL-10278,1
CAMEL-10276,1
CAMEL-10279,1
CAMEL-10282,1
CAMEL-10067,0
CAMEL-10018,1
CAMEL-10285,0
CAMEL-10283,1
CAMEL-6399,1
CAMEL-10131,1
CAMEL-10269,0
CAMEL-10280,1
CAMEL-10289,0
CAMEL-10286,1
CAMEL-10288,0
CAMEL-10290,0
CAMEL-10164,1
CAMEL-10291,1
CAMEL-10092,1
CAMEL-10064,1
CAMEL-10240,3
CAMEL-5719,1
CAMEL-10414,1
CAMEL-10292,0
CAMEL-10284,1
CAMEL-9813,0
CAMEL-10424,0
CAMEL-10412,1
CAMEL-10418,0
CAMEL-10421,1
CAMEL-10406,1
CAMEL-10384,1
CAMEL-10425,0
CAMEL-10354,1
CAMEL-10430,0
CAMEL-10427,1
CAMEL-10431,1
CAMEL-10350,1
CAMEL-10423,1
CAMEL-10433,1
CAMEL-10437,0
CAMEL-10441,0
CAMEL-10435,1
CAMEL-10432,1
CAMEL-10394,2
CAMEL-10419,0
CAMEL-10417,0
CAMEL-10442,1
CAMEL-10420,0
CAMEL-10448,1
CAMEL-10429,1
CAMEL-10443,1
CAMEL-10445,1
CAMEL-10444,1
CAMEL-10434,1
CAMEL-10446,1
CAMEL-10449,0
CAMEL-10450,0
CAMEL-10422,1
CAMEL-10438,1
CAMEL-10186,0
CAMEL-10455,1
CAMEL-10457,1
CAMEL-10451,0
CAMEL-9597,1
CAMEL-10458,1
CAMEL-10470,0
CAMEL-10460,1
CAMEL-10467,0
CAMEL-10426,1
CAMEL-10468,0
CAMEL-10465,1
CAMEL-10473,0
CAMEL-10462,0
CAMEL-10178,1
CAMEL-10480,0
CAMEL-10409,1
CAMEL-10479,0
CAMEL-10481,1
CAMEL-10454,1
CAMEL-10453,1
CAMEL-10488,0
CAMEL-10482,0
CAMEL-10489,0
CAMEL-10491,1
CAMEL-10493,1
CAMEL-10494,0
CAMEL-10499,0
CAMEL-10476,0
CAMEL-10500,1
CAMEL-10502,1
CAMEL-10501,1
CAMEL-10463,1
CAMEL-10471,1
CAMEL-10503,1
CAMEL-10506,1
CAMEL-10507,0
CAMEL-10510,0
CAMEL-10472,1
CAMEL-10505,1
CAMEL-10517,0
CAMEL-10518,0
CAMEL-10516,0
CAMEL-10520,1
CAMEL-10498,1
CAMEL-10514,0
CAMEL-10504,1
CAMEL-10527,1
CAMEL-10466,1
CAMEL-10526,1
CAMEL-10175,1
CAMEL-8418,1
CAMEL-10534,1
CAMEL-10524,0
CAMEL-10521,1
CAMEL-10436,1
CAMEL-10536,0
CAMEL-10539,1
CAMEL-10492,1
CAMEL-10509,1
CAMEL-10519,0
CAMEL-10490,1
CAMEL-10294,1
CAMEL-10242,1
CAMEL-10297,0
CAMEL-10296,1
CAMEL-10140,1
CAMEL-10293,0
CAMEL-7831,1
CAMEL-10302,1
CAMEL-9018,1
CAMEL-10295,1
CAMEL-10298,1
CAMEL-10306,1
CAMEL-10305,1
CAMEL-10311,1
CAMEL-10312,1
CAMEL-10316,0
CAMEL-7832,1
CAMEL-10263,1
CAMEL-10318,0
CAMEL-10309,1
CAMEL-10317,1
CAMEL-10313,1
CAMEL-10319,1
CAMEL-10303,0
CAMEL-10310,0
CAMEL-9910,1
CAMEL-9541,1
CAMEL-10325,0
CAMEL-9098,0
CAMEL-10326,0
CAMEL-10308,1
CAMEL-10328,1
CAMEL-7891,2
CAMEL-10307,1
CAMEL-10332,1
CAMEL-10250,2
CAMEL-10321,1
CAMEL-10334,1
CAMEL-8830,1
CAMEL-10338,1
CAMEL-10222,0
CAMEL-9131,1
CAMEL-10342,1
CAMEL-10339,1
CAMEL-10331,1
CAMEL-10347,1
CAMEL-10343,1
CAMEL-10359,0
CAMEL-10238,1
CAMEL-10197,2
CAMEL-10366,1
CAMEL-10368,0
CAMEL-10361,1
CAMEL-10340,1
CAMEL-10364,1
CAMEL-10365,1
CAMEL-10356,1
CAMEL-10370,1
CAMEL-10372,0
CAMEL-10367,1
CAMEL-10346,0
CAMEL-10371,1
CAMEL-10323,1
CAMEL-10345,1
CAMEL-10357,0
CAMEL-10378,0
CAMEL-10124,1
CAMEL-10381,0
CAMEL-10379,1
CAMEL-10376,1
CAMEL-10236,1
CAMEL-10386,1
CAMEL-10385,1
CAMEL-10387,1
CAMEL-10383,0
CAMEL-10380,1
CAMEL-10327,1
CAMEL-10352,0
CAMEL-10395,0
CAMEL-10398,1
CAMEL-10397,1
CAMEL-10400,1
CAMEL-9606,1
CAMEL-10393,0
CAMEL-10390,0
CAMEL-10403,0
CAMEL-10392,0
CAMEL-10407,0
CAMEL-10402,0
CAMEL-10408,0
CAMEL-10401,1
CAMEL-10322,1
CAMEL-10410,0
CAMEL-10411,1
CAMEL-10404,1
CAMEL-9678,1
CAMEL-10362,1
CAMEL-10341,1
CAMEL-10389,1
CAMEL-10399,2
CAMEL-10678,0
CAMEL-10680,1
CAMEL-10677,1
CAMEL-10666,1
CAMEL-10679,1
CAMEL-10684,0
CAMEL-10688,0
CAMEL-10687,0
CAMEL-10692,1
CAMEL-10690,0
CAMEL-10689,0
CAMEL-10638,0
CAMEL-10695,0
CAMEL-9466,1
CAMEL-10577,1
CAMEL-10699,0
CAMEL-10697,1
CAMEL-10375,1
CAMEL-10701,1
CAMEL-10702,0
CAMEL-10703,0
CAMEL-10696,1
CAMEL-10698,0
CAMEL-10704,1
CAMEL-10700,0
CAMEL-10705,1
CAMEL-10656,1
CAMEL-10459,1
CAMEL-10710,0
CAMEL-10709,0
CAMEL-10712,1
CAMEL-10622,0
CAMEL-10707,0
CAMEL-10708,1
CAMEL-10716,0
CAMEL-10691,1
CAMEL-10717,1
CAMEL-10713,1
CAMEL-10718,1
CAMEL-10369,1
CAMEL-10620,1
CAMEL-10722,0
CAMEL-10720,1
CAMEL-10723,0
CAMEL-9945,4
CAMEL-10725,1
CAMEL-10726,0
CAMEL-10727,1
CAMEL-10719,1
CAMEL-10731,0
CAMEL-10732,0
CAMEL-9210,1
CAMEL-10531,0
CAMEL-10734,1
CAMEL-10737,0
CAMEL-10711,1
CAMEL-10736,1
CAMEL-10546,1
CAMEL-10738,1
CAMEL-10730,0
CAMEL-10741,1
CAMEL-10747,1
CAMEL-10740,0
CAMEL-10758,0
CAMEL-10759,1
CAMEL-10483,1
CAMEL-10763,1
CAMEL-10764,1
CAMEL-10765,1
CAMEL-10745,1
CAMEL-10761,0
CAMEL-10767,0
CAMEL-10769,1
CAMEL-10770,1
CAMEL-10760,1
CAMEL-10523,1
CAMEL-10771,1
CAMEL-10772,1
CAMEL-10542,1
CAMEL-10775,1
CAMEL-10766,0
CAMEL-10783,1
CAMEL-10780,0
CAMEL-10774,1
CAMEL-10714,1
CAMEL-10729,0
CAMEL-10788,1
CAMEL-10797,0
CAMEL-10693,0
CAMEL-10682,0
CAMEL-10801,0
CAMEL-10796,1
CAMEL-10779,1
CAMEL-10800,0
CAMEL-10756,1
CAMEL-10607,1
CAMEL-6289,1
CAMEL-10781,1
CAMEL-10812,0
CAMEL-10757,1
CAMEL-10344,1
CAMEL-10548,0
CAMEL-10486,1
CAMEL-10556,1
CAMEL-10513,1
CAMEL-10558,0
CAMEL-10553,1
CAMEL-10555,1
CAMEL-10557,1
CAMEL-10559,0
CAMEL-10560,0
CAMEL-10561,1
CAMEL-10550,0
CAMEL-10551,0
CAMEL-10552,0
CAMEL-10391,1
CAMEL-10566,1
CAMEL-10562,1
CAMEL-10567,0
CAMEL-10583,1
CAMEL-10578,0
CAMEL-10515,0
CAMEL-10568,1
CAMEL-10575,0
CAMEL-10584,0
CAMEL-10582,1
CAMEL-10579,1
CAMEL-10027,0
CAMEL-10589,0
CAMEL-10588,0
CAMEL-10564,0
CAMEL-10573,0
CAMEL-10591,0
CAMEL-10563,0
CAMEL-10576,0
CAMEL-10581,1
CAMEL-10570,0
CAMEL-10594,1
CAMEL-10595,0
CAMEL-10598,0
CAMEL-10597,1
CAMEL-10571,0
CAMEL-10593,0
CAMEL-10604,0
CAMEL-10605,1
CAMEL-10271,2
CAMEL-10603,1
CAMEL-10606,0
CAMEL-10602,1
CAMEL-10608,1
CAMEL-10614,0
CAMEL-9748,2
CAMEL-10609,0
CAMEL-10511,0
CAMEL-10592,1
CAMEL-10615,1
CAMEL-10599,1
CAMEL-10617,0
CAMEL-10619,0
CAMEL-10623,1
CAMEL-10625,0
CAMEL-10554,1
CAMEL-10632,0
CAMEL-10628,1
CAMEL-10626,1
CAMEL-10629,1
CAMEL-10574,0
CAMEL-10636,1
CAMEL-10634,1
CAMEL-10637,1
CAMEL-10643,0
CAMEL-10640,1
CAMEL-10644,0
CAMEL-10647,1
CAMEL-10648,0
CAMEL-10635,1
CAMEL-10645,0
CAMEL-10649,1
CAMEL-10646,1
CAMEL-10653,1
CAMEL-10528,1
CAMEL-10658,0
CAMEL-10655,0
CAMEL-10464,0
CAMEL-10661,0
CAMEL-10662,0
CAMEL-10663,1
CAMEL-10272,1
CAMEL-10667,1
CAMEL-10616,1
CAMEL-10633,1
CAMEL-10673,1
CAMEL-10572,1
CAMEL-10664,1
CAMEL-10641,1
CAMEL-10530,0
CAMEL-10674,0
CAMEL-10672,1
CAMEL-10676,1
CAMEL-10675,1
CAMEL-10790,1
CAMEL-10335,1
CAMEL-10810,1
CAMEL-10814,1
CAMEL-10804,1
CAMEL-10811,0
CAMEL-10808,1
CAMEL-10817,0
CAMEL-10819,1
CAMEL-10746,1
CAMEL-10822,1
CAMEL-10532,0
CAMEL-10824,0
CAMEL-10830,0
CAMEL-10827,1
CAMEL-10813,1
CAMEL-10585,1
CAMEL-10832,0
CAMEL-10836,0
CAMEL-10826,1
CAMEL-10838,1
CAMEL-10841,0
CAMEL-10844,0
CAMEL-10842,0
CAMEL-10840,1
CAMEL-10847,0
CAMEL-10848,1
CAMEL-10854,1
CAMEL-10855,0
CAMEL-10825,1
CAMEL-10850,1
CAMEL-10858,1
CAMEL-10853,1
CAMEL-10396,1
CAMEL-10139,1
CAMEL-10860,1
CAMEL-10861,1
CAMEL-10851,1
CAMEL-10862,1
CAMEL-10856,1
CAMEL-10865,0
CAMEL-10823,1
CAMEL-10870,1
CAMEL-10871,1
CAMEL-10868,0
CAMEL-10686,0
CAMEL-10874,1
CAMEL-10866,1
CAMEL-10538,0
CAMEL-10447,0
CAMEL-10882,0
CAMEL-10883,1
CAMEL-10884,0
CAMEL-10886,0
CAMEL-10828,0
CAMEL-10878,1
CAMEL-10802,1
CAMEL-10893,1
CAMEL-10611,0
CAMEL-10869,1
CAMEL-5271,0
CAMEL-10873,1
CAMEL-10859,1
CAMEL-10849,1
CAMEL-10008,2
CAMEL-10894,0
CAMEL-10897,0
CAMEL-10888,1
CAMEL-9716,0
CAMEL-10901,1
CAMEL-10898,0
CAMEL-10601,1
CAMEL-10782,1
CAMEL-10749,1
CAMEL-5231,0
CAMEL-5716,1
CAMEL-4256,0
CAMEL-10789,1
CAMEL-10721,0
CAMEL-10915,0
CAMEL-10537,1
CAMEL-10907,1
CAMEL-10831,1
CAMEL-10906,1
CAMEL-10917,0
CAMEL-9502,1
CAMEL-10890,1
CAMEL-10908,0
CAMEL-10914,1
CAMEL-10921,0
CAMEL-10928,0
CAMEL-10926,0
CAMEL-10596,0
CAMEL-10929,0
CAMEL-10930,1
CAMEL-9965,1
CAMEL-10934,0
CAMEL-4641,2
CAMEL-9372,2
CAMEL-10927,1
CAMEL-10937,0
CAMEL-10939,0
CAMEL-10586,1
CAMEL-10935,1
CAMEL-10940,0
CAMEL-10944,0
CAMEL-9800,2
CAMEL-8351,1
CAMEL-10945,1
CAMEL-10905,0
CAMEL-10922,0
CAMEL-10867,1
CAMEL-10864,1
CAMEL-10863,1
CAMEL-10895,1
CAMEL-10904,1
CAMEL-9047,1
CAMEL-10933,1
CAMEL-10948,0
CAMEL-10941,1
CAMEL-10909,1
CAMEL-10954,1
CAMEL-10916,2
CAMEL-10950,1
CAMEL-10754,0
CAMEL-10912,1
CAMEL-10820,1
CAMEL-10951,0
CAMEL-10953,1
CAMEL-10857,0
CAMEL-10957,0
CAMEL-10872,1
CAMEL-10952,1
CAMEL-10958,1
CAMEL-10881,0
CAMEL-10971,0
CAMEL-10959,0
CAMEL-10963,1
CAMEL-10973,1
CAMEL-10974,0
CAMEL-10975,0
CAMEL-10967,0
CAMEL-10970,0
CAMEL-10964,1
CAMEL-7862,1
CAMEL-10977,0
CAMEL-10924,0
CAMEL-10923,0
CAMEL-10795,1
CAMEL-10931,2
CAMEL-10984,0
CAMEL-10980,0
CAMEL-10983,0
CAMEL-10961,1
CAMEL-10989,3
CAMEL-10986,0
CAMEL-10993,1
CAMEL-10892,1
CAMEL-10994,1
CAMEL-10998,1
CAMEL-11002,0
CAMEL-10966,1
CAMEL-11003,0
CAMEL-10987,1
CAMEL-11007,0
CAMEL-10995,1
CAMEL-10990,0
CAMEL-10918,1
CAMEL-11000,1
CAMEL-10960,1
CAMEL-10978,0
CAMEL-11008,0
CAMEL-10913,1
CAMEL-10265,1
CAMEL-11012,0
CAMEL-11004,0
CAMEL-10992,0
CAMEL-10791,1
CAMEL-10668,1
CAMEL-10891,1
CAMEL-10991,0
CAMEL-10997,0
CAMEL-11015,0
CAMEL-11014,0
CAMEL-11013,0
CAMEL-10920,0
CAMEL-11018,0
CAMEL-10799,1
CAMEL-11022,1
CAMEL-11023,0
CAMEL-11025,0
CAMEL-11026,0
CAMEL-11027,0
CAMEL-11020,1
CAMEL-10976,1
CAMEL-10160,1
CAMEL-11009,1
CAMEL-11039,0
CAMEL-11040,1
CAMEL-11042,0
CAMEL-11037,0
CAMEL-11047,1
CAMEL-10876,0
CAMEL-11034,0
CAMEL-11031,1
CAMEL-11053,0
CAMEL-11048,1
CAMEL-10936,1
CAMEL-11016,0
CAMEL-10495,1
CAMEL-11055,0
CAMEL-10875,0
CAMEL-10877,0
CAMEL-11057,0
CAMEL-10337,3
CAMEL-11043,0
CAMEL-11056,1
CAMEL-11058,1
CAMEL-11061,0
CAMEL-11063,1
CAMEL-10938,1
CAMEL-11070,0
CAMEL-11064,0
CAMEL-11024,0
CAMEL-11067,1
CAMEL-11062,1
CAMEL-11074,0
CAMEL-11028,1
CAMEL-7809,1
CAMEL-10846,0
CAMEL-10885,1
CAMEL-11079,1
CAMEL-11080,1
CAMEL-11082,0
CAMEL-11083,0
CAMEL-11084,0
CAMEL-11073,1
CAMEL-11091,0
CAMEL-11085,0
CAMEL-11095,0
CAMEL-11052,1
CAMEL-11093,0
CAMEL-11098,1
CAMEL-11044,2
CAMEL-11019,1
CAMEL-11100,0
CAMEL-11101,0
CAMEL-11099,1
CAMEL-10949,1
CAMEL-11081,1
CAMEL-11110,0
CAMEL-11112,0
CAMEL-11106,0
CAMEL-11105,1
CAMEL-11054,1
CAMEL-11117,1
CAMEL-11113,0
CAMEL-11116,0
CAMEL-11032,0
CAMEL-11021,1
CAMEL-10996,1
CAMEL-10786,2
CAMEL-11107,1
CAMEL-10287,0
CAMEL-11123,1
CAMEL-11065,4
CAMEL-11124,1
CAMEL-11111,1
CAMEL-10947,3
CAMEL-11131,0
CAMEL-11126,0
CAMEL-11133,0
CAMEL-10724,0
CAMEL-11118,0
CAMEL-11134,0
CAMEL-11135,1
CAMEL-11108,1
CAMEL-11060,1
CAMEL-11092,0
CAMEL-11138,0
CAMEL-11088,1
CAMEL-10925,0
CAMEL-11049,1
CAMEL-11139,0
CAMEL-11136,1
CAMEL-11046,1
CAMEL-11130,1
CAMEL-11141,0
CAMEL-10843,0
CAMEL-11145,0
CAMEL-11143,0
CAMEL-10735,1
CAMEL-10373,0
CAMEL-10685,1
CAMEL-11148,0
CAMEL-11160,1
CAMEL-11153,1
CAMEL-11152,1
CAMEL-11154,1
CAMEL-11165,0
CAMEL-11163,0
CAMEL-11167,0
CAMEL-11166,2
CAMEL-7519,1
CAMEL-11170,0
CAMEL-11171,0
CAMEL-11173,0
CAMEL-11177,1
CAMEL-11150,0
CAMEL-11183,2
CAMEL-11172,1
CAMEL-11182,1
CAMEL-11185,1
CAMEL-11189,1
CAMEL-11193,1
CAMEL-11190,1
CAMEL-11191,1
CAMEL-11192,1
CAMEL-11202,0
CAMEL-11207,1
CAMEL-10985,0
CAMEL-11211,1
CAMEL-11213,1
CAMEL-11212,0
CAMEL-11210,0
CAMEL-11203,0
CAMEL-11201,0
CAMEL-11232,0
CAMEL-11222,0
CAMEL-10896,1
CAMEL-11155,0
CAMEL-10807,1
CAMEL-11227,1
CAMEL-11221,1
CAMEL-11239,1
CAMEL-10512,1
CAMEL-4454,0
CAMEL-7933,1
CAMEL-11225,0
CAMEL-11121,0
CAMEL-11245,0
CAMEL-11251,0
CAMEL-11103,0
CAMEL-11258,1
CAMEL-7672,1
CAMEL-11229,1
CAMEL-11268,0
CAMEL-11263,0
CAMEL-11269,0
CAMEL-11206,0
CAMEL-11197,1
CAMEL-11277,1
CAMEL-11276,1
CAMEL-11264,1
CAMEL-11267,1
CAMEL-11280,0
CAMEL-11220,1
CAMEL-11140,1
CAMEL-11196,1
CAMEL-11234,1
CAMEL-11281,1
CAMEL-11283,0
CAMEL-11284,0
CAMEL-11279,1
CAMEL-11272,1
CAMEL-11265,1
CAMEL-11208,0
CAMEL-11273,1
CAMEL-11204,0
CAMEL-11285,0
CAMEL-11287,0
CAMEL-11289,0
CAMEL-11288,1
CAMEL-11259,1
CAMEL-11290,0
CAMEL-11271,0
CAMEL-11297,0
CAMEL-11291,0
CAMEL-10544,1
CAMEL-11187,1
CAMEL-11295,1
CAMEL-11240,1
CAMEL-11235,1
CAMEL-11296,1
CAMEL-11305,0
CAMEL-11307,0
CAMEL-11301,0
CAMEL-11299,1
CAMEL-11309,0
CAMEL-11216,1
CAMEL-11298,1
CAMEL-11198,1
CAMEL-9935,1
CAMEL-11293,1
CAMEL-11302,0
CAMEL-11253,1
CAMEL-11314,0
CAMEL-11274,1
CAMEL-10728,1
CAMEL-11312,1
CAMEL-11317,0
CAMEL-11266,1
CAMEL-11313,1
CAMEL-11254,1
CAMEL-11310,1
CAMEL-11242,0
CAMEL-11319,0
CAMEL-11320,0
CAMEL-11318,0
CAMEL-11322,1
CAMEL-11149,1
CAMEL-11326,1
CAMEL-11237,1
CAMEL-11215,1
CAMEL-11323,0
CAMEL-11311,1
CAMEL-11329,1
CAMEL-11337,0
CAMEL-11330,0
CAMEL-11341,0
CAMEL-11339,0
CAMEL-11336,1
CAMEL-11344,0
CAMEL-11340,1
CAMEL-11304,1
CAMEL-11342,1
CAMEL-11334,1
CAMEL-11347,1
CAMEL-11346,1
CAMEL-11349,0
CAMEL-11350,0
CAMEL-11351,0
CAMEL-10768,1
CAMEL-11343,1
CAMEL-11353,0
CAMEL-11354,1
CAMEL-11243,0
CAMEL-11355,1
CAMEL-11345,1
CAMEL-11359,0
CAMEL-11360,0
CAMEL-11352,1
CAMEL-11356,1
CAMEL-11365,0
CAMEL-11364,1
CAMEL-11368,0
CAMEL-10988,1
CAMEL-11363,1
CAMEL-11335,0
CAMEL-11377,0
CAMEL-11375,0
CAMEL-11369,1
CAMEL-11178,3
CAMEL-11332,0
CAMEL-11378,1
CAMEL-11315,0
CAMEL-10798,1
CAMEL-11188,5
CAMEL-11348,1
CAMEL-11324,2
CAMEL-11256,1
CAMEL-11381,1
CAMEL-11260,0
CAMEL-11373,0
CAMEL-11385,0
CAMEL-11380,1
CAMEL-11382,1
CAMEL-11386,0
CAMEL-11384,1
CAMEL-11390,1
CAMEL-11328,1
CAMEL-11389,1
CAMEL-11338,1
CAMEL-11394,1
CAMEL-11392,1
CAMEL-11395,1
CAMEL-11357,1
CAMEL-11396,0
CAMEL-11393,0
CAMEL-11402,1
CAMEL-11399,1
CAMEL-11407,1
CAMEL-11400,0
CAMEL-11410,0
CAMEL-11398,0
CAMEL-11411,1
CAMEL-11413,0
CAMEL-11417,1
CAMEL-11416,1
CAMEL-11362,0
CAMEL-11421,1
CAMEL-11427,0
CAMEL-11433,1
CAMEL-11429,1
CAMEL-11428,0
CAMEL-10054,1
CAMEL-11432,3
CAMEL-11431,1
CAMEL-10267,2
CAMEL-11434,0
CAMEL-11244,0
CAMEL-11422,1
CAMEL-11435,0
CAMEL-11388,1
CAMEL-11404,1
CAMEL-11436,1
CAMEL-11439,0
CAMEL-11333,1
CAMEL-11441,0
CAMEL-11442,0
CAMEL-11447,0
CAMEL-11448,0
CAMEL-11437,1
CAMEL-11453,1
CAMEL-11450,0
CAMEL-11214,1
CAMEL-11460,0
CAMEL-11456,1
CAMEL-11458,1
CAMEL-11462,0
CAMEL-11467,1
CAMEL-11464,0
CAMEL-11463,1
CAMEL-11470,0
CAMEL-10715,1
CAMEL-11472,1
CAMEL-11466,1
CAMEL-11461,1
CAMEL-11440,1
CAMEL-11471,0
CAMEL-11454,0
CAMEL-11469,1
CAMEL-11465,1
CAMEL-11477,1
CAMEL-11379,1
CAMEL-8419,1
CAMEL-11476,1
CAMEL-11484,0
CAMEL-11483,0
CAMEL-11485,0
CAMEL-11486,1
CAMEL-11490,0
CAMEL-11491,1
CAMEL-11489,1
CAMEL-11507,0
CAMEL-11487,1
CAMEL-11506,1
CAMEL-11510,1
CAMEL-11514,1
CAMEL-11511,1
CAMEL-11515,1
CAMEL-11518,0
CAMEL-11516,0
CAMEL-11520,1
CAMEL-11526,0
CAMEL-11481,0
CAMEL-10659,0
CAMEL-11529,1
CAMEL-11424,1
CAMEL-11374,0
CAMEL-11528,0
CAMEL-11534,1
CAMEL-11539,0
CAMEL-11423,1
CAMEL-11537,0
CAMEL-11540,1
CAMEL-11533,0
CAMEL-11446,1
CAMEL-11509,1
CAMEL-11524,1
CAMEL-11543,1
CAMEL-11548,1
CAMEL-11551,0
CAMEL-11549,1
CAMEL-11552,0
CAMEL-11559,1
CAMEL-11558,1
CAMEL-11564,1
CAMEL-11545,1
CAMEL-11059,3
CAMEL-11425,1
CAMEL-11568,1
CAMEL-11443,0
CAMEL-11144,1
CAMEL-11168,1
CAMEL-11572,1
CAMEL-11576,1
CAMEL-11574,1
CAMEL-11577,0
CAMEL-11531,1
CAMEL-11455,2
CAMEL-11563,1
CAMEL-11573,1
CAMEL-11591,1
CAMEL-11570,2
CAMEL-11589,1
CAMEL-11593,0
CAMEL-11586,1
CAMEL-11542,1
CAMEL-11594,1
CAMEL-5356,1
CAMEL-11608,0
CAMEL-11605,1
CAMEL-11610,1
CAMEL-11607,1
CAMEL-11604,1
CAMEL-11601,1
CAMEL-11613,0
CAMEL-11614,0
CAMEL-11597,3
CAMEL-11618,0
CAMEL-11609,3
CAMEL-11620,1
CAMEL-11596,1
CAMEL-11626,1
CAMEL-11627,0
CAMEL-10743,0
CAMEL-10744,0
CAMEL-11623,1
CAMEL-11571,1
CAMEL-11631,1
CAMEL-11550,0
CAMEL-11560,0
CAMEL-11556,0
CAMEL-11555,0
CAMEL-11554,0
CAMEL-11633,1
CAMEL-11622,0
CAMEL-11639,0
CAMEL-11585,1
CAMEL-11634,1
CAMEL-11575,1
CAMEL-11636,2
CAMEL-11156,0
CAMEL-11569,0
CAMEL-11642,1
CAMEL-11635,1
CAMEL-11643,0
CAMEL-11648,1
CAMEL-11644,0
CAMEL-11617,1
CAMEL-11580,1
CAMEL-11587,1
CAMEL-11640,0
CAMEL-11641,0
CAMEL-11582,1
CAMEL-11578,1
CAMEL-11584,1
CAMEL-11583,1
CAMEL-11581,1
CAMEL-11588,1
CAMEL-11649,1
CAMEL-11652,1
CAMEL-11657,0
CAMEL-11579,1
CAMEL-11659,0
CAMEL-11630,1
CAMEL-11668,1
CAMEL-11638,0
CAMEL-7414,0
CAMEL-11676,1
CAMEL-11621,1
CAMEL-11671,1
CAMEL-11685,0
CAMEL-11674,1
CAMEL-11688,1
CAMEL-11655,0
CAMEL-11316,1
CAMEL-11682,1
CAMEL-11654,0
CAMEL-11694,0
CAMEL-11692,0
CAMEL-11666,1
CAMEL-11697,1
CAMEL-11645,1
CAMEL-8010,1
CAMEL-11701,0
CAMEL-11703,0
CAMEL-11705,1
CAMEL-11704,1
CAMEL-11712,0
CAMEL-11612,0
CAMEL-11709,1
CAMEL-11719,1
CAMEL-11716,1
CAMEL-11721,0
CAMEL-11724,0
CAMEL-11713,0
CAMEL-11473,1
CAMEL-11720,1
CAMEL-11710,1
CAMEL-11706,1
CAMEL-11725,1
CAMEL-11728,0
CAMEL-11735,0
CAMEL-11736,0
CAMEL-11738,1
CAMEL-11739,0
CAMEL-11737,0
CAMEL-11209,1
CAMEL-11611,1
CAMEL-11741,1
CAMEL-10086,1
CAMEL-11743,0
CAMEL-11742,0
CAMEL-11744,0
CAMEL-11740,0
CAMEL-11615,1
CAMEL-11746,0
CAMEL-11714,0
CAMEL-11718,1
CAMEL-11733,1
CAMEL-11729,1
CAMEL-11730,1
CAMEL-11184,3
CAMEL-11732,0
CAMEL-11523,1
CAMEL-11715,0
CAMEL-11747,1
CAMEL-11755,0
CAMEL-11752,1
CAMEL-11759,1
CAMEL-11760,0
CAMEL-11748,0
CAMEL-11726,1
CAMEL-11757,1
CAMEL-11383,1
CAMEL-11690,1
CAMEL-11723,1
CAMEL-11761,0
CAMEL-11695,0
CAMEL-11734,1
CAMEL-11553,3
CAMEL-11236,0
CAMEL-11765,1
CAMEL-11624,1
CAMEL-11691,1
CAMEL-11680,1
CAMEL-11762,0
CAMEL-11679,1
CAMEL-11758,1
CAMEL-11769,1
CAMEL-11768,1
CAMEL-11653,0
CAMEL-11750,1
CAMEL-11544,0
CAMEL-11766,0
CAMEL-11770,1
CAMEL-11698,1
CAMEL-11681,1
CAMEL-11672,1
CAMEL-11632,1
CAMEL-11603,1
CAMEL-11602,1
CAMEL-11772,1
CAMEL-11764,1
CAMEL-11775,1
CAMEL-11771,1
CAMEL-11147,1
CAMEL-11781,1
CAMEL-11779,1
CAMEL-11782,0
CAMEL-11777,1
CAMEL-11786,0
CAMEL-11785,1
CAMEL-11788,1
CAMEL-11663,1
CAMEL-11459,1
CAMEL-11479,1
CAMEL-8860,1
CAMEL-11793,1
CAMEL-11711,0
CAMEL-11717,0
CAMEL-11794,1
CAMEL-11684,0
CAMEL-11699,0
CAMEL-10026,1
CAMEL-11796,0
CAMEL-11798,0
CAMEL-11797,1
CAMEL-10225,1
CAMEL-11804,1
CAMEL-11776,0
CAMEL-11122,3
CAMEL-11754,1
CAMEL-11146,1
CAMEL-11812,1
CAMEL-11813,0
CAMEL-11778,1
CAMEL-10969,1
CAMEL-11828,1
CAMEL-11806,0
CAMEL-11817,0
CAMEL-11800,0
CAMEL-11815,0
CAMEL-11816,0
CAMEL-11801,0
CAMEL-11838,0
CAMEL-11831,1
CAMEL-11837,1
CAMEL-11839,0
CAMEL-11840,0
CAMEL-11827,1
CAMEL-11841,0
CAMEL-11449,1
CAMEL-11791,1
CAMEL-11826,1
CAMEL-11482,1
CAMEL-11814,2
CAMEL-11824,1
CAMEL-11844,0
CAMEL-11825,1
CAMEL-11842,1
CAMEL-11808,1
CAMEL-11830,1
CAMEL-11790,1
CAMEL-11843,1
CAMEL-11821,1
CAMEL-11851,1
CAMEL-11847,0
CAMEL-11848,1
CAMEL-11849,1
CAMEL-10320,1
CAMEL-11852,1
CAMEL-11859,1
CAMEL-11829,1
CAMEL-11850,1
CAMEL-11819,1
CAMEL-11854,1
CAMEL-11855,1
CAMEL-11857,1
CAMEL-11294,1
CAMEL-11756,1
CAMEL-11864,0
CAMEL-11867,1
CAMEL-11247,1
CAMEL-11862,1
CAMEL-11866,1
CAMEL-11875,1
CAMEL-11832,1
CAMEL-11845,1
CAMEL-11872,1
CAMEL-11696,0
CAMEL-11871,0
CAMEL-9008,1
CAMEL-11853,1
CAMEL-11880,1
CAMEL-11884,0
CAMEL-11805,1
CAMEL-11820,1
CAMEL-11811,1
CAMEL-11883,1
CAMEL-11882,0
CAMEL-11881,1
CAMEL-10665,1
CAMEL-11751,3
CAMEL-11308,3
CAMEL-11835,1
CAMEL-9799,1
CAMEL-11678,1
CAMEL-11895,1
CAMEL-11890,1
CAMEL-11894,1
CAMEL-11860,1
CAMEL-8502,1
CAMEL-11900,0
CAMEL-11892,1
CAMEL-11898,1
CAMEL-11901,0
CAMEL-11902,0
CAMEL-11899,0
CAMEL-11904,1
CAMEL-11910,0
CAMEL-11909,0
CAMEL-11896,1
CAMEL-11889,1
CAMEL-11903,1
CAMEL-11911,1
CAMEL-11916,0
CAMEL-11915,0
CAMEL-11917,0
CAMEL-11920,1
CAMEL-11868,1
CAMEL-11822,1
CAMEL-11923,0
CAMEL-11906,0
CAMEL-11926,1
CAMEL-11929,0
CAMEL-11912,1
CAMEL-11922,1
CAMEL-11931,0
CAMEL-11935,1
CAMEL-11924,1
CAMEL-11937,1
CAMEL-11891,1
CAMEL-11936,1
CAMEL-11925,1
CAMEL-11933,1
CAMEL-11945,0
CAMEL-11943,1
CAMEL-11944,0
CAMEL-11946,0
CAMEL-10141,1
CAMEL-11921,0
CAMEL-11753,0
CAMEL-11949,0
CAMEL-11953,0
CAMEL-11950,0
CAMEL-11948,1
CAMEL-11955,0
CAMEL-11952,1
CAMEL-11224,3
CAMEL-11957,0
CAMEL-11958,0
CAMEL-11960,0
CAMEL-11961,0
CAMEL-11387,1
CAMEL-11962,0
CAMEL-11964,0
CAMEL-11963,0
CAMEL-11965,1
CAMEL-11951,1
CAMEL-11969,0
CAMEL-11971,0
CAMEL-11967,1
CAMEL-11286,1
CAMEL-11045,1
CAMEL-11975,0
CAMEL-11978,0
CAMEL-11979,0
CAMEL-11480,0
CAMEL-11976,0
CAMEL-11970,1
CAMEL-11980,0
CAMEL-11927,1
CAMEL-11984,0
CAMEL-11983,1
CAMEL-11985,0
CAMEL-11988,0
CAMEL-11986,0
CAMEL-11908,1
CAMEL-11989,0
CAMEL-11991,0
CAMEL-11992,0
CAMEL-11836,1
CAMEL-11987,1
CAMEL-11628,1
CAMEL-11959,1
CAMEL-11993,1
CAMEL-11997,0
CAMEL-11932,1
CAMEL-11999,0
CAMEL-12001,1
CAMEL-11897,0
CAMEL-11982,1
CAMEL-11954,1
CAMEL-12008,1
CAMEL-12010,0
CAMEL-12007,0
CAMEL-12009,1
CAMEL-11981,0
CAMEL-12011,0
CAMEL-12017,1
CAMEL-12016,1
CAMEL-12014,1
CAMEL-12019,0
CAMEL-12012,0
CAMEL-12018,1
CAMEL-11942,0
CAMEL-12021,1
CAMEL-12024,0
CAMEL-12025,0
CAMEL-12028,0
CAMEL-11656,1
CAMEL-12029,0
CAMEL-12030,0
CAMEL-12004,1
CAMEL-12037,0
CAMEL-12015,1
CAMEL-12013,1
CAMEL-11919,1
CAMEL-12020,0
CAMEL-12033,0
CAMEL-12036,1
CAMEL-12039,1
CAMEL-12046,0
CAMEL-11532,0
CAMEL-12040,1
CAMEL-12049,0
CAMEL-11856,2
CAMEL-12051,0
CAMEL-11869,1
CAMEL-11972,1
CAMEL-12055,1
CAMEL-11606,2
CAMEL-12064,1
CAMEL-12069,1
CAMEL-10613,1
CAMEL-12068,1
CAMEL-12062,1
CAMEL-12065,1
CAMEL-12071,1
CAMEL-12072,1
CAMEL-12043,0
CAMEL-12056,1
CAMEL-12075,1
CAMEL-12059,1
CAMEL-12005,1
CAMEL-12082,2
CAMEL-12076,1
CAMEL-12080,1
CAMEL-12084,0
CAMEL-12022,1
CAMEL-12044,1
CAMEL-12073,1
CAMEL-12090,0
CAMEL-11792,1
CAMEL-12031,1
CAMEL-12074,1
CAMEL-12083,1
CAMEL-12027,0
CAMEL-12096,1
CAMEL-12095,0
CAMEL-12089,0
CAMEL-12098,1
CAMEL-12088,1
CAMEL-12086,1
CAMEL-12094,1
CAMEL-12103,1
CAMEL-12102,1
CAMEL-11474,1
CAMEL-12108,1
CAMEL-12110,1
CAMEL-12113,1
CAMEL-12057,1
CAMEL-12097,1
CAMEL-12118,0
CAMEL-12122,0
CAMEL-12120,1
CAMEL-12124,0
CAMEL-7345,1
CAMEL-12111,1
CAMEL-12129,1
CAMEL-12127,0
CAMEL-12126,0
CAMEL-12130,1
CAMEL-12053,0
CAMEL-12054,0
CAMEL-12134,0
CAMEL-12125,1
CAMEL-12131,1
CAMEL-12085,0
CAMEL-10165,1
CAMEL-11913,0
CAMEL-12050,1
CAMEL-12139,0
CAMEL-12135,0
CAMEL-12136,0
CAMEL-11599,1
CAMEL-12145,0
CAMEL-12142,1
CAMEL-12032,3
CAMEL-12137,1
CAMEL-12099,2
CAMEL-11885,1
CAMEL-12146,0
CAMEL-12147,0
CAMEL-12148,0
CAMEL-12058,1
CAMEL-12061,1
CAMEL-12150,0
CAMEL-12151,0
CAMEL-12153,1
CAMEL-12149,1
CAMEL-12156,0
CAMEL-11907,1
CAMEL-12157,0
CAMEL-12158,0
CAMEL-12143,0
CAMEL-12152,0
CAMEL-12144,0
CAMEL-12159,0
CAMEL-12160,0
CAMEL-12161,0
CAMEL-12163,0
CAMEL-12162,0
CAMEL-12165,0
CAMEL-12164,0
CAMEL-12133,1
CAMEL-12155,1
CAMEL-12171,0
CAMEL-12172,0
CAMEL-12154,1
CAMEL-12174,0
CAMEL-12177,1
CAMEL-12175,0
CAMEL-12173,0
CAMEL-12066,0
CAMEL-10621,1
CAMEL-12182,0
CAMEL-12186,0
CAMEL-12106,0
CAMEL-12188,0
CAMEL-12187,0
CAMEL-12189,0
CAMEL-12193,0
CAMEL-12190,0
CAMEL-12194,0
CAMEL-12197,0
CAMEL-12185,1
CAMEL-12183,1
CAMEL-12196,0
CAMEL-12203,0
CAMEL-12205,0
CAMEL-12206,1
CAMEL-12204,1
CAMEL-12200,0
CAMEL-12210,0
CAMEL-12208,0
CAMEL-12198,0
CAMEL-12215,0
CAMEL-12209,1
CAMEL-12218,0
CAMEL-12181,0
CAMEL-12192,1
CAMEL-11876,1
CAMEL-8657,3
CAMEL-11773,1
CAMEL-12178,1
CAMEL-12223,1
CAMEL-12176,1
CAMEL-11996,1
CAMEL-12225,0
CAMEL-12226,0
CAMEL-12224,0
CAMEL-12105,0
CAMEL-12228,1
CAMEL-12180,1
CAMEL-12231,0
CAMEL-12235,1
CAMEL-12234,0
CAMEL-8958,1
CAMEL-12236,0
CAMEL-12227,1
CAMEL-12241,1
CAMEL-12239,0
CAMEL-12247,1
CAMEL-12248,0
CAMEL-12237,0
CAMEL-12212,1
CAMEL-12246,1
CAMEL-12167,0
CAMEL-12168,1
CAMEL-12251,0
CAMEL-12255,0
CAMEL-12253,0
CAMEL-12233,1
CAMEL-11977,1
CAMEL-12256,1
CAMEL-10543,0
CAMEL-12258,0
CAMEL-12240,0
CAMEL-12261,0
CAMEL-12222,1
CAMEL-12254,1
CAMEL-12242,1
CAMEL-12249,1
CAMEL-12244,1
CAMEL-12267,0
CAMEL-12268,0
CAMEL-12272,0
CAMEL-12269,1
CAMEL-11874,0
CAMEL-12265,0
CAMEL-12275,1
CAMEL-12278,0
CAMEL-12279,0
CAMEL-12280,0
CAMEL-12262,1
CAMEL-12282,0
CAMEL-12266,1
CAMEL-12283,0
CAMEL-12284,0
CAMEL-12286,1
CAMEL-12289,1
CAMEL-12287,1
CAMEL-12047,1
CAMEL-11367,0
CAMEL-12273,1
CAMEL-11598,1
CAMEL-11858,0
CAMEL-12293,1
CAMEL-10474,1
CAMEL-12296,1
CAMEL-12123,1
CAMEL-12299,1
CAMEL-12300,1
CAMEL-12298,1
CAMEL-12301,3
CAMEL-12304,1
CAMEL-13088,1
CAMEL-13100,0
CAMEL-13102,0
CAMEL-13103,1
CAMEL-13107,0
CAMEL-13106,0
CAMEL-13109,1
CAMEL-13101,0
CAMEL-13112,1
CAMEL-13117,0
CAMEL-13115,1
CAMEL-13114,0
CAMEL-12213,0
CAMEL-13110,1
CAMEL-13104,1
CAMEL-13123,1
CAMEL-13077,1
CAMEL-13124,1
CAMEL-13127,1
CAMEL-13133,0
CAMEL-13132,1
CAMEL-13130,1
CAMEL-13128,1
CAMEL-13082,1
CAMEL-13137,1
CAMEL-13105,0
CAMEL-13135,0
CAMEL-13026,1
CAMEL-13143,0
CAMEL-13142,1
CAMEL-13147,0
CAMEL-13129,1
CAMEL-13056,1
CAMEL-12818,0
CAMEL-12814,1
CAMEL-12811,0
CAMEL-10535,1
CAMEL-12792,1
CAMEL-12817,0
CAMEL-13148,0
CAMEL-10911,1
CAMEL-10469,1
CAMEL-12819,0
CAMEL-4428,3
CAMEL-13156,0
CAMEL-13154,1
CAMEL-13150,1
CAMEL-13149,0
CAMEL-13040,1
CAMEL-13157,0
CAMEL-13145,1
CAMEL-13158,1
CAMEL-13131,1
CAMEL-13160,0
CAMEL-13161,0
CAMEL-13002,1
CAMEL-13153,0
CAMEL-13057,1
CAMEL-13164,0
CAMEL-13167,1
CAMEL-13152,0
CAMEL-13146,1
CAMEL-13166,1
CAMEL-13168,0
CAMEL-13155,0
CAMEL-13111,1
CAMEL-13169,1
CAMEL-13176,1
CAMEL-13178,1
CAMEL-13172,0
CAMEL-13151,1
CAMEL-13116,1
CAMEL-13179,1
CAMEL-13125,0
CAMEL-13192,0
CAMEL-13037,2
CAMEL-13190,0
CAMEL-13189,1
CAMEL-13193,1
CAMEL-13196,0
CAMEL-12513,1
CAMEL-13199,0
CAMEL-13173,0
CAMEL-13202,1
CAMEL-13204,1
CAMEL-13191,1
CAMEL-13171,1
CAMEL-13119,1
CAMEL-13126,1
CAMEL-13210,0
CAMEL-13211,0
CAMEL-13217,1
CAMEL-13216,1
CAMEL-13230,1
CAMEL-13073,1
CAMEL-13241,1
CAMEL-13236,0
CAMEL-13232,1
CAMEL-13246,1
CAMEL-12425,1
CAMEL-12955,0
CAMEL-12415,1
CAMEL-12427,0
CAMEL-12374,0
CAMEL-12423,0
CAMEL-12431,0
CAMEL-12362,1
CAMEL-12430,1
CAMEL-12376,1
CAMEL-12429,1
CAMEL-12274,1
CAMEL-12433,1
CAMEL-12435,0
CAMEL-12438,0
CAMEL-12437,1
CAMEL-12436,1
CAMEL-12439,0
CAMEL-12424,1
CAMEL-12395,1
CAMEL-12441,1
CAMEL-12446,0
CAMEL-12444,0
CAMEL-12440,1
CAMEL-12434,1
CAMEL-12447,0
CAMEL-12445,0
CAMEL-12449,1
CAMEL-12454,0
CAMEL-12418,1
CAMEL-12457,0
CAMEL-11669,0
CAMEL-12458,0
CAMEL-12448,1
CAMEL-12451,1
CAMEL-11905,1
CAMEL-12466,0
CAMEL-12465,1
CAMEL-12468,1
CAMEL-12462,1
CAMEL-12460,1
CAMEL-12474,1
CAMEL-12475,1
CAMEL-12442,1
CAMEL-11186,0
CAMEL-12482,0
CAMEL-12383,2
CAMEL-10671,1
CAMEL-12483,1
CAMEL-12480,1
CAMEL-12459,0
CAMEL-10806,1
CAMEL-12487,1
CAMEL-12478,1
CAMEL-12495,0
CAMEL-12500,1
CAMEL-12501,0
CAMEL-12506,1
CAMEL-12507,1
CAMEL-12476,0
CAMEL-12493,1
CAMEL-12512,1
CAMEL-12463,1
CAMEL-12503,1
CAMEL-12514,1
CAMEL-12511,1
CAMEL-12490,1
CAMEL-11600,1
CAMEL-12517,0
CAMEL-12496,0
CAMEL-12498,0
CAMEL-12497,0
CAMEL-12521,1
CAMEL-12524,0
CAMEL-12509,0
CAMEL-12527,0
CAMEL-12526,0
CAMEL-12404,1
CAMEL-12532,0
CAMEL-12491,1
CAMEL-12535,1
CAMEL-12488,0
CAMEL-12540,1
CAMEL-12455,0
CAMEL-12347,0
CAMEL-12365,1
CAMEL-12544,0
CAMEL-12485,0
CAMEL-12518,0
CAMEL-12502,0
CAMEL-12531,0
CAMEL-10793,1
CAMEL-12505,0
CAMEL-12360,0
CAMEL-12541,1
CAMEL-11162,1
CAMEL-12550,0
CAMEL-12533,1
CAMEL-12536,2
CAMEL-12539,0
CAMEL-12553,1
CAMEL-12303,1
CAMEL-12305,1
CAMEL-12308,0
CAMEL-12311,1
CAMEL-12297,1
CAMEL-12314,1
CAMEL-12310,1
CAMEL-12313,1
CAMEL-12292,0
CAMEL-12315,0
CAMEL-12316,1
CAMEL-12079,1
CAMEL-12295,0
CAMEL-12302,1
CAMEL-12312,1
CAMEL-12309,1
CAMEL-12321,1
CAMEL-12291,1
CAMEL-12270,1
CAMEL-12034,2
CAMEL-12221,1
CAMEL-12329,1
CAMEL-12326,1
CAMEL-12328,1
CAMEL-12332,0
CAMEL-12115,4
CAMEL-12333,0
CAMEL-12327,0
CAMEL-12335,0
CAMEL-12338,0
CAMEL-11823,1
CAMEL-12339,1
CAMEL-12341,0
CAMEL-10837,1
CAMEL-12330,1
CAMEL-12351,0
CAMEL-12342,0
CAMEL-12353,0
CAMEL-12354,0
CAMEL-12355,0
CAMEL-12352,0
CAMEL-12356,1
CAMEL-11941,1
CAMEL-12357,1
CAMEL-12358,0
CAMEL-12348,0
CAMEL-12363,0
CAMEL-11194,0
CAMEL-7413,1
CAMEL-12368,0
CAMEL-12369,0
CAMEL-12364,1
CAMEL-12252,1
CAMEL-12372,1
CAMEL-12379,0
CAMEL-12104,1
CAMEL-12370,1
CAMEL-12385,0
CAMEL-12384,1
CAMEL-11650,0
CAMEL-11956,1
CAMEL-12381,1
CAMEL-12359,1
CAMEL-12346,1
CAMEL-12388,0
CAMEL-12344,1
CAMEL-12391,0
CAMEL-12389,0
CAMEL-12392,0
CAMEL-12337,1
CAMEL-12380,0
CAMEL-12377,1
CAMEL-12373,1
CAMEL-12345,1
CAMEL-12397,0
CAMEL-12394,1
CAMEL-12400,0
CAMEL-12288,2
CAMEL-12401,0
CAMEL-12402,0
CAMEL-12325,0
CAMEL-12405,1
CAMEL-12334,1
CAMEL-12406,0
CAMEL-12407,0
CAMEL-12408,1
CAMEL-12399,1
CAMEL-12393,0
CAMEL-12412,0
CAMEL-12403,1
CAMEL-12378,1
CAMEL-12285,1
CAMEL-12382,1
CAMEL-12396,0
CAMEL-12387,1
CAMEL-10785,1
CAMEL-12419,1
CAMEL-12422,1
CAMEL-12421,1
CAMEL-12420,1
CAMEL-12551,1
CAMEL-12552,1
CAMEL-12548,0
CAMEL-12499,0
CAMEL-12534,1
CAMEL-12547,0
CAMEL-12542,1
CAMEL-12555,0
CAMEL-12556,0
CAMEL-12561,0
CAMEL-12558,0
CAMEL-12560,0
CAMEL-12567,0
CAMEL-12566,0
CAMEL-11595,1
CAMEL-12473,1
CAMEL-12569,0
CAMEL-12570,0
CAMEL-12564,0
CAMEL-12572,1
CAMEL-12573,3
CAMEL-12576,0
CAMEL-12409,1
CAMEL-11879,1
CAMEL-12581,0
CAMEL-12577,0
CAMEL-12582,0
CAMEL-9751,1
CAMEL-12585,0
CAMEL-12586,0
CAMEL-12537,2
CAMEL-12580,0
CAMEL-12138,1
CAMEL-12578,0
CAMEL-12461,1
CAMEL-12530,1
CAMEL-11430,0
CAMEL-12214,1
CAMEL-12584,1
CAMEL-12276,1
CAMEL-12375,1
CAMEL-12522,0
CAMEL-11893,1
CAMEL-11257,1
CAMEL-12600,0
CAMEL-12494,3
CAMEL-12559,0
CAMEL-12601,1
CAMEL-12602,1
CAMEL-12599,3
CAMEL-12588,1
CAMEL-12606,2
CAMEL-12612,0
CAMEL-11865,0
CAMEL-12616,1
CAMEL-12615,1
CAMEL-12614,1
CAMEL-12613,0
CAMEL-12621,1
CAMEL-12622,0
CAMEL-12350,1
CAMEL-11327,0
CAMEL-12603,1
CAMEL-12609,1
CAMEL-12607,1
CAMEL-12589,1
CAMEL-12571,1
CAMEL-11803,1
CAMEL-12625,0
CAMEL-12628,1
CAMEL-12611,1
CAMEL-12594,1
CAMEL-12630,0
CAMEL-12583,0
CAMEL-12626,1
CAMEL-12634,0
CAMEL-12632,0
CAMEL-12554,3
CAMEL-12636,1
CAMEL-12637,1
CAMEL-12635,1
CAMEL-12641,1
CAMEL-12633,1
CAMEL-12645,1
CAMEL-12568,1
CAMEL-12643,1
CAMEL-12639,3
CAMEL-12624,1
CAMEL-11783,1
CAMEL-12646,0
CAMEL-12627,1
CAMEL-12651,1
CAMEL-12650,1
CAMEL-12640,1
CAMEL-12653,1
CAMEL-12658,0
CAMEL-12659,0
CAMEL-12644,1
CAMEL-12647,1
CAMEL-11158,0
CAMEL-12778,0
CAMEL-12775,1
CAMEL-12779,0
CAMEL-11325,3
CAMEL-12320,1
CAMEL-12751,1
CAMEL-12780,0
CAMEL-12781,1
CAMEL-12782,1
CAMEL-12787,1
CAMEL-11687,0
CAMEL-12801,1
CAMEL-12802,0
CAMEL-12785,1
CAMEL-12733,1
CAMEL-12806,0
CAMEL-12784,0
CAMEL-12809,0
CAMEL-12777,1
CAMEL-12821,1
CAMEL-12820,1
CAMEL-12822,0
CAMEL-12816,1
CAMEL-12824,0
CAMEL-12813,1
CAMEL-12827,1
CAMEL-12826,0
CAMEL-12829,0
CAMEL-12832,0
CAMEL-12805,1
CAMEL-12831,1
CAMEL-12836,1
CAMEL-12828,1
CAMEL-12838,1
CAMEL-12844,1
CAMEL-12847,0
CAMEL-5558,1
CAMEL-12830,2
CAMEL-12849,0
CAMEL-12848,1
CAMEL-12850,0
CAMEL-12841,0
CAMEL-12852,1
CAMEL-12786,2
CAMEL-12859,0
CAMEL-12853,1
CAMEL-12807,0
CAMEL-12860,0
CAMEL-12484,1
CAMEL-12855,1
CAMEL-12698,1
CAMEL-12843,1
CAMEL-12867,0
CAMEL-12870,1
CAMEL-12873,0
CAMEL-12087,0
CAMEL-12874,0
CAMEL-12880,2
CAMEL-12878,1
CAMEL-12881,1
CAMEL-12882,0
CAMEL-12833,0
CAMEL-12842,1
CAMEL-12884,0
CAMEL-12888,1
CAMEL-12890,1
CAMEL-12891,1
CAMEL-12893,0
CAMEL-12892,1
CAMEL-12897,1
CAMEL-12900,0
CAMEL-12902,0
CAMEL-12905,0
CAMEL-12835,1
CAMEL-12911,1
CAMEL-12914,1
CAMEL-12749,1
CAMEL-12916,0
CAMEL-12917,0
CAMEL-12918,0
CAMEL-12921,0
CAMEL-12922,0
CAMEL-12912,1
CAMEL-12924,0
CAMEL-12929,0
CAMEL-12925,0
CAMEL-12931,1
CAMEL-12933,1
CAMEL-12170,1
CAMEL-12926,2
CAMEL-12932,1
CAMEL-12810,0
CAMEL-12940,1
CAMEL-12865,1
CAMEL-12869,1
CAMEL-12942,1
CAMEL-12899,0
CAMEL-12759,1
CAMEL-12631,1
CAMEL-12886,0
CAMEL-12774,1
CAMEL-12943,1
CAMEL-12908,1
CAMEL-12950,1
CAMEL-11888,3
CAMEL-12952,1
CAMEL-12951,1
CAMEL-12958,0
CAMEL-12930,1
CAMEL-12964,0
CAMEL-12967,1
CAMEL-12944,1
CAMEL-12973,0
CAMEL-12979,1
CAMEL-12919,1
CAMEL-12985,1
CAMEL-12988,0
CAMEL-12987,1
CAMEL-12937,1
CAMEL-12991,1
CAMEL-12993,0
CAMEL-12935,1
CAMEL-11496,1
CAMEL-12954,1
CAMEL-11499,0
CAMEL-12999,1
CAMEL-11500,1
CAMEL-12947,1
CAMEL-13010,1
CAMEL-13009,1
CAMEL-13005,1
CAMEL-12994,1
CAMEL-12815,0
CAMEL-13014,0
CAMEL-13016,1
CAMEL-11495,0
CAMEL-13017,1
CAMEL-13015,1
CAMEL-13020,0
CAMEL-13021,0
CAMEL-13022,0
CAMEL-13006,1
CAMEL-13013,0
CAMEL-13027,0
CAMEL-13029,0
CAMEL-13028,0
CAMEL-13025,1
CAMEL-13008,1
CAMEL-13018,1
CAMEL-13023,1
CAMEL-12974,1
CAMEL-6747,1
CAMEL-13001,1
CAMEL-12969,1
CAMEL-12995,0
CAMEL-12986,0
CAMEL-13035,1
CAMEL-13034,1
CAMEL-12984,0
CAMEL-13041,0
CAMEL-13042,0
CAMEL-13039,0
CAMEL-13033,1
CAMEL-13045,0
CAMEL-13044,1
CAMEL-13012,1
CAMEL-13046,0
CAMEL-12980,0
CAMEL-13049,0
CAMEL-13048,0
CAMEL-13052,0
CAMEL-13051,1
CAMEL-13053,1
CAMEL-13064,0
CAMEL-13068,1
CAMEL-13067,0
CAMEL-13066,1
CAMEL-13074,0
CAMEL-13071,1
CAMEL-13072,1
CAMEL-13054,1
CAMEL-13063,0
CAMEL-13062,0
CAMEL-13061,0
CAMEL-13058,0
CAMEL-13059,0
CAMEL-12708,1
CAMEL-13076,1
CAMEL-13079,0
CAMEL-13055,0
CAMEL-13031,1
CAMEL-13080,0
CAMEL-13075,0
CAMEL-12982,1
CAMEL-13081,1
CAMEL-13084,1
CAMEL-13093,1
CAMEL-13096,0
CAMEL-13097,0
CAMEL-13098,0
CAMEL-13273,1
CAMEL-13353,1
CAMEL-13274,1
CAMEL-13328,1
CAMEL-13327,1
CAMEL-13365,0
CAMEL-13366,1
CAMEL-13364,0
CAMEL-13363,0
CAMEL-8493,1
CAMEL-13367,0
CAMEL-13370,1
CAMEL-13375,1
CAMEL-13357,4
CAMEL-13368,1
CAMEL-13221,1
CAMEL-13379,0
CAMEL-12948,1
CAMEL-13377,0
CAMEL-13372,0
CAMEL-13326,0
CAMEL-12323,1
CAMEL-13387,1
CAMEL-13389,1
CAMEL-12002,0
CAMEL-13300,0
CAMEL-12684,1
CAMEL-13359,2
CAMEL-13394,0
CAMEL-13388,1
CAMEL-13380,1
CAMEL-13108,1
CAMEL-13396,1
CAMEL-12936,1
CAMEL-13395,1
CAMEL-13406,1
CAMEL-13397,1
CAMEL-13398,0
CAMEL-13409,1
CAMEL-13404,0
CAMEL-13405,0
CAMEL-13403,1
CAMEL-13345,1
CAMEL-13412,0
CAMEL-13411,0
CAMEL-13385,0
CAMEL-13414,1
CAMEL-13401,0
CAMEL-13410,1
CAMEL-13419,0
CAMEL-13420,0
CAMEL-13416,1
CAMEL-13386,1
CAMEL-13427,0
CAMEL-13417,0
CAMEL-13422,0
CAMEL-13421,0
CAMEL-13432,1
CAMEL-13426,1
CAMEL-12978,0
CAMEL-13418,1
CAMEL-13438,0
CAMEL-13437,0
CAMEL-13260,0
CAMEL-13113,1
CAMEL-13425,1
CAMEL-13439,0
CAMEL-13433,1
CAMEL-13442,0
CAMEL-12665,4
CAMEL-13446,3
CAMEL-13458,1
CAMEL-13447,0
CAMEL-13448,0
CAMEL-13250,0
CAMEL-13434,1
CAMEL-12006,3
CAMEL-13449,0
CAMEL-13445,0
CAMEL-13460,1
CAMEL-13430,1
CAMEL-13459,1
CAMEL-13343,0
CAMEL-13463,0
CAMEL-13468,1
CAMEL-13450,0
CAMEL-13402,0
CAMEL-9589,1
CAMEL-13144,1
CAMEL-13465,1
CAMEL-13469,0
CAMEL-13467,1
CAMEL-13473,1
CAMEL-13474,0
CAMEL-13464,1
CAMEL-13477,1
CAMEL-13453,1
CAMEL-12834,1
CAMEL-13481,1
CAMEL-13470,0
CAMEL-12663,0
CAMEL-12661,0
CAMEL-12664,0
CAMEL-12666,1
CAMEL-12667,0
CAMEL-12669,0
CAMEL-12649,2
CAMEL-12670,0
CAMEL-12675,0
CAMEL-12642,1
CAMEL-12673,1
CAMEL-12677,1
CAMEL-12654,1
CAMEL-12238,0
CAMEL-12680,1
CAMEL-12679,1
CAMEL-12681,1
CAMEL-12685,1
CAMEL-12690,0
CAMEL-12689,0
CAMEL-12688,0
CAMEL-12674,0
CAMEL-12692,0
CAMEL-12693,1
CAMEL-12697,0
CAMEL-12696,0
CAMEL-12687,1
CAMEL-12701,0
CAMEL-12575,1
CAMEL-12656,1
CAMEL-12691,1
CAMEL-12702,1
CAMEL-12707,0
CAMEL-12705,1
CAMEL-12704,0
CAMEL-12710,0
CAMEL-12699,1
CAMEL-12565,1
CAMEL-12590,1
CAMEL-12713,1
CAMEL-12709,1
CAMEL-12549,1
CAMEL-12714,1
CAMEL-12638,1
CAMEL-12717,1
CAMEL-12716,0
CAMEL-12724,0
CAMEL-12660,0
CAMEL-12725,1
CAMEL-12711,1
CAMEL-12726,1
CAMEL-12715,2
CAMEL-12587,1
CAMEL-12720,1
CAMEL-12410,1
CAMEL-12729,0
CAMEL-12731,0
CAMEL-12730,0
CAMEL-12734,0
CAMEL-12520,3
CAMEL-12732,1
CAMEL-12735,1
CAMEL-12525,1
CAMEL-12114,1
CAMEL-12739,1
CAMEL-12597,1
CAMEL-12706,1
CAMEL-12740,1
CAMEL-12736,1
CAMEL-12745,0
CAMEL-12747,0
CAMEL-12744,0
CAMEL-12743,1
CAMEL-12741,0
CAMEL-12746,1
CAMEL-12728,1
CAMEL-12748,0
CAMEL-12229,1
CAMEL-12742,1
CAMEL-12610,2
CAMEL-12727,1
CAMEL-12752,0
CAMEL-12753,0
CAMEL-12546,1
CAMEL-12486,1
CAMEL-12754,0
CAMEL-12755,2
CAMEL-12757,0
CAMEL-12109,1
CAMEL-12760,1
CAMEL-12762,1
CAMEL-12761,0
CAMEL-12721,1
CAMEL-12768,1
CAMEL-12763,0
CAMEL-12770,0
CAMEL-12771,0
CAMEL-12758,1
CAMEL-12769,0
CAMEL-12756,1
CAMEL-13247,0
CAMEL-13248,0
CAMEL-13253,1
CAMEL-13004,0
CAMEL-13255,1
CAMEL-13249,0
CAMEL-10792,2
CAMEL-9498,1
CAMEL-7875,2
CAMEL-6900,1
CAMEL-8293,3
CAMEL-13240,1
CAMEL-13266,1
CAMEL-13208,1
CAMEL-11966,1
CAMEL-13264,2
CAMEL-13182,1
CAMEL-13269,0
CAMEL-13268,0
CAMEL-13272,0
CAMEL-13252,1
CAMEL-13271,0
CAMEL-13185,1
CAMEL-13007,1
CAMEL-13165,1
CAMEL-13276,0
CAMEL-13277,0
CAMEL-13278,0
CAMEL-13258,0
CAMEL-13280,0
CAMEL-13275,1
CAMEL-13285,0
CAMEL-13257,1
CAMEL-13284,1
CAMEL-13292,1
CAMEL-13283,0
CAMEL-13294,0
CAMEL-13243,1
CAMEL-13214,1
CAMEL-13289,0
CAMEL-13293,1
CAMEL-13295,0
CAMEL-13297,1
CAMEL-13299,0
CAMEL-13279,1
CAMEL-12450,1
CAMEL-13296,0
CAMEL-13303,1
CAMEL-13065,1
CAMEL-13298,1
CAMEL-12605,0
CAMEL-13305,1
CAMEL-13308,0
CAMEL-13309,1
CAMEL-13307,1
CAMEL-11501,0
CAMEL-13238,1
CAMEL-13301,1
CAMEL-13304,1
CAMEL-13312,1
CAMEL-13315,0
CAMEL-13286,1
CAMEL-13320,1
CAMEL-13319,1
CAMEL-13203,1
CAMEL-13321,1
CAMEL-6589,1
CAMEL-13262,1
CAMEL-13324,0
CAMEL-13263,1
CAMEL-13120,1
CAMEL-13317,0
CAMEL-13256,0
CAMEL-13318,0
CAMEL-13332,0
CAMEL-13282,1
CAMEL-13261,0
CAMEL-13140,2
CAMEL-13313,1
CAMEL-13329,0
CAMEL-13330,0
CAMEL-13281,1
CAMEL-13162,1
CAMEL-13344,0
CAMEL-13336,0
CAMEL-13346,0
CAMEL-13349,0
CAMEL-13341,1
CAMEL-13316,1
CAMEL-13350,0
CAMEL-13348,1
CAMEL-13352,1
CAMEL-5836,1
CAMEL-13340,1
CAMEL-13358,1
CAMEL-13351,0
CAMEL-6076,0
CAMEL-13339,1
CAMEL-13490,0
CAMEL-13355,1
CAMEL-13338,1
CAMEL-13489,1
CAMEL-13471,0
CAMEL-13492,0
CAMEL-13493,0
CAMEL-13494,0
CAMEL-13495,0
CAMEL-13496,0
CAMEL-13497,0
CAMEL-13499,1
CAMEL-13502,0
CAMEL-13451,0
CAMEL-13177,1
CAMEL-13408,1
CAMEL-13479,1
CAMEL-13506,0
CAMEL-13503,0
CAMEL-13512,0
CAMEL-13511,0
CAMEL-13500,1
CAMEL-13517,0
CAMEL-12966,5
CAMEL-13520,1
CAMEL-13136,0
CAMEL-13526,0
CAMEL-13513,1
CAMEL-13514,1
CAMEL-13522,0
CAMEL-13498,1
CAMEL-13234,1
CAMEL-13444,0
CAMEL-13527,1
CAMEL-13528,0
CAMEL-13531,0
CAMEL-13533,1
CAMEL-13524,1
CAMEL-13516,1
CAMEL-13478,1
CAMEL-11231,0
CAMEL-13536,1
CAMEL-13519,0
CAMEL-13538,0
CAMEL-13507,1
CAMEL-13508,0
CAMEL-13537,1
CAMEL-13390,1
CAMEL-13545,0
CAMEL-13543,1
CAMEL-13550,1
CAMEL-13456,1
CAMEL-13541,1
CAMEL-13400,1
CAMEL-13551,0
CAMEL-13546,1
CAMEL-13552,0
CAMEL-13534,1
CAMEL-13549,1
CAMEL-13555,0
CAMEL-13540,1
CAMEL-13476,1
CAMEL-13554,1
CAMEL-13556,0
CAMEL-13529,1
CAMEL-13562,0
CAMEL-13572,0
CAMEL-13569,0
CAMEL-13566,1
CAMEL-13570,0
CAMEL-13576,1
CAMEL-13323,1
CAMEL-13567,0
CAMEL-13306,0
CAMEL-13571,0
CAMEL-13583,0
CAMEL-13584,0
CAMEL-13582,0
CAMEL-13581,1
CAMEL-13376,2
CAMEL-13483,1
CAMEL-13591,0
CAMEL-13587,1
CAMEL-13593,1
CAMEL-10324,5
CAMEL-13596,0
CAMEL-13595,0
CAMEL-13599,0
CAMEL-13557,1
CAMEL-13597,1
CAMEL-13428,0
CAMEL-13560,1
CAMEL-13601,1
CAMEL-12963,1
CAMEL-10540,1
CAMEL-13559,1
CAMEL-13604,0
CAMEL-13603,0
CAMEL-13407,1
CAMEL-13607,1
CAMEL-13580,1
CAMEL-13542,0
CAMEL-13605,1
CAMEL-13609,1
CAMEL-13608,1
CAMEL-13594,1
CAMEL-13612,0
CAMEL-13220,1
CAMEL-13539,0
CAMEL-12481,1
CAMEL-13614,0
CAMEL-13615,0
CAMEL-13606,1
CAMEL-12868,1
CAMEL-13491,1
CAMEL-13618,1
CAMEL-13619,0
CAMEL-13525,1
CAMEL-13617,1
CAMEL-13515,1
CAMEL-13620,1
CAMEL-13631,0
CAMEL-13632,0
CAMEL-13369,1
CAMEL-13627,0
CAMEL-13625,1
CAMEL-13354,1
CAMEL-13393,1
CAMEL-12464,0
CAMEL-13641,1
CAMEL-13634,0
CAMEL-13638,0
CAMEL-13644,1
CAMEL-13645,1
CAMEL-13639,1
CAMEL-8362,1
CAMEL-13650,0
CAMEL-13637,0
CAMEL-13118,1
CAMEL-13647,0
CAMEL-13563,0
CAMEL-12975,1
CAMEL-13652,0
CAMEL-13655,0
CAMEL-13654,0
CAMEL-13659,0
CAMEL-13373,1
CAMEL-13658,1
CAMEL-13661,1
CAMEL-13662,1
CAMEL-13636,1
CAMEL-13663,0
CAMEL-13667,1
CAMEL-13674,0
CAMEL-13672,0
CAMEL-13671,0
CAMEL-13675,0
CAMEL-13666,1
CAMEL-13679,0
CAMEL-13384,1
CAMEL-13664,1
CAMEL-13680,0
CAMEL-13201,1
CAMEL-13673,1
CAMEL-13681,0
CAMEL-13685,1
CAMEL-13689,0
CAMEL-13688,0
CAMEL-13209,1
CAMEL-13683,0
CAMEL-13692,0
CAMEL-13695,0
CAMEL-13686,0
CAMEL-13697,0
CAMEL-13480,0
CAMEL-13698,0
CAMEL-13669,1
CAMEL-13657,1
CAMEL-13656,1
CAMEL-13649,0
CAMEL-13642,0
CAMEL-13702,0
CAMEL-13693,1
CAMEL-13696,0
CAMEL-13705,0
CAMEL-13709,1
CAMEL-13687,1
CAMEL-13714,0
CAMEL-13466,1
CAMEL-13715,0
CAMEL-13713,1
CAMEL-13717,1
CAMEL-13716,1
CAMEL-13710,1
CAMEL-13719,1
CAMEL-13723,0
CAMEL-13708,1
CAMEL-13721,0
CAMEL-13720,0
CAMEL-13694,1
CAMEL-4475,1
CAMEL-13725,1
CAMEL-12851,2
CAMEL-13356,0
CAMEL-12504,1
CAMEL-12618,1
CAMEL-13219,1
CAMEL-13036,1
CAMEL-13810,1
CAMEL-13094,2
CAMEL-12968,1
CAMEL-13815,1
CAMEL-13811,0
CAMEL-13801,0
CAMEL-13218,1
CAMEL-12003,1
CAMEL-13783,1
CAMEL-13311,0
CAMEL-5832,1
CAMEL-6325,1
CAMEL-13824,1
CAMEL-6715,1
CAMEL-7444,1
CAMEL-7550,1
CAMEL-7934,1
CAMEL-9676,0
CAMEL-7954,1
CAMEL-7956,1
CAMEL-7970,1
CAMEL-10299,1
CAMEL-9971,1
CAMEL-10456,1
CAMEL-10533,1
CAMEL-10845,1
CAMEL-12416,0
CAMEL-13828,0
CAMEL-12864,1
CAMEL-12928,0
CAMEL-13083,1
CAMEL-13267,1
CAMEL-13712,1
CAMEL-13561,1
CAMEL-13287,1
CAMEL-13738,1
CAMEL-13796,1
CAMEL-13809,1
CAMEL-13834,0
CAMEL-13774,1
CAMEL-13832,0
CAMEL-13835,0
CAMEL-13833,0
CAMEL-13836,0
CAMEL-13740,1
CAMEL-10910,1
CAMEL-5842,1
CAMEL-13837,0
CAMEL-13847,0
CAMEL-13792,1
CAMEL-13787,1
CAMEL-13845,0
CAMEL-13846,1
CAMEL-13843,2
CAMEL-13839,0
CAMEL-13848,1
CAMEL-13860,0
CAMEL-13786,2
CAMEL-13859,0
CAMEL-13855,1
CAMEL-13858,0
CAMEL-13854,1
CAMEL-13856,1
CAMEL-13857,0
CAMEL-11494,0
CAMEL-12957,1
CAMEL-13861,0
CAMEL-13841,0
CAMEL-13850,0
CAMEL-13864,0
CAMEL-13863,1
CAMEL-13867,1
CAMEL-13852,0
CAMEL-13868,0
CAMEL-13871,0
CAMEL-13853,0
CAMEL-13879,0
CAMEL-13882,1
CAMEL-13586,0
CAMEL-13877,1
CAMEL-13890,1
CAMEL-13838,1
CAMEL-13872,1
CAMEL-13893,0
CAMEL-13598,1
CAMEL-13898,1
CAMEL-13876,1
CAMEL-13891,1
CAMEL-13904,0
CAMEL-13429,1
CAMEL-13907,1
CAMEL-9260,1
CAMEL-13911,0
CAMEL-13915,1
CAMEL-13870,1
CAMEL-13896,1
CAMEL-13913,1
CAMEL-13885,1
CAMEL-13924,1
CAMEL-13929,1
CAMEL-13928,0
CAMEL-13917,1
CAMEL-13925,0
CAMEL-13475,1
CAMEL-13895,1
CAMEL-13937,0
CAMEL-13941,1
CAMEL-13880,1
CAMEL-13842,1
CAMEL-12471,0
CAMEL-13945,0
CAMEL-13900,1
CAMEL-13931,1
CAMEL-13826,1
CAMEL-13944,1
CAMEL-13942,1
CAMEL-13938,0
CAMEL-13919,1
CAMEL-13851,1
CAMEL-13821,1
CAMEL-13869,1
CAMEL-13943,1
CAMEL-13936,1
CAMEL-13905,1
CAMEL-13935,1
CAMEL-13840,1
CAMEL-13887,1
CAMEL-13951,0
CAMEL-13960,0
CAMEL-13963,0
CAMEL-12543,1
CAMEL-13921,2
CAMEL-13966,0
CAMEL-13967,0
CAMEL-13435,0
CAMEL-13954,0
CAMEL-13916,1
CAMEL-13971,0
CAMEL-13970,0
CAMEL-13972,0
CAMEL-13504,1
CAMEL-13974,0
CAMEL-13886,0
CAMEL-13976,1
CAMEL-13962,1
CAMEL-13973,0
CAMEL-13982,0
CAMEL-13978,1
CAMEL-13981,1
CAMEL-13956,0
CAMEL-13964,1
CAMEL-13984,0
CAMEL-13983,1
CAMEL-13986,0
CAMEL-13918,1
CAMEL-13939,1
CAMEL-13969,0
CAMEL-13980,0
CAMEL-13989,0
CAMEL-13994,1
CAMEL-13991,0
CAMEL-13987,0
CAMEL-13968,1
CAMEL-13997,0
CAMEL-13961,1
CAMEL-13977,0
CAMEL-13990,0
CAMEL-14001,0
CAMEL-13949,1
CAMEL-14015,0
CAMEL-14016,0
CAMEL-14007,1
CAMEL-13947,1
CAMEL-13965,0
CAMEL-13998,1
CAMEL-13121,1
CAMEL-14011,0
CAMEL-13988,1
CAMEL-14002,1
CAMEL-14018,0
CAMEL-13930,1
CAMEL-13820,1
CAMEL-13901,1
CAMEL-13958,1
CAMEL-14012,0
CAMEL-14000,1
CAMEL-14021,0
CAMEL-2654,0
CAMEL-13957,0
CAMEL-13999,2
CAMEL-13878,2
CAMEL-13926,0
CAMEL-14030,0
CAMEL-14022,1
CAMEL-14033,1
CAMEL-14031,1
CAMEL-14034,1
CAMEL-13245,0
CAMEL-13270,1
CAMEL-14039,0
CAMEL-14040,1
CAMEL-14035,1
CAMEL-13849,1
CAMEL-13122,1
CAMEL-13955,1
CAMEL-14041,1
CAMEL-14048,0
CAMEL-14049,0
CAMEL-13392,0
CAMEL-14027,1
CAMEL-14017,1
CAMEL-14046,0
CAMEL-14045,1
CAMEL-14055,0
CAMEL-14054,0
CAMEL-14052,1
CAMEL-13802,0
CAMEL-13875,1
CAMEL-14057,0
CAMEL-14058,0
CAMEL-14047,1
CAMEL-14044,1
CAMEL-14023,1
CAMEL-14037,1
CAMEL-14051,1
CAMEL-14056,1
CAMEL-14032,0
CAMEL-14064,0
CAMEL-14067,1
CAMEL-14066,0
CAMEL-14072,0
CAMEL-14060,1
CAMEL-14068,1
CAMEL-14073,0
CAMEL-13684,1
CAMEL-14071,1
CAMEL-14050,1
CAMEL-14082,0
CAMEL-14081,0
CAMEL-14009,1
CAMEL-14025,0
CAMEL-14078,0
CAMEL-14083,0
CAMEL-14024,1
CAMEL-14077,0
CAMEL-14065,1
CAMEL-14088,1
CAMEL-14087,1
CAMEL-14095,1
CAMEL-12854,0
CAMEL-14029,0
CAMEL-13992,0
CAMEL-14102,0
CAMEL-14103,0
CAMEL-14105,1
CAMEL-14069,1
CAMEL-14094,0
CAMEL-14100,1
CAMEL-14098,1
CAMEL-13235,1
CAMEL-14075,3
CAMEL-14109,0
CAMEL-10955,1
CAMEL-14108,1
CAMEL-14070,1
CAMEL-14107,1
CAMEL-14061,0
CAMEL-14090,0
CAMEL-14076,0
CAMEL-14084,1
CAMEL-13342,1
CAMEL-14101,1
CAMEL-14097,1
CAMEL-13914,1
CAMEL-13233,1
CAMEL-13381,0
CAMEL-14116,1
CAMEL-14091,1
CAMEL-14004,0
CAMEL-14118,1
CAMEL-14113,1
CAMEL-14119,1
CAMEL-14092,1
CAMEL-14117,0
CAMEL-14125,0
CAMEL-14112,1
CAMEL-14110,0
CAMEL-14127,0
CAMEL-13773,1
CAMEL-14132,0
CAMEL-14130,1
CAMEL-14128,0
CAMEL-14134,1
CAMEL-14141,0
CAMEL-14133,1
CAMEL-14043,1
CAMEL-14014,1
CAMEL-14093,1
CAMEL-14136,0
CAMEL-14096,0
CAMEL-14137,1
CAMEL-14143,1
CAMEL-14129,1
CAMEL-14145,0
CAMEL-14151,0
CAMEL-14142,1
CAMEL-14148,0
CAMEL-14150,0
CAMEL-14131,1
CAMEL-14010,0
CAMEL-14157,0
CAMEL-14161,0
CAMEL-14162,0
CAMEL-14139,1
CAMEL-14160,0
CAMEL-14163,0
CAMEL-14156,0
CAMEL-14165,0
CAMEL-14166,0
CAMEL-14167,1
CAMEL-11886,2
CAMEL-14168,0
CAMEL-14153,0
CAMEL-13825,1
CAMEL-14169,0
CAMEL-14170,1
CAMEL-14147,0
CAMEL-13626,1
CAMEL-14172,0
CAMEL-14126,1
CAMEL-14155,3
CAMEL-14174,1
CAMEL-14177,0
CAMEL-13817,1
CAMEL-14176,1
CAMEL-14111,0
CAMEL-14183,1
CAMEL-14184,1
CAMEL-14182,0
CAMEL-14180,0
CAMEL-14185,0
CAMEL-13643,0
CAMEL-14149,1
CAMEL-14186,0
CAMEL-13691,1
CAMEL-13371,0
CAMEL-14181,0
CAMEL-14106,1
CAMEL-14192,0
CAMEL-14194,0
CAMEL-14178,0
CAMEL-14196,0
CAMEL-14187,1
CAMEL-14173,1
CAMEL-14198,1
CAMEL-14197,0
CAMEL-14200,0
CAMEL-14190,1
CAMEL-14204,0
CAMEL-14202,0
CAMEL-14203,1
CAMEL-14205,0
CAMEL-14201,0
CAMEL-14191,1
CAMEL-14199,0
CAMEL-14207,0
CAMEL-14195,1
CAMEL-14211,1
CAMEL-14146,1
CAMEL-14213,1
CAMEL-14216,0
CAMEL-14219,0
CAMEL-14223,0
CAMEL-14228,0
CAMEL-14221,0
CAMEL-14230,0
CAMEL-14231,1
CAMEL-14234,0
CAMEL-14235,0
CAMEL-13575,0
CAMEL-14229,0
CAMEL-14240,1
CAMEL-14239,0
CAMEL-14232,1
CAMEL-14241,1
CAMEL-14246,0
CAMEL-13213,1
CAMEL-14220,0
CAMEL-14244,1
CAMEL-14245,0
CAMEL-14252,1
CAMEL-14253,1
CAMEL-14251,0
CAMEL-14255,1
CAMEL-14382,0
CAMEL-14392,1
CAMEL-14372,0
CAMEL-14390,0
CAMEL-14308,1
CAMEL-14397,0
CAMEL-14396,0
CAMEL-14336,1
CAMEL-14398,1
CAMEL-14389,3
CAMEL-14401,0
CAMEL-14408,0
CAMEL-14333,0
CAMEL-14188,1
CAMEL-14409,0
CAMEL-14413,0
CAMEL-14412,0
CAMEL-14415,1
CAMEL-13699,1
CAMEL-14410,1
CAMEL-14416,1
CAMEL-13224,0
CAMEL-14404,0
CAMEL-14418,0
CAMEL-14419,0
CAMEL-11947,1
CAMEL-14421,1
CAMEL-14422,1
CAMEL-14424,0
CAMEL-14426,0
CAMEL-14427,0
CAMEL-14414,0
CAMEL-14430,0
CAMEL-14431,0
CAMEL-14432,0
CAMEL-14428,1
CAMEL-14433,1
CAMEL-14435,0
CAMEL-14436,0
CAMEL-14425,0
CAMEL-14439,1
CAMEL-14438,0
CAMEL-14441,1
CAMEL-14446,0
CAMEL-14442,1
CAMEL-14449,0
CAMEL-14443,0
CAMEL-14444,0
CAMEL-14437,0
CAMEL-14420,1
CAMEL-14451,0
CAMEL-14456,0
CAMEL-14458,0
CAMEL-14460,1
CAMEL-14400,0
CAMEL-14452,1
CAMEL-14411,1
CAMEL-14440,1
CAMEL-14453,1
CAMEL-14454,1
CAMEL-12619,1
CAMEL-14447,1
CAMEL-14466,0
CAMEL-14474,0
CAMEL-14463,0
CAMEL-14475,1
CAMEL-14468,0
CAMEL-14464,0
CAMEL-13807,1
CAMEL-14477,0
CAMEL-14448,0
CAMEL-14469,1
CAMEL-11833,2
CAMEL-14226,0
CAMEL-14489,0
CAMEL-14484,1
CAMEL-14471,0
CAMEL-14476,0
CAMEL-14487,0
CAMEL-14403,0
CAMEL-14483,1
CAMEL-14478,0
CAMEL-14493,1
CAMEL-14485,1
CAMEL-14491,0
CAMEL-14497,0
CAMEL-14481,1
CAMEL-14500,1
CAMEL-14505,1
CAMEL-14498,0
CAMEL-14459,0
CAMEL-14503,1
CAMEL-14502,0
CAMEL-14334,0
CAMEL-14461,1
CAMEL-14315,1
CAMEL-14159,1
CAMEL-14286,0
CAMEL-14510,1
CAMEL-14457,3
CAMEL-14224,1
CAMEL-14247,1
CAMEL-14259,0
CAMEL-14257,1
CAMEL-14243,0
CAMEL-14265,1
CAMEL-14227,1
CAMEL-14266,1
CAMEL-14242,3
CAMEL-14273,0
CAMEL-14272,0
CAMEL-14263,1
CAMEL-14275,1
CAMEL-14274,0
CAMEL-14270,1
CAMEL-14276,1
CAMEL-14215,1
CAMEL-14277,0
CAMEL-14267,0
CAMEL-14249,1
CAMEL-14282,0
CAMEL-14019,1
CAMEL-14268,1
CAMEL-14287,1
CAMEL-14288,0
CAMEL-14254,1
CAMEL-14292,1
CAMEL-14285,1
CAMEL-14284,5
CAMEL-14301,1
CAMEL-14302,1
CAMEL-14304,1
CAMEL-14300,1
CAMEL-14074,1
CAMEL-14306,1
CAMEL-14313,0
CAMEL-14309,1
CAMEL-14154,1
CAMEL-14318,1
CAMEL-14312,0
CAMEL-14307,0
CAMEL-14314,0
CAMEL-14321,1
CAMEL-14323,1
CAMEL-14328,0
CAMEL-14311,1
CAMEL-14299,0
CAMEL-14329,1
CAMEL-14325,0
CAMEL-14330,1
CAMEL-14320,0
CAMEL-14331,0
CAMEL-14316,0
CAMEL-14338,0
CAMEL-13226,0
CAMEL-14339,0
CAMEL-14327,0
CAMEL-14340,1
CAMEL-14289,1
CAMEL-14346,0
CAMEL-13223,0
CAMEL-14347,0
CAMEL-13903,1
CAMEL-14295,1
CAMEL-14349,0
CAMEL-14345,1
CAMEL-14351,1
CAMEL-14353,0
CAMEL-14350,1
CAMEL-14332,2
CAMEL-14366,0
CAMEL-14233,1
CAMEL-14365,0
CAMEL-13228,1
CAMEL-14356,1
CAMEL-14359,0
CAMEL-14363,0
CAMEL-14364,1
CAMEL-14373,0
CAMEL-14371,0
CAMEL-14367,1
CAMEL-14348,0
CAMEL-14376,0
CAMEL-14379,0
CAMEL-14375,1
CAMEL-14290,1
CAMEL-14368,1
CAMEL-14352,1
CAMEL-14374,0
CAMEL-14361,1
CAMEL-14303,0
CAMEL-14250,0
CAMEL-14377,0
CAMEL-14380,0
CAMEL-14360,0
CAMEL-14355,1
CAMEL-14383,0
CAMEL-14384,1
CAMEL-10815,0
CAMEL-14387,0
CAMEL-13718,1
CAMEL-13701,1
CAMEL-13727,0
CAMEL-13728,1
CAMEL-13726,0
CAMEL-13141,1
CAMEL-13700,1
CAMEL-13724,1
CAMEL-13730,1
CAMEL-13731,1
CAMEL-13732,0
CAMEL-13592,1
CAMEL-13623,1
CAMEL-13734,0
CAMEL-13711,1
CAMEL-13707,1
CAMEL-13183,1
CAMEL-10013,1
CAMEL-13746,1
CAMEL-13629,1
CAMEL-11502,1
CAMEL-13628,1
CAMEL-13424,1
CAMEL-13748,0
CAMEL-13747,1
CAMEL-13751,0
CAMEL-12983,1
CAMEL-13548,1
CAMEL-13749,1
CAMEL-13733,1
CAMEL-13678,1
CAMEL-13677,1
CAMEL-13735,0
CAMEL-13756,0
CAMEL-13761,1
CAMEL-13736,1
CAMEL-13762,0
CAMEL-13765,0
CAMEL-13759,1
CAMEL-13767,0
CAMEL-13764,1
CAMEL-13399,1
CAMEL-13750,3
CAMEL-13589,0
CAMEL-13755,0
CAMEL-13753,1
CAMEL-13776,1
CAMEL-13760,1
CAMEL-13770,1
CAMEL-13314,1
CAMEL-7779,1
CAMEL-13290,0
CAMEL-13244,0
CAMEL-12765,0
CAMEL-11321,1
CAMEL-11282,0
CAMEL-10835,0
CAMEL-10031,1
CAMEL-13788,1
CAMEL-9753,1
CAMEL-13757,0
CAMEL-13778,1
CAMEL-11493,0
CAMEL-13588,0
CAMEL-12997,0
CAMEL-11497,2
CAMEL-13739,1
CAMEL-13259,1
CAMEL-13175,1
CAMEL-13775,1
CAMEL-13791,0
CAMEL-13779,1
CAMEL-13742,0
CAMEL-11097,2
CAMEL-13793,1
CAMEL-6077,0
CAMEL-4464,1
CAMEL-4995,1
CAMEL-7775,0
CAMEL-8304,0
CAMEL-13505,1
CAMEL-13798,0
CAMEL-13797,1
CAMEL-12872,1
CAMEL-13799,1
CAMEL-7677,1
CAMEL-6901,1
CAMEL-4763,1
CAMEL-9465,0
CAMEL-7419,0
CAMEL-8305,0
CAMEL-13806,1
CAMEL-10126,1
CAMEL-9025,0
CAMEL-13795,1
CAMEL-7543,0
CAMEL-11176,0
CAMEL-6132,1
CAMEL-12413,1
CAMEL-12617,0
CAMEL-14501,1
CAMEL-14507,0
CAMEL-14344,1
CAMEL-14515,1
CAMEL-14278,1
CAMEL-14517,1
CAMEL-14385,0
CAMEL-14508,0
CAMEL-14518,0
CAMEL-14516,0
CAMEL-14523,0
CAMEL-14522,0
CAMEL-14526,1
CAMEL-14525,1
CAMEL-14260,1
CAMEL-14529,1
CAMEL-14528,1
CAMEL-14506,0
CAMEL-14530,0
CAMEL-14519,0
CAMEL-14521,1
CAMEL-14399,1
CAMEL-14462,3
CAMEL-14513,1
CAMEL-14509,0
CAMEL-14504,1
CAMEL-14534,1
CAMEL-11727,0
CAMEL-14535,1
CAMEL-14445,0
CAMEL-14406,1
CAMEL-14538,0
CAMEL-14482,0
CAMEL-14238,1
CAMEL-14549,0
CAMEL-14492,1
CAMEL-14354,0
CAMEL-13830,1
CAMEL-14546,0
CAMEL-14543,0
CAMEL-14559,0
CAMEL-14558,0
CAMEL-14560,0
CAMEL-14548,1
CAMEL-14540,1
CAMEL-14545,1
CAMEL-14563,1
CAMEL-14539,1
CAMEL-14564,1
CAMEL-14551,0
CAMEL-14561,2
CAMEL-14562,1
CAMEL-14552,0
CAMEL-14566,1
CAMEL-14571,0
CAMEL-14572,0
CAMEL-12219,3
CAMEL-14577,1
CAMEL-14580,0
CAMEL-14570,1
CAMEL-14553,0
CAMEL-14569,1
CAMEL-14582,1
CAMEL-14585,1
CAMEL-14586,0
CAMEL-14591,0
CAMEL-14532,1
CAMEL-14593,0
CAMEL-14590,0
CAMEL-14594,0
CAMEL-14588,0
CAMEL-14579,1
CAMEL-6950,2
CAMEL-14589,1
CAMEL-14601,1
CAMEL-14596,0
CAMEL-14604,0
CAMEL-14606,0
CAMEL-14609,0
CAMEL-14556,0
CAMEL-14020,0
CAMEL-13883,0
CAMEL-14607,1
CAMEL-14608,0
CAMEL-14615,1
CAMEL-14520,0
CAMEL-14514,0
CAMEL-14617,1
CAMEL-14621,2
CAMEL-14568,1
CAMEL-14641,0
CAMEL-14635,1
CAMEL-14632,1
CAMEL-14624,1
CAMEL-14633,0
CAMEL-14636,1
CAMEL-14407,1
CAMEL-14630,1
CAMEL-14644,0
CAMEL-14639,0
CAMEL-14628,1
CAMEL-14648,1
CAMEL-14649,1
CAMEL-14651,1
CAMEL-13440,1
CAMEL-14659,1
CAMEL-14662,0
CAMEL-14645,1
CAMEL-14555,0
CAMEL-13784,1
CAMEL-14669,0
CAMEL-14646,0
CAMEL-14667,0
CAMEL-14685,0
CAMEL-14664,0
CAMEL-14691,1
CAMEL-14688,0
CAMEL-14693,0
CAMEL-14686,0
CAMEL-14625,1
CAMEL-13881,0
CAMEL-14697,0
CAMEL-14689,0
CAMEL-14699,0
CAMEL-14702,1
CAMEL-14706,1
CAMEL-14544,0
CAMEL-14455,0
CAMEL-14692,0
CAMEL-14701,0
CAMEL-14696,0
CAMEL-12191,0
CAMEL-14712,0
CAMEL-14670,1
CAMEL-14716,0
CAMEL-14598,2
CAMEL-14719,0
CAMEL-14627,0
CAMEL-14620,0
CAMEL-14720,0
CAMEL-14575,1
CAMEL-14671,1
CAMEL-14718,0
CAMEL-14717,0
CAMEL-14722,1
CAMEL-14713,0
CAMEL-14595,1
CAMEL-14642,1
CAMEL-14724,0
CAMEL-14723,1
CAMEL-14326,1
CAMEL-14395,1
CAMEL-14726,0
CAMEL-14690,0
CAMEL-14727,0
CAMEL-14733,0
CAMEL-14663,0
CAMEL-13844,1
CAMEL-14734,0
CAMEL-14576,0
CAMEL-14679,1
CAMEL-14711,0
CAMEL-14741,1
CAMEL-14605,0
CAMEL-14592,1
CAMEL-14666,0
CAMEL-14657,2
CAMEL-14599,0
CAMEL-14738,0
CAMEL-14746,1
CAMEL-14208,0
CAMEL-14749,0
CAMEL-14751,0
CAMEL-14748,1
CAMEL-14761,0
CAMEL-14698,0
CAMEL-14760,0
CAMEL-14728,0
CAMEL-14729,0
CAMEL-14754,0
CAMEL-14731,0
CAMEL-14730,0
CAMEL-14755,0
CAMEL-14758,0
CAMEL-14756,0
CAMEL-14747,0
CAMEL-14762,0
CAMEL-14417,0
CAMEL-14757,0
CAMEL-14753,0
CAMEL-14768,0
CAMEL-14764,0
CAMEL-14759,0
CAMEL-14752,0
CAMEL-14766,0
CAMEL-14765,0
CAMEL-14767,2
CAMEL-14710,1
CAMEL-14683,0
CAMEL-14774,0
CAMEL-14775,1
CAMEL-14773,0
CAMEL-14779,0
CAMEL-14776,1
CAMEL-14785,0
CAMEL-14784,1
CAMEL-12863,1
CAMEL-14739,2
CAMEL-14495,1
CAMEL-14786,0
CAMEL-14788,1
CAMEL-14780,0
CAMEL-14792,0
CAMEL-14795,0
CAMEL-14789,1
CAMEL-14743,0
CAMEL-14794,1
CAMEL-14793,1
CAMEL-14695,0
CAMEL-14732,0
CAMEL-14791,0
CAMEL-14783,1
CAMEL-14782,0
CAMEL-14796,1
CAMEL-14804,1
CAMEL-14640,1
CAMEL-14629,2
CAMEL-14770,1
CAMEL-14799,1
CAMEL-14803,0
CAMEL-14283,1
CAMEL-14798,0
CAMEL-14787,0
CAMEL-14745,0
CAMEL-14811,0
CAMEL-14740,0
CAMEL-14581,0
CAMEL-14715,2
CAMEL-14700,0
CAMEL-14790,0
CAMEL-14742,0
CAMEL-14813,0
CAMEL-14815,0
CAMEL-13462,1
CAMEL-14814,0
CAMEL-14584,1
CAMEL-14687,0
CAMEL-14819,1
CAMEL-14797,0
CAMEL-14821,1
CAMEL-14675,0
CAMEL-14802,1
CAMEL-14750,0
CAMEL-14825,0
CAMEL-14817,1
CAMEL-13754,0
CAMEL-14830,1
CAMEL-14828,1
CAMEL-14829,1
CAMEL-14834,0
CAMEL-14835,0
CAMEL-14820,1
CAMEL-14833,0
CAMEL-14837,0
CAMEL-14809,0
CAMEL-14838,1
CAMEL-14840,0
CAMEL-14842,0
CAMEL-14841,1
CAMEL-14612,0
CAMEL-14806,1
CAMEL-14848,0
CAMEL-14638,0
CAMEL-14763,1
CAMEL-14658,1
CAMEL-14179,1
CAMEL-14626,1
CAMEL-14846,0
CAMEL-14853,1
CAMEL-14859,0
CAMEL-14852,1
CAMEL-14808,1
CAMEL-14839,1
CAMEL-13812,0
CAMEL-14862,0
CAMEL-14861,1
CAMEL-14863,0
CAMEL-14850,0
CAMEL-14865,0
CAMEL-14864,0
CAMEL-14772,0
CAMEL-14870,0
CAMEL-14860,0
CAMEL-14822,1
CAMEL-14872,1
CAMEL-14877,1
CAMEL-14843,0
CAMEL-14883,0
CAMEL-14895,1
CAMEL-14893,1
CAMEL-14900,0
CAMEL-14898,0
CAMEL-14899,0
CAMEL-14896,0
CAMEL-14897,0
CAMEL-14874,0
CAMEL-14913,0
CAMEL-14887,1
CAMEL-14911,1
CAMEL-14892,0
CAMEL-14902,0
CAMEL-14901,0
CAMEL-14903,0
CAMEL-14881,1
CAMEL-14882,1
CAMEL-14891,1
CAMEL-14879,1
CAMEL-14906,1
CAMEL-14916,0
CAMEL-14907,0
CAMEL-14744,0
CAMEL-14921,2
CAMEL-14618,0
CAMEL-14851,1
CAMEL-14925,0
CAMEL-14914,1
CAMEL-14845,1
CAMEL-14912,1
CAMEL-14930,1
CAMEL-14933,0
CAMEL-14868,0
CAMEL-14936,0
CAMEL-14939,0
CAMEL-14942,0
CAMEL-14941,0
CAMEL-14926,0
CAMEL-14940,0
CAMEL-14943,0
CAMEL-14951,0
CAMEL-14937,1
CAMEL-14954,1
CAMEL-14955,0
CAMEL-14945,0
CAMEL-14960,1
CAMEL-14961,0
CAMEL-14932,0
CAMEL-14938,0
CAMEL-14923,0
CAMEL-14967,0
CAMEL-14972,0
CAMEL-14975,0
CAMEL-14947,1
CAMEL-14885,0
CAMEL-14915,1
CAMEL-14655,0
CAMEL-14654,0
CAMEL-14965,1
CAMEL-14983,0
CAMEL-14969,1
CAMEL-14988,0
CAMEL-14987,0
CAMEL-14989,0
CAMEL-14986,0
CAMEL-14934,0
CAMEL-14984,0
CAMEL-14948,1
CAMEL-14982,1
CAMEL-14998,0
CAMEL-14999,1
CAMEL-14978,0
CAMEL-15002,0
CAMEL-15008,0
CAMEL-14996,1
CAMEL-14812,1
CAMEL-15004,0
CAMEL-15006,0
CAMEL-15009,1
CAMEL-15003,0
CAMEL-14866,0
CAMEL-14876,1
CAMEL-14922,1
CAMEL-14928,1
CAMEL-14927,1
CAMEL-14703,1
CAMEL-15013,0
CAMEL-15005,0
CAMEL-15007,0
CAMEL-14962,0
CAMEL-14977,0
CAMEL-14867,1
CAMEL-15019,0
CAMEL-14950,0
CAMEL-14968,1
CAMEL-14643,1
CAMEL-15020,1
CAMEL-14957,1
CAMEL-15017,1
CAMEL-15023,0
CAMEL-15015,1
CAMEL-14737,1
CAMEL-15028,0
CAMEL-14995,1
CAMEL-15026,0
CAMEL-15024,0
CAMEL-15030,0
CAMEL-15025,0
CAMEL-15032,0
CAMEL-15034,0
CAMEL-15036,0
CAMEL-13535,0
CAMEL-15027,0
CAMEL-15031,0
CAMEL-15035,1
CAMEL-15047,0
CAMEL-15033,0
CAMEL-15050,0
CAMEL-15044,1
CAMEL-15052,0
CAMEL-15051,1
CAMEL-15049,1
CAMEL-15055,1
CAMEL-15056,0
CAMEL-15057,0
CAMEL-15054,0
CAMEL-15048,0
CAMEL-14920,1
CAMEL-15061,0
CAMEL-15059,0
CAMEL-15066,0
CAMEL-15067,1
CAMEL-15058,0
CAMEL-15062,1
CAMEL-15065,0
CAMEL-15063,0
CAMEL-15072,1
CAMEL-15077,0
CAMEL-15071,0
CAMEL-15045,0
CAMEL-15060,0
CAMEL-15064,1
CAMEL-15078,0
CAMEL-15076,1
CAMEL-14966,0
CAMEL-15080,1
CAMEL-15068,1
CAMEL-15082,0
CAMEL-15079,0
CAMEL-12885,1
CAMEL-15041,1
CAMEL-15085,0
CAMEL-14844,0
CAMEL-15070,1
CAMEL-15089,0
CAMEL-15029,1
CAMEL-15095,0
CAMEL-15091,1
CAMEL-7810,0
CAMEL-15069,1
CAMEL-15098,1
CAMEL-15101,0
CAMEL-15100,0
CAMEL-15099,0
CAMEL-15097,1
CAMEL-15084,1
CAMEL-15087,1
CAMEL-15108,0
CAMEL-15043,1
CAMEL-14801,1
CAMEL-15109,0
CAMEL-15110,0
CAMEL-15090,0
CAMEL-15112,1
CAMEL-15114,0
CAMEL-13780,0
CAMEL-15115,1
CAMEL-14634,0
CAMEL-14878,1
CAMEL-15122,0
CAMEL-15125,0
CAMEL-15121,1
CAMEL-15117,0
CAMEL-15131,0
CAMEL-15135,1
CAMEL-15124,1
CAMEL-15136,0
CAMEL-15130,4
CAMEL-15120,0
CAMEL-15128,0
CAMEL-15081,1
CAMEL-15139,1
CAMEL-15138,0
CAMEL-15150,1
CAMEL-15151,1
CAMEL-15146,0
CAMEL-15129,1
CAMEL-15141,0
CAMEL-15155,1
CAMEL-15154,1
CAMEL-14904,0
CAMEL-14886,3
CAMEL-14992,0
CAMEL-14994,0
CAMEL-15073,1
CAMEL-15159,1
CAMEL-15126,0
CAMEL-15147,0
CAMEL-15144,0
CAMEL-15096,1
CAMEL-15172,0
CAMEL-15143,1
CAMEL-15162,1
CAMEL-15153,0
CAMEL-15174,1
CAMEL-15152,0
CAMEL-15116,1
CAMEL-15164,1
CAMEL-14805,1
CAMEL-15169,1
CAMEL-15177,0
CAMEL-15178,0
CAMEL-15175,0
CAMEL-15180,0
CAMEL-15132,2
CAMEL-15181,0
CAMEL-15183,0
CAMEL-15189,1
CAMEL-15188,0
CAMEL-15190,1
CAMEL-15182,0
CAMEL-15194,1
CAMEL-15148,1
CAMEL-14622,0
CAMEL-15187,0
CAMEL-15186,0
CAMEL-15163,0
CAMEL-15212,0
CAMEL-15195,0
CAMEL-15193,0
CAMEL-15209,0
CAMEL-15214,1
CAMEL-15213,1
CAMEL-15199,0
CAMEL-15170,0
CAMEL-14818,0
CAMEL-14854,0
CAMEL-15217,1
CAMEL-15218,1
CAMEL-15161,0
CAMEL-15219,1
CAMEL-15221,0
CAMEL-15204,0
CAMEL-15224,0
CAMEL-15229,1
CAMEL-15225,1
CAMEL-15173,0
CAMEL-15237,1
CAMEL-15239,1
CAMEL-15240,0
CAMEL-15243,0
CAMEL-15241,0
CAMEL-15231,1
CAMEL-14319,0
CAMEL-15205,1
CAMEL-15246,1
CAMEL-15247,0
CAMEL-13800,0
CAMEL-11492,1
CAMEL-15251,0
CAMEL-14429,1
CAMEL-15197,1
CAMEL-15258,0
CAMEL-15191,0
CAMEL-15261,1
CAMEL-15192,0
CAMEL-15264,0
CAMEL-14777,0
CAMEL-15228,1
CAMEL-14956,1
CAMEL-15267,1
CAMEL-14958,2
CAMEL-14769,0
CAMEL-14918,1
CAMEL-15268,0
CAMEL-14963,1
CAMEL-15262,1
CAMEL-15259,1
CAMEL-15265,1
CAMEL-15149,1
CAMEL-15277,0
CAMEL-15242,1
CAMEL-15272,1
CAMEL-15255,1
CAMEL-15278,1
CAMEL-15113,1
CAMEL-15285,1
CAMEL-15280,0
CAMEL-15022,2
CAMEL-15257,0
CAMEL-14565,1
CAMEL-15276,1
CAMEL-15196,1
CAMEL-15248,1
CAMEL-15299,1
CAMEL-15282,1
CAMEL-15266,0
CAMEL-15270,1
CAMEL-15306,0
CAMEL-15233,0
CAMEL-15292,1
CAMEL-15244,1
CAMEL-15309,0
CAMEL-15260,1
CAMEL-15317,1
CAMEL-15318,0
CAMEL-15274,1
CAMEL-15316,1
CAMEL-15311,0
CAMEL-15328,1
CAMEL-15302,0
CAMEL-15283,1
CAMEL-15327,0
CAMEL-15293,0
CAMEL-15305,1
CAMEL-15315,1
CAMEL-15336,1
CAMEL-15198,1
CAMEL-15298,1
CAMEL-15314,1
CAMEL-15338,1
CAMEL-15326,1
CAMEL-15303,1
CAMEL-15340,1
CAMEL-15343,0
CAMEL-15215,0
CAMEL-15307,1
CAMEL-15310,1
CAMEL-11807,1
CAMEL-15345,1
CAMEL-15331,0
CAMEL-15342,0
CAMEL-15344,0
CAMEL-15346,0
CAMEL-15324,0
CAMEL-15308,1
CAMEL-15348,0
CAMEL-15230,0
CAMEL-15347,1
CAMEL-15313,1
CAMEL-15351,1
CAMEL-15353,0
CAMEL-15339,1
CAMEL-15352,0
CAMEL-15295,1
CAMEL-15271,0
CAMEL-15250,0
CAMEL-15357,1
CAMEL-15355,1
CAMEL-15359,0
CAMEL-15349,1
CAMEL-15354,1
CAMEL-15322,0
CAMEL-15312,1
CAMEL-15361,0
CAMEL-15362,1
CAMEL-15358,1
CAMEL-15360,0
CAMEL-14952,0
CAMEL-14533,1
CAMEL-14262,1
CAMEL-15365,0
CAMEL-15304,1
CAMEL-14991,0
CAMEL-15372,1
CAMEL-15350,1
CAMEL-15373,0
CAMEL-15369,1
CAMEL-15377,0
CAMEL-15378,1
CAMEL-15102,4
CAMEL-15297,1
CAMEL-15216,0
CAMEL-15074,0
CAMEL-15184,1
CAMEL-15382,0
CAMEL-15376,0
CAMEL-15381,1
CAMEL-15383,1
CAMEL-15012,1
CAMEL-14317,0
CAMEL-15370,1
CAMEL-15368,0
CAMEL-15387,1
CAMEL-15388,1
CAMEL-12336,1
CAMEL-15384,1
CAMEL-15389,1
CAMEL-15393,0
CAMEL-15391,1
CAMEL-14297,1
CAMEL-15396,0
CAMEL-15397,0
CAMEL-15390,1
CAMEL-15386,0
CAMEL-15400,1
CAMEL-15398,1
CAMEL-15403,1
CAMEL-15411,0
CAMEL-15253,0
CAMEL-15415,1
CAMEL-15160,1
CAMEL-15356,0
CAMEL-15405,1
CAMEL-15406,1
CAMEL-15407,1
CAMEL-15330,0
CAMEL-15425,0
CAMEL-15424,0
CAMEL-15432,1
CAMEL-14578,0
CAMEL-15427,0
CAMEL-15436,0
CAMEL-15417,0
CAMEL-15447,0
CAMEL-15448,0
CAMEL-15426,1
CAMEL-15429,0
CAMEL-15444,0
CAMEL-15445,1
CAMEL-15442,0
CAMEL-15409,1
CAMEL-15431,0
CAMEL-15422,0
CAMEL-15452,0
CAMEL-15420,0
CAMEL-15450,1
CAMEL-15394,1
CAMEL-15454,0
CAMEL-15438,1
CAMEL-15428,1
CAMEL-15418,1
CAMEL-15459,0
CAMEL-15457,1
CAMEL-15458,1
CAMEL-15451,1
CAMEL-15455,1
CAMEL-15463,1
CAMEL-15460,0
CAMEL-15464,0
CAMEL-15380,1
CAMEL-15437,1
CAMEL-15413,1
CAMEL-15469,0
CAMEL-15468,0
CAMEL-15408,0
CAMEL-15453,1
CAMEL-15439,1
CAMEL-13934,0
CAMEL-15374,0
CAMEL-15476,1
CAMEL-15473,1
CAMEL-15474,0
CAMEL-15319,1
CAMEL-15470,1
CAMEL-15477,1
CAMEL-15479,1
CAMEL-15481,0
CAMEL-14826,1
CAMEL-15414,0
CAMEL-15379,0
CAMEL-15441,0
CAMEL-15440,0
CAMEL-15461,0
CAMEL-15466,2
CAMEL-15449,0
CAMEL-15334,0
CAMEL-15210,1
CAMEL-15467,0
CAMEL-15235,0
CAMEL-15492,0
CAMEL-15471,0
CAMEL-15489,0
CAMEL-15490,0
CAMEL-15498,0
CAMEL-15500,1
CAMEL-15493,0
CAMEL-15499,1
CAMEL-15502,1
CAMEL-14672,1
CAMEL-15506,1
CAMEL-15495,0
CAMEL-15507,0
CAMEL-15509,0
CAMEL-15511,1
CAMEL-15512,0
CAMEL-15501,0
CAMEL-15515,0
CAMEL-15516,1
CAMEL-15508,0
CAMEL-15517,0
CAMEL-15514,0
CAMEL-15518,0
CAMEL-13337,1
CAMEL-15486,0
CAMEL-15497,1
CAMEL-15521,1
CAMEL-15524,1
CAMEL-15525,1
CAMEL-15530,1
CAMEL-15504,1
CAMEL-15528,0
CAMEL-15519,1
CAMEL-15532,1
CAMEL-15433,1
CAMEL-15446,1
CAMEL-13923,1
CAMEL-15534,1
CAMEL-15478,1
CAMEL-15548,0
CAMEL-11547,1
CAMEL-11708,0
CAMEL-11707,0
CAMEL-13908,0
CAMEL-12557,1
CAMEL-14974,0
CAMEL-15541,0
CAMEL-15531,0
CAMEL-15547,0
CAMEL-15554,0
CAMEL-15557,0
CAMEL-15549,0
CAMEL-15559,1
CAMEL-15535,0
CAMEL-15375,0
CAMEL-15553,1
CAMEL-15565,0
CAMEL-15563,1
CAMEL-15573,0
CAMEL-15571,0
CAMEL-15542,1
CAMEL-15296,0
CAMEL-15567,1
CAMEL-15575,1
CAMEL-15579,1
CAMEL-15581,0
CAMEL-14499,0
CAMEL-15586,0
CAMEL-15526,1
CAMEL-14542,0
CAMEL-15585,0
CAMEL-15590,1
CAMEL-15577,0
CAMEL-15594,1
CAMEL-15588,1
CAMEL-15561,0
CAMEL-15598,0
CAMEL-15601,0
CAMEL-15602,0
CAMEL-15505,1
CAMEL-15580,1
CAMEL-15430,1
CAMEL-15600,1
CAMEL-15609,0
CAMEL-15614,1
CAMEL-15482,1
CAMEL-15610,0
CAMEL-15488,0
CAMEL-15608,0
CAMEL-15605,0
CAMEL-15591,0
CAMEL-15620,0
CAMEL-15607,1
CAMEL-15621,0
CAMEL-15606,0
CAMEL-15628,1
CAMEL-15604,0
CAMEL-15485,1
CAMEL-15630,0
CAMEL-15626,0
CAMEL-15629,0
CAMEL-15636,0
CAMEL-15619,0
CAMEL-15631,0
CAMEL-15641,0
CAMEL-15643,0
CAMEL-15644,1
CAMEL-15617,0
CAMEL-15634,0
CAMEL-15574,2
CAMEL-15587,1
CAMEL-15496,0
CAMEL-15624,0
CAMEL-15627,1
CAMEL-15637,0
CAMEL-15649,0
CAMEL-15648,0
CAMEL-15584,1
CAMEL-15632,0
CAMEL-15651,1
CAMEL-15558,0
CAMEL-15484,1
CAMEL-14736,1
CAMEL-15654,0
CAMEL-15652,0
CAMEL-15659,0
CAMEL-15639,1
CAMEL-15658,0
CAMEL-15576,1
CAMEL-15539,1
CAMEL-15666,0
CAMEL-15667,1
CAMEL-15665,1
CAMEL-14929,1
CAMEL-15669,1
CAMEL-15664,0
CAMEL-15622,1
CAMEL-15673,1
CAMEL-15647,0
CAMEL-15615,0
CAMEL-15603,0
CAMEL-15671,1
CAMEL-15675,0
CAMEL-15660,1
CAMEL-15611,1
CAMEL-15656,0
CAMEL-14647,1
CAMEL-15682,1
CAMEL-15676,1
CAMEL-15678,1
CAMEL-15677,0
CAMEL-15674,0
CAMEL-15646,1
CAMEL-15684,0
CAMEL-15687,0
CAMEL-15691,0
CAMEL-15694,1
CAMEL-15689,0
CAMEL-15688,0
CAMEL-15692,0
CAMEL-15680,0
CAMEL-15693,0
CAMEL-15699,0
CAMEL-15698,0
CAMEL-15701,0
CAMEL-15690,1
CAMEL-15697,0
CAMEL-15706,0
CAMEL-15695,1
CAMEL-15707,1
CAMEL-15711,0
CAMEL-15713,1
CAMEL-15705,0
CAMEL-15726,0
CAMEL-15721,0
CAMEL-15722,0
CAMEL-15730,0
CAMEL-15728,0
CAMEL-15733,0
CAMEL-15739,0
CAMEL-15742,1
CAMEL-15716,1
CAMEL-15710,0
CAMEL-15732,0
CAMEL-15661,0
CAMEL-15740,1
CAMEL-15756,0
CAMEL-15754,1
CAMEL-15702,0
CAMEL-14423,0
CAMEL-15753,1
CAMEL-15752,1
CAMEL-15758,0
CAMEL-15751,1
CAMEL-15767,1
CAMEL-15749,1
CAMEL-15768,1
CAMEL-15736,0
CAMEL-15773,0
CAMEL-15765,0
CAMEL-15776,0
CAMEL-15761,1
CAMEL-15774,0
CAMEL-15763,1
CAMEL-15779,1
CAMEL-15094,1
CAMEL-15778,0
CAMEL-15783,0
CAMEL-15748,0
CAMEL-15772,0
CAMEL-15735,0
CAMEL-15679,0
CAMEL-15775,1
CAMEL-15788,0
CAMEL-15781,1
CAMEL-15760,2
CAMEL-15731,0
CAMEL-15793,1
CAMEL-15623,1
CAMEL-15745,1
CAMEL-15797,1
CAMEL-15794,0
CAMEL-15796,0
CAMEL-15801,0
CAMEL-15805,0
CAMEL-15803,1
CAMEL-15799,0
CAMEL-14003,1
CAMEL-15807,1
CAMEL-15813,0
CAMEL-15808,0
CAMEL-15811,0
CAMEL-15809,0
CAMEL-15814,0
CAMEL-15810,1
CAMEL-15817,0
CAMEL-15826,0
CAMEL-15824,0
CAMEL-15829,0
CAMEL-15830,0
CAMEL-15831,0
CAMEL-15834,0
CAMEL-15825,0
CAMEL-15819,0
CAMEL-15823,0
CAMEL-15818,1
CAMEL-15837,1
CAMEL-15833,1
CAMEL-15822,0
CAMEL-15812,0
CAMEL-15840,1
CAMEL-15802,0
CAMEL-15839,0
CAMEL-15835,1
CAMEL-15846,0
CAMEL-15845,0
CAMEL-15836,1
CAMEL-15848,0
CAMEL-15769,0
CAMEL-15849,1
CAMEL-15851,1
CAMEL-15847,0
CAMEL-15852,1
CAMEL-15792,1
CAMEL-15766,3
CAMEL-15859,0
CAMEL-15855,0
CAMEL-14480,0
CAMEL-15725,0
CAMEL-15784,1
CAMEL-15795,0
CAMEL-15770,1
CAMEL-15790,1
CAMEL-15861,0
CAMEL-15867,0
CAMEL-15866,0
CAMEL-15862,0
CAMEL-15871,1
CAMEL-15870,0
CAMEL-11731,2
CAMEL-15876,0
CAMEL-15878,0
CAMEL-15843,0
CAMEL-15858,1
CAMEL-15785,0
CAMEL-15872,0
CAMEL-15882,0
CAMEL-15884,0
CAMEL-15877,1
CAMEL-15881,0
CAMEL-15888,0
CAMEL-15887,0
CAMEL-15886,0
CAMEL-15863,0
CAMEL-15891,0
CAMEL-15890,0
CAMEL-15873,0
CAMEL-14036,1
CAMEL-15704,0
CAMEL-15893,1
CAMEL-15896,0
CAMEL-15894,0
CAMEL-15806,0
CAMEL-15904,0
CAMEL-15856,0
CAMEL-15879,0
CAMEL-15902,1
CAMEL-15908,0
CAMEL-15911,0
CAMEL-15899,1
CAMEL-15592,1
CAMEL-14681,1
CAMEL-15906,0
CAMEL-15798,0
CAMEL-15907,0
CAMEL-15919,0
CAMEL-15880,0
CAMEL-15914,0
CAMEL-15860,1
CAMEL-15832,0
CAMEL-15827,0
CAMEL-15913,1
CAMEL-15815,1
CAMEL-15917,0
CAMEL-15764,1
CAMEL-15804,0
CAMEL-15854,1
CAMEL-15786,0
CAMEL-15653,1
CAMEL-15923,1
CAMEL-15920,0
CAMEL-15737,1
CAMEL-15898,1
CAMEL-15738,2
CAMEL-15925,0
CAMEL-15510,0
CAMEL-15865,1
CAMEL-15533,0
CAMEL-15718,1
CAMEL-15926,1
CAMEL-15931,0
CAMEL-15757,0
CAMEL-15419,0
CAMEL-15364,0
CAMEL-15932,0
CAMEL-15915,1
CAMEL-15821,1
CAMEL-15937,0
CAMEL-15935,0
CAMEL-15930,1
CAMEL-15940,0
CAMEL-15942,0
CAMEL-15934,1
CAMEL-15941,0
CAMEL-15944,0
CAMEL-15946,0
CAMEL-15947,0
CAMEL-15949,0
CAMEL-15954,1
CAMEL-15959,0
CAMEL-15938,1
CAMEL-15945,0
CAMEL-13024,1
CAMEL-15290,1
CAMEL-15962,0
CAMEL-15969,0
CAMEL-15972,0
CAMEL-12871,1
CAMEL-15976,0
CAMEL-15977,0
CAMEL-15596,2
CAMEL-15974,1
CAMEL-15971,1
CAMEL-15979,0
CAMEL-13443,1
CAMEL-12260,1
CAMEL-15578,0
CAMEL-15948,2
CAMEL-15791,0
CAMEL-15983,0
CAMEL-15928,0
CAMEL-15984,0
CAMEL-15986,0
CAMEL-15987,0
CAMEL-15988,0
CAMEL-15989,1
CAMEL-15993,0
CAMEL-15992,1
CAMEL-15991,1
CAMEL-13163,2
CAMEL-15994,1
CAMEL-14486,0
CAMEL-14976,1
CAMEL-14557,1
CAMEL-15997,1
CAMEL-15990,0
CAMEL-15995,0
CAMEL-16004,1
CAMEL-15999,1
CAMEL-16000,0
CAMEL-16007,0
CAMEL-16005,1
CAMEL-13553,1
CAMEL-16009,1
CAMEL-16010,0
CAMEL-15529,0
CAMEL-16014,0
CAMEL-16013,0
CAMEL-16003,1
CAMEL-16017,0
CAMEL-16027,0
CAMEL-15961,1
CAMEL-16020,1
CAMEL-16033,0
CAMEL-16031,0
CAMEL-16037,0
CAMEL-16038,0
CAMEL-15998,0
CAMEL-16043,0
CAMEL-16040,0
CAMEL-16029,0
CAMEL-16042,1
CAMEL-16045,0
CAMEL-16022,0
CAMEL-16032,1
CAMEL-16047,0
CAMEL-16019,0
CAMEL-16050,0
CAMEL-16051,0
CAMEL-16048,0
CAMEL-16049,0
CAMEL-16054,0
CAMEL-16056,0
CAMEL-16057,1
CAMEL-16008,1
CAMEL-16035,0
CAMEL-16066,1
CAMEL-15106,1
CAMEL-16068,1
CAMEL-13455,1
CAMEL-15759,1
CAMEL-16018,0
CAMEL-15844,0
CAMEL-16077,0
CAMEL-16075,1
CAMEL-16071,0
CAMEL-16061,1
CAMEL-15341,1
CAMEL-12489,1
CAMEL-16082,1
CAMEL-16087,1
CAMEL-15933,0
CAMEL-16080,0
CAMEL-16093,0
CAMEL-16098,1
CAMEL-16104,1
CAMEL-16072,1
CAMEL-16107,0
CAMEL-16076,0
CAMEL-14871,1
CAMEL-16108,1
CAMEL-16092,0
CAMEL-16106,1
CAMEL-16110,0
CAMEL-16114,1
CAMEL-16112,1
CAMEL-16118,0
CAMEL-16091,1
CAMEL-16109,0
CAMEL-16120,0
CAMEL-16103,1
CAMEL-16095,0
CAMEL-16117,1
CAMEL-16070,0
CAMEL-16124,0
CAMEL-16111,1
CAMEL-16053,0
CAMEL-16089,0
CAMEL-16126,0
CAMEL-15958,1
CAMEL-16129,1
CAMEL-16127,1
CAMEL-16131,0
CAMEL-16034,1
CAMEL-16135,1
CAMEL-15560,0
CAMEL-16065,0
CAMEL-16142,0
CAMEL-16136,0
CAMEL-16145,0
CAMEL-16083,1
CAMEL-16132,1
CAMEL-16154,0
CAMEL-16102,1
CAMEL-16160,0
CAMEL-16086,1
CAMEL-16152,1
CAMEL-16151,0
CAMEL-16150,0
CAMEL-16161,0
CAMEL-16146,1
CAMEL-12808,1
CAMEL-16163,0
CAMEL-16164,0
CAMEL-16167,0
CAMEL-16159,0
CAMEL-16166,0
CAMEL-16094,0
CAMEL-16138,1
CAMEL-16168,1
CAMEL-16153,0
CAMEL-16155,1
CAMEL-16176,0
CAMEL-15635,1
CAMEL-16172,1
CAMEL-16186,0
CAMEL-16079,1
CAMEL-16182,0
CAMEL-16170,1
CAMEL-16183,0
CAMEL-16179,1
CAMEL-16177,1
CAMEL-16440,1
CAMEL-16439,0
CAMEL-16441,0
CAMEL-16365,0
CAMEL-16445,1
CAMEL-16444,0
CAMEL-16443,0
CAMEL-16450,0
CAMEL-16453,0
CAMEL-16405,0
CAMEL-16454,0
CAMEL-16457,0
CAMEL-16462,0
CAMEL-16464,0
CAMEL-16463,0
CAMEL-16466,0
CAMEL-16460,0
CAMEL-16448,0
CAMEL-16459,0
CAMEL-16469,0
CAMEL-16455,1
CAMEL-16259,1
CAMEL-16474,1
CAMEL-16456,0
CAMEL-16473,1
CAMEL-16451,0
CAMEL-16478,0
CAMEL-16414,1
CAMEL-16471,0
CAMEL-16458,0
CAMEL-6180,1
CAMEL-16489,1
CAMEL-16490,1
CAMEL-16481,0
CAMEL-16470,1
CAMEL-16495,0
CAMEL-16472,0
CAMEL-16502,0
CAMEL-16498,1
CAMEL-16493,0
CAMEL-16497,1
CAMEL-16492,1
CAMEL-16508,1
CAMEL-16507,1
CAMEL-16503,0
CAMEL-16407,0
CAMEL-16480,1
CAMEL-16510,0
CAMEL-16504,0
CAMEL-16505,1
CAMEL-16506,1
CAMEL-16476,1
CAMEL-16447,0
CAMEL-16366,1
CAMEL-16518,0
CAMEL-16520,0
CAMEL-16116,1
CAMEL-16500,1
CAMEL-16515,1
CAMEL-16523,0
CAMEL-16524,0
CAMEL-16513,0
CAMEL-16512,0
CAMEL-16028,0
CAMEL-16526,0
CAMEL-16525,0
CAMEL-16119,0
CAMEL-16514,0
CAMEL-16449,0
CAMEL-16528,0
CAMEL-16527,1
CAMEL-16341,1
CAMEL-5728,2
CAMEL-6065,4
CAMEL-6150,2
CAMEL-7945,0
CAMEL-16529,0
CAMEL-16530,1
CAMEL-16533,0
CAMEL-16534,0
CAMEL-16491,0
CAMEL-16536,0
CAMEL-16535,1
CAMEL-16543,1
CAMEL-16494,0
CAMEL-16544,0
CAMEL-16545,1
CAMEL-16546,0
CAMEL-16550,0
CAMEL-16540,1
CAMEL-16548,0
CAMEL-16554,0
CAMEL-16551,1
CAMEL-16552,1
CAMEL-16539,0
CAMEL-16477,1
CAMEL-15850,1
CAMEL-16556,1
CAMEL-16541,0
CAMEL-11565,0
CAMEL-16189,1
CAMEL-16190,0
CAMEL-16055,0
CAMEL-16196,0
CAMEL-16192,0
CAMEL-16199,1
CAMEL-16203,0
CAMEL-16202,1
CAMEL-16210,1
CAMEL-16204,1
CAMEL-16193,0
CAMEL-16207,0
CAMEL-16205,1
CAMEL-16215,0
CAMEL-16206,0
CAMEL-16217,0
CAMEL-16156,1
CAMEL-16137,0
CAMEL-16218,1
CAMEL-16001,1
CAMEL-15964,1
CAMEL-16220,0
CAMEL-16225,0
CAMEL-16211,1
CAMEL-16226,1
CAMEL-16194,0
CAMEL-15323,1
CAMEL-16233,0
CAMEL-16227,0
CAMEL-16232,0
CAMEL-16178,0
CAMEL-16195,1
CAMEL-16041,0
CAMEL-16245,1
CAMEL-14053,0
CAMEL-10956,0
CAMEL-16224,1
CAMEL-16254,0
CAMEL-16246,0
CAMEL-16222,1
CAMEL-16213,1
CAMEL-16238,1
CAMEL-16258,0
CAMEL-16115,0
CAMEL-16264,0
CAMEL-16262,1
CAMEL-12545,1
CAMEL-16261,0
CAMEL-16252,1
CAMEL-16268,0
CAMEL-16250,0
CAMEL-16244,1
CAMEL-16271,0
CAMEL-16272,0
CAMEL-16280,1
CAMEL-16275,0
CAMEL-16276,1
CAMEL-16283,0
CAMEL-16270,0
CAMEL-16241,1
CAMEL-16253,0
CAMEL-16282,0
CAMEL-16286,0
CAMEL-16267,1
CAMEL-16284,0
CAMEL-16265,1
CAMEL-16063,1
CAMEL-16291,0
CAMEL-16292,0
CAMEL-16277,0
CAMEL-16294,1
CAMEL-16296,1
CAMEL-16295,1
CAMEL-16274,0
CAMEL-16298,1
CAMEL-16012,1
CAMEL-16255,0
CAMEL-16300,0
CAMEL-16305,0
CAMEL-16285,1
CAMEL-16303,3
CAMEL-16171,0
CAMEL-16308,0
CAMEL-16302,0
CAMEL-16301,0
CAMEL-16309,1
CAMEL-16311,0
CAMEL-15927,1
CAMEL-16011,1
CAMEL-16293,0
CAMEL-16315,0
CAMEL-16310,0
CAMEL-16307,0
CAMEL-16314,0
CAMEL-16313,0
CAMEL-16279,0
CAMEL-14490,1
CAMEL-16318,0
CAMEL-16324,0
CAMEL-16321,0
CAMEL-16319,0
CAMEL-16322,0
CAMEL-16329,0
CAMEL-16328,0
CAMEL-15924,1
CAMEL-16333,0
CAMEL-16251,0
CAMEL-16336,0
CAMEL-16299,0
CAMEL-16334,0
CAMEL-16337,1
CAMEL-16326,0
CAMEL-16342,0
CAMEL-16343,0
CAMEL-16344,0
CAMEL-16331,0
CAMEL-16332,0
CAMEL-16345,1
CAMEL-16348,0
CAMEL-16349,0
CAMEL-16351,1
CAMEL-16356,0
CAMEL-16355,0
CAMEL-16358,0
CAMEL-16357,0
CAMEL-16362,0
CAMEL-16278,1
CAMEL-16323,0
CAMEL-16363,0
CAMEL-16175,1
CAMEL-16219,1
CAMEL-16174,0
CAMEL-16235,1
CAMEL-16229,0
CAMEL-16201,0
CAMEL-16340,1
CAMEL-16369,0
CAMEL-16169,1
CAMEL-15741,0
CAMEL-16173,1
CAMEL-16372,0
CAMEL-16373,0
CAMEL-16162,1
CAMEL-15963,1
CAMEL-16339,1
CAMEL-16376,0
CAMEL-16359,0
CAMEL-16347,0
CAMEL-16105,0
CAMEL-14980,2
CAMEL-16382,1
CAMEL-16378,1
CAMEL-16384,0
CAMEL-16025,1
CAMEL-16383,0
CAMEL-16015,1
CAMEL-16316,1
CAMEL-13374,1
CAMEL-16230,1
CAMEL-11846,1
CAMEL-12472,1
CAMEL-12078,1
CAMEL-12764,1
CAMEL-13047,3
CAMEL-16389,0
CAMEL-16398,0
CAMEL-13092,1
CAMEL-16385,1
CAMEL-16397,0
CAMEL-16368,0
CAMEL-16242,1
CAMEL-16180,1
CAMEL-16401,0
CAMEL-16395,1
CAMEL-16406,0
CAMEL-16396,0
CAMEL-16409,1
CAMEL-16060,0
CAMEL-16416,0
CAMEL-16412,1
CAMEL-16418,1
CAMEL-16410,3
CAMEL-16422,0
CAMEL-16423,0
CAMEL-16391,0
CAMEL-16424,0
CAMEL-16420,0
CAMEL-16430,0
CAMEL-15410,1
CAMEL-16432,1
CAMEL-15750,1
CAMEL-16197,1
CAMEL-16427,0
CAMEL-16413,1
CAMEL-14668,0
CAMEL-16353,0
CAMEL-16434,1
CAMEL-16433,1
CAMEL-16429,1
CAMEL-16185,1
CAMEL-16803,1
CAMEL-16738,0
CAMEL-16796,1
CAMEL-16804,0
CAMEL-15663,1
CAMEL-16807,1
CAMEL-16806,1
CAMEL-16237,0
CAMEL-16814,1
CAMEL-16822,1
CAMEL-16817,0
CAMEL-16802,1
CAMEL-16784,1
CAMEL-16818,1
CAMEL-16752,1
CAMEL-16799,1
CAMEL-16374,1
CAMEL-16827,1
CAMEL-16499,1
CAMEL-16790,0
CAMEL-16820,0
CAMEL-16828,1
CAMEL-16824,1
CAMEL-16813,1
CAMEL-16811,1
CAMEL-16815,1
CAMEL-16821,1
CAMEL-16816,1
CAMEL-16823,1
CAMEL-16819,0
CAMEL-16831,1
CAMEL-16830,0
CAMEL-16841,0
CAMEL-16840,0
CAMEL-16833,1
CAMEL-16786,1
CAMEL-16788,1
CAMEL-16832,0
CAMEL-16842,1
CAMEL-16839,1
CAMEL-16846,1
CAMEL-16023,0
CAMEL-16698,0
CAMEL-16588,1
CAMEL-16838,0
CAMEL-16843,0
CAMEL-16851,0
CAMEL-16850,1
CAMEL-16844,1
CAMEL-16858,0
CAMEL-10816,0
CAMEL-16853,0
CAMEL-16864,0
CAMEL-16865,1
CAMEL-15864,1
CAMEL-16122,1
CAMEL-16869,0
CAMEL-16847,0
CAMEL-16874,0
CAMEL-16878,1
CAMEL-16379,1
CAMEL-16852,0
CAMEL-16845,1
CAMEL-16881,0
CAMEL-16392,0
CAMEL-16886,1
CAMEL-13590,1
CAMEL-16885,0
CAMEL-16889,1
CAMEL-16891,1
CAMEL-16890,1
CAMEL-16880,0
CAMEL-16882,0
CAMEL-16897,0
CAMEL-16883,0
CAMEL-16898,0
CAMEL-16900,0
CAMEL-16902,0
CAMEL-16863,1
CAMEL-16421,1
CAMEL-16893,0
CAMEL-16904,0
CAMEL-16899,1
CAMEL-16907,1
CAMEL-16911,0
CAMEL-15416,0
CAMEL-16908,0
CAMEL-15982,0
CAMEL-16915,0
CAMEL-16913,1
CAMEL-16910,1
CAMEL-16895,1
CAMEL-16184,3
CAMEL-16917,1
CAMEL-16919,1
CAMEL-16857,0
CAMEL-16923,0
CAMEL-16920,1
CAMEL-16922,0
CAMEL-16918,1
CAMEL-16560,1
CAMEL-16562,0
CAMEL-16557,1
CAMEL-16559,0
CAMEL-16566,1
CAMEL-16569,0
CAMEL-16568,0
CAMEL-16547,1
CAMEL-16561,0
CAMEL-16571,1
CAMEL-16417,0
CAMEL-16266,0
CAMEL-16572,1
CAMEL-16580,0
CAMEL-15655,0
CAMEL-16400,1
CAMEL-16567,0
CAMEL-16486,1
CAMEL-16558,0
CAMEL-16575,0
CAMEL-16394,1
CAMEL-16583,0
CAMEL-16582,0
CAMEL-16584,0
CAMEL-16587,0
CAMEL-16590,1
CAMEL-16586,1
CAMEL-16531,2
CAMEL-16596,0
CAMEL-16597,0
CAMEL-16595,0
CAMEL-16593,0
CAMEL-16600,0
CAMEL-16601,0
CAMEL-16599,0
CAMEL-16603,0
CAMEL-16602,0
CAMEL-16576,0
CAMEL-16591,0
CAMEL-16574,0
CAMEL-15503,1
CAMEL-16570,1
CAMEL-16604,1
CAMEL-16608,0
CAMEL-16517,0
CAMEL-16606,0
CAMEL-16610,0
CAMEL-16607,1
CAMEL-16615,0
CAMEL-16614,0
CAMEL-16613,0
CAMEL-16609,0
CAMEL-16577,0
CAMEL-16617,0
CAMEL-16618,1
CAMEL-16621,1
CAMEL-16620,1
CAMEL-16622,1
CAMEL-16052,1
CAMEL-16598,0
CAMEL-16611,0
CAMEL-16626,1
CAMEL-16619,0
CAMEL-16629,0
CAMEL-16256,0
CAMEL-16637,0
CAMEL-13095,0
CAMEL-16645,0
CAMEL-16640,0
CAMEL-16647,1
CAMEL-16641,0
CAMEL-16654,1
CAMEL-16585,1
CAMEL-16657,1
CAMEL-16659,0
CAMEL-16658,1
CAMEL-15158,0
CAMEL-16482,1
CAMEL-16198,2
CAMEL-16643,1
CAMEL-16672,0
CAMEL-16673,1
CAMEL-16671,0
CAMEL-16675,0
CAMEL-16465,0
CAMEL-16664,1
CAMEL-16669,0
CAMEL-16676,0
CAMEL-16670,1
CAMEL-16662,1
CAMEL-16663,0
CAMEL-16677,0
CAMEL-16678,0
CAMEL-16263,1
CAMEL-16681,0
CAMEL-16679,0
CAMEL-16683,0
CAMEL-16682,1
CAMEL-16661,1
CAMEL-16635,1
CAMEL-16685,0
CAMEL-16686,1
CAMEL-16632,1
CAMEL-16687,0
CAMEL-16468,0
CAMEL-16668,1
CAMEL-16689,0
CAMEL-16623,1
CAMEL-16634,1
CAMEL-16542,0
CAMEL-16549,0
CAMEL-16694,0
CAMEL-16644,0
CAMEL-16509,0
CAMEL-16625,1
CAMEL-16695,0
CAMEL-16636,1
CAMEL-16519,0
CAMEL-16437,1
CAMEL-16697,0
CAMEL-16627,1
CAMEL-16532,1
CAMEL-16701,0
CAMEL-16702,0
CAMEL-16700,1
CAMEL-16134,0
CAMEL-16708,0
CAMEL-16713,0
CAMEL-16381,1
CAMEL-16705,1
CAMEL-16699,0
CAMEL-16709,1
CAMEL-16716,1
CAMEL-16715,0
CAMEL-16711,1
CAMEL-16722,0
CAMEL-16707,0
CAMEL-16717,0
CAMEL-16674,0
CAMEL-16719,0
CAMEL-16727,0
CAMEL-16693,1
CAMEL-16730,0
CAMEL-16718,1
CAMEL-16726,1
CAMEL-16537,0
CAMEL-16724,1
CAMEL-16720,1
CAMEL-16723,0
CAMEL-16650,0
CAMEL-16732,1
CAMEL-16734,1
CAMEL-16733,1
CAMEL-16740,0
CAMEL-16684,1
CAMEL-16744,1
CAMEL-16748,0
CAMEL-16747,1
CAMEL-16736,0
CAMEL-16750,1
CAMEL-15939,0
CAMEL-16753,1
CAMEL-16692,1
CAMEL-16581,1
CAMEL-16756,0
CAMEL-16759,0
CAMEL-16555,1
CAMEL-16725,1
CAMEL-16704,1
CAMEL-16605,0
CAMEL-16764,0
CAMEL-16762,1
CAMEL-16768,0
CAMEL-16763,0
CAMEL-16755,1
CAMEL-16760,1
CAMEL-16773,0
CAMEL-16758,0
CAMEL-16775,1
CAMEL-16772,1
CAMEL-16782,1
CAMEL-16777,0
CAMEL-16778,0
CAMEL-16767,0
CAMEL-16776,1
CAMEL-16779,0
CAMEL-16780,0
CAMEL-16781,0
CAMEL-16771,1
CAMEL-15650,1
CAMEL-15696,0
CAMEL-16785,1
CAMEL-16770,0
CAMEL-16589,0
CAMEL-16794,0
CAMEL-16774,1
CAMEL-12879,0
CAMEL-16792,1
CAMEL-16798,0
CAMEL-16795,0
CAMEL-17060,0
CAMEL-17068,0
CAMEL-17065,0
CAMEL-17067,0
CAMEL-17046,0
CAMEL-17052,0
CAMEL-17069,1
CAMEL-17071,1
CAMEL-17018,1
CAMEL-16612,1
CAMEL-17059,1
CAMEL-17074,0
CAMEL-17072,0
CAMEL-17073,1
CAMEL-17076,0
CAMEL-17079,0
CAMEL-17077,1
CAMEL-17075,1
CAMEL-17045,0
CAMEL-17070,1
CAMEL-16952,0
CAMEL-17080,0
CAMEL-17078,1
CAMEL-17089,0
CAMEL-17090,0
CAMEL-17081,1
CAMEL-17095,0
CAMEL-17098,0
CAMEL-17101,0
CAMEL-17102,0
CAMEL-17105,1
CAMEL-17109,1
CAMEL-17104,0
CAMEL-17096,0
CAMEL-17112,0
CAMEL-17082,0
CAMEL-16934,1
CAMEL-17119,0
CAMEL-17122,0
CAMEL-13579,1
CAMEL-17123,0
CAMEL-17103,0
CAMEL-17116,1
CAMEL-17114,0
CAMEL-17108,0
CAMEL-17113,1
CAMEL-17125,0
CAMEL-17126,0
CAMEL-16945,0
CAMEL-17124,0
CAMEL-17133,0
CAMEL-17138,0
CAMEL-17127,1
CAMEL-17146,1
CAMEL-17140,0
CAMEL-17137,0
CAMEL-17143,1
CAMEL-17145,0
CAMEL-17149,0
CAMEL-17150,0
CAMEL-17152,1
CAMEL-17061,2
CAMEL-17151,2
CAMEL-17009,1
CAMEL-17155,1
CAMEL-17156,0
CAMEL-15723,0
CAMEL-17153,1
CAMEL-17139,0
CAMEL-17164,0
CAMEL-17159,0
CAMEL-17000,1
CAMEL-17163,1
CAMEL-17168,0
CAMEL-16975,1
CAMEL-17167,0
CAMEL-17170,0
CAMEL-17169,1
CAMEL-17166,1
CAMEL-17172,0
CAMEL-16467,0
CAMEL-17128,1
CAMEL-17178,0
CAMEL-17176,1
CAMEL-17175,0
CAMEL-17187,0
CAMEL-17181,1
CAMEL-17121,1
CAMEL-17188,1
CAMEL-17185,0
CAMEL-17190,1
CAMEL-17174,1
CAMEL-13170,3
CAMEL-16370,0
CAMEL-15203,0
CAMEL-16978,1
CAMEL-17165,1
CAMEL-17196,0
CAMEL-17198,0
CAMEL-17189,1
CAMEL-16905,1
CAMEL-16921,1
CAMEL-16872,1
CAMEL-16761,0
CAMEL-16856,1
CAMEL-16793,1
CAMEL-16930,1
CAMEL-16867,1
CAMEL-16931,0
CAMEL-16933,0
CAMEL-16935,0
CAMEL-16926,0
CAMEL-16914,1
CAMEL-16937,1
CAMEL-16939,1
CAMEL-16928,0
CAMEL-16936,1
CAMEL-16947,0
CAMEL-16892,0
CAMEL-16961,1
CAMEL-16973,0
CAMEL-16877,1
CAMEL-16949,1
CAMEL-16959,1
CAMEL-16980,0
CAMEL-16983,1
CAMEL-16950,0
CAMEL-16955,0
CAMEL-16988,0
CAMEL-16987,0
CAMEL-16986,0
CAMEL-16854,0
CAMEL-12671,0
CAMEL-16236,1
CAMEL-16989,0
CAMEL-16876,0
CAMEL-16990,1
CAMEL-16981,0
CAMEL-13215,1
CAMEL-16388,1
CAMEL-16944,0
CAMEL-16991,0
CAMEL-16927,0
CAMEL-16974,0
CAMEL-13768,1
CAMEL-16995,0
CAMEL-16993,0
CAMEL-16594,1
CAMEL-16968,1
CAMEL-16999,1
CAMEL-16953,1
CAMEL-16932,1
CAMEL-16957,1
CAMEL-14823,4
CAMEL-17002,1
CAMEL-17004,0
CAMEL-16088,1
CAMEL-15955,3
CAMEL-17005,0
CAMEL-17006,1
CAMEL-16954,1
CAMEL-17007,1
CAMEL-17003,0
CAMEL-17008,0
CAMEL-17011,0
CAMEL-16916,1
CAMEL-17012,0
CAMEL-17015,1
CAMEL-17016,0
CAMEL-17017,0
CAMEL-17020,0
CAMEL-17021,1
CAMEL-17023,0
CAMEL-17024,0
CAMEL-17030,0
CAMEL-17029,0
CAMEL-16646,2
CAMEL-15714,1
CAMEL-17022,0
CAMEL-17031,0
CAMEL-17033,1
CAMEL-17035,0
CAMEL-17036,1
CAMEL-16938,1
CAMEL-17034,0
CAMEL-17037,0
CAMEL-17039,0
CAMEL-17042,0
CAMEL-17044,1
CAMEL-17043,0
CAMEL-17041,0
CAMEL-16946,0
CAMEL-17047,1
CAMEL-17049,0
CAMEL-17048,1
CAMEL-17053,1
CAMEL-17054,0
CAMEL-17055,1
CAMEL-17056,0
CAMEL-17063,0
CAMEL-17131,2
CAMEL-17199,0
CAMEL-17161,1
CAMEL-17195,0
CAMEL-11078,2
CAMEL-17201,1
CAMEL-17204,0
CAMEL-16656,2
CAMEL-17205,0
CAMEL-17206,1
CAMEL-14472,0
CAMEL-16912,1
CAMEL-17209,0
CAMEL-17217,0
CAMEL-17214,1
CAMEL-17210,1
CAMEL-17218,0
CAMEL-17216,1
CAMEL-17215,1
CAMEL-17224,1
CAMEL-17202,1
CAMEL-17221,0
CAMEL-17223,1
CAMEL-17220,0
CAMEL-17225,0
CAMEL-17226,0
CAMEL-17227,0
CAMEL-17228,1
CAMEL-17232,1
CAMEL-17233,0
CAMEL-17238,0
CAMEL-17213,1
CAMEL-17242,0
CAMEL-17237,0
CAMEL-17062,0
CAMEL-17230,1
CAMEL-17141,0
CAMEL-17246,1
CAMEL-17244,0
CAMEL-17248,0
CAMEL-17247,0
CAMEL-17245,0
CAMEL-15133,1
CAMEL-17241,0
CAMEL-17250,0
CAMEL-17252,1
CAMEL-17240,0
CAMEL-17255,1
CAMEL-17212,1
CAMEL-17253,0
CAMEL-17256,0
CAMEL-17259,0
CAMEL-17257,1
CAMEL-17260,0
CAMEL-17264,0
CAMEL-17263,1
CAMEL-17262,1
CAMEL-16996,0
CAMEL-16521,1
CAMEL-17239,1
CAMEL-16906,0
CAMEL-17200,1
CAMEL-17266,0
CAMEL-14258,1
CAMEL-17269,0
CAMEL-17267,0
CAMEL-17271,1
CAMEL-17272,0
CAMEL-17277,0
CAMEL-17274,1
CAMEL-17282,1
CAMEL-17276,1
CAMEL-17285,0
CAMEL-17288,0
CAMEL-17275,0
CAMEL-17279,1
CAMEL-17290,0
CAMEL-17158,0
CAMEL-17299,1
CAMEL-17294,1
CAMEL-17302,0
CAMEL-17303,1
CAMEL-17301,1
CAMEL-17298,1
CAMEL-17291,0
CAMEL-17300,1
CAMEL-17278,1
CAMEL-17309,0
CAMEL-17295,1
CAMEL-17312,0
CAMEL-17316,1
CAMEL-17317,0
CAMEL-17311,0
CAMEL-17322,0
CAMEL-17324,0
CAMEL-17326,0
CAMEL-17327,1
CAMEL-17310,1
CAMEL-17313,0
CAMEL-17331,0
CAMEL-17335,0
CAMEL-17332,0
CAMEL-16141,1
CAMEL-15599,0
CAMEL-17323,1
CAMEL-17336,0
CAMEL-17346,0
CAMEL-17344,0
CAMEL-17341,0
CAMEL-17342,0
CAMEL-17337,0
CAMEL-13181,0
CAMEL-17304,1
CAMEL-17355,0
CAMEL-13180,1
CAMEL-17351,0
CAMEL-15951,1
CAMEL-17361,1
CAMEL-17352,0
CAMEL-17359,1
CAMEL-17192,1
CAMEL-17194,1
CAMEL-17360,1
CAMEL-17236,1
CAMEL-17251,1
CAMEL-17371,0
CAMEL-17372,1
CAMEL-17376,0
CAMEL-17377,0
CAMEL-17229,0
CAMEL-17378,1
CAMEL-17380,0
CAMEL-17329,1
CAMEL-17382,1
CAMEL-17383,0
CAMEL-17340,1
CAMEL-17392,0
CAMEL-17395,1
CAMEL-17387,0
CAMEL-17390,1
CAMEL-17389,1
CAMEL-17403,0
CAMEL-17400,0
CAMEL-17406,0
CAMEL-17405,0
CAMEL-17402,1
CAMEL-17393,1
CAMEL-17396,1
CAMEL-17397,1
CAMEL-17404,0
CAMEL-17413,0
CAMEL-17412,1
CAMEL-17411,0
CAMEL-17421,0
CAMEL-17370,1
CAMEL-17407,0
CAMEL-17064,0
CAMEL-17338,1
CAMEL-17408,0
CAMEL-17420,1
CAMEL-17430,0
CAMEL-17373,1
CAMEL-17418,1
CAMEL-17428,1
CAMEL-17436,1
CAMEL-17425,0
CAMEL-17415,1
CAMEL-17434,0
CAMEL-17440,1
CAMEL-17409,0
CAMEL-17433,0
CAMEL-17432,1
CAMEL-17345,1
CAMEL-17296,1
CAMEL-17431,1
CAMEL-17422,1
CAMEL-17417,1
CAMEL-17441,0
CAMEL-17444,0
CAMEL-17445,0
CAMEL-17450,0
CAMEL-17442,1
CAMEL-17453,1
CAMEL-17429,1
CAMEL-17451,1
CAMEL-17455,1
CAMEL-17456,0
CAMEL-11001,1
CAMEL-17286,0
CAMEL-17427,1
CAMEL-17367,1
CAMEL-17365,1
CAMEL-17118,1
CAMEL-17459,0
CAMEL-17458,1
CAMEL-17460,0
CAMEL-15724,1
CAMEL-17465,1
CAMEL-17461,1
CAMEL-17467,0
CAMEL-17463,0
CAMEL-17464,0
CAMEL-15727,0
CAMEL-17388,1
CAMEL-17471,0
CAMEL-17468,1
CAMEL-17473,0
CAMEL-16573,0
CAMEL-17437,0
CAMEL-17475,1
CAMEL-16972,1
CAMEL-17306,0
CAMEL-17480,0
CAMEL-17479,0
CAMEL-17454,1
CAMEL-17358,1
CAMEL-17476,0
CAMEL-16855,0
CAMEL-17483,1
CAMEL-17477,1
CAMEL-17472,1
CAMEL-17487,1
CAMEL-17457,1
CAMEL-17469,1
CAMEL-17486,1
CAMEL-17488,1
CAMEL-17481,0
CAMEL-17490,1
CAMEL-17478,0
CAMEL-15275,1
CAMEL-17492,1
CAMEL-17496,0
CAMEL-17497,1
CAMEL-17485,0
CAMEL-17501,1
CAMEL-17470,1
CAMEL-17494,1
CAMEL-17057,1
CAMEL-17508,0
CAMEL-17504,1
CAMEL-17509,1
CAMEL-17435,1
CAMEL-17506,0
CAMEL-17426,1
CAMEL-17493,0
CAMEL-17510,1
CAMEL-17499,0
CAMEL-17511,0
CAMEL-17452,0
CAMEL-17517,1
CAMEL-17519,0
CAMEL-17391,0
CAMEL-17503,0
CAMEL-17523,1
CAMEL-17520,1
CAMEL-17527,0
CAMEL-17529,0
CAMEL-17521,0
CAMEL-17526,1
CAMEL-17533,0
CAMEL-17532,0
CAMEL-17531,0
CAMEL-17525,1
CAMEL-17491,1
CAMEL-17446,1
CAMEL-17514,1
CAMEL-17522,1
CAMEL-17524,0
CAMEL-17536,1
CAMEL-17307,1
CAMEL-17384,1
CAMEL-17354,1
CAMEL-17538,0
CAMEL-17541,0
CAMEL-17398,1
CAMEL-17319,0
CAMEL-17258,0
CAMEL-17489,0
CAMEL-17399,1
CAMEL-17281,1
CAMEL-17265,1
CAMEL-17542,1
CAMEL-17289,0
CAMEL-17249,1
CAMEL-17540,1
CAMEL-17546,0
CAMEL-17548,0
CAMEL-17547,0
CAMEL-17280,1
CAMEL-17283,1
CAMEL-17549,0
CAMEL-17349,1
CAMEL-13335,2
CAMEL-17550,0
CAMEL-17379,1
CAMEL-4271,0
CAMEL-17553,0
CAMEL-17343,0
CAMEL-17552,1
CAMEL-17545,1
CAMEL-17284,1
CAMEL-17557,1
CAMEL-17556,0
CAMEL-17321,2
CAMEL-17561,1
CAMEL-17385,1
CAMEL-17566,1
CAMEL-17500,0
CAMEL-17565,1
CAMEL-17572,0
CAMEL-17567,0
CAMEL-17568,0
CAMEL-17581,0
CAMEL-17573,0
CAMEL-17578,0
CAMEL-17577,0
CAMEL-17584,1
CAMEL-17585,1
CAMEL-17099,1
CAMEL-17576,1
CAMEL-17580,0
CAMEL-17543,0
CAMEL-17579,1
CAMEL-17569,0
CAMEL-17589,1
CAMEL-17551,0
CAMEL-17594,1
CAMEL-17583,1
CAMEL-17570,1
CAMEL-17592,1
CAMEL-16387,0
CAMEL-17597,0
CAMEL-17603,0
CAMEL-17222,0
CAMEL-17605,0
CAMEL-17599,1
CAMEL-17596,0
CAMEL-17591,1
CAMEL-17606,1
CAMEL-17563,1
CAMEL-17610,0
CAMEL-17587,1
CAMEL-17619,0
CAMEL-17614,1
CAMEL-17616,0
CAMEL-17624,1
CAMEL-17611,0
CAMEL-17626,1
CAMEL-17617,1
CAMEL-17627,1
CAMEL-17631,0
CAMEL-17629,0
CAMEL-17632,0
CAMEL-17623,1
CAMEL-17622,1
CAMEL-17633,0
CAMEL-17630,1
CAMEL-17636,1
CAMEL-17618,1
CAMEL-17535,1
CAMEL-17642,1
CAMEL-17640,1
CAMEL-17292,1
CAMEL-17647,1
CAMEL-17607,1
CAMEL-17646,0
CAMEL-17650,0
CAMEL-17645,0
CAMEL-17654,0
CAMEL-17651,0
CAMEL-17656,0
CAMEL-17660,0
CAMEL-17655,0
CAMEL-17637,1
CAMEL-17662,1
CAMEL-17668,0
CAMEL-17667,0
CAMEL-17661,0
CAMEL-17664,1
CAMEL-17308,1
CAMEL-17666,1
CAMEL-17681,0
CAMEL-17658,0
CAMEL-17678,1
CAMEL-17574,1
CAMEL-17683,0
CAMEL-17665,1
CAMEL-17672,1
CAMEL-17625,1
CAMEL-17685,0
CAMEL-17682,0
CAMEL-17691,0
CAMEL-17693,0
CAMEL-17675,0
CAMEL-17677,0
CAMEL-17698,1
CAMEL-17700,0
CAMEL-17694,0
CAMEL-17695,0
CAMEL-17696,0
CAMEL-17680,1
CAMEL-17638,1
CAMEL-17707,0
CAMEL-17708,0
CAMEL-17702,1
CAMEL-17711,0
CAMEL-17703,0
CAMEL-17706,0
CAMEL-17715,1
CAMEL-17673,0
CAMEL-17713,1
CAMEL-17690,1
CAMEL-17701,1
CAMEL-17725,0
CAMEL-17704,1
CAMEL-17679,1
CAMEL-17728,1
CAMEL-17558,0
CAMEL-17474,1
CAMEL-17684,0
CAMEL-17730,0
CAMEL-17726,1
CAMEL-17734,1
CAMEL-17732,0
CAMEL-17564,0
CAMEL-17720,1
CAMEL-17692,1
CAMEL-17731,0
CAMEL-17729,0
CAMEL-17621,1
CAMEL-17735,0
CAMEL-17733,0
CAMEL-17186,0
CAMEL-17555,1
CAMEL-17117,1
CAMEL-17740,0
CAMEL-17736,0
CAMEL-17609,0
CAMEL-17744,0
CAMEL-17739,0
CAMEL-17741,1
CAMEL-17742,0
CAMEL-17727,1
CAMEL-17746,0
CAMEL-17717,1
CAMEL-17748,1
CAMEL-17750,0
CAMEL-17738,1
CAMEL-17612,1
CAMEL-17752,0
CAMEL-17718,0
CAMEL-17751,0
CAMEL-17743,0
CAMEL-17602,1
CAMEL-17745,1
CAMEL-17756,0
CAMEL-17757,0
CAMEL-17754,1
CAMEL-17293,1
CAMEL-17593,1
CAMEL-17764,0
CAMEL-17747,0
CAMEL-17761,0
CAMEL-15562,1
CAMEL-17758,0
CAMEL-17755,1
CAMEL-17320,1
CAMEL-17767,0
CAMEL-17773,1
CAMEL-17768,0
CAMEL-17759,1
CAMEL-17770,0
CAMEL-17766,0
CAMEL-17779,1
CAMEL-17781,1
CAMEL-17769,0
CAMEL-17777,0
CAMEL-17608,1
CAMEL-17778,0
CAMEL-17786,1
CAMEL-17571,1
CAMEL-16628,1
CAMEL-17774,0
CAMEL-17789,0
CAMEL-17795,1
CAMEL-17788,0
CAMEL-17793,0
CAMEL-17797,0
CAMEL-17794,0
CAMEL-17791,0
CAMEL-17798,0
CAMEL-17804,0
CAMEL-17809,0
CAMEL-17801,0
CAMEL-17813,1
CAMEL-17787,0
CAMEL-17807,0
CAMEL-17811,0
CAMEL-17822,0
CAMEL-17824,0
CAMEL-17826,0
CAMEL-17812,0
CAMEL-17575,2
CAMEL-17827,0
CAMEL-17828,0
CAMEL-17800,0
CAMEL-17815,1
CAMEL-17817,1
CAMEL-16873,1
CAMEL-17834,1
CAMEL-17805,1
CAMEL-17838,0
CAMEL-17831,1
CAMEL-17835,0
CAMEL-17837,0
CAMEL-17816,1
CAMEL-17843,1
CAMEL-17615,1
CAMEL-17820,1
CAMEL-17818,1
CAMEL-17850,0
CAMEL-17849,0
CAMEL-17844,0
CAMEL-17705,2
CAMEL-17857,1
CAMEL-17854,0
CAMEL-17839,1
CAMEL-17862,1
CAMEL-17865,0
CAMEL-17867,1
CAMEL-17784,1
CAMEL-17868,1
CAMEL-17871,0
CAMEL-17872,1
CAMEL-17845,0
CAMEL-17882,0
CAMEL-17877,0
CAMEL-17863,0
CAMEL-17883,1
CAMEL-17884,1
CAMEL-17866,1
CAMEL-17806,1
CAMEL-17712,1
CAMEL-17687,0
CAMEL-17896,0
CAMEL-17893,1
CAMEL-17890,0
CAMEL-17892,0
CAMEL-17899,0
CAMEL-17515,1
CAMEL-17869,0
CAMEL-17686,0
CAMEL-17091,1
CAMEL-17885,1
CAMEL-17878,1
CAMEL-17901,0
CAMEL-17802,1
CAMEL-17898,0
CAMEL-17897,0
CAMEL-17916,0
CAMEL-17922,1
CAMEL-17918,1
CAMEL-17879,1
CAMEL-17924,0
CAMEL-17792,1
CAMEL-17917,0
CAMEL-17930,1
CAMEL-17910,1
CAMEL-17900,0
CAMEL-17908,1
CAMEL-17923,0
CAMEL-17937,1
CAMEL-17934,0
CAMEL-17935,0
CAMEL-17939,0
CAMEL-17927,1
CAMEL-17943,0
CAMEL-17940,1
CAMEL-17933,1
CAMEL-17944,1
CAMEL-17945,0
CAMEL-17912,1
CAMEL-17957,1
CAMEL-17051,1
CAMEL-17961,0
CAMEL-17714,1
CAMEL-16757,1
CAMEL-17964,0
CAMEL-17965,0
CAMEL-17962,0
CAMEL-17952,0
CAMEL-17955,1
CAMEL-17967,0
CAMEL-17948,0
CAMEL-17921,1
CAMEL-17968,0
CAMEL-17958,1
CAMEL-17969,1
CAMEL-17936,0
CAMEL-17763,0
CAMEL-17261,1
CAMEL-17972,1
CAMEL-17974,0
CAMEL-17975,0
CAMEL-17979,0
CAMEL-17977,1
CAMEL-17978,1
CAMEL-17980,1
CAMEL-17954,1
CAMEL-17981,1
CAMEL-16958,1
CAMEL-16960,1
CAMEL-16962,1
CAMEL-16963,1
CAMEL-16964,1
CAMEL-16965,1
CAMEL-16966,1
CAMEL-16967,1
CAMEL-16969,1
CAMEL-16970,1
CAMEL-16971,1
CAMEL-16943,1
CAMEL-17989,2
CAMEL-17990,0
CAMEL-17983,0
CAMEL-17959,0
CAMEL-17987,0
CAMEL-17991,1
CAMEL-17985,0
CAMEL-17995,1
CAMEL-17996,0
CAMEL-17997,0
CAMEL-17988,0
CAMEL-18010,0
CAMEL-18014,0
CAMEL-17864,1
CAMEL-18015,0
CAMEL-17613,1
CAMEL-18016,0
CAMEL-17832,1
CAMEL-17998,0
CAMEL-17992,1
CAMEL-18018,0
CAMEL-18021,1
CAMEL-17931,1
CAMEL-17950,1
CAMEL-17537,1
CAMEL-18000,0
CAMEL-18005,0
CAMEL-18028,1
CAMEL-18032,0
CAMEL-18001,1
CAMEL-18011,1
CAMEL-18020,1
CAMEL-18019,1
CAMEL-18024,1
CAMEL-17810,0
CAMEL-18003,0
CAMEL-18030,1
CAMEL-18034,0
CAMEL-18025,1
CAMEL-18009,0
CAMEL-18029,1
CAMEL-17907,1
CAMEL-17873,1
CAMEL-18026,1
CAMEL-17993,0
CAMEL-18038,1
CAMEL-18012,1
CAMEL-18037,0
CAMEL-18035,1
CAMEL-18052,0
CAMEL-18046,1
CAMEL-17819,1
CAMEL-18053,0
CAMEL-18054,0
CAMEL-18051,1
CAMEL-18047,0
CAMEL-18036,1
CAMEL-18040,0
CAMEL-17861,0
CAMEL-18059,1
CAMEL-17956,1
CAMEL-18063,0
CAMEL-18043,0
CAMEL-18060,1
CAMEL-18069,1
CAMEL-18055,0
CAMEL-18068,0
CAMEL-18075,0
CAMEL-18074,1
CAMEL-17984,1
CAMEL-17903,1
CAMEL-17771,0
CAMEL-17562,1
CAMEL-18077,0
CAMEL-18080,0
CAMEL-18076,1
CAMEL-18066,0
CAMEL-18050,0
CAMEL-18065,0
CAMEL-18084,0
CAMEL-17853,1
CAMEL-17847,1
CAMEL-18071,0
CAMEL-18086,0
CAMEL-18072,1
CAMEL-18091,0
CAMEL-18064,1
CAMEL-17512,1
CAMEL-18089,1
CAMEL-18085,0
CAMEL-15016,1
CAMEL-17994,0
CAMEL-18098,0
CAMEL-17860,0
CAMEL-17821,1
CAMEL-17846,0
CAMEL-17644,0
CAMEL-18088,1
CAMEL-18056,1
CAMEL-17902,1
CAMEL-18048,0
CAMEL-17913,1
CAMEL-18087,1
CAMEL-18100,1
CAMEL-18101,0
CAMEL-17762,0
CAMEL-18002,0
CAMEL-18107,0
CAMEL-18102,0
CAMEL-18106,1
CAMEL-18109,0
CAMEL-17876,0
CAMEL-18115,1
CAMEL-18110,0
CAMEL-18113,0
CAMEL-18119,0
CAMEL-17723,1
CAMEL-14079,2
CAMEL-18124,0
CAMEL-18099,0
CAMEL-18118,0
CAMEL-18123,0
CAMEL-18129,1
CAMEL-18135,1
CAMEL-18104,1
CAMEL-18130,1
CAMEL-18136,0
CAMEL-18138,0
CAMEL-18117,0
CAMEL-18116,1
CAMEL-18070,1
CAMEL-18139,1
CAMEL-18137,0
CAMEL-18144,0
CAMEL-18092,1
CAMEL-17966,1
CAMEL-17333,0
CAMEL-18154,0
CAMEL-18153,1
CAMEL-18146,1
CAMEL-18157,0
CAMEL-17100,0
CAMEL-17949,1
CAMEL-18160,1
CAMEL-18165,1
CAMEL-18159,0
CAMEL-17999,1
CAMEL-18147,0
CAMEL-18042,1
CAMEL-18166,1
CAMEL-14847,1
CAMEL-14631,1
CAMEL-17941,1
CAMEL-18173,0
CAMEL-18172,1
CAMEL-18178,0
CAMEL-18167,0
CAMEL-18044,1
CAMEL-18045,1
CAMEL-18174,0
CAMEL-17424,1
CAMEL-18127,0
CAMEL-18175,0
CAMEL-18188,1
CAMEL-18161,0
CAMEL-18191,0
CAMEL-18183,0
CAMEL-18126,0
CAMEL-18193,0
CAMEL-18192,0
CAMEL-18176,0
CAMEL-18195,0
CAMEL-18194,0
CAMEL-18200,0
CAMEL-18199,1
CAMEL-18184,1
CAMEL-18151,0
CAMEL-18132,0
CAMEL-18206,0
CAMEL-18201,0
CAMEL-18207,0
CAMEL-18209,0
CAMEL-18202,1
CAMEL-18190,1
CAMEL-18210,0
CAMEL-18187,1
CAMEL-18185,1
CAMEL-18027,1
CAMEL-18211,0
CAMEL-18204,0
CAMEL-18212,0
CAMEL-18141,1
CAMEL-18213,0
CAMEL-17911,1
CAMEL-18214,1
CAMEL-16834,1
CAMEL-18215,1
CAMEL-18122,1
CAMEL-18220,0
CAMEL-18221,0
CAMEL-18219,0
CAMEL-18218,1
CAMEL-18224,1
CAMEL-18226,0
CAMEL-18222,1
CAMEL-4992,0
CAMEL-18217,0
CAMEL-18228,1
CAMEL-18229,0
CAMEL-18223,1
CAMEL-18233,0
CAMEL-18231,0
CAMEL-18232,0
CAMEL-18150,1
CAMEL-17925,1
CAMEL-18128,0
CAMEL-18125,0
CAMEL-18171,1
CAMEL-17848,1
CAMEL-18245,0
CAMEL-18237,1
CAMEL-14778,1
CAMEL-18247,1
CAMEL-18248,1
CAMEL-18249,0
CAMEL-9627,3
CAMEL-18251,0
CAMEL-18250,0
CAMEL-18252,1
CAMEL-18253,0
CAMEL-18256,0
CAMEL-18170,3
CAMEL-18258,1
CAMEL-18260,1
CAMEL-18266,0
CAMEL-18268,1
CAMEL-18257,0
CAMEL-17689,0
CAMEL-17688,0
CAMEL-18208,1
CAMEL-18156,0
CAMEL-18269,1
CAMEL-18273,1
CAMEL-18271,1
CAMEL-18255,0
CAMEL-18281,0
CAMEL-18282,1
CAMEL-18283,1
CAMEL-18287,0
CAMEL-18293,1
CAMEL-17760,0
CAMEL-18285,0
CAMEL-18278,0
CAMEL-18295,0
CAMEL-18291,0
CAMEL-17841,1
CAMEL-18279,1
CAMEL-18179,1
CAMEL-18262,0
CAMEL-18292,0
CAMEL-18289,1
CAMEL-18306,0
CAMEL-18300,1
CAMEL-18307,0
CAMEL-18311,1
CAMEL-18152,0
CAMEL-18288,1
CAMEL-18299,1
CAMEL-18286,1
CAMEL-18310,1
CAMEL-18297,1
CAMEL-18294,1
CAMEL-18274,0
CAMEL-18319,0
CAMEL-18315,0
CAMEL-18321,0
CAMEL-18318,1
CAMEL-18323,0
CAMEL-18270,1
CAMEL-18324,0
CAMEL-15566,0
CAMEL-18322,1
CAMEL-18325,0
CAMEL-18264,0
CAMEL-18246,1
CAMEL-18332,0
CAMEL-18093,0
CAMEL-18263,0
CAMEL-18308,0
CAMEL-16367,0
CAMEL-18337,0
CAMEL-18331,0
CAMEL-18339,1
CAMEL-18333,0
CAMEL-18338,1
CAMEL-17947,1
CAMEL-18343,0
CAMEL-18348,0
CAMEL-18352,0
CAMEL-18345,1
CAMEL-18275,1
CAMEL-16287,1
CAMEL-18349,0
CAMEL-18354,0
CAMEL-18317,1
CAMEL-18353,0
CAMEL-18358,1
CAMEL-18361,0
CAMEL-18359,0
CAMEL-18347,1
CAMEL-18328,1
CAMEL-18360,0
CAMEL-18365,0
CAMEL-18369,0
CAMEL-18375,1
CAMEL-18374,1
CAMEL-18366,1
CAMEL-18368,1
CAMEL-18362,0
CAMEL-18371,0
CAMEL-18388,1
CAMEL-18373,1
CAMEL-18386,0
CAMEL-18370,1
CAMEL-18380,0
CAMEL-18379,1
CAMEL-18376,0
CAMEL-18391,0
CAMEL-18395,0
CAMEL-18394,1
CAMEL-18393,0
CAMEL-6643,1
CAMEL-18387,0
CAMEL-18242,0
CAMEL-18390,0
CAMEL-18409,1
CAMEL-18399,0
CAMEL-18389,1
CAMEL-18407,1
CAMEL-18396,1
CAMEL-18377,0
CAMEL-18412,0
CAMEL-18403,0
CAMEL-18408,1
CAMEL-18413,0
CAMEL-18415,1
CAMEL-18303,0
CAMEL-18419,0
CAMEL-18411,0
CAMEL-18421,0
CAMEL-18424,0
CAMEL-18426,0
CAMEL-18423,0
CAMEL-18428,0
CAMEL-18382,0
CAMEL-18355,1
CAMEL-18425,0
CAMEL-18433,1
CAMEL-18429,1
CAMEL-18404,1
CAMEL-18435,0
CAMEL-18420,0
CAMEL-18432,1
CAMEL-18417,1
CAMEL-18439,1
CAMEL-18406,1
CAMEL-18438,1
CAMEL-18442,1
CAMEL-18444,1
CAMEL-18445,0
CAMEL-18203,1
CAMEL-18443,1
CAMEL-18448,0
CAMEL-17135,1
CAMEL-3870,0
CAMEL-4400,0
CAMEL-7703,0
CAMEL-11030,1
CAMEL-12307,0
CAMEL-13523,0
CAMEL-13530,1
CAMEL-14114,0
CAMEL-13912,0
CAMEL-14531,0
CAMEL-18418,0
CAMEL-13564,0
CAMEL-14574,1
CAMEL-14816,0
CAMEL-14827,0
CAMEL-14917,0
CAMEL-14924,0
CAMEL-14993,0
CAMEL-15234,0
CAMEL-15550,1
CAMEL-15975,0
CAMEL-16036,0
CAMEL-14652,0
CAMEL-18459,0
CAMEL-16810,0
CAMEL-16742,0
CAMEL-16929,1
CAMEL-16982,0
CAMEL-16992,0
CAMEL-17083,0
CAMEL-17097,1
CAMEL-17142,0
CAMEL-17179,0
CAMEL-17180,0
CAMEL-17191,0
CAMEL-17208,0
CAMEL-17297,0
CAMEL-17375,0
CAMEL-17507,1
CAMEL-17842,0
CAMEL-17909,0
CAMEL-18452,0
CAMEL-17823,1
CAMEL-18155,0
CAMEL-18180,0
CAMEL-18457,0
CAMEL-18460,1
CAMEL-18344,1
CAMEL-18450,0
CAMEL-18458,0
CAMEL-18453,1
CAMEL-18405,1
CAMEL-18320,1
CAMEL-18464,0
CAMEL-18467,0
CAMEL-18465,0
CAMEL-15475,1
CAMEL-18243,0
CAMEL-18239,0
CAMEL-18461,0
CAMEL-17586,1
CAMEL-16642,1
CAMEL-18121,1
CAMEL-18143,1
CAMEL-18468,0
CAMEL-18427,1
CAMEL-18455,1
CAMEL-18241,0
CAMEL-18244,0
CAMEL-18267,0
CAMEL-18240,1
CAMEL-18475,0
CAMEL-18049,0
CAMEL-18473,0
CAMEL-16488,0
CAMEL-18478,0
CAMEL-18480,0
CAMEL-18472,0
CAMEL-18449,1
CAMEL-18479,0
CAMEL-18483,0
CAMEL-18487,0
CAMEL-18488,0
CAMEL-18469,1
CAMEL-18466,0
CAMEL-18489,0
CAMEL-18493,1
CAMEL-18495,0
CAMEL-13436,1
CAMEL-18484,0
CAMEL-18490,0
CAMEL-18451,0
CAMEL-18491,1
CAMEL-18500,0
CAMEL-18492,1
CAMEL-18296,1
CAMEL-18502,0
CAMEL-18501,0
CAMEL-18503,0
CAMEL-18499,1
CAMEL-18507,1
CAMEL-18481,0
CAMEL-18456,0
CAMEL-11252,2
CAMEL-18505,0
CAMEL-18510,1
CAMEL-18513,0
CAMEL-18494,1
CAMEL-17197,1
CAMEL-18511,0
CAMEL-18509,1
CAMEL-18514,0
CAMEL-18520,0
CAMEL-18518,0
CAMEL-18528,1
CAMEL-18526,1
CAMEL-18506,1
CAMEL-18531,1
CAMEL-18504,1
CAMEL-18031,1
CAMEL-18529,0
CAMEL-18521,0
CAMEL-17780,1
CAMEL-18530,1
CAMEL-18532,0
CAMEL-18515,1
CAMEL-18533,0
CAMEL-18534,1
CAMEL-18346,1
CAMEL-18535,0
CAMEL-18519,0
CAMEL-18454,1
CAMEL-18527,0
CAMEL-18543,1
CAMEL-16994,1
CAMEL-18542,1
CAMEL-18544,0
CAMEL-18057,1
CAMEL-18553,0
CAMEL-18556,0
CAMEL-18557,1
CAMEL-18560,0
CAMEL-18571,0
CAMEL-18568,0
CAMEL-18350,1
CAMEL-18575,1
CAMEL-18580,0
CAMEL-10173,4
CAMEL-17447,1
CAMEL-18583,1
CAMEL-17448,1
CAMEL-18574,1
CAMEL-18584,0
CAMEL-18578,0
CAMEL-18573,0
CAMEL-18579,0
CAMEL-18594,0
CAMEL-18516,0
CAMEL-17438,1
CAMEL-18589,1
CAMEL-18558,1
CAMEL-18582,0
CAMEL-18600,0
CAMEL-18602,0
CAMEL-18555,1
CAMEL-18554,0
CAMEL-16909,1
CAMEL-18601,0
CAMEL-18607,0
CAMEL-16030,1
CAMEL-18327,1
CAMEL-18587,1
CAMEL-18588,1
CAMEL-18254,1
CAMEL-18576,1
CAMEL-18603,1
CAMEL-16484,1
CAMEL-18565,1
CAMEL-18611,0
CAMEL-18596,0
CAMEL-18549,0
CAMEL-18613,1
CAMEL-16354,1
CAMEL-18593,0
CAMEL-18626,1
CAMEL-18624,0
CAMEL-15616,2
CAMEL-18627,0
CAMEL-18622,1
CAMEL-18612,0
CAMEL-18631,0
CAMEL-14832,1
CAMEL-18632,1
CAMEL-18639,0
CAMEL-18609,1
CAMEL-18617,1
CAMEL-18640,1
CAMEL-18633,1
CAMEL-18630,1
CAMEL-18645,0
CAMEL-18644,0
CAMEL-18641,1
CAMEL-18649,0
CAMEL-18647,1
CAMEL-18650,1
CAMEL-18148,1
CAMEL-18657,0
CAMEL-18656,1
CAMEL-18614,1
CAMEL-18651,1
CAMEL-17505,1
CAMEL-18669,0
CAMEL-18671,1
CAMEL-18670,1
CAMEL-18672,1
CAMEL-18665,1
CAMEL-18629,0
CAMEL-18564,0
CAMEL-18675,0
CAMEL-18677,0
CAMEL-18653,0
CAMEL-18680,0
CAMEL-18690,1
CAMEL-18663,1
CAMEL-18447,0
CAMEL-18676,1
CAMEL-18205,1
CAMEL-17856,0
CAMEL-18621,1
CAMEL-18689,1
CAMEL-18694,1
CAMEL-18615,1
CAMEL-18684,1
CAMEL-18646,0
CAMEL-18696,1
CAMEL-18697,0
CAMEL-18604,0
CAMEL-18699,0
CAMEL-18643,0
CAMEL-18682,0
CAMEL-18679,1
CAMEL-18688,0
CAMEL-18664,1
CAMEL-18706,0
CAMEL-18678,0
CAMEL-18710,1
CAMEL-18700,1
CAMEL-18711,1
CAMEL-18712,0
CAMEL-18673,1
CAMEL-18714,1
CAMEL-18716,0
CAMEL-18704,1
CAMEL-18724,1
CAMEL-18728,0
CAMEL-18730,0
CAMEL-18718,1
CAMEL-18727,1
CAMEL-18732,0
CAMEL-18734,1
CAMEL-18735,1
CAMEL-18725,1
CAMEL-18668,1
CAMEL-18741,0
CAMEL-18736,0
CAMEL-18702,0
CAMEL-18655,0
CAMEL-18722,1
CAMEL-18719,0
CAMEL-18628,1
CAMEL-18707,1
CAMEL-18729,0
CAMEL-18749,1
CAMEL-18746,1
CAMEL-18750,1
CAMEL-18717,0
CAMEL-18745,1
CAMEL-18751,0
CAMEL-18756,0
CAMEL-18753,0
CAMEL-18758,1
CAMEL-18755,1
CAMEL-18761,0
CAMEL-18731,1
CAMEL-18762,1
CAMEL-18754,1
CAMEL-18763,1
CAMEL-18764,1
CAMEL-18618,0
CAMEL-18772,0
CAMEL-18774,0
CAMEL-18757,1
CAMEL-18777,0
CAMEL-18363,0
CAMEL-18773,1
CAMEL-17859,1
CAMEL-18776,1
CAMEL-18778,0
CAMEL-18775,0
CAMEL-18781,0
CAMEL-18782,1
CAMEL-18787,0
CAMEL-18789,0
CAMEL-18766,0
CAMEL-18901,1
CAMEL-18899,1
CAMEL-18897,1
CAMEL-18898,1
CAMEL-18895,1
CAMEL-18896,1
CAMEL-18905,1
CAMEL-18903,1
CAMEL-18892,0
CAMEL-18883,0
CAMEL-18913,1
CAMEL-18908,1
CAMEL-18738,0
CAMEL-18779,1
CAMEL-18887,1
CAMEL-18925,0
CAMEL-18780,1
CAMEL-18912,1
CAMEL-18929,2
CAMEL-18922,1
CAMEL-18935,1
CAMEL-18880,1
CAMEL-17895,0
CAMEL-18932,1
CAMEL-18936,1
CAMEL-18942,1
CAMEL-18934,1
CAMEL-18939,1
CAMEL-14008,0
CAMEL-18949,1
CAMEL-18909,1
CAMEL-18952,0
CAMEL-18955,1
CAMEL-18960,0
CAMEL-18959,0
CAMEL-18906,0
CAMEL-18956,0
CAMEL-18961,0
CAMEL-18953,0
CAMEL-18945,0
CAMEL-18967,0
CAMEL-18968,0
CAMEL-18940,0
CAMEL-18975,0
CAMEL-18977,0
CAMEL-18978,0
CAMEL-18947,0
CAMEL-18979,1
CAMEL-18907,0
CAMEL-18966,0
CAMEL-18982,1
CAMEL-18954,1
CAMEL-18984,0
CAMEL-18987,0
CAMEL-18989,0
CAMEL-18991,0
CAMEL-18861,0
CAMEL-18994,0
CAMEL-18990,0
CAMEL-18993,0
CAMEL-18997,0
CAMEL-18999,1
CAMEL-18996,0
CAMEL-19001,0
CAMEL-19002,0
CAMEL-19003,1
CAMEL-19007,1
CAMEL-19006,0
CAMEL-19004,0
CAMEL-19005,0
CAMEL-19009,1
CAMEL-18980,1
CAMEL-18131,2
CAMEL-19011,1
CAMEL-18915,1
CAMEL-19018,0
CAMEL-18305,1
CAMEL-19008,1
CAMEL-18981,0
CAMEL-18970,0
CAMEL-18971,0
CAMEL-19026,1
CAMEL-18951,0
CAMEL-18893,0
CAMEL-19029,0
CAMEL-19034,0
CAMEL-19027,0
CAMEL-18933,1
CAMEL-19036,0
CAMEL-19033,0
CAMEL-19030,1
CAMEL-19042,1
CAMEL-19040,0
CAMEL-19043,1
CAMEL-18930,0
CAMEL-18946,0
CAMEL-18921,0
CAMEL-18824,0
CAMEL-16352,0
CAMEL-14680,0
CAMEL-18790,0
CAMEL-18737,0
CAMEL-18788,0
CAMEL-18767,1
CAMEL-18715,1
CAMEL-18713,1
CAMEL-18794,0
CAMEL-18784,1
CAMEL-18795,0
CAMEL-18800,0
CAMEL-18743,1
CAMEL-18771,1
CAMEL-18792,1
CAMEL-14831,0
CAMEL-18798,0
CAMEL-18804,0
CAMEL-18648,0
CAMEL-18797,1
CAMEL-18807,1
CAMEL-18803,0
CAMEL-18802,1
CAMEL-18805,0
CAMEL-18808,0
CAMEL-18660,0
CAMEL-18748,1
CAMEL-18796,1
CAMEL-18811,1
CAMEL-18812,0
CAMEL-18813,0
CAMEL-18809,0
CAMEL-18739,1
CAMEL-18817,1
CAMEL-18819,0
CAMEL-18816,0
CAMEL-18661,0
CAMEL-18783,1
CAMEL-18683,0
CAMEL-18823,1
CAMEL-18815,1
CAMEL-18827,1
CAMEL-18826,1
CAMEL-18810,0
CAMEL-18752,1
CAMEL-18828,1
CAMEL-18829,0
CAMEL-18830,1
CAMEL-18659,1
CAMEL-18831,1
CAMEL-18832,1
CAMEL-18834,0
CAMEL-15111,1
CAMEL-18835,0
CAMEL-18843,0
CAMEL-18842,0
CAMEL-18840,1
CAMEL-18845,0
CAMEL-18847,0
CAMEL-18846,0
CAMEL-18848,0
CAMEL-18844,1
CAMEL-18849,0
CAMEL-18850,0
CAMEL-18841,1
CAMEL-18852,0
CAMEL-5963,1
CAMEL-18853,1
CAMEL-18854,0
CAMEL-18856,1
CAMEL-18825,1
CAMEL-18687,0
CAMEL-17929,0
CAMEL-18860,0
CAMEL-18523,1
CAMEL-18538,1
CAMEL-18863,1
CAMEL-18865,1
CAMEL-18496,0
CAMEL-18862,1
CAMEL-18674,1
CAMEL-18497,1
CAMEL-18620,0
CAMEL-18868,0
CAMEL-18872,0
CAMEL-18873,0
CAMEL-18875,0
CAMEL-18864,1
CAMEL-18866,1
CAMEL-18742,0
CAMEL-18877,1
CAMEL-18878,0
CAMEL-18882,1
CAMEL-18879,0
CAMEL-18884,1
CAMEL-18881,1
CAMEL-18871,0
CAMEL-18891,0
CAMEL-18894,0
CAMEL-18889,0
CAMEL-18900,1
CAMEL-13090,2
CAMEL-18890,0
CAMEL-19047,0
CAMEL-18610,0
CAMEL-19051,0
CAMEL-19054,0
CAMEL-19055,0
CAMEL-19044,1
CAMEL-19059,1
CAMEL-19031,1
CAMEL-19064,0
CAMEL-19067,1
CAMEL-19069,0
CAMEL-19072,0
CAMEL-19070,1
CAMEL-19073,0
CAMEL-19078,0
CAMEL-19071,1
CAMEL-19084,1
CAMEL-19066,1
CAMEL-19083,0
CAMEL-19075,0
CAMEL-19076,1
CAMEL-19089,0
CAMEL-19079,1
CAMEL-19092,0
CAMEL-19091,1
CAMEL-19094,1
CAMEL-19039,0
CAMEL-19100,0
CAMEL-19093,1
CAMEL-19098,1
CAMEL-19111,1
CAMEL-19109,0
CAMEL-18988,0
CAMEL-19112,1
CAMEL-19110,1
CAMEL-19087,1
CAMEL-19117,0
CAMEL-19017,1
CAMEL-18983,1
CAMEL-19101,0
CAMEL-19118,1
CAMEL-19119,0
CAMEL-19122,0
CAMEL-19120,1
CAMEL-19113,0
CAMEL-19125,0
CAMEL-19126,0
CAMEL-18920,1
CAMEL-19019,1
CAMEL-18508,2
CAMEL-18341,3
CAMEL-19131,1
CAMEL-19133,1
CAMEL-19132,1
CAMEL-19137,0
CAMEL-19128,1
CAMEL-18870,0
CAMEL-19144,0
CAMEL-19138,0
CAMEL-19103,1
CAMEL-19123,0
CAMEL-11767,1
CAMEL-19145,1
CAMEL-19050,0
CAMEL-19151,1
CAMEL-18839,1
CAMEL-19143,0
CAMEL-18636,1
CAMEL-19158,0
CAMEL-18471,0
CAMEL-18995,1
CAMEL-19141,1
CAMEL-19081,1
CAMEL-19136,1
CAMEL-19168,1
CAMEL-19150,1
CAMEL-19171,0
CAMEL-19169,0
CAMEL-19178,0
CAMEL-19152,0
CAMEL-19176,0
CAMEL-19174,1
CAMEL-18944,1
CAMEL-19177,0
CAMEL-19179,1
CAMEL-19014,1
CAMEL-19155,0
CAMEL-19183,0
CAMEL-19186,0
CAMEL-18410,0
CAMEL-19187,0
CAMEL-19184,1
CAMEL-19189,0
CAMEL-19181,0
CAMEL-19153,1
CAMEL-19156,1
CAMEL-19191,1
CAMEL-19185,1
CAMEL-19162,1
CAMEL-19142,0
CAMEL-18216,0
CAMEL-19197,0
CAMEL-19198,0
CAMEL-18619,1
CAMEL-19200,1
CAMEL-19201,1
CAMEL-19193,1
CAMEL-19190,0
CAMEL-19202,1
CAMEL-19199,1
CAMEL-19124,0
CAMEL-19209,0
CAMEL-18551,0
CAMEL-19188,0
CAMEL-19211,1
CAMEL-19212,0
CAMEL-19203,0
CAMEL-19192,0
CAMEL-19205,1
CAMEL-19194,0
CAMEL-19214,0
CAMEL-19023,0
CAMEL-19210,0
CAMEL-19139,1
CAMEL-19216,0
CAMEL-18923,1
CAMEL-19213,0
CAMEL-19220,0
CAMEL-19219,0
CAMEL-19090,1
CAMEL-19223,0
CAMEL-19221,0
CAMEL-19134,1
CAMEL-19227,0
CAMEL-18463,1
CAMEL-19226,0
CAMEL-19232,1
CAMEL-19233,0
CAMEL-19104,1
CAMEL-19173,1
CAMEL-19062,0
CAMEL-19237,1
CAMEL-19224,0
CAMEL-19245,0
CAMEL-19244,1
CAMEL-19246,0
CAMEL-19240,1
CAMEL-19247,0
CAMEL-19249,0
CAMEL-19248,1
CAMEL-19231,1
CAMEL-19234,1
CAMEL-19242,0
CAMEL-19238,0
CAMEL-19180,1
CAMEL-19235,0
CAMEL-19250,1
CAMEL-19239,0
CAMEL-18625,1
CAMEL-19255,0
CAMEL-19257,0
CAMEL-19259,0
CAMEL-19108,1
CAMEL-19261,1
CAMEL-19263,0
CAMEL-19236,0
CAMEL-19266,0
CAMEL-17032,0
CAMEL-19256,0
CAMEL-19160,1
CAMEL-19267,1
CAMEL-19270,0
CAMEL-18904,3
CAMEL-19269,1
CAMEL-19272,0
CAMEL-19271,0
CAMEL-19265,1
CAMEL-19274,0
CAMEL-19222,0
CAMEL-19276,1
CAMEL-19278,0
CAMEL-19280,0
CAMEL-19282,0
CAMEL-19275,0
CAMEL-19286,0
CAMEL-19287,1
CAMEL-19268,0
CAMEL-19288,0
CAMEL-18943,0
CAMEL-19293,0
CAMEL-19294,0
CAMEL-19292,1
CAMEL-19289,1
CAMEL-18928,1
CAMEL-19296,0
CAMEL-19297,0
CAMEL-19290,2
CAMEL-19230,0
CAMEL-18985,1
CAMEL-19300,1
CAMEL-19301,0
CAMEL-19306,0
CAMEL-19302,0
CAMEL-19304,0
CAMEL-17946,1
CAMEL-19309,1
CAMEL-19320,0
CAMEL-19322,0
CAMEL-19325,0
CAMEL-17495,1
CAMEL-19299,1
CAMEL-19326,0
CAMEL-19099,0
CAMEL-19324,1
CAMEL-19327,0
CAMEL-19332,1
CAMEL-19317,1
CAMEL-19273,1
CAMEL-17652,1
CAMEL-19333,0
CAMEL-19163,1
CAMEL-18963,1
CAMEL-19344,0
CAMEL-19342,1
CAMEL-18958,0
CAMEL-19349,1
CAMEL-19351,0
CAMEL-18911,0
CAMEL-19313,1
CAMEL-19334,0
CAMEL-19357,0
CAMEL-19350,0
CAMEL-19354,1
CAMEL-19281,1
CAMEL-19352,0
CAMEL-19298,0
CAMEL-19345,1
CAMEL-19361,1
CAMEL-19360,1
CAMEL-19363,0
CAMEL-19362,1
CAMEL-19366,0
CAMEL-19368,0
CAMEL-19370,1
CAMEL-19372,0
CAMEL-19339,1
CAMEL-19347,0
CAMEL-19340,0
CAMEL-19365,1
CAMEL-19371,1
CAMEL-19353,1
CAMEL-19374,0
CAMEL-19364,1
CAMEL-19328,1
CAMEL-19095,1
CAMEL-19378,1
CAMEL-19375,0
CAMEL-19348,1
CAMEL-19379,0
CAMEL-19359,1
CAMEL-19377,1
CAMEL-19376,0
CAMEL-19135,1
CAMEL-19336,1
CAMEL-19383,0
CAMEL-18769,1
CAMEL-18874,1
CAMEL-18838,0
CAMEL-19052,1
CAMEL-19387,0
CAMEL-19207,0
CAMEL-19060,0
CAMEL-19319,0
CAMEL-19386,1
CAMEL-19295,1
CAMEL-19311,1
CAMEL-19392,0
CAMEL-18537,0
CAMEL-18638,0
CAMEL-19393,0
CAMEL-19384,0
CAMEL-18078,0
CAMEL-17875,0
CAMEL-16633,0
CAMEL-15981,0
CAMEL-15900,0
CAMEL-15520,0
CAMEL-19102,0
CAMEL-19396,0
CAMEL-15462,1
CAMEL-19401,1
CAMEL-19399,0
CAMEL-19402,0
CAMEL-13573,1
CAMEL-19405,1
CAMEL-19404,1
CAMEL-19400,0
CAMEL-19403,0
CAMEL-18924,1
CAMEL-19410,1
CAMEL-19406,0
CAMEL-19407,0
CAMEL-19337,1
CAMEL-19416,0
CAMEL-19129,1
CAMEL-19421,0
CAMEL-19424,0
CAMEL-19418,0
CAMEL-18189,1
CAMEL-18965,1
CAMEL-19408,0
CAMEL-19307,0
CAMEL-19426,1
CAMEL-19414,1
CAMEL-19415,1
CAMEL-19381,1
CAMEL-19390,0
CAMEL-19417,0
CAMEL-19389,1
CAMEL-19435,1
CAMEL-19423,1
CAMEL-19427,0
CAMEL-19053,0
CAMEL-19443,0
CAMEL-19432,1
CAMEL-15105,1
CAMEL-19448,0
CAMEL-19452,0
CAMEL-19453,0
CAMEL-19454,0
CAMEL-19457,1
CAMEL-19455,1
CAMEL-19341,1
CAMEL-19439,1
CAMEL-19460,0
CAMEL-19458,0
CAMEL-19459,1
CAMEL-19467,0
CAMEL-19373,1
CAMEL-19468,0
CAMEL-19451,0
CAMEL-19449,0
CAMEL-17528,3
CAMEL-18793,0
CAMEL-19471,1
CAMEL-19429,0
CAMEL-19476,1
CAMEL-19456,0
CAMEL-19478,0
CAMEL-19308,1
CAMEL-19480,0
CAMEL-19475,0
CAMEL-19470,0
CAMEL-19477,1
CAMEL-19486,1
CAMEL-19473,0
CAMEL-19472,0
CAMEL-19130,1
CAMEL-19464,1
CAMEL-19488,1
CAMEL-19490,0
CAMEL-19159,0
CAMEL-19503,0
CAMEL-19489,0
CAMEL-19330,1
CAMEL-19505,0
CAMEL-19440,1
CAMEL-19499,0
CAMEL-19507,0
CAMEL-19485,1
CAMEL-19509,1
CAMEL-19484,1
CAMEL-19510,0
CAMEL-19497,1
CAMEL-17894,0
CAMEL-19501,1
CAMEL-19492,1
CAMEL-19479,1
CAMEL-19331,0
CAMEL-19502,0
CAMEL-19279,0
CAMEL-19511,1
CAMEL-19285,1
CAMEL-19564,0
CAMEL-19565,0
CAMEL-19208,1
CAMEL-19567,0
CAMEL-19506,0
CAMEL-18837,1
CAMEL-19570,0
CAMEL-19574,0
CAMEL-19571,0
CAMEL-19572,1
CAMEL-19580,0
CAMEL-19577,1
CAMEL-19581,1
CAMEL-19566,0
CAMEL-19585,0
CAMEL-19587,1
CAMEL-19575,0
CAMEL-19438,0
CAMEL-19593,0
CAMEL-19595,0
CAMEL-19586,0
CAMEL-19596,0
CAMEL-19592,1
CAMEL-18261,1
CAMEL-19412,1
CAMEL-19446,0
CAMEL-19444,0
CAMEL-19445,0
CAMEL-19569,0
CAMEL-19604,0
CAMEL-19563,1
CAMEL-19602,1
CAMEL-19601,1
CAMEL-19603,1
CAMEL-19559,0
CAMEL-19605,0
CAMEL-19558,0
CAMEL-19560,0
CAMEL-19496,0
CAMEL-19573,0
CAMEL-19466,1
CAMEL-19442,1
CAMEL-19607,1
CAMEL-19594,1
CAMEL-19355,0
CAMEL-19465,1
CAMEL-19600,0
CAMEL-19598,0
CAMEL-18876,1
CAMEL-18916,1
CAMEL-18851,0
CAMEL-19058,0
CAMEL-18786,0
CAMEL-18550,1
CAMEL-18595,0
CAMEL-18197,0
CAMEL-18120,0
CAMEL-17544,1
CAMEL-17330,0
CAMEL-16113,0
CAMEL-15633,1
CAMEL-14824,0
CAMEL-14104,2
CAMEL-15176,2
CAMEL-13611,5
CAMEL-18869,1
CAMEL-18770,0
CAMEL-19609,0
CAMEL-19612,0
CAMEL-19610,1
CAMEL-19063,1
CAMEL-18957,0
CAMEL-19550,0
CAMEL-19589,1
CAMEL-19614,1
CAMEL-19584,1
CAMEL-19583,1
CAMEL-19616,1
CAMEL-19447,0
CAMEL-19621,0
CAMEL-19615,0
CAMEL-19599,0
CAMEL-19630,1
CAMEL-19625,0
CAMEL-19629,1
CAMEL-19628,1
CAMEL-19634,1
CAMEL-19556,0
CAMEL-19606,0
CAMEL-19121,1
CAMEL-19554,1
CAMEL-19633,1
CAMEL-19624,0
CAMEL-19632,1
CAMEL-19641,1
CAMEL-19643,1
CAMEL-19642,0
CAMEL-13070,1
CAMEL-18992,2
CAMEL-17066,0
CAMEL-15978,0
CAMEL-17328,0
CAMEL-14467,3
CAMEL-19640,0
CAMEL-15968,1
CAMEL-16592,1
CAMEL-17986,1
CAMEL-16837,2
CAMEL-17840,1
CAMEL-19646,1
CAMEL-19539,0
CAMEL-18540,0
CAMEL-19652,1
CAMEL-19061,1
CAMEL-18608,0
CAMEL-18326,1
CAMEL-19206,0
CAMEL-19321,0
CAMEL-19651,0
CAMEL-19568,1
CAMEL-19562,1
CAMEL-19660,0
CAMEL-19650,0
CAMEL-18234,1
CAMEL-19663,0
CAMEL-19664,0
CAMEL-19662,1
CAMEL-19666,0
CAMEL-19654,1
CAMEL-19491,1
CAMEL-19661,0
CAMEL-19658,0
CAMEL-19561,1
CAMEL-19645,1
CAMEL-19677,0
CAMEL-19676,1
CAMEL-19679,0
CAMEL-19673,1
CAMEL-19682,0
CAMEL-19161,1
CAMEL-19683,0
CAMEL-19369,1
CAMEL-19588,0
CAMEL-19671,1
CAMEL-19012,1
CAMEL-19686,0
CAMEL-19687,0
CAMEL-19668,0
CAMEL-18698,1
CAMEL-19670,1
CAMEL-19692,0
CAMEL-19225,0
CAMEL-19693,0
CAMEL-19695,0
CAMEL-19487,1
CAMEL-19323,0
CAMEL-19702,1
CAMEL-19024,2
CAMEL-19701,0
CAMEL-19547,1
CAMEL-19691,1
CAMEL-19675,1
CAMEL-19688,0
CAMEL-19694,0
CAMEL-19710,1
CAMEL-19637,1
CAMEL-19689,1
CAMEL-19714,0
CAMEL-19462,0
CAMEL-19708,0
CAMEL-19498,1
CAMEL-19649,1
CAMEL-19647,2
CAMEL-19618,1
CAMEL-19721,0
CAMEL-19626,1
CAMEL-19597,0
CAMEL-19724,1
CAMEL-19719,1
CAMEL-12317,2
CAMEL-19627,0
CAMEL-19716,1
CAMEL-19726,0
CAMEL-19720,1
CAMEL-19709,0
CAMEL-16888,0
CAMEL-19728,0
CAMEL-18917,0
CAMEL-19729,0
CAMEL-19712,0
CAMEL-19711,0
CAMEL-19733,1
CAMEL-19732,1
CAMEL-19736,0
CAMEL-19738,0
CAMEL-19516,3
CAMEL-19739,0
CAMEL-19518,2
CAMEL-19740,0
CAMEL-19725,1
CAMEL-18635,1
CAMEL-19747,0
CAMEL-19756,0
CAMEL-19656,0
CAMEL-19744,1
CAMEL-19741,1
CAMEL-19764,1
CAMEL-19766,0
CAMEL-17318,1
CAMEL-19754,0
CAMEL-19751,0
CAMEL-16479,0
CAMEL-19765,0
CAMEL-19771,0
CAMEL-19768,0
CAMEL-19748,0
CAMEL-19760,1
CAMEL-19775,0
CAMEL-19777,0
CAMEL-19772,0
CAMEL-19785,0
CAMEL-19784,0
CAMEL-19758,0
CAMEL-19789,0
CAMEL-19791,0
CAMEL-19792,0
CAMEL-19794,1
CAMEL-19796,1
CAMEL-19795,1
CAMEL-19786,1
CAMEL-19799,0
CAMEL-19803,1
CAMEL-19731,3
CAMEL-19698,1
CAMEL-19776,0
CAMEL-19699,1
CAMEL-19811,0
CAMEL-19810,0
CAMEL-19805,1
CAMEL-19814,0
CAMEL-19703,1
CAMEL-19815,0
CAMEL-19823,0
CAMEL-19817,1
CAMEL-19790,0
CAMEL-19798,1
CAMEL-19818,0
CAMEL-19793,1
CAMEL-19782,1
CAMEL-19737,0
CAMEL-19813,1
CAMEL-19822,0
CAMEL-19752,1
CAMEL-17027,2
CAMEL-19816,0
CAMEL-19829,1
CAMEL-19831,0
CAMEL-19838,0
CAMEL-19783,1
CAMEL-19825,1
CAMEL-19834,1
CAMEL-19836,0
CAMEL-19837,1
CAMEL-19840,0
CAMEL-19700,0
CAMEL-19841,0
CAMEL-19833,1
CAMEL-19335,0
CAMEL-19844,0
CAMEL-19842,0
CAMEL-19755,1
CAMEL-19847,0
CAMEL-19845,0
CAMEL-19843,1
CAMEL-19826,0
CAMEL-19853,0
CAMEL-19857,0
CAMEL-19861,0
CAMEL-19850,0
CAMEL-19852,0
CAMEL-19866,0
CAMEL-19867,0
CAMEL-19851,1
CAMEL-19870,0
CAMEL-19875,1
CAMEL-19868,0
CAMEL-19860,0
CAMEL-19874,0
CAMEL-19863,1
CAMEL-19859,0
CAMEL-19669,0
CAMEL-19882,1
CAMEL-19780,1
CAMEL-19884,0
CAMEL-19854,1
CAMEL-19218,1
CAMEL-19871,0
CAMEL-19885,1
CAMEL-18759,1
CAMEL-19880,0
CAMEL-19846,1
CAMEL-17173,0
CAMEL-19890,1
CAMEL-19888,0
CAMEL-19893,0
CAMEL-19895,1
CAMEL-19889,1
CAMEL-19881,1
CAMEL-19901,1
CAMEL-19876,1
CAMEL-19903,0
CAMEL-19892,0
CAMEL-19904,0
CAMEL-19902,0
CAMEL-19899,1
CAMEL-19906,0
CAMEL-19908,1
CAMEL-19774,1
CAMEL-19910,0
CAMEL-19802,1
CAMEL-19891,0
CAMEL-19909,1
CAMEL-19911,0
CAMEL-19913,1
CAMEL-19820,1
CAMEL-19912,0
CAMEL-19812,0
CAMEL-19808,1
CAMEL-19920,1
CAMEL-19877,0
CAMEL-19924,0
CAMEL-19919,1
CAMEL-19926,0
CAMEL-17315,3
CAMEL-19229,1
CAMEL-19921,1
CAMEL-19927,0
CAMEL-19917,1
CAMEL-19928,1
CAMEL-19773,0
CAMEL-19930,0
CAMEL-19644,1
CAMEL-19931,0
CAMEL-19879,0
CAMEL-19864,2
CAMEL-19778,0
CAMEL-19934,0
CAMEL-19862,1
CAMEL-19937,0
CAMEL-19936,0
CAMEL-19806,0
CAMEL-19938,1
CAMEL-19942,0
CAMEL-19932,1
CAMEL-19944,0
CAMEL-19940,1
CAMEL-19918,1
CAMEL-19935,1
CAMEL-19948,0
CAMEL-19939,1
CAMEL-19922,2
CAMEL-19923,1
CAMEL-19949,1
CAMEL-19953,1
CAMEL-19952,0
CAMEL-19954,0
CAMEL-19957,0
CAMEL-18948,0
CAMEL-19950,1
CAMEL-19555,3
CAMEL-15625,1
CAMEL-19960,1
CAMEL-19757,0
CAMEL-19962,0
CAMEL-19965,0
CAMEL-19966,0
CAMEL-19536,3
CAMEL-19955,0
CAMEL-19638,0
CAMEL-19970,1
CAMEL-19068,0
CAMEL-19945,0
CAMEL-19963,0
CAMEL-19978,0
CAMEL-19977,1
CAMEL-19979,0
CAMEL-17040,0
CAMEL-19980,0
CAMEL-18637,0
CAMEL-19976,0
CAMEL-18998,2
CAMEL-19557,3
CAMEL-19982,1
CAMEL-19827,1
CAMEL-19984,2
CAMEL-19983,0
CAMEL-19967,1
CAMEL-19988,0
CAMEL-19987,1
CAMEL-19968,1
CAMEL-19995,0
CAMEL-19996,0
CAMEL-19992,0
CAMEL-20003,0
CAMEL-19994,1
CAMEL-20002,0
CAMEL-20005,0
CAMEL-20006,0
CAMEL-20013,1
CAMEL-19999,1
CAMEL-20000,0
CAMEL-20010,0
CAMEL-19541,1
CAMEL-20011,1
CAMEL-19998,1
CAMEL-8306,2
CAMEL-20016,0
CAMEL-20008,2
CAMEL-19974,0
CAMEL-20004,1
CAMEL-20024,1
CAMEL-20026,0
CAMEL-20023,1
CAMEL-19990,1
CAMEL-19975,1
CAMEL-20001,1
CAMEL-19993,0
CAMEL-19907,1
CAMEL-19989,1
CAMEL-20031,1
CAMEL-19707,1
CAMEL-20032,0
CAMEL-19958,0
CAMEL-19437,1
CAMEL-20030,0
CAMEL-20029,0
CAMEL-20038,1
CAMEL-20028,2
CAMEL-20025,1
CAMEL-20017,1
CAMEL-20035,1
CAMEL-20043,0
CAMEL-20037,0
CAMEL-20022,0
CAMEL-20036,1
CAMEL-20048,1
CAMEL-19493,1
CAMEL-20042,1
CAMEL-20050,0
CAMEL-20049,1
CAMEL-20054,1
CAMEL-20057,0
CAMEL-20051,1
CAMEL-20052,1
CAMEL-20058,0
CAMEL-20053,1
CAMEL-20070,0
CAMEL-20063,1
CAMEL-20074,0
CAMEL-20060,0
CAMEL-20039,2
CAMEL-20073,0
CAMEL-20072,0
CAMEL-20069,0
CAMEL-20075,1
CAMEL-19997,1
CAMEL-20071,0
CAMEL-20078,0
CAMEL-20064,0
CAMEL-20077,0
CAMEL-20065,0
CAMEL-19961,0
CAMEL-20076,1
CAMEL-20083,0
CAMEL-20066,1
CAMEL-20079,0
CAMEL-20084,0
CAMEL-20088,0
CAMEL-19986,1
CAMEL-20092,1
CAMEL-20061,0
CAMEL-15211,1
CAMEL-20082,0
CAMEL-20085,1
CAMEL-20087,1
CAMEL-20062,0
CAMEL-20080,0
CAMEL-20033,2
CAMEL-20102,0
CAMEL-19526,1
CAMEL-20086,0
CAMEL-19905,0
CAMEL-20101,0
CAMEL-20081,0
CAMEL-20100,1
CAMEL-19828,1
CAMEL-20094,1
CAMEL-20098,0
CAMEL-20110,1
CAMEL-20109,1
CAMEL-20103,1
CAMEL-19028,1
CAMEL-20099,1
CAMEL-19260,1
CAMEL-20112,1
CAMEL-20114,0
CAMEL-20107,1
CAMEL-20117,0
CAMEL-20105,1
CAMEL-19835,2
CAMEL-20067,1
CAMEL-20124,0
CAMEL-20125,0
CAMEL-20122,1
CAMEL-20127,0
CAMEL-20056,1
CAMEL-17851,1
CAMEL-19648,1
CAMEL-20132,0
CAMEL-20129,0
CAMEL-19894,1
CAMEL-20044,1
CAMEL-20134,0
CAMEL-20137,0
CAMEL-20142,0
CAMEL-20135,0
CAMEL-20139,0
CAMEL-20144,1
CAMEL-20136,1
CAMEL-20145,0
CAMEL-19959,0
CAMEL-19085,0
CAMEL-16651,0
CAMEL-20131,1
CAMEL-19743,1
CAMEL-19973,0
CAMEL-20143,0
CAMEL-19690,1
CAMEL-20140,1
CAMEL-18768,1
CAMEL-20150,1
CAMEL-20151,0
CAMEL-20154,0
CAMEL-16099,1
CAMEL-20115,0
CAMEL-20153,0
CAMEL-20155,0
CAMEL-20161,1
CAMEL-20160,1
CAMEL-20157,0
CAMEL-20162,0
CAMEL-20159,0
CAMEL-20130,1
CAMEL-20164,1
CAMEL-20152,1
CAMEL-20156,1
CAMEL-20168,0
CAMEL-20170,0
CAMEL-20173,1
CAMEL-20172,0
CAMEL-20158,1
CAMEL-20174,1
CAMEL-20180,0
CAMEL-20182,1
CAMEL-20179,0
CAMEL-20178,1
CAMEL-20165,1
CAMEL-20186,0
CAMEL-20188,1
CAMEL-20181,0
CAMEL-20185,1
CAMEL-19631,0
CAMEL-19723,1
CAMEL-20163,0
CAMEL-18760,1
CAMEL-20146,0
CAMEL-20193,0
CAMEL-20147,0
CAMEL-20190,0
CAMEL-20149,0
CAMEL-20148,3
CAMEL-20196,0
CAMEL-20197,0
CAMEL-20198,1
CAMEL-20189,1
CAMEL-20204,1
CAMEL-20200,1
CAMEL-20194,1
CAMEL-19809,1
CAMEL-19770,0
CAMEL-19991,3
CAMEL-20108,1
CAMEL-20203,0
CAMEL-20187,0
CAMEL-20207,0
CAMEL-20120,1
CAMEL-20191,1
CAMEL-20208,0
CAMEL-19981,0
CAMEL-20211,0
CAMEL-20213,1
CAMEL-20209,0
CAMEL-20212,1
CAMEL-20210,1
CAMEL-19734,1
CAMEL-20166,0
CAMEL-20214,1
CAMEL-16181,0
CAMEL-20223,0
CAMEL-20220,0
CAMEL-20224,0
CAMEL-20229,0
CAMEL-20205,0
CAMEL-20230,0
CAMEL-20228,1
CAMEL-20470,1
CAMEL-20232,0
CAMEL-20452,0
CAMEL-20471,1
CAMEL-20474,1
CAMEL-20488,1
CAMEL-20487,1
CAMEL-20484,1
CAMEL-20472,1
CAMEL-20498,0
CAMEL-20255,0
CAMEL-20490,1
CAMEL-20502,1
CAMEL-20501,1
CAMEL-20464,1
CAMEL-20482,0
CAMEL-20495,0
CAMEL-20511,0
CAMEL-20459,0
CAMEL-20515,0
CAMEL-20508,1
CAMEL-20516,0
CAMEL-20519,0
CAMEL-20523,0
CAMEL-20461,1
CAMEL-20507,1
CAMEL-20530,1
CAMEL-20529,0
CAMEL-20528,1
CAMEL-20520,1
CAMEL-20534,0
CAMEL-20533,0
CAMEL-20535,0
CAMEL-20538,1
CAMEL-20537,0
CAMEL-20532,0
CAMEL-20479,1
CAMEL-20478,1
CAMEL-20536,0
CAMEL-20539,0
CAMEL-20542,1
CAMEL-20531,1
CAMEL-20491,1
CAMEL-20299,1
CAMEL-20300,1
CAMEL-20007,0
CAMEL-19617,0
CAMEL-19579,1
CAMEL-20541,0
CAMEL-20413,1
CAMEL-13909,1
CAMEL-19284,1
CAMEL-20544,0
CAMEL-20549,0
CAMEL-20551,0
CAMEL-20525,1
CAMEL-20543,0
CAMEL-20517,1
CAMEL-17386,1
CAMEL-20554,0
CAMEL-20331,0
CAMEL-20330,0
CAMEL-20558,0
CAMEL-20561,0
CAMEL-20560,0
CAMEL-18090,1
CAMEL-20564,0
CAMEL-20518,1
CAMEL-20357,1
CAMEL-20545,1
CAMEL-20566,0
CAMEL-20570,0
CAMEL-20504,0
CAMEL-20485,0
CAMEL-20572,0
CAMEL-20341,1
CAMEL-20568,1
CAMEL-20512,0
CAMEL-20567,1
CAMEL-20563,0
CAMEL-20555,0
CAMEL-20579,0
CAMEL-20581,0
CAMEL-20548,1
CAMEL-20559,1
CAMEL-20565,0
CAMEL-20384,1
CAMEL-17641,1
CAMEL-20576,1
CAMEL-20587,0
CAMEL-20583,0
CAMEL-16660,1
CAMEL-20577,1
CAMEL-20578,1
CAMEL-20588,0
CAMEL-20592,1
CAMEL-20589,1
CAMEL-20597,0
CAMEL-20477,0
CAMEL-20590,1
CAMEL-20595,0
CAMEL-20599,1
CAMEL-20596,0
CAMEL-20594,0
CAMEL-20601,1
CAMEL-20602,1
CAMEL-20604,1
CAMEL-20606,1
CAMEL-20607,0
CAMEL-20526,0
CAMEL-20324,0
CAMEL-20622,0
CAMEL-20524,1
CAMEL-20624,0
CAMEL-20571,1
CAMEL-20626,1
CAMEL-20627,0
CAMEL-20615,1
CAMEL-20621,0
CAMEL-20628,0
CAMEL-20598,1
CAMEL-20620,0
CAMEL-20632,0
CAMEL-20629,1
CAMEL-19164,1
CAMEL-20625,0
CAMEL-20635,0
CAMEL-20611,1
CAMEL-20637,0
CAMEL-20623,1
CAMEL-19535,1
CAMEL-20631,1
CAMEL-20641,0
CAMEL-20642,0
CAMEL-20639,1
CAMEL-20643,0
CAMEL-20644,0
CAMEL-20650,0
CAMEL-20557,0
CAMEL-19533,1
CAMEL-20656,0
CAMEL-19543,1
CAMEL-20506,0
CAMEL-20649,0
CAMEL-20562,0
CAMEL-20499,0
CAMEL-20659,0
CAMEL-20662,0
CAMEL-20574,0
CAMEL-18017,1
CAMEL-20671,0
CAMEL-20663,1
CAMEL-20666,1
CAMEL-20665,1
CAMEL-20521,1
CAMEL-20388,1
CAMEL-20673,0
CAMEL-20670,0
CAMEL-20676,0
CAMEL-20661,1
CAMEL-20677,0
CAMEL-20678,1
CAMEL-20683,1
CAMEL-20669,1
CAMEL-20675,0
CAMEL-20672,1
CAMEL-20667,1
CAMEL-20684,1
CAMEL-19779,1
CAMEL-20685,1
CAMEL-20613,0
CAMEL-20689,0
CAMEL-20688,1
CAMEL-20687,1
CAMEL-20690,0
CAMEL-20614,0
CAMEL-20646,1
CAMEL-20694,0
CAMEL-20695,0
CAMEL-20492,1
CAMEL-20473,0
CAMEL-20696,0
CAMEL-20505,0
CAMEL-20703,0
CAMEL-20513,0
CAMEL-20713,1
CAMEL-20710,0
CAMEL-19713,1
CAMEL-20707,0
CAMEL-19041,3
CAMEL-20546,1
CAMEL-20692,1
CAMEL-20715,0
CAMEL-20714,0
CAMEL-20700,1
CAMEL-20266,1
CAMEL-20716,0
CAMEL-20454,1
CAMEL-20718,0
CAMEL-20699,0
CAMEL-20691,0
CAMEL-20365,0
CAMEL-20354,1
CAMEL-20352,1
CAMEL-20308,1
CAMEL-19241,2
CAMEL-16064,1
CAMEL-20349,0
CAMEL-20278,2
CAMEL-20338,1
CAMEL-20336,0
CAMEL-20369,0
CAMEL-20370,0
CAMEL-20286,0
CAMEL-20371,1
CAMEL-19956,1
CAMEL-20343,1
CAMEL-20375,0
CAMEL-20372,0
CAMEL-20379,0
CAMEL-20373,0
CAMEL-20202,1
CAMEL-20376,1
CAMEL-19749,1
CAMEL-20389,0
CAMEL-20380,0
CAMEL-20387,0
CAMEL-20386,1
CAMEL-20382,1
CAMEL-20391,0
CAMEL-20392,0
CAMEL-20276,0
CAMEL-20366,0
CAMEL-20123,0
CAMEL-20239,1
CAMEL-19620,0
CAMEL-20396,0
CAMEL-20378,1
CAMEL-20355,1
CAMEL-20397,0
CAMEL-20398,1
CAMEL-20399,1
CAMEL-20394,1
CAMEL-20401,0
CAMEL-20281,0
CAMEL-15252,0
CAMEL-20400,1
CAMEL-20403,1
CAMEL-20406,1
CAMEL-20333,1
CAMEL-20408,0
CAMEL-20409,1
CAMEL-20116,0
CAMEL-20415,0
CAMEL-20418,0
CAMEL-20419,1
CAMEL-20423,0
CAMEL-20420,1
CAMEL-20425,1
CAMEL-20416,0
CAMEL-20404,1
CAMEL-20433,1
CAMEL-20421,1
CAMEL-20405,1
CAMEL-20361,1
CAMEL-20434,0
CAMEL-20435,1
CAMEL-20411,1
CAMEL-20417,0
CAMEL-20437,1
CAMEL-20438,1
CAMEL-20381,1
CAMEL-20444,1
CAMEL-20442,1
CAMEL-20446,0
CAMEL-20447,1
CAMEL-20440,1
CAMEL-20431,1
CAMEL-20445,1
CAMEL-20377,0
CAMEL-20449,0
CAMEL-20450,0
CAMEL-20457,1
CAMEL-20460,1
CAMEL-20453,0
CAMEL-20451,0
CAMEL-20448,1
CAMEL-18858,1
CAMEL-20410,2
CAMEL-20462,1
CAMEL-20019,1
CAMEL-20014,0
CAMEL-20469,0
CAMEL-20422,1
CAMEL-20467,0
CAMEL-20463,0
CAMEL-20475,1
CAMEL-20466,0
CAMEL-20476,0
CAMEL-20481,0
CAMEL-20483,1
CAMEL-20233,1
CAMEL-17825,1
CAMEL-20231,1
CAMEL-20235,0
CAMEL-20238,1
CAMEL-20241,0
CAMEL-18082,1
CAMEL-20242,1
CAMEL-20245,0
CAMEL-20243,1
CAMEL-20246,0
CAMEL-17722,1
CAMEL-17721,1
CAMEL-20219,1
CAMEL-20252,0
CAMEL-18590,1
CAMEL-20250,0
CAMEL-20249,1
CAMEL-20258,1
CAMEL-20259,0
CAMEL-20260,0
CAMEL-20254,1
CAMEL-20261,1
CAMEL-20256,0
CAMEL-19262,1
CAMEL-20267,0
CAMEL-20268,0
CAMEL-20262,1
CAMEL-20271,0
CAMEL-20273,1
CAMEL-20257,0
CAMEL-20274,1
CAMEL-20275,1
CAMEL-19971,1
CAMEL-19787,0
CAMEL-19746,1
CAMEL-19722,0
CAMEL-20280,0
CAMEL-19032,0
CAMEL-18938,0
CAMEL-20248,1
CAMEL-20236,0
CAMEL-20169,1
CAMEL-18482,1
CAMEL-20251,1
CAMEL-20270,1
CAMEL-20277,0
CAMEL-9947,0
CAMEL-15570,1
CAMEL-14293,0
CAMEL-14028,1
CAMEL-18559,1
CAMEL-19413,1
CAMEL-19411,1
CAMEL-20247,0
CAMEL-20285,0
CAMEL-20284,0
CAMEL-20289,0
CAMEL-20288,1
CAMEL-20269,0
CAMEL-20234,1
CAMEL-20225,0
CAMEL-20296,1
CAMEL-20295,0
CAMEL-20279,1
CAMEL-20305,0
CAMEL-20303,0
CAMEL-20301,1
CAMEL-20298,1
CAMEL-18969,1
CAMEL-20264,1
CAMEL-20302,0
CAMEL-17719,1
CAMEL-20334,1
CAMEL-20335,1
CAMEL-20218,1
CAMEL-20121,0
CAMEL-20306,0
CAMEL-20340,1
CAMEL-20292,0
CAMEL-20342,0
CAMEL-20339,0
CAMEL-20346,0
CAMEL-20345,0
CAMEL-20297,0
CAMEL-20294,1
CAMEL-19519,1
CAMEL-20351,1
CAMEL-20344,1
CAMEL-20358,0
CAMEL-20356,1
CAMEL-20362,0
CAMEL-20350,1
CAMEL-20360,0
CAMEL-20363,0
CAMEL-20364,1
CAMEL-20253,1
CAMEL-20359,0
CAMEL-20353,1
CAMEL-19338,1
CAMEL-20719,0
CAMEL-20705,1
CAMEL-20693,0
CAMEL-20698,1
CAMEL-20720,0
CAMEL-20651,1
CAMEL-20721,1
CAMEL-20723,0
CAMEL-20702,0
CAMEL-20727,0
CAMEL-15279,1
CAMEL-20724,1
CAMEL-20701,0
CAMEL-20652,1
CAMEL-20730,0
CAMEL-20575,0
CAMEL-20717,0
CAMEL-20514,1
CAMEL-20732,0
CAMEL-20731,1
CAMEL-20733,0
CAMEL-20734,0
CAMEL-20735,0
CAMEL-20736,0
CAMEL-20737,1
CAMEL-20725,0
CAMEL-20738,1
CAMEL-20739,0
CAMEL-20728,0
CAMEL-17829,1
CAMEL-20745,1
CAMEL-20748,0
CAMEL-20746,1
CAMEL-20749,1
CAMEL-20750,0
CAMEL-20747,0
CAMEL-20751,0
CAMEL-20743,1
CAMEL-20752,1
CAMEL-20753,0
CAMEL-20586,1
CAMEL-20755,0
CAMEL-20757,1
CAMEL-20758,0
CAMEL-20759,0
CAMEL-19915,0
CAMEL-20761,0
CAMEL-20762,1
CAMEL-20760,0
CAMEL-20767,0
CAMEL-20766,1
CAMEL-20764,0
CAMEL-20771,0
CAMEL-20763,0
CAMEL-20769,1
CAMEL-20768,1
CAMEL-20773,0
CAMEL-20439,1
CAMEL-20777,1
CAMEL-20778,1
CAMEL-20754,0
CAMEL-20216,0
CAMEL-20221,0
CAMEL-20222,0
CAMEL-20787,1
CAMEL-20600,1
CAMEL-20095,0
CAMEL-19639,0
CAMEL-19253,0
CAMEL-20244,1
CAMEL-20407,1
CAMEL-20217,1
CAMEL-20789,0
CAMEL-20383,1
CAMEL-20772,1
CAMEL-20795,1
CAMEL-20803,0
CAMEL-18280,2
CAMEL-20792,1
CAMEL-20779,1
CAMEL-20808,1
CAMEL-20799,1
CAMEL-20810,1
CAMEL-20815,1
CAMEL-20816,1
CAMEL-20818,1
CAMEL-20819,0
CAMEL-20820,1
CAMEL-20821,1
CAMEL-20823,0
CAMEL-20824,0
CAMEL-20825,0
CAMEL-20780,1
CAMEL-20781,1
CAMEL-20826,1
CAMEL-20812,1
CAMEL-18546,1
CAMEL-19985,1
CAMEL-20093,1
CAMEL-20798,1
CAMEL-18962,1
CAMEL-20829,1
CAMEL-20828,0
CAMEL-20822,1
CAMEL-20836,0
CAMEL-20785,1
CAMEL-20660,1
CAMEL-20847,1
CAMEL-20839,1
CAMEL-20848,0
CAMEL-20841,0
CAMEL-20845,1
CAMEL-20608,2
CAMEL-20849,0
CAMEL-20833,0
CAMEL-20776,1
CAMEL-20832,0
CAMEL-20851,0
CAMEL-20852,0
CAMEL-20842,1
CAMEL-20846,0
CAMEL-20859,1
CAMEL-20857,1
CAMEL-20861,0
CAMEL-20863,0
CAMEL-20850,1
CAMEL-20860,0
CAMEL-20865,0
CAMEL-20843,0
CAMEL-20868,1
CAMEL-20813,1
CAMEL-20658,0
CAMEL-19228,0
CAMEL-20864,1
CAMEL-19797,1
CAMEL-20866,1
CAMEL-20853,1
CAMEL-20309,0
CAMEL-20873,0
CAMEL-20788,1
CAMEL-20830,1
CAMEL-11567,1
CAMEL-20215,1
CAMEL-19523,1
CAMEL-19546,1
CAMEL-20790,1
CAMEL-20877,1
CAMEL-20775,1
CAMEL-20878,0
CAMEL-20617,1
CAMEL-20840,1
CAMEL-20317,0
CAMEL-20500,1
CAMEL-19010,1
CAMEL-19659,0
CAMEL-19544,1
CAMEL-20881,0
CAMEL-20835,1
CAMEL-19972,1
CAMEL-20880,0
CAMEL-20414,1
CAMEL-20885,1
CAMEL-20898,0
CAMEL-20887,0
CAMEL-20834,1
CAMEL-20890,1
CAMEL-20892,1
CAMEL-20645,1
CAMEL-20891,1
CAMEL-20882,1
CAMEL-20884,1
CAMEL-20903,1
CAMEL-20804,1
CAMEL-20895,1
CAMEL-20894,1
CAMEL-20897,1
CAMEL-20879,1
CAMEL-20906,1
CAMEL-20679,1
CAMEL-20921,1
CAMEL-20901,0
CAMEL-20911,1
CAMEL-20917,0
CAMEL-20922,0
CAMEL-20889,0
CAMEL-20913,0
CAMEL-20912,1
CAMEL-20794,1
CAMEL-17502,0
CAMEL-20920,1
CAMEL-20893,1
CAMEL-20914,0
CAMEL-20924,0
CAMEL-20909,0
CAMEL-20916,0
CAMEL-20648,0
CAMEL-20722,1
CAMEL-20585,0
CAMEL-20800,1
CAMEL-20926,0
CAMEL-19684,0
CAMEL-19398,0
CAMEL-20827,0
CAMEL-16829,1
CAMEL-20547,1
CAMEL-20929,0
CAMEL-20928,0
CAMEL-20931,1
CAMEL-18186,1
CAMEL-19897,1
CAMEL-20930,0
CAMEL-20932,0
CAMEL-20933,0
CAMEL-20934,0
CAMEL-20493,1
CAMEL-20900,1
CAMEL-20634,0
CAMEL-20939,1
CAMEL-16364,0
CAMEL-15903,1
CAMEL-20941,1
CAMEL-20944,1
CAMEL-17111,1
CAMEL-17110,2
CAMEL-20680,2
CAMEL-20905,0
CAMEL-20946,1
CAMEL-20948,0
CAMEL-20949,0
CAMEL-20945,1
CAMEL-20682,1
CAMEL-20952,1
CAMEL-20104,0
CAMEL-20954,1
CAMEL-20961,1
CAMEL-20956,0
CAMEL-20960,1
CAMEL-20955,1
CAMEL-20970,0
CAMEL-20967,1
CAMEL-20972,1
CAMEL-20973,0
CAMEL-20977,0
CAMEL-20978,1
CAMEL-20971,1
CAMEL-20981,1
CAMEL-20965,0
CAMEL-20969,1
CAMEL-20980,0
CAMEL-20976,0
CAMEL-20985,1
CAMEL-20962,1
CAMEL-20975,0
CAMEL-20982,1
CAMEL-20918,1
CAMEL-20996,1
CAMEL-21002,1
CAMEL-21006,0
CAMEL-21003,0
CAMEL-20995,1
CAMEL-21007,1
CAMEL-20988,0
CAMEL-20765,0
CAMEL-20990,0
CAMEL-21009,0
CAMEL-20963,1
CAMEL-20984,1
CAMEL-20983,1
CAMEL-21022,0
CAMEL-21026,0
CAMEL-21024,0
CAMEL-21031,0
CAMEL-21016,0
CAMEL-21017,1
CAMEL-21025,0
CAMEL-21021,0
CAMEL-21023,0
CAMEL-21014,0
CAMEL-21032,0
CAMEL-20993,0
CAMEL-21020,0
CAMEL-21043,0
CAMEL-21034,1
CAMEL-21004,1
CAMEL-21045,1
CAMEL-21047,0
CAMEL-21044,0
CAMEL-20393,1
CAMEL-20935,0
CAMEL-21035,1
CAMEL-21048,0
CAMEL-20964,1
CAMEL-20991,1
CAMEL-21012,0
CAMEL-21053,1
CAMEL-20237,1
CAMEL-21051,1
CAMEL-21056,1
CAMEL-20994,1
CAMEL-21038,1
CAMEL-21173,0
CAMEL-21136,0
CAMEL-21066,0
CAMEL-21040,0
CAMEL-21172,0
CAMEL-21069,0
CAMEL-21050,0
CAMEL-21058,1
CAMEL-21117,0
CAMEL-21178,1
CAMEL-21182,0
CAMEL-21164,0
CAMEL-21185,1
CAMEL-21188,1
CAMEL-21183,1
CAMEL-21127,1
CAMEL-21189,1
CAMEL-20837,0
CAMEL-21063,0
CAMEL-21194,0
CAMEL-21191,0
CAMEL-21179,0
CAMEL-20468,0
CAMEL-19538,1
CAMEL-21186,0
CAMEL-21068,0
CAMEL-21201,0
CAMEL-21200,0
CAMEL-21206,0
CAMEL-21207,0
CAMEL-21147,0
CAMEL-20888,1
CAMEL-21123,0
CAMEL-21213,1
CAMEL-21212,1
CAMEL-21174,1
CAMEL-21214,0
CAMEL-21221,1
CAMEL-21211,1
CAMEL-21219,0
CAMEL-21210,0
CAMEL-21209,0
CAMEL-21217,0
CAMEL-21224,0
CAMEL-21226,0
CAMEL-21225,1
CAMEL-21138,0
CAMEL-21158,1
CAMEL-21133,0
CAMEL-21234,1
CAMEL-21227,0
CAMEL-21104,1
CAMEL-21237,1
CAMEL-21215,0
CAMEL-21125,0
CAMEL-21236,0
CAMEL-21239,1
CAMEL-21240,0
CAMEL-21085,1
CAMEL-19553,1
CAMEL-21241,1
CAMEL-21229,1
CAMEL-21243,1
CAMEL-21246,0
CAMEL-21248,0
CAMEL-21230,1
CAMEL-21253,0
CAMEL-19767,2
CAMEL-21216,1
CAMEL-21251,0
CAMEL-21260,0
CAMEL-21255,0
CAMEL-21238,0
CAMEL-21261,1
CAMEL-21232,1
CAMEL-21267,0
CAMEL-21199,0
CAMEL-21271,1
CAMEL-21244,1
CAMEL-21264,0
CAMEL-21263,0
CAMEL-21273,0
CAMEL-21152,1
CAMEL-21272,0
CAMEL-21235,0
CAMEL-21256,0
CAMEL-21280,0
CAMEL-21283,1
CAMEL-21285,0
CAMEL-21279,0
CAMEL-21276,1
CAMEL-21289,0
CAMEL-21231,1
CAMEL-21287,0
CAMEL-21290,0
CAMEL-21282,1
CAMEL-21291,0
CAMEL-21292,1
CAMEL-21293,0
CAMEL-21286,1
CAMEL-21269,1
CAMEL-21298,0
CAMEL-21299,0
CAMEL-21275,0
CAMEL-21300,0
CAMEL-21303,1
CAMEL-21306,0
CAMEL-21288,0
CAMEL-21294,0
CAMEL-21309,0
CAMEL-21202,0
CAMEL-21295,1
CAMEL-21301,0
CAMEL-21297,1
CAMEL-21305,0
CAMEL-21277,0
CAMEL-20089,1
CAMEL-21307,0
CAMEL-21312,1
CAMEL-21316,0
CAMEL-21018,0
CAMEL-21296,0
CAMEL-21318,1
CAMEL-21320,0
CAMEL-21321,0
CAMEL-21322,1
CAMEL-21315,1
CAMEL-21323,0
CAMEL-21324,0
CAMEL-21203,1
CAMEL-21204,1
CAMEL-21205,1
CAMEL-21317,1
CAMEL-21311,1
CAMEL-21329,1
CAMEL-21328,1
CAMEL-21332,0
CAMEL-21242,0
CAMEL-21262,0
CAMEL-21193,0
CAMEL-21337,1
CAMEL-20896,0
CAMEL-21335,0
CAMEL-21249,0
CAMEL-21259,0
CAMEL-21252,1
CAMEL-21336,1
CAMEL-21342,0
CAMEL-21339,1
CAMEL-20593,0
CAMEL-21344,0
CAMEL-21343,1
CAMEL-21340,1
CAMEL-21345,1
CAMEL-21347,1
CAMEL-21348,0
CAMEL-21351,1
CAMEL-21349,0
CAMEL-21357,0
CAMEL-21128,1
CAMEL-21334,1
CAMEL-21360,0
CAMEL-21265,1
CAMEL-21363,0
CAMEL-21331,1
CAMEL-21362,0
CAMEL-21353,1
CAMEL-21310,1
CAMEL-20923,1
CAMEL-21367,1
CAMEL-21371,1
CAMEL-21373,0
CAMEL-21361,1
CAMEL-21013,1
CAMEL-21326,1
CAMEL-21375,0
CAMEL-21330,1
CAMEL-21374,1
CAMEL-21372,1
CAMEL-21380,0
CAMEL-21378,1
CAMEL-21379,0
CAMEL-21358,1
CAMEL-21382,0
CAMEL-21302,1
CAMEL-21376,0
CAMEL-21366,1
CAMEL-21387,1
CAMEL-21381,0
CAMEL-21386,0
CAMEL-21389,0
CAMEL-21383,1
CAMEL-21391,1
CAMEL-21401,0
CAMEL-21404,0
CAMEL-21396,0
CAMEL-21398,0
CAMEL-21397,0
CAMEL-21406,1
CAMEL-21393,0
CAMEL-21042,1
CAMEL-21052,1
CAMEL-20998,0
CAMEL-20947,1
CAMEL-21055,1
CAMEL-21059,1
CAMEL-21065,1
CAMEL-21064,1
CAMEL-21071,0
CAMEL-21070,0
CAMEL-21075,0
CAMEL-21067,0
CAMEL-21000,1
CAMEL-20782,1
CAMEL-21036,1
CAMEL-20113,1
CAMEL-21054,1
CAMEL-21076,1
CAMEL-21078,0
CAMEL-20838,0
CAMEL-20869,1
CAMEL-21089,0
CAMEL-21086,0
CAMEL-21081,1
CAMEL-20638,1
CAMEL-20569,1
CAMEL-21082,1
CAMEL-21090,1
CAMEL-20097,1
CAMEL-20774,1
CAMEL-20904,2
CAMEL-21060,0
CAMEL-21061,0
CAMEL-21062,0
CAMEL-20844,1
CAMEL-21057,1
CAMEL-21092,1
CAMEL-21096,1
CAMEL-21093,1
CAMEL-21100,0
CAMEL-21094,0
CAMEL-20992,1
CAMEL-20958,1
CAMEL-21011,1
CAMEL-21098,1
CAMEL-21097,0
CAMEL-21101,0
CAMEL-20938,0
CAMEL-21103,0
CAMEL-19182,1
CAMEL-20979,1
CAMEL-21105,0
CAMEL-21108,1
CAMEL-21106,1
CAMEL-21074,1
CAMEL-21113,0
CAMEL-21116,0
CAMEL-21109,1
CAMEL-20987,0
CAMEL-21112,1
CAMEL-21119,0
CAMEL-21126,0
CAMEL-21129,1
CAMEL-21135,0
CAMEL-21137,0
CAMEL-21118,1
CAMEL-21139,0
CAMEL-21134,1
CAMEL-21130,1
CAMEL-21146,1
CAMEL-21144,1
CAMEL-21140,1
CAMEL-21120,0
CAMEL-21143,1
CAMEL-21150,1
CAMEL-21149,0
CAMEL-21114,1
CAMEL-21001,1
CAMEL-21157,0
CAMEL-21156,0
CAMEL-21154,0
CAMEL-21159,0
CAMEL-21110,1
CAMEL-21160,0
CAMEL-21142,0
CAMEL-21161,1
CAMEL-20986,0
CAMEL-21153,0
CAMEL-21167,0
CAMEL-21163,0
CAMEL-21088,1
CAMEL-21169,0
CAMEL-21168,0
CAMEL-21170,1
CAMEL-21171,0
CAMEL-21176,1
CAMEL-21162,1
CAMEL-21175,1
CAMEL-21072,0
CAMEL-21177,0
CAMEL-21407,0
CAMEL-11780,3
CAMEL-21395,0
CAMEL-21412,1
CAMEL-21355,1
CAMEL-21421,1
CAMEL-21403,0
CAMEL-21423,0
CAMEL-21420,1
CAMEL-21422,1
CAMEL-21419,1
CAMEL-21434,1
CAMEL-21443,0
CAMEL-21430,0
CAMEL-21414,0
CAMEL-21377,1
CAMEL-21444,1
CAMEL-21445,1
CAMEL-21436,1
CAMEL-21446,1
CAMEL-20503,1
CAMEL-21415,0
CAMEL-21410,1
CAMEL-21432,1
CAMEL-21454,0
CAMEL-21392,0
CAMEL-21455,0
CAMEL-21402,0
CAMEL-21448,0
CAMEL-21431,1
CAMEL-21450,0
CAMEL-21459,0
CAMEL-21427,2
CAMEL-21458,0
CAMEL-21166,0
CAMEL-21453,0
CAMEL-21384,0
CAMEL-21451,0
CAMEL-21447,1
CAMEL-21470,0
CAMEL-21462,0
CAMEL-21460,1
CAMEL-21471,0
CAMEL-21469,1
CAMEL-21473,1
CAMEL-21475,0
CAMEL-21457,1
CAMEL-21477,0
CAMEL-21482,1
CAMEL-21467,1
CAMEL-21417,0
CAMEL-21485,1
CAMEL-21481,1
CAMEL-21487,0
CAMEL-21488,0
CAMEL-21489,0
CAMEL-21492,0
CAMEL-21493,1
CAMEL-21474,1
CAMEL-21354,0
CAMEL-21494,0
CAMEL-21350,1
CAMEL-21463,1
CAMEL-21497,0
CAMEL-21498,0
CAMEL-21418,1
CAMEL-21464,0
CAMEL-21500,1
CAMEL-21456,1
CAMEL-21325,1
CAMEL-21514,1
CAMEL-21515,1
CAMEL-21281,1
CAMEL-21019,0
CAMEL-21507,1
CAMEL-21506,0
CAMEL-21483,0
CAMEL-21131,0
CAMEL-21516,1
CAMEL-21465,0
CAMEL-21517,0
CAMEL-21511,1
CAMEL-21522,1
CAMEL-21512,1
CAMEL-21520,0
CAMEL-21525,1
CAMEL-21524,1
CAMEL-21528,0
CAMEL-21486,0
CAMEL-21531,1
CAMEL-21532,0
CAMEL-21529,0
CAMEL-21496,0
CAMEL-21536,0
CAMEL-21468,1
CAMEL-21537,0
CAMEL-21526,1
CAMEL-21535,0
CAMEL-21542,0
CAMEL-21466,0
CAMEL-21754,0
CAMEL-21698,0
CAMEL-21707,0
CAMEL-21756,1
CAMEL-21758,1
CAMEL-21759,1
CAMEL-21764,0
CAMEL-21762,0
CAMEL-21761,0
CAMEL-21662,1
CAMEL-21730,1
CAMEL-21198,0
CAMEL-21767,0
CAMEL-21769,1
CAMEL-21551,1
CAMEL-21772,0
CAMEL-21773,1
CAMEL-21774,0
CAMEL-21775,1
CAMEL-21778,0
CAMEL-21782,0
CAMEL-21670,0
CAMEL-21781,1
CAMEL-21780,1
CAMEL-21779,1
CAMEL-21785,0
CAMEL-21755,1
CAMEL-21770,1
CAMEL-21600,1
CAMEL-21789,0
CAMEL-21788,1
CAMEL-21790,0
CAMEL-21740,1
CAMEL-21794,0
CAMEL-21738,0
CAMEL-21800,0
CAMEL-21588,1
CAMEL-21792,1
CAMEL-21805,0
CAMEL-21795,0
CAMEL-21786,0
CAMEL-21798,0
CAMEL-21799,1
CAMEL-21807,0
CAMEL-16335,2
CAMEL-21793,1
CAMEL-21814,1
CAMEL-21777,1
CAMEL-21809,1
CAMEL-21806,1
CAMEL-21818,0
CAMEL-21710,1
CAMEL-21768,1
CAMEL-21808,0
CAMEL-21817,1
CAMEL-21820,0
CAMEL-21819,1
CAMEL-21671,1
CAMEL-20118,0
CAMEL-21821,0
CAMEL-19537,0
CAMEL-21823,1
CAMEL-21822,0
CAMEL-21828,0
CAMEL-21829,0
CAMEL-21826,0
CAMEL-21830,0
CAMEL-21832,0
CAMEL-21836,0
CAMEL-21837,1
CAMEL-21834,0
CAMEL-21833,1
CAMEL-21622,0
CAMEL-21846,1
CAMEL-21840,1
CAMEL-21848,1
CAMEL-21849,0
CAMEL-21847,1
CAMEL-21845,1
CAMEL-21604,1
CAMEL-21851,0
CAMEL-21852,1
CAMEL-21853,1
CAMEL-21865,0
CAMEL-21827,1
CAMEL-21839,0
CAMEL-21861,0
CAMEL-21860,0
CAMEL-21439,1
CAMEL-21854,1
CAMEL-21843,1
CAMEL-21811,0
CAMEL-21842,1
CAMEL-21876,0
CAMEL-21858,0
CAMEL-21874,1
CAMEL-21866,0
CAMEL-21872,0
CAMEL-21881,0
CAMEL-21883,0
CAMEL-21880,1
CAMEL-21763,1
CAMEL-21539,1
CAMEL-21812,0
CAMEL-21868,1
CAMEL-21885,0
CAMEL-21841,1
CAMEL-21835,1
CAMEL-21867,0
CAMEL-21888,1
CAMEL-16209,1
CAMEL-21894,0
CAMEL-20272,0
CAMEL-21900,1
CAMEL-21644,1
CAMEL-21906,1
CAMEL-21893,1
CAMEL-21903,1
CAMEL-21904,1
CAMEL-21753,0
CAMEL-21802,1
CAMEL-21877,1
CAMEL-21892,1
CAMEL-21870,1
CAMEL-21855,1
CAMEL-21816,1
CAMEL-21897,1
CAMEL-21875,1
CAMEL-21898,0
CAMEL-21887,1
CAMEL-21918,0
CAMEL-21905,0
CAMEL-21884,0
CAMEL-21923,0
CAMEL-21914,1
CAMEL-21907,1
CAMEL-21879,0
CAMEL-21927,0
CAMEL-21878,0
CAMEL-21760,0
CAMEL-21920,0
CAMEL-21930,0
CAMEL-21934,0
CAMEL-21921,1
CAMEL-21926,1
CAMEL-21896,3
CAMEL-21938,0
CAMEL-21928,1
CAMEL-21939,0
CAMEL-21940,0
CAMEL-21908,1
CAMEL-21942,0
CAMEL-21801,2
CAMEL-21941,0
CAMEL-21944,1
CAMEL-21949,0
CAMEL-21901,1
CAMEL-21954,0
CAMEL-21953,1
CAMEL-21736,0
CAMEL-21951,0
CAMEL-17530,0
CAMEL-21947,1
CAMEL-21957,0
CAMEL-21943,0
CAMEL-21911,0
CAMEL-21962,1
CAMEL-21961,0
CAMEL-21958,1
CAMEL-21972,1
CAMEL-21859,0
CAMEL-21899,0
CAMEL-21978,0
CAMEL-21967,1
CAMEL-21980,1
CAMEL-21982,0
CAMEL-21971,1
CAMEL-21871,0
CAMEL-21983,0
CAMEL-21970,0
CAMEL-21948,0
CAMEL-21945,0
CAMEL-21815,1
CAMEL-21968,0
CAMEL-21979,3
CAMEL-21986,0
CAMEL-21988,0
CAMEL-21969,0
CAMEL-21995,0
CAMEL-21992,0
CAMEL-21991,0
CAMEL-21987,0
CAMEL-21990,1
CAMEL-21984,1
CAMEL-21964,1
CAMEL-21952,1
CAMEL-21959,1
CAMEL-21912,1
CAMEL-21994,0
CAMEL-21999,1
CAMEL-21530,0
CAMEL-21533,0
CAMEL-21543,0
CAMEL-21491,0
CAMEL-21549,1
CAMEL-21077,0
CAMEL-21478,0
CAMEL-21545,0
CAMEL-21547,0
CAMEL-21548,1
CAMEL-21552,1
CAMEL-21510,1
CAMEL-21555,1
CAMEL-21557,0
CAMEL-21553,1
CAMEL-21559,0
CAMEL-21550,1
CAMEL-21561,0
CAMEL-21564,0
CAMEL-21266,1
CAMEL-21562,1
CAMEL-21563,1
CAMEL-21558,0
CAMEL-21566,0
CAMEL-21565,0
CAMEL-21567,0
CAMEL-21568,0
CAMEL-21223,1
CAMEL-21495,1
CAMEL-21571,0
CAMEL-21570,0
CAMEL-21572,0
CAMEL-20910,1
CAMEL-6070,1
CAMEL-19665,1
CAMEL-21484,1
CAMEL-21480,0
CAMEL-17648,1
CAMEL-21274,1
CAMEL-17881,0
CAMEL-21575,1
CAMEL-21304,1
CAMEL-14880,0
CAMEL-20138,0
CAMEL-21250,0
CAMEL-19839,1
CAMEL-21580,1
CAMEL-20968,0
CAMEL-21590,1
CAMEL-21582,1
CAMEL-21581,0
CAMEL-21502,0
CAMEL-21352,1
CAMEL-21184,1
CAMEL-21560,0
CAMEL-21586,0
CAMEL-21518,0
CAMEL-21593,1
CAMEL-21591,1
CAMEL-21595,0
CAMEL-21504,1
CAMEL-21589,0
CAMEL-21596,0
CAMEL-21346,0
CAMEL-21503,1
CAMEL-21602,0
CAMEL-21509,1
CAMEL-21145,0
CAMEL-21270,0
CAMEL-21576,0
CAMEL-21569,0
CAMEL-21607,0
CAMEL-21606,1
CAMEL-20883,1
CAMEL-21608,0
CAMEL-21611,0
CAMEL-21585,1
CAMEL-21578,1
CAMEL-21605,1
CAMEL-21616,0
CAMEL-21615,1
CAMEL-21612,1
CAMEL-21617,1
CAMEL-21614,1
CAMEL-21621,0
CAMEL-21508,0
CAMEL-21625,0
CAMEL-21628,0
CAMEL-18276,1
CAMEL-21631,0
CAMEL-21627,1
CAMEL-21620,0
CAMEL-21630,0
CAMEL-21634,1
CAMEL-21632,0
CAMEL-21629,0
CAMEL-21601,1
CAMEL-21637,1
CAMEL-21626,1
CAMEL-21640,0
CAMEL-21639,0
CAMEL-21643,1
CAMEL-21592,1
CAMEL-21452,1
CAMEL-21638,0
CAMEL-21642,0
CAMEL-21641,1
CAMEL-21359,1
CAMEL-21603,1
CAMEL-21635,0
CAMEL-21649,0
CAMEL-21645,0
CAMEL-21648,0
CAMEL-21651,1
CAMEL-20584,0
CAMEL-21660,0
CAMEL-21599,1
CAMEL-21653,1
CAMEL-21657,1
CAMEL-21442,3
CAMEL-21633,1
CAMEL-21672,0
CAMEL-21479,0
CAMEL-21664,0
CAMEL-21663,0
CAMEL-21659,0
CAMEL-21668,1
CAMEL-21666,1
CAMEL-21107,0
CAMEL-21675,0
CAMEL-21679,0
CAMEL-21676,1
CAMEL-21680,0
CAMEL-21681,0
CAMEL-21684,0
CAMEL-21673,1
CAMEL-21682,0
CAMEL-21685,1
CAMEL-21687,0
CAMEL-21505,1
CAMEL-21678,0
CAMEL-21654,1
CAMEL-21683,1
CAMEL-21688,1
CAMEL-21677,1
CAMEL-21461,1
CAMEL-21694,0
CAMEL-21686,0
CAMEL-21690,1
CAMEL-21538,0
CAMEL-21661,1
CAMEL-21697,1
CAMEL-21433,1
CAMEL-21623,1
CAMEL-21699,1
CAMEL-21257,1
CAMEL-21695,1
CAMEL-21656,1
CAMEL-21691,1
CAMEL-21650,0
CAMEL-21704,0
CAMEL-21700,0
CAMEL-21647,1
CAMEL-21701,1
CAMEL-21544,1
CAMEL-21714,1
CAMEL-21711,0
CAMEL-21703,1
CAMEL-21713,0
CAMEL-21541,0
CAMEL-21718,0
CAMEL-21702,1
CAMEL-21706,1
CAMEL-21708,1
CAMEL-21720,0
CAMEL-21717,0
CAMEL-21721,0
CAMEL-21709,1
CAMEL-21716,1
CAMEL-21727,1
CAMEL-21725,1
CAMEL-21726,0
CAMEL-21719,0
CAMEL-21728,1
CAMEL-21618,0
CAMEL-21733,0
CAMEL-21731,1
CAMEL-21732,0
CAMEL-21729,1
CAMEL-21734,0
CAMEL-21746,1
CAMEL-21723,1
CAMEL-21735,1
CAMEL-21739,0
CAMEL-21712,0
CAMEL-21747,0
CAMEL-21737,0
CAMEL-21748,0
CAMEL-21752,0
CAMEL-21750,1
CAMEL-22008,1
CAMEL-22006,1
CAMEL-22007,1
CAMEL-22001,1
CAMEL-22004,0
CAMEL-22002,1
CAMEL-22015,0
CAMEL-22005,0
CAMEL-21993,0
CAMEL-22014,0
CAMEL-22010,0
CAMEL-21950,1
CAMEL-22009,1
CAMEL-22016,0
CAMEL-22003,1
CAMEL-22023,0
CAMEL-22019,1
CAMEL-22012,1
CAMEL-22022,1
CAMEL-22018,0
CAMEL-22020,1
CAMEL-22031,0
CAMEL-22026,1
CAMEL-22032,0
CAMEL-22028,0
CAMEL-21956,0
CAMEL-22034,0
CAMEL-22035,0
CAMEL-22036,0
CAMEL-22025,1
CAMEL-22042,1
CAMEL-21997,1
CAMEL-22038,1
CAMEL-22029,1
CAMEL-22047,0
CAMEL-22044,1
CAMEL-22046,1
CAMEL-21902,1
CAMEL-21857,1
CAMEL-22049,1
CAMEL-22048,1
CAMEL-22037,0
CAMEL-22043,1
CAMEL-22033,0
CAMEL-22050,0
CAMEL-22045,1
CAMEL-21965,1
CAMEL-22051,0
CAMEL-17025,1
CAMEL-21976,1
CAMEL-21977,1
CAMEL-21931,1
CAMEL-22053,0
CAMEL-22013,0
CAMEL-22054,0
CAMEL-22055,1
CAMEL-22056,0
CAMEL-22057,1
CAMEL-21985,1
CAMEL-22059,0
CAMEL-22060,1
CAMEL-22061,1
CAMEL-22062,0
CAMEL-22063,1
CAMEL-22040,0
CAMEL-21573,1
CAMEL-22064,1
CAMEL-22069,0
CAMEL-22068,0
CAMEL-21996,1
CAMEL-22065,1
CAMEL-22076,0
CAMEL-21973,1
CAMEL-22052,0
CAMEL-22075,1
CAMEL-16360,1
CAMEL-5576,0
CAMEL-17534,0
CAMEL-22079,1
CAMEL-22078,1
CAMEL-22084,0
CAMEL-22074,1
CAMEL-22082,0
CAMEL-21981,1
CAMEL-22024,0
CAMEL-22077,1
CAMEL-22081,0
CAMEL-22091,0
CAMEL-22095,0
CAMEL-22092,0
CAMEL-22098,1
CAMEL-22017,1
CAMEL-22087,3
CAMEL-15088,1
CAMEL-21963,1
CAMEL-22088,2
CAMEL-18392,1
CAMEL-22102,0
CAMEL-22101,1
CAMEL-22100,1
CAMEL-22058,1
CAMEL-21087,2
CAMEL-22073,1
CAMEL-21749,1
CAMEL-22108,0
CAMEL-20018,1
CAMEL-19898,1
CAMEL-22103,1
CAMEL-22113,1
CAMEL-22122,0
CAMEL-22118,0
CAMEL-22115,1
CAMEL-22119,0
CAMEL-22125,1
CAMEL-20015,0
CAMEL-22126,1
CAMEL-17970,0
CAMEL-22117,0
CAMEL-22131,1
CAMEL-22106,1
CAMEL-21862,2
CAMEL-22132,0
CAMEL-22129,1
CAMEL-22116,1
CAMEL-16483,0
CAMEL-22136,1
CAMEL-22130,1
CAMEL-22133,1
CAMEL-22135,1
CAMEL-22139,0
CAMEL-21658,1
CAMEL-22141,0
CAMEL-22142,0
CAMEL-22127,0
CAMEL-22160,0
CAMEL-22146,1
CAMEL-22151,1
CAMEL-22161,0
CAMEL-22155,1
CAMEL-22164,1
CAMEL-22157,0
CAMEL-21429,1
CAMEL-22156,0
CAMEL-22150,0
CAMEL-22166,0
CAMEL-22140,0
CAMEL-22148,1
CAMEL-22159,0
CAMEL-22138,1
CAMEL-22158,0
CAMEL-22145,1
CAMEL-22153,1
CAMEL-22165,1
CAMEL-22123,0
CAMEL-22121,1
CAMEL-22180,1
CAMEL-22167,1
CAMEL-22096,0
CAMEL-22174,1
CAMEL-22168,1
CAMEL-22181,0
CAMEL-22176,1
CAMEL-22177,1
CAMEL-21844,1
CAMEL-22185,0
CAMEL-22184,1
CAMEL-22112,1
CAMEL-22186,0
CAMEL-22154,1
CAMEL-22190,1
CAMEL-22191,0
CAMEL-22192,0
CAMEL-22183,1
CAMEL-22194,1
CAMEL-22195,0
CAMEL-22199,0
CAMEL-22198,0
CAMEL-22193,0
CAMEL-22201,1
CAMEL-22200,1
CAMEL-22202,0
CAMEL-22204,0
CAMEL-22206,1
CAMEL-22211,0
CAMEL-22208,0
CAMEL-22210,0
CAMEL-22147,1
CAMEL-22212,0
CAMEL-22189,0
CAMEL-22134,1
CAMEL-22124,1
CAMEL-22207,1
CAMEL-21791,1
CAMEL-19667,0
CAMEL-22217,0
CAMEL-21636,0
CAMEL-22173,0
CAMEL-22220,1
CAMEL-22219,1
CAMEL-22223,1
CAMEL-22225,1
CAMEL-22229,0
CAMEL-22224,1
CAMEL-22215,1
CAMEL-22232,0
CAMEL-22233,0
CAMEL-22236,0
CAMEL-22226,1
CAMEL-22239,0
CAMEL-22241,0
CAMEL-22245,0
CAMEL-22240,0
CAMEL-22235,0
CAMEL-22230,0
CAMEL-22248,0
CAMEL-22247,0
CAMEL-22237,0
CAMEL-22250,0
CAMEL-22214,1
CAMEL-21974,1
CAMEL-22251,1
CAMEL-22253,0
CAMEL-22227,1
CAMEL-22187,1
CAMEL-22255,0
CAMEL-22256,1
CAMEL-22228,1
CAMEL-22258,0
CAMEL-22263,0
CAMEL-22259,0
CAMEL-22252,0
CAMEL-22231,1
CAMEL-22260,1
CAMEL-22254,1
CAMEL-22262,0
CAMEL-22144,1
CAMEL-22261,0
CAMEL-22266,0
CAMEL-22267,1
CAMEL-22264,1
CAMEL-22273,0
CAMEL-22270,0
CAMEL-22269,1
CAMEL-21523,0
CAMEL-22268,0
CAMEL-22278,1
CAMEL-22279,1
CAMEL-22283,1
CAMEL-22276,0
CAMEL-22286,0
CAMEL-22285,1
CAMEL-21408,0
CAMEL-22089,3
CAMEL-22291,1
CAMEL-22293,0
CAMEL-22295,1
CAMEL-22294,0
CAMEL-22296,0
CAMEL-22297,0
CAMEL-22287,1
CAMEL-22275,0
CAMEL-22244,0
CAMEL-22298,0
CAMEL-22299,0
CAMEL-22196,0
CAMEL-22304,0
CAMEL-22307,1
CAMEL-22303,0
CAMEL-22301,1
CAMEL-22309,0
CAMEL-22310,0
CAMEL-22257,1
CAMEL-22311,1
CAMEL-16690,0
CAMEL-16871,1
CAMEL-22312,1
CAMEL-22313,1
CAMEL-22314,1
CAMEL-22315,0
CAMEL-22316,0
CAMEL-22288,1
CAMEL-22265,0
CAMEL-21917,1
CAMEL-22317,0
CAMEL-22320,1
CAMEL-22238,1
CAMEL-22321,1
CAMEL-22326,0
CAMEL-22327,0
CAMEL-22331,1
CAMEL-22328,0
CAMEL-22322,1
CAMEL-22216,1
CAMEL-22330,0
CAMEL-22338,1
CAMEL-22339,1
CAMEL-22342,0
CAMEL-22282,1
CAMEL-22345,0
CAMEL-22346,1
CAMEL-22462,0
CAMEL-22457,0
CAMEL-22455,1
CAMEL-22459,0
CAMEL-22461,1
CAMEL-22465,0
CAMEL-22464,0
CAMEL-22468,0
CAMEL-22470,0
CAMEL-22469,0
CAMEL-22471,0
CAMEL-21889,1
CAMEL-22474,0
CAMEL-22476,0
CAMEL-22414,1
CAMEL-22473,0
CAMEL-22480,0
CAMEL-22481,0
CAMEL-22482,1
CAMEL-22467,1
CAMEL-22475,0
CAMEL-22483,1
CAMEL-22466,1
CAMEL-22487,0
CAMEL-22489,0
CAMEL-22490,1
CAMEL-22340,1
CAMEL-22486,1
CAMEL-22484,1
CAMEL-22488,0
CAMEL-22496,1
CAMEL-22495,0
CAMEL-22485,1
CAMEL-22492,0
CAMEL-22498,0
CAMEL-22505,0
CAMEL-22500,0
CAMEL-22086,3
CAMEL-22503,0
CAMEL-22493,1
CAMEL-22458,1
CAMEL-22508,0
CAMEL-22494,1
CAMEL-22436,0
CAMEL-22507,1
CAMEL-22509,0
CAMEL-22516,1
CAMEL-22499,1
CAMEL-22522,0
CAMEL-22501,0
CAMEL-22528,0
CAMEL-22511,1
CAMEL-22526,1
CAMEL-22530,0
CAMEL-22531,0
CAMEL-22332,0
CAMEL-22521,0
CAMEL-22533,1
CAMEL-22535,1
CAMEL-22502,0
CAMEL-22439,0
CAMEL-22536,2
CAMEL-22543,0
CAMEL-22542,1
CAMEL-22546,0
CAMEL-22552,1
CAMEL-22491,1
CAMEL-22547,0
CAMEL-22534,0
CAMEL-22541,1
CAMEL-22415,1
CAMEL-22540,1
CAMEL-17348,0
CAMEL-22558,0
CAMEL-22548,1
CAMEL-22560,1
CAMEL-22559,1
CAMEL-22563,1
CAMEL-22561,1
CAMEL-22564,1
CAMEL-22566,1
CAMEL-22567,0
CAMEL-22302,1
CAMEL-22565,0
CAMEL-22532,1
CAMEL-22569,1
CAMEL-21368,1
CAMEL-22571,1
CAMEL-22576,1
CAMEL-22575,0
CAMEL-22579,0
CAMEL-22577,1
CAMEL-22478,1
CAMEL-22551,0
CAMEL-22582,0
CAMEL-22595,0
CAMEL-22586,0
CAMEL-22594,0
CAMEL-22592,0
CAMEL-22580,1
CAMEL-22205,1
CAMEL-22350,1
CAMEL-22333,0
CAMEL-22336,1
CAMEL-22356,0
CAMEL-22300,1
CAMEL-22354,1
CAMEL-22352,1
CAMEL-22359,0
CAMEL-22335,1
CAMEL-22366,0
CAMEL-22363,0
CAMEL-22362,1
CAMEL-22361,1
CAMEL-22368,0
CAMEL-22344,0
CAMEL-22370,0
CAMEL-22343,0
CAMEL-22371,0
CAMEL-22365,1
CAMEL-21869,1
CAMEL-22094,0
CAMEL-21810,1
CAMEL-22364,1
CAMEL-22373,0
CAMEL-22372,0
CAMEL-22376,1
CAMEL-22349,0
CAMEL-22380,0
CAMEL-22381,1
CAMEL-22382,0
CAMEL-22374,0
CAMEL-22375,1
CAMEL-22384,0
CAMEL-22386,1
CAMEL-22387,1
CAMEL-22388,0
CAMEL-22391,0
CAMEL-22392,0
CAMEL-18597,0
CAMEL-22337,1
CAMEL-22394,0
CAMEL-22385,1
CAMEL-22402,0
CAMEL-22401,1
CAMEL-22398,0
CAMEL-22396,1
CAMEL-22397,0
CAMEL-22403,1
CAMEL-21268,0
CAMEL-20374,1
CAMEL-22011,1
CAMEL-22400,1
CAMEL-22413,1
CAMEL-22417,0
CAMEL-22407,1
CAMEL-22178,1
CAMEL-22404,1
CAMEL-22422,1
CAMEL-22425,0
CAMEL-22424,0
CAMEL-22426,0
CAMEL-22418,1
CAMEL-22427,0
CAMEL-22416,1
CAMEL-22419,1
CAMEL-22410,1
CAMEL-22406,0
CAMEL-22428,0
CAMEL-22399,1
CAMEL-17595,0
CAMEL-22421,0
CAMEL-22420,1
CAMEL-22423,1
CAMEL-22433,0
CAMEL-22432,0
CAMEL-22437,0
CAMEL-22405,1
CAMEL-22430,0
CAMEL-22435,1
CAMEL-22334,1
CAMEL-22438,0
CAMEL-21598,0
CAMEL-21597,0
CAMEL-22412,1
CAMEL-22441,0
CAMEL-22440,0
CAMEL-22444,1
CAMEL-22443,1
CAMEL-22446,1
CAMEL-22451,0
CAMEL-22447,1
CAMEL-22445,0
CAMEL-22452,0
CAMEL-22450,1
CAMEL-22442,1
CAMEL-22453,0
CAMEL-8249,3
CAMEL-22454,0
CAMEL-22456,1
CAMEL-23035,1
CAMEL-22277,1
CAMEL-23047,0
CAMEL-23051,0
CAMEL-23048,0
CAMEL-23054,0
CAMEL-23037,0
CAMEL-23055,0
CAMEL-23061,1
CAMEL-23046,1
CAMEL-23057,0
CAMEL-23059,0
CAMEL-23060,0
CAMEL-23036,1
CAMEL-22943,1
CAMEL-23062,0
CAMEL-23038,0
CAMEL-23056,0
CAMEL-23039,0
CAMEL-23040,0
CAMEL-23041,0
CAMEL-23075,0
CAMEL-23077,0
CAMEL-23074,0
CAMEL-23069,0
CAMEL-23073,0
CAMEL-23049,1
CAMEL-22545,0
CAMEL-23083,1
CAMEL-23042,0
CAMEL-23086,0
CAMEL-23032,1
CAMEL-23076,0
CAMEL-23085,0
CAMEL-23081,0
CAMEL-23028,1
CAMEL-23024,1
CAMEL-23012,1
CAMEL-23043,0
CAMEL-23095,1
CAMEL-23015,1
CAMEL-23101,0
CAMEL-23094,0
CAMEL-23002,1
CAMEL-23093,0
CAMEL-23099,1
CAMEL-23103,1
CAMEL-23104,0
CAMEL-22801,1
CAMEL-22891,1
CAMEL-23108,1
CAMEL-23109,1
CAMEL-22290,1
CAMEL-22562,1
CAMEL-23098,0
CAMEL-22811,1
CAMEL-23045,0
CAMEL-23034,1
CAMEL-23111,1
CAMEL-22289,1
CAMEL-23097,0
CAMEL-23114,0
CAMEL-23116,0
CAMEL-23102,1
CAMEL-23084,1
CAMEL-23122,0
CAMEL-23119,0
CAMEL-23123,0
CAMEL-23115,1
CAMEL-23089,0
CAMEL-23105,0
CAMEL-23082,0
CAMEL-19329,1
CAMEL-23112,0
CAMEL-23106,0
CAMEL-23107,0
CAMEL-22774,1
CAMEL-23128,1
CAMEL-23131,0
CAMEL-23129,0
CAMEL-23130,0
CAMEL-23126,0
CAMEL-23134,0
CAMEL-23138,0
CAMEL-23140,1
CAMEL-23001,1
CAMEL-23139,1
CAMEL-22369,1
CAMEL-22745,0
CAMEL-23145,1
CAMEL-23133,0
CAMEL-23146,1
CAMEL-23148,0
CAMEL-23088,1
CAMEL-23152,1
CAMEL-23127,0
CAMEL-22393,0
CAMEL-23142,0
CAMEL-23155,0
CAMEL-23153,0
CAMEL-22600,0
CAMEL-22598,0
CAMEL-22596,1
CAMEL-22603,0
CAMEL-22604,0
CAMEL-22610,0
CAMEL-22609,0
CAMEL-22602,0
CAMEL-22599,0
CAMEL-22597,0
CAMEL-22581,0
CAMEL-22611,0
CAMEL-22606,0
CAMEL-22589,1
CAMEL-22614,0
CAMEL-22613,0
CAMEL-22619,0
CAMEL-22607,0
CAMEL-22617,0
CAMEL-22620,0
CAMEL-22605,1
CAMEL-22621,1
CAMEL-22622,0
CAMEL-22608,1
CAMEL-22630,1
CAMEL-22626,0
CAMEL-22625,1
CAMEL-22628,1
CAMEL-22612,1
CAMEL-22634,0
CAMEL-22623,0
CAMEL-22638,1
CAMEL-20875,1
CAMEL-22645,1
CAMEL-22643,1
CAMEL-22529,1
CAMEL-22637,1
CAMEL-22627,1
CAMEL-22647,1
CAMEL-22629,0
CAMEL-22631,1
CAMEL-22584,1
CAMEL-22574,1
CAMEL-22650,1
CAMEL-22651,0
CAMEL-22653,0
CAMEL-22656,0
CAMEL-22657,0
CAMEL-22659,1
CAMEL-22655,0
CAMEL-22663,0
CAMEL-22660,0
CAMEL-22649,0
CAMEL-22667,0
CAMEL-22665,0
CAMEL-22664,0
CAMEL-22668,0
CAMEL-22578,1
CAMEL-22658,0
CAMEL-22585,1
CAMEL-22652,2
CAMEL-22670,0
CAMEL-22669,1
CAMEL-22662,1
CAMEL-22671,0
CAMEL-22676,0
CAMEL-22654,1
CAMEL-22677,0
CAMEL-22678,1
CAMEL-22679,0
CAMEL-22675,1
CAMEL-22683,1
CAMEL-22674,0
CAMEL-22685,0
CAMEL-22684,0
CAMEL-22682,0
CAMEL-20552,0
CAMEL-22688,0
CAMEL-22691,0
CAMEL-22687,1
CAMEL-22694,0
CAMEL-22708,0
CAMEL-22706,0
CAMEL-22695,1
CAMEL-22710,0
CAMEL-22686,0
CAMEL-22709,0
CAMEL-22702,1
CAMEL-22696,1
CAMEL-22557,0
CAMEL-22713,0
CAMEL-22700,1
CAMEL-22701,1
CAMEL-22692,1
CAMEL-22716,0
CAMEL-22715,1
CAMEL-22644,1
CAMEL-22707,1
CAMEL-22711,0
CAMEL-22803,0
CAMEL-22719,1
CAMEL-22806,0
CAMEL-22807,0
CAMEL-22000,0
CAMEL-22809,1
CAMEL-22812,1
CAMEL-22093,1
CAMEL-22817,0
CAMEL-22814,0
CAMEL-22179,1
CAMEL-22821,0
CAMEL-22822,0
CAMEL-22819,0
CAMEL-22818,0
CAMEL-22824,0
CAMEL-22823,1
CAMEL-22816,0
CAMEL-22802,0
CAMEL-18941,1
CAMEL-22820,1
CAMEL-22648,1
CAMEL-22828,1
CAMEL-22834,0
CAMEL-22832,1
CAMEL-22833,0
CAMEL-22835,0
CAMEL-22827,0
CAMEL-22825,0
CAMEL-22829,0
CAMEL-22836,0
CAMEL-22837,0
CAMEL-22838,0
CAMEL-22830,0
CAMEL-22815,0
CAMEL-22841,0
CAMEL-22844,0
CAMEL-22840,0
CAMEL-22842,0
CAMEL-22847,3
CAMEL-22805,0
CAMEL-20282,1
CAMEL-22848,0
CAMEL-22852,0
CAMEL-22853,0
CAMEL-22856,0
CAMEL-22858,0
CAMEL-22854,0
CAMEL-22862,0
CAMEL-22861,0
CAMEL-22859,0
CAMEL-22863,0
CAMEL-22867,0
CAMEL-22866,0
CAMEL-22357,0
CAMEL-22868,0
CAMEL-22870,0
CAMEL-22871,0
CAMEL-22752,1
CAMEL-22864,0
CAMEL-22872,1
CAMEL-22876,1
CAMEL-22879,1
CAMEL-22804,0
CAMEL-22843,1
CAMEL-19524,1
CAMEL-22885,1
CAMEL-22889,0
CAMEL-22895,0
CAMEL-22865,1
CAMEL-22897,0
CAMEL-22873,1
CAMEL-22896,0
CAMEL-22292,0
CAMEL-22900,0
CAMEL-18381,0
CAMEL-19735,0
CAMEL-19680,0
CAMEL-21196,1
CAMEL-21195,1
CAMEL-22869,1
CAMEL-19525,1
CAMEL-22886,0
CAMEL-22908,0
CAMEL-22904,1
CAMEL-22882,1
CAMEL-22877,1
CAMEL-22903,0
CAMEL-22905,0
CAMEL-22881,0
CAMEL-22912,0
CAMEL-22909,1
CAMEL-22911,0
CAMEL-22914,0
CAMEL-22849,1
CAMEL-22901,2
CAMEL-22915,0
CAMEL-22846,1
CAMEL-22922,1
CAMEL-22925,0
CAMEL-22916,0
CAMEL-16866,3
CAMEL-22722,0
CAMEL-22720,1
CAMEL-22724,0
CAMEL-22705,0
CAMEL-22735,1
CAMEL-22734,1
CAMEL-22731,0
CAMEL-22727,1
CAMEL-22739,0
CAMEL-22689,0
CAMEL-22743,0
CAMEL-22736,1
CAMEL-22742,0
CAMEL-22732,1
CAMEL-22728,1
CAMEL-22725,0
CAMEL-22740,0
CAMEL-22744,1
CAMEL-22741,1
CAMEL-22749,1
CAMEL-22748,1
CAMEL-22690,0
CAMEL-22753,1
CAMEL-22746,1
CAMEL-22747,1
CAMEL-22757,1
CAMEL-22758,0
CAMEL-22703,1
CAMEL-22759,1
CAMEL-22755,0
CAMEL-22756,0
CAMEL-22763,0
CAMEL-22641,1
CAMEL-22764,1
CAMEL-22770,0
CAMEL-22761,1
CAMEL-22754,1
CAMEL-22762,1
CAMEL-22768,0
CAMEL-22772,0
CAMEL-22773,0
CAMEL-22249,0
CAMEL-22182,1
CAMEL-22109,1
CAMEL-22222,1
CAMEL-22769,1
CAMEL-22775,1
CAMEL-22778,0
CAMEL-22777,0
CAMEL-22766,1
CAMEL-22661,2
CAMEL-22781,1
CAMEL-22782,1
CAMEL-22771,1
CAMEL-22787,0
CAMEL-22784,0
CAMEL-22785,0
CAMEL-22779,1
CAMEL-22765,1
CAMEL-22789,0
CAMEL-22788,1
CAMEL-22693,1
CAMEL-22460,1
CAMEL-22786,0
CAMEL-22791,0
CAMEL-22431,1
CAMEL-22737,0
CAMEL-22717,1
CAMEL-22793,0
CAMEL-22776,1
CAMEL-22792,0
CAMEL-22794,0
CAMEL-22790,0
CAMEL-22796,1
CAMEL-22798,1
CAMEL-22795,1
CAMEL-22272,1
CAMEL-20455,1
CAMEL-22799,0
CAMEL-22712,0
CAMEL-22633,0
CAMEL-22800,1
CAMEL-22593,0
CAMEL-22591,0
CAMEL-22408,1
CAMEL-21669,0
CAMEL-22550,1
CAMEL-20612,0
CAMEL-20959,1
CAMEL-20919,1
CAMEL-19869,0
CAMEL-19832,2
CAMEL-19504,0
CAMEL-22353,1
CAMEL-22243,0
CAMEL-12941,1
CAMEL-20809,1
CAMEL-17339,0
CAMEL-22783,1
CAMEL-22921,0
CAMEL-22919,0
CAMEL-22918,0
CAMEL-22917,0
CAMEL-22924,1
CAMEL-22429,1
CAMEL-22923,1
CAMEL-22926,1
CAMEL-22927,0
CAMEL-22928,0
CAMEL-22906,0
CAMEL-22932,0
CAMEL-22899,1
CAMEL-22888,3
CAMEL-22936,0
CAMEL-22938,1
CAMEL-22940,1
CAMEL-22947,0
CAMEL-22944,0
CAMEL-22930,1
CAMEL-22929,0
CAMEL-22898,1
CAMEL-22949,1
CAMEL-22951,1
CAMEL-22933,0
CAMEL-22937,1
CAMEL-22953,0
CAMEL-22952,1
CAMEL-22946,1
CAMEL-22954,0
CAMEL-16826,0
CAMEL-22956,0
CAMEL-21254,0
CAMEL-22960,0
CAMEL-14470,0
CAMEL-22957,1
CAMEL-22851,1
CAMEL-22935,0
CAMEL-22961,0
CAMEL-22958,1
CAMEL-22907,1
CAMEL-22942,0
CAMEL-22955,1
CAMEL-22939,1
CAMEL-22913,0
CAMEL-22950,0
CAMEL-22962,1
CAMEL-22721,0
CAMEL-22880,1
CAMEL-22646,0
CAMEL-22968,0
CAMEL-22966,0
CAMEL-22874,1
CAMEL-22971,1
CAMEL-22973,0
CAMEL-22972,0
CAMEL-22970,0
CAMEL-22974,0
CAMEL-22959,0
CAMEL-22379,1
CAMEL-22975,0
CAMEL-22976,0
CAMEL-22979,0
CAMEL-22892,0
CAMEL-22983,1
CAMEL-22984,0
CAMEL-22931,1
CAMEL-22988,0
CAMEL-22980,1
CAMEL-22982,0
CAMEL-22985,1
CAMEL-22991,0
CAMEL-22520,0
CAMEL-22978,1
CAMEL-22993,0
CAMEL-22964,1
CAMEL-22977,1
CAMEL-22997,0
CAMEL-22998,0
CAMEL-23004,0
CAMEL-23005,0
CAMEL-23006,0
CAMEL-23007,0
CAMEL-23008,0
CAMEL-23010,1
CAMEL-23009,0
CAMEL-23017,0
CAMEL-23011,1
CAMEL-23014,1
CAMEL-23000,1
CAMEL-23016,1
CAMEL-23020,0
CAMEL-23021,0
CAMEL-23018,0
CAMEL-23026,0
CAMEL-23031,0
CAMEL-23029,0
CAMEL-22994,1
CAMEL-23030,0
CAMEL-23033,0
CAMEL-23154,0
CAMEL-23053,1
CAMEL-23158,0
CAMEL-23159,0
CAMEL-23162,0
CAMEL-23161,0
CAMEL-23027,0
CAMEL-22965,1
CAMEL-23044,0
CAMEL-23167,0
CAMEL-23168,0
CAMEL-23157,1
CAMEL-22506,0
CAMEL-23160,0
CAMEL-23156,0
CAMEL-22152,1
CAMEL-22477,1
CAMEL-23170,0
CAMEL-23169,1
CAMEL-23177,1
CAMEL-23064,1
CAMEL-23065,1
CAMEL-23067,1
CAMEL-23068,1
CAMEL-23072,1
CAMEL-23070,1
CAMEL-23071,1
CAMEL-23144,0
CAMEL-22515,0
CAMEL-23174,1
CAMEL-23066,1
CAMEL-22479,1
CAMEL-23090,1
CAMEL-23166,0
CAMEL-23023,1
CAMEL-23182,0
CAMEL-22723,0
CAMEL-22730,0
CAMEL-23185,0
CAMEL-23188,0
CAMEL-19434,0
CAMEL-23191,0
CAMEL-22556,0
CAMEL-23052,1
CAMEL-23149,1
CAMEL-23150,1
CAMEL-23186,0
CAMEL-23173,1
CAMEL-23178,0
CAMEL-23200,0
CAMEL-23195,0
CAMEL-23147,1
CAMEL-23203,0
CAMEL-23204,0
CAMEL-23193,0
CAMEL-23121,1
CAMEL-23171,1
CAMEL-23198,0
CAMEL-23207,0
CAMEL-23113,1
CAMEL-23210,0
CAMEL-23202,1
CAMEL-22537,0
CAMEL-22635,1
CAMEL-23213,0
CAMEL-23187,1
CAMEL-23206,1
CAMEL-23212,0
CAMEL-23189,1
CAMEL-23209,1
CAMEL-22110,0
CAMEL-23197,1
CAMEL-22995,0
CAMEL-23211,0
CAMEL-23222,0
CAMEL-23224,0
CAMEL-23163,0
CAMEL-23227,1
CAMEL-23228,1
CAMEL-23229,0
CAMEL-23190,0
CAMEL-23231,0
CAMEL-23013,1
CAMEL-23235,1
CAMEL-23219,0
CAMEL-21095,1
CAMEL-23217,1
CAMEL-23230,0
CAMEL-23237,1
CAMEL-23234,1
CAMEL-23248,0
CAMEL-23256,0
CAMEL-21966,1
CAMEL-23251,0
CAMEL-23254,1
CAMEL-23259,0
CAMEL-22409,1
CAMEL-23265,1
CAMEL-23261,0
CAMEL-23270,0
CAMEL-23199,0
CAMEL-23255,1
CAMEL-23238,0
CAMEL-23272,1
CAMEL-23184,0
CAMEL-23273,0
CAMEL-23284,0
CAMEL-23287,0
CAMEL-23288,0
CAMEL-23280,1
CAMEL-23289,0
CAMEL-23258,0
CAMEL-22510,2
CAMEL-23282,1
CAMEL-23260,1
CAMEL-23297,1
CAMEL-23295,1
CAMEL-23252,0
CAMEL-23279,1
CAMEL-23276,1
CAMEL-22524,1
CAMEL-23292,0
CAMEL-21540,1
CAMEL-23208,0
CAMEL-21913,0
CAMEL-23262,1
CAMEL-23281,1
CAMEL-23022,0
CAMEL-23300,1
CAMEL-23303,1
CAMEL-23249,1
CAMEL-23243,1
CAMEL-23299,1
CAMEL-23267,1
CAMEL-23306,1
CAMEL-23307,1
CAMEL-23253,1
CAMEL-23308,0
CAMEL-23310,0
CAMEL-23309,1
CAMEL-23294,1
CAMEL-23285,1
CAMEL-23313,0
CAMEL-21932,1
CAMEL-23298,1
CAMEL-23183,1
CAMEL-23151,1
CAMEL-22890,1
CAMEL-23277,0
CAMEL-23315,1
CAMEL-23314,0
CAMEL-23319,0
CAMEL-23322,1
CAMEL-23283,1
CAMEL-23323,1
CAMEL-23321,1
CAMEL-23263,0
CAMEL-22519,1
CAMEL-23232,0
CAMEL-22463,3
CAMEL-22325,1
CAMEL-23325,0
CAMEL-23194,2
CAMEL-23214,1
CAMEL-23320,1
CAMEL-23331,0
CAMEL-23334,0
CAMEL-23333,0
CAMEL-22497,1
CAMEL-23348,1
CAMEL-23269,0
CAMEL-22729,1
CAMEL-23351,1
CAMEL-23350,1
CAMEL-23196,1
CAMEL-22750,0
CAMEL-22780,0
CAMEL-23192,2
CAMEL-22555,0
CAMEL-23290,1
CAMEL-22989,0
CAMEL-22948,0
CAMEL-23349,1
CAMEL-20367,0
CAMEL-22884,1
CAMEL-22090,1
CAMEL-23164,1
CAMEL-23296,1
CAMEL-23363,1
CAMEL-22987,1
CAMEL-23328,0
CAMEL-23364,1
CAMEL-23329,0
CAMEL-21208,1
CAMEL-23365,1
CAMEL-23330,0
CAMEL-22760,1
CAMEL-23332,1
CAMEL-23366,1
CAMEL-23367,0
CAMEL-23505,1
CAMEL-23514,0
CAMEL-23509,0
CAMEL-23517,0
CAMEL-23495,1
CAMEL-23518,1
CAMEL-23513,1
CAMEL-22640,1
CAMEL-23476,1
CAMEL-23524,0
CAMEL-23519,0
CAMEL-23523,2
CAMEL-23515,1
CAMEL-23542,1
CAMEL-23531,1
CAMEL-23547,0
CAMEL-23555,0
CAMEL-23521,1
CAMEL-23529,1
CAMEL-23479,1
CAMEL-23544,1
CAMEL-23554,1
CAMEL-23516,1
CAMEL-23550,0
CAMEL-23549,1
CAMEL-23553,1
CAMEL-23548,0
CAMEL-21960,1
CAMEL-23534,0
CAMEL-23236,1
CAMEL-23311,0
CAMEL-23528,1
CAMEL-22572,0
CAMEL-23566,1
CAMEL-23475,1
CAMEL-23511,0
CAMEL-23506,0
CAMEL-23508,0
CAMEL-23569,1
CAMEL-23573,1
CAMEL-23571,0
CAMEL-23565,0
CAMEL-23525,1
CAMEL-23593,1
CAMEL-23560,1
CAMEL-23474,1
CAMEL-23563,1
CAMEL-23595,1
CAMEL-23473,1
CAMEL-23596,1
CAMEL-23572,1
CAMEL-23532,0
CAMEL-23526,1
CAMEL-23522,0
CAMEL-23443,0
CAMEL-23576,0
CAMEL-23602,1
CAMEL-23575,0
CAMEL-23433,0
CAMEL-23606,1
CAMEL-23407,0
CAMEL-23608,0
CAMEL-23610,1
CAMEL-23574,0
CAMEL-23614,1
CAMEL-23611,1
CAMEL-23491,1
CAMEL-23597,0
CAMEL-23616,0
CAMEL-23618,0
CAMEL-23617,1
CAMEL-23615,1
CAMEL-23612,0
CAMEL-23415,0
CAMEL-23609,0
CAMEL-23622,1
CAMEL-23533,1
CAMEL-23607,1
CAMEL-23621,1
CAMEL-23342,0
CAMEL-23624,0
CAMEL-23600,0
CAMEL-23623,0
CAMEL-23619,1
CAMEL-23627,0
CAMEL-23079,1
CAMEL-23601,1
CAMEL-23633,0
CAMEL-23632,1
CAMEL-23631,1
CAMEL-23634,0
CAMEL-23637,1
CAMEL-23579,0
CAMEL-23578,0
CAMEL-23582,0
CAMEL-23583,0
CAMEL-23580,0
CAMEL-23587,0
CAMEL-23585,0
CAMEL-23590,0
CAMEL-23353,0
CAMEL-23356,1
CAMEL-23378,1
CAMEL-23372,1
CAMEL-23324,1
CAMEL-23124,0
CAMEL-23339,0
CAMEL-23371,1
CAMEL-23379,1
CAMEL-23359,0
CAMEL-23384,1
CAMEL-23179,1
CAMEL-23180,1
CAMEL-23220,0
CAMEL-23181,1
CAMEL-23361,0
CAMEL-23373,1
CAMEL-23374,1
CAMEL-23392,1
CAMEL-23399,0
CAMEL-23386,1
CAMEL-23401,1
CAMEL-23340,0
CAMEL-23402,0
CAMEL-23390,1
CAMEL-23341,0
CAMEL-21975,1
CAMEL-23312,0
CAMEL-23370,0
CAMEL-23406,1
CAMEL-23381,1
CAMEL-23293,1
CAMEL-23388,1
CAMEL-23362,0
CAMEL-23355,0
CAMEL-23405,1
CAMEL-23380,1
CAMEL-23403,1
CAMEL-23412,1
CAMEL-23410,1
CAMEL-23417,1
CAMEL-23414,1
CAMEL-23247,1
CAMEL-23429,1
CAMEL-23426,0
CAMEL-23424,1
CAMEL-22539,1
CAMEL-23427,1
CAMEL-23416,1
CAMEL-23428,1
CAMEL-23434,1
CAMEL-22525,1
CAMEL-23437,1
CAMEL-23430,1
CAMEL-23409,1
CAMEL-23423,1
CAMEL-23435,1
CAMEL-23421,1
CAMEL-23436,0
CAMEL-23118,0
CAMEL-23438,1
CAMEL-23442,1
CAMEL-23432,0
CAMEL-23418,1
CAMEL-23352,0
CAMEL-23132,1
CAMEL-23425,0
CAMEL-23448,1
CAMEL-23400,1
CAMEL-22544,1
CAMEL-23419,1
CAMEL-23391,0
CAMEL-23387,1
CAMEL-23408,1
CAMEL-23469,0
CAMEL-23451,1
CAMEL-23471,0
CAMEL-23385,1
CAMEL-23452,1
CAMEL-23468,0
CAMEL-23472,1
CAMEL-23466,0
CAMEL-23459,1
CAMEL-23485,1
CAMEL-23477,1
CAMEL-23404,1
CAMEL-23302,1
CAMEL-23483,2
CAMEL-23494,0
CAMEL-23497,1
CAMEL-23335,1
CAMEL-23490,0
CAMEL-23498,0
CAMEL-23461,0
CAMEL-23496,1
CAMEL-23420,1
CAMEL-23504,0
CAMEL-23512,1
CAMEL-23422,1
CAMEL-23464,0
CAMEL-23507,0
CAMEL-23463,0
CAMEL-23835,0
CAMEL-23817,1
CAMEL-23834,1
CAMEL-19549,1
CAMEL-23808,1
CAMEL-23457,1
CAMEL-23462,0
CAMEL-23731,0
CAMEL-23838,0
CAMEL-23654,0
CAMEL-23841,0
CAMEL-23837,1
CAMEL-23851,1
CAMEL-23840,0
CAMEL-23852,1
CAMEL-23858,0
CAMEL-23855,1
CAMEL-23857,1
CAMEL-23864,0
CAMEL-23862,1
CAMEL-23863,0
CAMEL-23860,0
CAMEL-23870,1
CAMEL-23865,1
CAMEL-23842,0
CAMEL-23873,1
CAMEL-23872,1
CAMEL-23871,0
CAMEL-23881,1
CAMEL-23874,1
CAMEL-23882,0
CAMEL-23880,1
CAMEL-23766,0
CAMEL-23885,1
CAMEL-23892,0
CAMEL-23893,0
CAMEL-23890,1
CAMEL-23264,0
CAMEL-23896,0
CAMEL-23889,1
CAMEL-23897,0
CAMEL-19528,0
CAMEL-23900,0
CAMEL-23899,0
CAMEL-23898,1
CAMEL-23904,0
CAMEL-23869,1
CAMEL-23908,1
CAMEL-23903,0
CAMEL-23905,1
CAMEL-23909,1
CAMEL-23223,1
CAMEL-23906,1
CAMEL-23901,1
CAMEL-23829,0
CAMEL-19542,2
CAMEL-23902,0
CAMEL-23910,0
CAMEL-23915,1
CAMEL-23907,1
CAMEL-23912,1
CAMEL-23891,0
CAMEL-23917,0
CAMEL-23884,0
CAMEL-23888,0
CAMEL-23894,0
CAMEL-23914,1
CAMEL-23883,0
CAMEL-22616,1
CAMEL-23927,1
CAMEL-23879,0
CAMEL-23930,0
CAMEL-23926,3
CAMEL-23935,1
CAMEL-23933,1
CAMEL-23850,1
CAMEL-23931,1
CAMEL-23936,1
CAMEL-23934,1
CAMEL-21438,0
CAMEL-23839,0
CAMEL-23972,0
CAMEL-23937,1
CAMEL-23939,1
CAMEL-19548,2
CAMEL-23848,0
CAMEL-23849,0
CAMEL-23971,1
CAMEL-23974,0
CAMEL-23875,1
CAMEL-23976,1
CAMEL-19540,0
CAMEL-23482,1
CAMEL-23831,1
CAMEL-23727,1
CAMEL-23867,1
CAMEL-23940,1
CAMEL-23942,1
CAMEL-23859,0
CAMEL-23980,1
CAMEL-23957,0
CAMEL-23984,1
CAMEL-23986,1
CAMEL-23983,1
CAMEL-23981,1
CAMEL-23985,1
CAMEL-23982,1
CAMEL-23987,1
CAMEL-23988,1
CAMEL-23989,1
CAMEL-23990,1
CAMEL-23991,1
CAMEL-23992,1
CAMEL-24004,0
CAMEL-24002,0
CAMEL-23923,0
CAMEL-23886,0
CAMEL-23921,1
CAMEL-23887,0
CAMEL-24001,1
CAMEL-19545,0
CAMEL-23978,1
CAMEL-23993,1
CAMEL-24005,1
CAMEL-24006,1
CAMEL-24016,0
CAMEL-24014,0
CAMEL-24013,0
CAMEL-24017,0
CAMEL-24015,0
CAMEL-24019,0
CAMEL-24027,1
CAMEL-24007,1
CAMEL-24018,1
CAMEL-24028,1
CAMEL-24020,1
CAMEL-24003,1
CAMEL-24029,1
CAMEL-24030,1
CAMEL-24033,1
CAMEL-24031,1
CAMEL-24034,1
CAMEL-24037,1
CAMEL-24038,1
CAMEL-23979,1
CAMEL-24040,1
CAMEL-24039,1
CAMEL-24032,1
CAMEL-23815,0
CAMEL-23768,0
CAMEL-24021,1
CAMEL-24041,1
CAMEL-23999,0
CAMEL-24042,1
CAMEL-24025,1
CAMEL-24053,0
CAMEL-23877,1
CAMEL-24052,1
CAMEL-24054,1
CAMEL-23970,0
CAMEL-23845,0
CAMEL-23844,0
CAMEL-20141,0
CAMEL-24060,0
CAMEL-24049,0
CAMEL-23994,1
CAMEL-24055,0
CAMEL-23996,1
CAMEL-24062,1
CAMEL-24061,1
CAMEL-23995,1
CAMEL-24057,1
CAMEL-23997,1
CAMEL-24047,1
CAMEL-24065,1
CAMEL-24048,1
CAMEL-24081,0
CAMEL-24079,1
CAMEL-24066,1
CAMEL-24067,1
CAMEL-24069,1
CAMEL-24083,0
CAMEL-24068,1
CAMEL-24070,1
CAMEL-24072,1
CAMEL-24073,1
CAMEL-24074,1
CAMEL-24075,1
CAMEL-24076,1
CAMEL-24077,1
CAMEL-24078,1
CAMEL-24071,1
CAMEL-24124,1
CAMEL-23358,1
CAMEL-24090,1
CAMEL-24093,1
CAMEL-24089,1
CAMEL-24095,1
CAMEL-23744,0
CAMEL-23745,0
CAMEL-23739,1
CAMEL-23743,0
CAMEL-23629,0
CAMEL-23651,0
CAMEL-17598,0
CAMEL-19517,0
CAMEL-23520,1
CAMEL-23751,0
CAMEL-23733,0
CAMEL-23748,1
CAMEL-23588,0
CAMEL-23742,0
CAMEL-23577,0
CAMEL-23756,1
CAMEL-23741,0
CAMEL-23750,0
CAMEL-23752,0
CAMEL-23695,1
CAMEL-23757,1
CAMEL-23763,1
CAMEL-23758,0
CAMEL-23755,1
CAMEL-23749,1
CAMEL-23773,1
CAMEL-23772,1
CAMEL-19745,0
CAMEL-23777,1
CAMEL-23771,1
CAMEL-23704,0
CAMEL-23702,1
CAMEL-23775,0
CAMEL-23782,0
CAMEL-23780,0
CAMEL-23792,1
CAMEL-23783,0
CAMEL-23788,0
CAMEL-23754,0
CAMEL-23793,1
CAMEL-23797,1
CAMEL-23796,1
CAMEL-23789,1
CAMEL-17926,0
CAMEL-23063,1
CAMEL-23801,1
CAMEL-23802,1
CAMEL-23764,0
CAMEL-23767,0
CAMEL-23776,0
CAMEL-23762,0
CAMEL-23636,1
CAMEL-23804,0
CAMEL-23784,0
CAMEL-23785,0
CAMEL-23786,0
CAMEL-23805,1
CAMEL-23799,1
CAMEL-23711,0
CAMEL-23809,1
CAMEL-23807,0
CAMEL-23594,1
CAMEL-23787,0
CAMEL-23811,1
CAMEL-23814,1
CAMEL-23700,0
CAMEL-23699,1
CAMEL-22894,1
CAMEL-23640,0
CAMEL-23598,0
CAMEL-23552,0
CAMEL-23693,1
CAMEL-23681,1
CAMEL-23375,1
CAMEL-23368,1
CAMEL-23697,0
CAMEL-23759,0
CAMEL-23250,1
CAMEL-23812,0
CAMEL-23760,0
CAMEL-23747,1
CAMEL-23816,0
CAMEL-23354,0
CAMEL-23535,1
CAMEL-23803,0
CAMEL-23769,0
CAMEL-23806,1
CAMEL-23821,0
CAMEL-23819,0
CAMEL-23824,0
CAMEL-23827,0
CAMEL-23826,0
CAMEL-23336,0
CAMEL-23820,0
CAMEL-23818,0
CAMEL-23765,0
CAMEL-23830,0
CAMEL-23828,0
CAMEL-23833,0
CAMEL-24092,1
CAMEL-24094,1
CAMEL-23456,1
CAMEL-24091,1
CAMEL-24097,1
CAMEL-24096,1
CAMEL-24080,0
CAMEL-24098,1
CAMEL-24099,1
CAMEL-23843,0
CAMEL-24064,1
CAMEL-23847,0
CAMEL-23846,0
CAMEL-24084,0
CAMEL-23941,1
CAMEL-24103,1
CAMEL-24105,1
CAMEL-24104,1
CAMEL-24122,1
CAMEL-24100,1
CAMEL-24106,1
CAMEL-23673,0
CAMEL-23246,0
CAMEL-24086,0
CAMEL-24107,1
CAMEL-24108,1
CAMEL-24109,1
CAMEL-24110,1
CAMEL-24115,1
CAMEL-24116,1
CAMEL-24117,1
CAMEL-24121,1
CAMEL-24120,1
CAMEL-24128,1
CAMEL-24118,1
CAMEL-24123,1
CAMEL-24129,1
CAMEL-24130,1
CAMEL-24131,1
CAMEL-24133,1
CAMEL-24101,1
CAMEL-24102,1
CAMEL-24082,0
CAMEL-24132,1
CAMEL-24174,1
CAMEL-24134,1
CAMEL-24112,1
CAMEL-24113,1
CAMEL-24171,1
CAMEL-24111,1
CAMEL-24187,0
CAMEL-24051,1
CAMEL-23998,0
CAMEL-24186,0
CAMEL-24000,0
CAMEL-24087,1
CAMEL-24088,1
CAMEL-24189,0
CAMEL-24114,1
CAMEL-24136,1
CAMEL-24135,1
CAMEL-24142,1
CAMEL-24138,1
CAMEL-24147,1
CAMEL-24139,1
CAMEL-23868,0
CAMEL-24126,1
CAMEL-24140,1
CAMEL-22512,0
CAMEL-24144,1
CAMEL-24145,1
CAMEL-24146,1
CAMEL-24148,1
CAMEL-24149,1
CAMEL-23439,1
CAMEL-24165,1
CAMEL-24164,1
CAMEL-24167,1
CAMEL-24166,1
CAMEL-24152,1
CAMEL-24044,0
CAMEL-24162,1
CAMEL-24045,0
CAMEL-24046,0
CAMEL-24085,0
CAMEL-24191,0
CAMEL-24155,1
CAMEL-23895,1
CAMEL-24175,1
CAMEL-24163,3
CAMEL-24141,1
CAMEL-24154,1
CAMEL-24153,1
CAMEL-24161,1
CAMEL-24157,1
CAMEL-24196,1
CAMEL-24195,1
CAMEL-24150,1
CAMEL-24151,1
CAMEL-24197,1
CAMEL-24159,1
CAMEL-23591,0
CAMEL-23592,0
CAMEL-23581,0
CAMEL-23327,0
CAMEL-23603,1
CAMEL-23643,1
CAMEL-23450,0
CAMEL-23639,0
CAMEL-23653,1
CAMEL-23648,0
CAMEL-23661,1
CAMEL-23500,0
CAMEL-23656,1
CAMEL-23658,0
CAMEL-23663,1
CAMEL-23659,1
CAMEL-23660,1
CAMEL-23657,1
CAMEL-23641,1
CAMEL-23669,0
CAMEL-23652,1
CAMEL-23667,1
CAMEL-23674,0
CAMEL-23662,0
CAMEL-23655,1
CAMEL-23675,1
CAMEL-23671,1
CAMEL-23638,1
CAMEL-23672,1
CAMEL-23646,0
CAMEL-23678,1
CAMEL-23679,1
CAMEL-23389,1
CAMEL-23650,1
CAMEL-23684,1
CAMEL-23676,1
CAMEL-23691,1
CAMEL-23689,1
CAMEL-23692,1
CAMEL-23649,0
CAMEL-23682,1
CAMEL-22583,0
CAMEL-23698,4
CAMEL-23686,1
CAMEL-21935,0
CAMEL-22992,1
CAMEL-20227,3
CAMEL-23706,1
CAMEL-23492,1
CAMEL-23707,2
CAMEL-23687,1
CAMEL-23665,0
CAMEL-23584,0
CAMEL-23680,1
CAMEL-23666,1
CAMEL-21937,2
CAMEL-23291,1
CAMEL-23709,1
CAMEL-23696,2
CAMEL-23713,1
CAMEL-23454,1
CAMEL-22999,1
CAMEL-23717,0
CAMEL-23714,0
CAMEL-23718,0
CAMEL-23564,1
CAMEL-23708,0
CAMEL-23715,1
CAMEL-23712,1
CAMEL-23685,0
CAMEL-23722,0
CAMEL-23724,0
CAMEL-23630,0
CAMEL-23716,0
CAMEL-23642,0
CAMEL-23719,0
CAMEL-23120,0
CAMEL-23635,1
CAMEL-23683,0
CAMEL-23725,1
CAMEL-23728,1
CAMEL-23729,1
CAMEL-23730,1
CAMEL-23726,0
CAMEL-23734,1
CAMEL-23735,0
CAMEL-23446,1
CAMEL-23444,1
CAMEL-23737,0
CAMEL-23445,1
CAMEL-23740,1
CAMEL-22504,0
CAMEL-22518,0
CAMEL-23736,0
CAMEL-23738,1
CAMEL-23723,1
CAMEL-23510,0
CAMEL-23543,1
CAMEL-23538,0
CAMEL-23955,1
CAMEL-23481,1
CAMEL-23962,1
CAMEL-23956,1
CAMEL-24160,1
CAMEL-24156,1
CAMEL-24199,1
CAMEL-23961,1
CAMEL-24143,1
CAMEL-24127,1
CAMEL-24158,1
CAMEL-23960,1
CAMEL-23959,1
CAMEL-23958,1
CAMEL-24173,1
CAMEL-24125,1
CAMEL-23215,1
CAMEL-24056,1
CAMEL-23465,0
CAMEL-24193,0
CAMEL-24194,0
CAMEL-24185,1
CAMEL-24188,1
CAMEL-24198,1
CAMEL-23440,0
CAMEL-23913,1
CAMEL-24192,1
CAMEL-23973,1
CAMEL-23949,1
CAMEL-23947,1
CAMEL-24168,2
CAMEL-24169,2
CAMEL-24176,1
CAMEL-24177,1
CAMEL-24178,1
CAMEL-24179,1
CAMEL-24180,1
CAMEL-24181,1
CAMEL-24182,1
CAMEL-24183,1
CAMEL-24204,1
CAMEL-23244,0
CAMEL-24184,1
CAMEL-24170,2
CAMEL-24119,1
CAMEL-23562,1
CAMEL-22351,1
CAMEL-24201,0
CAMEL-24200,0
CAMEL-23703,1
CAMEL-24137,1
CAMEL-23394,1
CAMEL-23951,1
CAMEL-23946,1
CAMEL-22538,0
CAMEL-24203,0
CAMEL-24059,1
CAMEL-23966,1
CAMEL-24207,0
CAMEL-24225,0
CAMEL-23338,0
CAMEL-24211,1
CAMEL-23968,1
CAMEL-24224,0
CAMEL-23866,1
CAMEL-24232,1
CAMEL-24210,0
CAMEL-24231,1
CAMEL-24209,1
CAMEL-23393,1
CAMEL-24233,1
CAMEL-24230,1
CAMEL-24237,0
CAMEL-24226,0
CAMEL-23876,1
CAMEL-21955,0
CAMEL-24240,0
CAMEL-24239,1
CAMEL-23241,1
CAMEL-24236,0
CAMEL-21314,1
CAMEL-23944,1
CAMEL-23943,1
CAMEL-20428,0
CAMEL-21933,0
CAMEL-24218,1
CAMEL-24242,1
CAMEL-24238,0
CAMEL-24219,1
CAMEL-24248,1
CAMEL-23948,1
CAMEL-24234,1
CAMEL-23945,0
CAMEL-24221,1
CAMEL-24249,1
CAMEL-24247,1
CAMEL-24243,1
CAMEL-24245,0
CAMEL-24253,1
CAMEL-24252,0
CAMEL-24251,1
CAMEL-24244,0
CAMEL-24257,1
CAMEL-24254,1
CAMEL-24214,0
CAMEL-24241,0
CAMEL-16789,0
CAMEL-24235,0
CAMEL-24215,0
CAMEL-24255,1
CAMEL-24258,1
CAMEL-23911,2
CAMEL-23720,0
CAMEL-23628,0
CAMEL-24256,1
CAMEL-24250,0
CAMEL-24222,1
CAMEL-24260,1
CAMEL-24223,1
CAMEL-24217,0
CAMEL-23467,0
CAMEL-24063,0
CAMEL-23431,1
CAMEL-23226,1
CAMEL-23218,1
CAMEL-23117,1
CAMEL-23268,1
CAMEL-23096,1
CAMEL-24227,1
CAMEL-23969,1
CAMEL-24271,1
CAMEL-24274,1
CAMEL-24228,1
CAMEL-24220,1
CAMEL-24277,1
CAMEL-23460,0
CAMEL-23453,1
CAMEL-24263,1
CAMEL-24264,1
CAMEL-24272,1
CAMEL-24278,1
CAMEL-24206,1
CAMEL-24259,1
CAMEL-23216,2
CAMEL-24279,0
CAMEL-24280,1
CAMEL-24283,1
CAMEL-24281,0
CAMEL-24216,1
CAMEL-24265,1
CAMEL-24273,1
CAMEL-24043,1
CAMEL-23205,1
CAMEL-23201,1
CAMEL-22527,1
CAMEL-22850,1
CAMEL-24276,1
CAMEL-24266,1
CAMEL-24289,1
CAMEL-24300,1
CAMEL-24285,1
CAMEL-23964,1
CAMEL-24303,1
CAMEL-24304,1
CAMEL-24282,0
CAMEL-24286,0
CAMEL-24307,1
CAMEL-24316,1
CAMEL-24293,0
CAMEL-23963,1
CAMEL-24268,1
CAMEL-24288,1
CAMEL-24291,0
CAMEL-24319,0
CAMEL-24324,1
CAMEL-24317,1
CAMEL-23383,1
CAMEL-23932,1
CAMEL-24275,1
CAMEL-24305,1
CAMEL-24315,0
CAMEL-24323,1
CAMEL-23078,1
CAMEL-24287,1
CAMEL-24284,1
CAMEL-24325,0
CAMEL-24299,0
CAMEL-24318,1
CAMEL-23382,1
CAMEL-24294,0
CAMEL-24326,1
CAMEL-24297,0
CAMEL-24329,1
CAMEL-24320,1
CAMEL-24302,1
CAMEL-24261,1
CAMEL-24328,1
CAMEL-24330,1
CAMEL-24335,0
CAMEL-24336,1
CAMEL-23952,1
CAMEL-24301,0
CAMEL-24340,0
CAMEL-24262,1
CAMEL-24351,0
CAMEL-24309,1
CAMEL-24312,1
CAMEL-24311,1
CAMEL-24310,1
CAMEL-24314,1
CAMEL-24313,1
CAMEL-18552,3
CAMEL-24202,1
CAMEL-24355,1
CAMEL-24341,0
CAMEL-24298,0
CAMEL-24036,1
CAMEL-24035,1
CAMEL-24024,1
CAMEL-24026,4
CAMEL-23499,3
CAMEL-24353,0
CAMEL-24331,1
CAMEL-24354,1
CAMEL-24358,1
CAMEL-23441,1
CAMEL-24361,1
CAMEL-24362,1
CAMEL-19551,2
CAMEL-24342,0
CAMEL-20199,2
CAMEL-23530,1
CAMEL-24334,1
CAMEL-23853,1
CAMEL-24357,1
CAMEL-24360,0
CAMEL-24344,0
CAMEL-24359,0
CAMEL-24343,0
CAMEL-24345,0
CAMEL-24296,0
CAMEL-24366,0
CAMEL-24365,1
CAMEL-24364,1
CAMEL-24212,1
CAMEL-24363,1
CAMEL-24332,1
CAMEL-24321,1
CAMEL-24327,1
CAMEL-24346,0
CAMEL-23135,1
CAMEL-24369,1
CAMEL-24371,0
CAMEL-24374,1
CAMEL-21577,1
CAMEL-24372,1
CAMEL-24205,1
CAMEL-24375,1
CAMEL-24347,0
CAMEL-24380,1
CAMEL-24379,1
CAMEL-24381,1
CAMEL-24348,0
CAMEL-23701,0
CAMEL-23965,1
CAMEL-24376,1
CAMEL-24367,0
CAMEL-23753,1
CAMEL-24333,1
CAMEL-23690,1
CAMEL-23823,1
CAMEL-23527,1
CAMEL-24387,0
CAMEL-24388,1
CAMEL-24390,1
CAMEL-24392,1
HADOOP-526,0
HADOOP-529,1
HADOOP-438,1
HADOOP-243,1
HADOOP-530,0
HADOOP-288,1
HADOOP-532,0
HADOOP-534,0
HADOOP-533,1
HADOOP-536,0
HADOOP-542,0
HADOOP-527,0
HADOOP-540,0
HADOOP-545,0
HADOOP-548,0
HADOOP-261,0
HADOOP-551,0
HADOOP-293,1
HADOOP-306,1
HADOOP-431,2
HADOOP-444,1
HADOOP-556,0
HADOOP-547,1
HADOOP-537,1
HADOOP-263,1
HADOOP-487,2
HADOOP-374,0
HADOOP-559,2
HADOOP-508,1
HADOOP-560,0
HADOOP-423,1
HADOOP-513,1
HADOOP-552,0
HADOOP-566,1
HADOOP-519,0
HADOOP-522,1
HADOOP-567,0
HADOOP-568,1
HADOOP-343,1
HADOOP-550,1
HADOOP-255,1
HADOOP-239,1
HADOOP-581,1
HADOOP-593,0
HADOOP-592,0
HADOOP-594,1
HADOOP-598,0
HADOOP-597,0
HADOOP-506,1
HADOOP-141,1
HADOOP-477,1
HADOOP-586,0
HADOOP-514,1
HADOOP-498,1
HADOOP-583,0
HADOOP-462,1
HADOOP-588,0
HADOOP-607,0
HADOOP-609,1
HADOOP-561,1
HADOOP-493,1
HADOOP-554,1
HADOOP-625,0
HADOOP-610,0
HADOOP-626,0
HADOOP-634,0
HADOOP-627,1
HADOOP-635,0
HADOOP-641,1
HADOOP-563,1
HADOOP-642,1
HADOOP-638,0
HADOOP-624,0
HADOOP-578,1
HADOOP-658,0
HADOOP-636,1
HADOOP-576,1
HADOOP-482,1
HADOOP-90,1
HADOOP-651,0
HADOOP-553,1
HADOOP-399,1
HADOOP-660,0
HADOOP-663,0
HADOOP-599,1
HADOOP-633,0
HADOOP-664,0
HADOOP-669,0
HADOOP-373,1
HADOOP-670,0
HADOOP-647,0
HADOOP-671,0
HADOOP-665,1
HADOOP-666,1
HADOOP-655,1
HADOOP-565,1
HADOOP-682,0
HADOOP-683,0
HADOOP-687,0
HADOOP-382,1
HADOOP-184,1
HADOOP-190,0
HADOOP-192,0
HADOOP-189,1
HADOOP-65,0
HADOOP-193,1
HADOOP-194,1
HADOOP-198,0
HADOOP-96,1
HADOOP-182,0
HADOOP-199,0
HADOOP-201,1
HADOOP-207,1
HADOOP-204,0
HADOOP-208,0
HADOOP-209,0
HADOOP-146,0
HADOOP-180,0
HADOOP-200,0
HADOOP-202,0
HADOOP-219,1
HADOOP-218,0
HADOOP-179,0
HADOOP-212,0
HADOOP-161,1
HADOOP-115,1
HADOOP-216,1
HADOOP-229,0
HADOOP-228,0
HADOOP-220,1
HADOOP-233,0
HADOOP-238,0
HADOOP-191,0
HADOOP-205,1
HADOOP-247,0
HADOOP-241,0
HADOOP-235,0
HADOOP-251,0
HADOOP-195,0
HADOOP-254,0
HADOOP-163,1
HADOOP-222,1
HADOOP-75,2
HADOOP-63,1
HADOOP-124,1
HADOOP-259,0
HADOOP-264,0
HADOOP-211,0
HADOOP-265,0
HADOOP-217,0
HADOOP-270,0
HADOOP-274,0
HADOOP-272,0
HADOOP-256,1
HADOOP-262,0
HADOOP-245,0
HADOOP-276,0
HADOOP-280,0
HADOOP-279,0
HADOOP-275,0
HADOOP-240,0
HADOOP-285,1
HADOOP-277,1
HADOOP-282,0
HADOOP-269,0
HADOOP-289,0
HADOOP-292,1
HADOOP-294,0
HADOOP-298,0
HADOOP-299,0
HADOOP-250,0
HADOOP-123,3
HADOOP-311,0
HADOOP-271,0
HADOOP-210,2
HADOOP-314,0
HADOOP-316,0
HADOOP-317,1
HADOOP-295,1
HADOOP-242,1
HADOOP-319,0
HADOOP-135,1
HADOOP-301,0
HADOOP-278,0
HADOOP-304,0
HADOOP-305,0
HADOOP-59,2
HADOOP-325,0
HADOOP-296,1
HADOOP-326,0
HADOOP-329,0
HADOOP-328,0
HADOOP-27,0
HADOOP-99,1
HADOOP-318,0
HADOOP-283,0
HADOOP-284,1
HADOOP-352,0
HADOOP-340,1
HADOOP-313,1
HADOOP-1,0
HADOOP-6,0
HADOOP-7,2
HADOOP-10,0
HADOOP-5,0
HADOOP-21,0
HADOOP-22,0
HADOOP-25,2
HADOOP-28,0
HADOOP-20,0
HADOOP-12,0
HADOOP-30,0
HADOOP-34,0
HADOOP-37,0
HADOOP-38,0
HADOOP-36,0
HADOOP-49,1
HADOOP-42,0
HADOOP-40,0
HADOOP-41,0
HADOOP-60,0
HADOOP-16,1
HADOOP-26,0
HADOOP-57,0
HADOOP-66,1
HADOOP-70,1
HADOOP-77,0
HADOOP-78,0
HADOOP-79,1
HADOOP-81,0
HADOOP-82,0
HADOOP-86,1
HADOOP-93,1
HADOOP-80,0
HADOOP-87,1
HADOOP-97,1
HADOOP-44,3
HADOOP-45,3
HADOOP-3,1
HADOOP-83,1
HADOOP-52,2
HADOOP-98,0
HADOOP-46,2
HADOOP-19,1
HADOOP-101,0
HADOOP-67,1
HADOOP-84,1
HADOOP-33,1
HADOOP-103,0
HADOOP-2,1
HADOOP-110,0
HADOOP-107,1
HADOOP-100,0
HADOOP-102,1
HADOOP-117,3
HADOOP-116,1
HADOOP-125,1
HADOOP-112,1
HADOOP-126,1
HADOOP-51,2
HADOOP-131,1
HADOOP-92,1
HADOOP-144,0
HADOOP-129,1
HADOOP-118,1
HADOOP-128,0
HADOOP-139,1
HADOOP-114,1
HADOOP-134,1
HADOOP-133,0
HADOOP-142,0
HADOOP-140,0
HADOOP-138,1
HADOOP-148,0
HADOOP-143,0
HADOOP-151,1
HADOOP-69,0
HADOOP-157,0
HADOOP-68,1
HADOOP-154,0
HADOOP-150,0
HADOOP-162,0
HADOOP-132,0
HADOOP-160,0
HADOOP-166,1
HADOOP-168,0
HADOOP-169,0
HADOOP-172,0
HADOOP-170,0
HADOOP-173,0
HADOOP-167,0
HADOOP-174,0
HADOOP-177,1
HADOOP-183,0
HADOOP-137,1
HADOOP-178,0
HADOOP-186,0
HADOOP-187,0
HADOOP-188,0
HADOOP-185,0
HADOOP-339,0
HADOOP-355,0
HADOOP-358,1
HADOOP-327,0
HADOOP-360,0
HADOOP-359,0
HADOOP-361,0
HADOOP-354,0
HADOOP-364,0
HADOOP-350,0
HADOOP-252,0
HADOOP-365,0
HADOOP-356,0
HADOOP-307,1
HADOOP-368,0
HADOOP-341,1
HADOOP-342,0
HADOOP-347,0
HADOOP-351,1
HADOOP-376,0
HADOOP-237,0
HADOOP-260,1
HADOOP-381,0
HADOOP-384,0
HADOOP-344,1
HADOOP-380,0
HADOOP-383,0
HADOOP-321,1
HADOOP-387,0
HADOOP-385,0
HADOOP-302,1
HADOOP-335,1
HADOOP-388,0
HADOOP-375,0
HADOOP-386,1
HADOOP-389,2
HADOOP-391,0
HADOOP-362,1
HADOOP-393,0
HADOOP-396,0
HADOOP-395,0
HADOOP-404,0
HADOOP-377,0
HADOOP-345,0
HADOOP-409,0
HADOOP-392,0
HADOOP-410,0
HADOOP-369,1
HADOOP-411,0
HADOOP-418,0
HADOOP-412,0
HADOOP-226,0
HADOOP-425,0
HADOOP-415,0
HADOOP-427,0
HADOOP-426,0
HADOOP-400,0
HADOOP-324,1
HADOOP-434,0
HADOOP-453,0
HADOOP-450,0
HADOOP-436,1
HADOOP-455,0
HADOOP-394,0
HADOOP-456,0
HADOOP-322,0
HADOOP-176,0
HADOOP-421,0
HADOOP-464,0
HADOOP-469,0
HADOOP-468,0
HADOOP-473,0
HADOOP-54,1
HADOOP-281,1
HADOOP-486,0
HADOOP-437,0
HADOOP-463,0
HADOOP-460,0
HADOOP-419,2
HADOOP-488,0
HADOOP-196,0
HADOOP-501,0
HADOOP-499,0
HADOOP-64,2
HADOOP-424,0
HADOOP-408,0
HADOOP-507,0
HADOOP-320,0
HADOOP-286,1
HADOOP-312,1
HADOOP-50,1
HADOOP-497,1
HADOOP-441,0
HADOOP-483,0
HADOOP-517,0
HADOOP-458,1
HADOOP-474,0
HADOOP-520,1
HADOOP-523,0
HADOOP-521,1
HADOOP-604,2
HADOOP-459,3
HADOOP-694,0
HADOOP-637,1
HADOOP-696,0
HADOOP-611,2
HADOOP-688,0
HADOOP-708,1
HADOOP-646,1
HADOOP-705,0
HADOOP-613,2
HADOOP-661,1
HADOOP-489,2
HADOOP-712,0
HADOOP-668,1
HADOOP-716,0
HADOOP-715,0
HADOOP-538,0
HADOOP-722,0
HADOOP-710,1
HADOOP-695,0
HADOOP-721,0
HADOOP-645,1
HADOOP-729,0
HADOOP-725,0
HADOOP-652,0
HADOOP-723,1
HADOOP-447,1
HADOOP-724,1
HADOOP-733,1
HADOOP-734,0
HADOOP-709,0
HADOOP-677,0
HADOOP-699,1
HADOOP-76,1
HADOOP-736,0
HADOOP-739,0
HADOOP-741,1
HADOOP-749,0
HADOOP-698,1
HADOOP-747,0
HADOOP-689,0
HADOOP-430,1
HADOOP-750,0
HADOOP-728,1
HADOOP-591,1
HADOOP-780,0
HADOOP-779,0
HADOOP-763,0
HADOOP-777,0
HADOOP-621,1
HADOOP-774,0
HADOOP-752,0
HADOOP-629,1
HADOOP-676,0
HADOOP-738,0
HADOOP-639,1
HADOOP-756,1
HADOOP-770,1
HADOOP-331,1
HADOOP-546,1
HADOOP-737,1
HADOOP-818,0
HADOOP-786,1
HADOOP-796,1
HADOOP-764,0
HADOOP-806,0
HADOOP-802,0
HADOOP-618,2
HADOOP-782,0
HADOOP-792,0
HADOOP-673,1
HADOOP-784,0
HADOOP-571,1
HADOOP-748,0
HADOOP-720,0
HADOOP-794,1
HADOOP-454,1
HADOOP-574,1
HADOOP-824,0
HADOOP-827,2
HADOOP-813,0
HADOOP-717,1
HADOOP-791,0
HADOOP-825,0
HADOOP-596,0
HADOOP-811,1
HADOOP-829,0
HADOOP-823,1
HADOOP-451,1
HADOOP-814,0
HADOOP-783,1
HADOOP-836,0
HADOOP-835,0
HADOOP-837,0
HADOOP-841,0
HADOOP-844,0
HADOOP-838,0
HADOOP-849,1
HADOOP-745,2
HADOOP-850,0
HADOOP-525,0
HADOOP-572,1
HADOOP-628,2
HADOOP-804,0
HADOOP-853,0
HADOOP-371,1
HADOOP-846,0
HADOOP-681,0
HADOOP-840,2
HADOOP-470,2
HADOOP-845,0
HADOOP-700,1
HADOOP-857,0
HADOOP-863,0
HADOOP-619,1
HADOOP-815,0
HADOOP-787,0
HADOOP-740,1
HADOOP-600,1
HADOOP-864,1
HADOOP-866,0
HADOOP-871,0
HADOOP-868,0
HADOOP-865,1
HADOOP-873,0
HADOOP-880,0
HADOOP-851,0
HADOOP-879,1
HADOOP-781,0
HADOOP-842,0
HADOOP-852,1
HADOOP-757,1
HADOOP-890,1
HADOOP-801,0
HADOOP-855,0
HADOOP-886,1
HADOOP-897,0
HADOOP-899,0
HADOOP-898,1
HADOOP-905,0
HADOOP-902,0
HADOOP-830,0
HADOOP-908,1
HADOOP-735,2
HADOOP-833,1
HADOOP-916,0
HADOOP-901,0
HADOOP-918,1
HADOOP-912,0
HADOOP-920,1
HADOOP-726,2
HADOOP-758,1
HADOOP-659,1
HADOOP-909,1
HADOOP-732,2
HADOOP-731,2
HADOOP-929,1
HADOOP-856,1
HADOOP-936,0
HADOOP-935,1
HADOOP-602,1
HADOOP-949,0
HADOOP-884,0
HADOOP-937,1
HADOOP-227,3
HADOOP-922,1
HADOOP-961,0
HADOOP-959,0
HADOOP-934,1
HADOOP-881,0
HADOOP-962,0
HADOOP-788,0
HADOOP-963,0
HADOOP-549,1
HADOOP-405,2
HADOOP-967,0
HADOOP-969,0
HADOOP-862,0
HADOOP-964,0
HADOOP-965,0
HADOOP-309,2
HADOOP-805,0
HADOOP-692,0
HADOOP-976,1
HADOOP-917,1
HADOOP-987,0
HADOOP-984,1
HADOOP-982,0
HADOOP-975,1
HADOOP-858,0
HADOOP-992,0
HADOOP-882,0
HADOOP-893,1
HADOOP-954,0
HADOOP-977,0
HADOOP-761,1
HADOOP-1007,0
HADOOP-491,2
HADOOP-1010,1
HADOOP-923,0
HADOOP-1016,1
HADOOP-476,2
HADOOP-1009,1
HADOOP-973,1
HADOOP-649,1
HADOOP-803,5
HADOOP-1021,0
HADOOP-889,1
HADOOP-943,1
HADOOP-333,2
HADOOP-947,1
HADOOP-1014,0
HADOOP-442,2
HADOOP-1017,0
HADOOP-867,0
HADOOP-933,1
HADOOP-1006,1
HADOOP-1025,1
HADOOP-952,0
HADOOP-997,1
HADOOP-990,1
HADOOP-1030,1
HADOOP-564,2
HADOOP-654,1
HADOOP-985,1
HADOOP-248,1
HADOOP-1029,1
HADOOP-492,2
HADOOP-1034,0
HADOOP-878,2
HADOOP-1039,1
HADOOP-1040,0
HADOOP-1036,0
HADOOP-921,1
HADOOP-1027,0
HADOOP-928,1
HADOOP-1042,0
HADOOP-1044,1
HADOOP-972,0
HADOOP-1043,0
HADOOP-940,1
HADOOP-109,1
HADOOP-1020,1
HADOOP-1013,1
HADOOP-941,0
HADOOP-1000,0
HADOOP-1037,0
HADOOP-1041,1
HADOOP-1046,1
HADOOP-1032,1
HADOOP-1051,0
HADOOP-1049,1
HADOOP-994,1
HADOOP-1056,1
HADOOP-432,2
HADOOP-1033,1
HADOOP-1053,0
HADOOP-1035,1
HADOOP-1067,0
HADOOP-1060,1
HADOOP-1077,0
HADOOP-1083,1
HADOOP-1082,0
HADOOP-1088,0
HADOOP-1080,0
HADOOP-1091,1
HADOOP-1092,1
HADOOP-1112,0
HADOOP-1108,1
HADOOP-1070,2
HADOOP-1099,1
HADOOP-1109,0
HADOOP-1115,0
HADOOP-1117,0
HADOOP-1089,1
HADOOP-1096,0
HADOOP-1128,0
HADOOP-1129,0
HADOOP-1126,0
HADOOP-697,1
HADOOP-1135,0
HADOOP-1140,0
HADOOP-1145,1
HADOOP-1150,1
HADOOP-1047,0
HADOOP-1063,0
HADOOP-1071,1
HADOOP-1101,0
HADOOP-1116,0
HADOOP-1064,0
HADOOP-1137,0
HADOOP-1094,0
HADOOP-1068,0
HADOOP-1120,1
HADOOP-1131,0
HADOOP-1122,0
HADOOP-1085,0
HADOOP-1153,1
HADOOP-1162,1
HADOOP-1177,0
HADOOP-1123,0
HADOOP-1146,0
HADOOP-1165,0
HADOOP-1164,0
HADOOP-1166,0
HADOOP-1169,0
HADOOP-1167,0
HADOOP-1110,1
HADOOP-1178,1
HADOOP-1011,1
HADOOP-672,2
HADOOP-1170,0
HADOOP-1090,0
HADOOP-1175,0
HADOOP-1192,0
HADOOP-1191,1
HADOOP-1081,0
HADOOP-1156,0
HADOOP-702,2
HADOOP-1105,2
HADOOP-1163,0
HADOOP-1179,1
HADOOP-1194,2
HADOOP-1187,0
HADOOP-1151,0
HADOOP-1133,0
HADOOP-988,1
HADOOP-1203,1
HADOOP-1217,1
HADOOP-1149,1
HADOOP-1073,1
HADOOP-1218,0
HADOOP-1219,0
HADOOP-1198,0
HADOOP-338,0
HADOOP-1211,0
HADOOP-1136,0
HADOOP-978,1
HADOOP-1189,1
HADOOP-971,0
HADOOP-1001,1
HADOOP-1213,1
HADOOP-1204,1
HADOOP-819,2
HADOOP-1114,1
HADOOP-1238,1
HADOOP-1239,0
HADOOP-1093,1
HADOOP-1243,0
HADOOP-1241,0
HADOOP-1244,1
HADOOP-1253,1
HADOOP-1256,1
HADOOP-1250,0
HADOOP-1157,1
HADOOP-1258,0
HADOOP-1148,0
HADOOP-1214,1
HADOOP-1251,0
HADOOP-1154,1
HADOOP-1182,0
HADOOP-968,0
HADOOP-1260,1
HADOOP-1111,0
HADOOP-1264,0
HADOOP-1215,1
HADOOP-1275,0
HADOOP-1152,1
HADOOP-1271,1
HADOOP-1190,0
HADOOP-1280,0
HADOOP-1262,1
HADOOP-1050,0
HADOOP-1279,1
HADOOP-1127,0
HADOOP-1284,1
HADOOP-1293,1
HADOOP-1176,1
HADOOP-1297,0
HADOOP-1216,1
HADOOP-1294,0
HADOOP-1299,1
HADOOP-1278,0
HADOOP-1290,0
HADOOP-612,1
HADOOP-1272,0
HADOOP-1247,1
HADOOP-1061,0
HADOOP-1308,1
HADOOP-1304,1
HADOOP-1312,1
HADOOP-1315,1
HADOOP-485,1
HADOOP-1322,0
HADOOP-1144,1
HADOOP-1184,0
HADOOP-1263,1
HADOOP-1276,1
HADOOP-1326,0
HADOOP-1224,1
HADOOP-1270,1
HADOOP-1200,2
HADOOP-1252,0
HADOOP-1324,1
HADOOP-1310,1
HADOOP-1161,1
HADOOP-1255,1
HADOOP-1197,0
HADOOP-1160,0
HADOOP-1343,0
HADOOP-1344,0
HADOOP-1342,1
HADOOP-1350,0
HADOOP-1345,0
HADOOP-1353,1
HADOOP-1205,1
HADOOP-1354,1
HADOOP-1358,1
HADOOP-1340,1
HADOOP-1355,1
HADOOP-1357,1
HADOOP-1356,1
HADOOP-234,1
HADOOP-1363,1
HADOOP-1368,1
HADOOP-1335,1
HADOOP-1369,1
HADOOP-1361,1
HADOOP-1359,1
HADOOP-1388,0
HADOOP-1364,1
HADOOP-1379,1
HADOOP-1390,0
HADOOP-1393,0
HADOOP-1385,0
HADOOP-1387,0
HADOOP-1386,1
HADOOP-1407,1
HADOOP-894,3
HADOOP-1406,0
HADOOP-1394,1
HADOOP-1413,0
HADOOP-1226,2
HADOOP-1408,0
HADOOP-1427,1
HADOOP-1435,0
HADOOP-1411,1
HADOOP-1376,0
HADOOP-800,2
HADOOP-1429,1
HADOOP-1242,2
HADOOP-1332,1
HADOOP-1431,0
HADOOP-1452,1
HADOOP-1443,1
HADOOP-1461,0
HADOOP-1446,0
HADOOP-1414,0
HADOOP-1392,0
HADOOP-1412,0
HADOOP-1261,0
HADOOP-1336,0
HADOOP-1479,0
HADOOP-1311,1
HADOOP-1450,1
HADOOP-1447,1
HADOOP-1469,1
HADOOP-1456,0
HADOOP-1396,1
HADOOP-1467,0
HADOOP-1139,1
HADOOP-1269,1
HADOOP-1438,0
HADOOP-1457,1
HADOOP-1472,0
HADOOP-1234,2
HADOOP-1482,0
HADOOP-1300,3
HADOOP-1417,1
HADOOP-1320,0
HADOOP-1449,1
HADOOP-1493,0
HADOOP-1459,1
HADOOP-1372,1
HADOOP-1193,0
HADOOP-1492,0
HADOOP-1442,2
HADOOP-1444,1
HADOOP-1207,1
HADOOP-1023,1
HADOOP-1003,1
HADOOP-1475,1
HADOOP-1484,0
HADOOP-1504,1
HADOOP-1462,1
HADOOP-1440,2
HADOOP-1453,1
HADOOP-1489,0
HADOOP-1455,1
HADOOP-1501,1
HADOOP-1147,0
HADOOP-1283,1
HADOOP-1517,0
HADOOP-1518,0
HADOOP-1512,0
HADOOP-1292,1
HADOOP-1377,0
HADOOP-1515,0
HADOOP-1514,0
HADOOP-1508,1
HADOOP-1028,1
HADOOP-1485,0
HADOOP-1367,1
HADOOP-1536,1
HADOOP-1520,1
HADOOP-1542,2
HADOOP-1513,1
HADOOP-1546,0
HADOOP-690,1
HADOOP-1556,1
HADOOP-1554,1
HADOOP-1580,1
HADOOP-1286,1
HADOOP-1448,1
HADOOP-1578,0
HADOOP-1584,1
HADOOP-1473,0
HADOOP-1582,1
HADOOP-911,1
HADOOP-1486,1
HADOOP-1470,0
HADOOP-1590,0
HADOOP-1596,1
HADOOP-1535,1
HADOOP-1428,0
HADOOP-1585,1
HADOOP-1124,1
HADOOP-1576,1
HADOOP-1547,0
HADOOP-1570,0
HADOOP-1433,1
HADOOP-1597,0
HADOOP-1524,1
HADOOP-1599,1
HADOOP-1613,0
HADOOP-1562,0
HADOOP-1400,1
HADOOP-1620,1
HADOOP-1478,0
HADOOP-1564,0
HADOOP-1134,0
HADOOP-1285,0
HADOOP-1625,1
HADOOP-1624,0
HADOOP-1084,1
HADOOP-1639,1
HADOOP-662,1
HADOOP-1623,1
HADOOP-1635,0
HADOOP-1603,1
HADOOP-1634,0
HADOOP-1619,1
HADOOP-1632,0
HADOOP-1638,0
HADOOP-366,1
HADOOP-1640,1
HADOOP-1587,1
HADOOP-1628,1
HADOOP-1636,1
HADOOP-1653,1
HADOOP-1066,1
HADOOP-1551,1
HADOOP-1647,1
HADOOP-1667,0
HADOOP-1463,1
HADOOP-1666,0
HADOOP-1657,0
HADOOP-1565,0
HADOOP-999,2
HADOOP-1610,0
HADOOP-1553,1
HADOOP-1659,1
HADOOP-1665,2
HADOOP-1651,0
HADOOP-932,0
HADOOP-1621,0
HADOOP-1649,0
HADOOP-1680,0
HADOOP-71,2
HADOOP-1668,0
HADOOP-1698,1
HADOOP-1568,0
HADOOP-1595,1
HADOOP-1716,0
HADOOP-1714,1
HADOOP-1663,1
HADOOP-1712,0
HADOOP-1629,1
HADOOP-1717,0
HADOOP-875,0
HADOOP-1693,0
HADOOP-1692,0
HADOOP-1231,0
HADOOP-1437,1
HADOOP-1436,1
HADOOP-1743,0
HADOOP-1703,1
HADOOP-1727,0
HADOOP-1731,1
HADOOP-1689,1
HADOOP-1756,0
HADOOP-1744,1
HADOOP-1654,0
HADOOP-1759,0
HADOOP-1766,0
HADOOP-1158,1
HADOOP-1777,1
HADOOP-1772,0
HADOOP-1790,1
HADOOP-1740,1
HADOOP-1749,1
HADOOP-1601,0
HADOOP-1767,0
HADOOP-1748,0
HADOOP-1775,0
HADOOP-1750,0
HADOOP-1803,1
HADOOP-1798,0
HADOOP-1656,1
HADOOP-1779,0
HADOOP-1739,2
HADOOP-1795,1
HADOOP-1810,0
HADOOP-1812,1
HADOOP-1763,1
HADOOP-632,1
HADOOP-1533,1
HADOOP-1832,1
HADOOP-1233,0
HADOOP-1806,1
HADOOP-1758,1
HADOOP-1838,0
HADOOP-1018,1
HADOOP-1266,0
HADOOP-1687,0
HADOOP-1817,1
HADOOP-1425,1
HADOOP-1351,1
HADOOP-1569,1
HADOOP-1865,0
HADOOP-1818,1
HADOOP-785,2
HADOOP-1840,0
HADOOP-1718,1
HADOOP-1885,0
HADOOP-1846,0
HADOOP-1880,0
HADOOP-1819,0
HADOOP-1708,0
HADOOP-1592,2
HADOOP-1879,1
HADOOP-1878,1
HADOOP-1890,0
HADOOP-1774,1
HADOOP-1889,0
HADOOP-1808,0
HADOOP-1892,0
HADOOP-1809,1
HADOOP-1762,0
HADOOP-120,3
HADOOP-1907,1
HADOOP-1904,0
HADOOP-1887,1
HADOOP-1882,1
HADOOP-89,2
HADOOP-1500,1
HADOOP-1573,1
HADOOP-1783,1
HADOOP-1925,0
HADOOP-1076,1
HADOOP-1932,1
HADOOP-1921,0
HADOOP-1940,0
HADOOP-1930,1
HADOOP-1908,0
HADOOP-1910,1
HADOOP-1894,0
HADOOP-1897,0
HADOOP-1953,1
HADOOP-1933,1
HADOOP-1946,1
HADOOP-1935,1
HADOOP-1948,0
HADOOP-1977,1
HADOOP-1972,0
HADOOP-1914,0
HADOOP-1959,0
HADOOP-1934,0
HADOOP-1851,1
HADOOP-1926,0
HADOOP-1970,1
HADOOP-1626,1
HADOOP-1862,1
HADOOP-1978,1
HADOOP-1963,1
HADOOP-1695,1
HADOOP-1822,0
HADOOP-1955,1
HADOOP-1961,1
HADOOP-1997,0
HADOOP-1983,1
HADOOP-1968,1
HADOOP-1906,1
HADOOP-1971,1
HADOOP-1875,2
HADOOP-1942,0
HADOOP-1992,1
HADOOP-2001,2
HADOOP-1874,3
HADOOP-1944,1
HADOOP-2026,0
HADOOP-2022,1
HADOOP-2031,0
HADOOP-1503,0
HADOOP-2018,1
HADOOP-2036,1
HADOOP-2016,1
HADOOP-2023,0
HADOOP-1771,4
HADOOP-2053,1
HADOOP-2028,1
HADOOP-2045,1
HADOOP-1788,1
HADOOP-2043,0
HADOOP-2051,0
HADOOP-1973,1
HADOOP-2044,0
HADOOP-2058,0
HADOOP-2033,0
HADOOP-2072,0
HADOOP-1855,1
HADOOP-2070,1
HADOOP-1604,0
HADOOP-2080,1
HADOOP-500,1
HADOOP-2048,1
HADOOP-2073,2
HADOOP-2046,0
HADOOP-1245,1
HADOOP-1898,1
HADOOP-1839,1
HADOOP-1825,1
HADOOP-2100,0
HADOOP-2098,0
HADOOP-2096,0
HADOOP-1681,0
HADOOP-1848,0
HADOOP-2103,0
HADOOP-1210,1
HADOOP-1857,1
HADOOP-2102,0
HADOOP-2112,2
HADOOP-2105,2
HADOOP-2089,0
HADOOP-1912,0
HADOOP-2086,1
HADOOP-1185,1
HADOOP-2071,1
HADOOP-1952,1
HADOOP-1348,1
HADOOP-2134,0
HADOOP-2174,1
HADOOP-2169,0
HADOOP-2140,0
HADOOP-2151,1
HADOOP-2121,1
HADOOP-1130,1
HADOOP-2204,1
HADOOP-1917,1
HADOOP-2172,2
HADOOP-2205,0
HADOOP-2078,0
HADOOP-1881,0
HADOOP-713,3
HADOOP-1642,1
HADOOP-2104,1
HADOOP-1274,1
HADOOP-2212,1
HADOOP-2127,0
HADOOP-1843,0
HADOOP-2113,0
HADOOP-2246,2
HADOOP-2238,0
HADOOP-2216,1
HADOOP-2272,1
HADOOP-2129,2
HADOOP-2244,1
HADOOP-1984,1
HADOOP-2245,1
HADOOP-930,1
HADOOP-3502,0
HADOOP-3022,1
HADOOP-3463,0
HADOOP-3193,1
HADOOP-3491,1
HADOOP-3413,1
HADOOP-3509,1
HADOOP-3489,1
HADOOP-3511,1
HADOOP-3366,0
HADOOP-3512,0
HADOOP-3516,1
HADOOP-3513,0
HADOOP-3519,1
HADOOP-3492,0
HADOOP-3528,1
HADOOP-3442,1
HADOOP-3467,1
HADOOP-3418,2
HADOOP-3379,2
HADOOP-3096,1
HADOOP-3477,1
HADOOP-3542,0
HADOOP-3544,1
HADOOP-3523,0
HADOOP-3517,1
HADOOP-3548,0
HADOOP-2984,1
HADOOP-3363,1
HADOOP-3560,0
HADOOP-3545,1
HADOOP-3561,1
HADOOP-3406,3
HADOOP-3575,0
HADOOP-3277,0
HADOOP-3531,1
HADOOP-2762,1
HADOOP-3565,0
HADOOP-3535,0
HADOOP-3475,0
HADOOP-3539,1
HADOOP-3522,1
HADOOP-3564,1
HADOOP-3520,2
HADOOP-3550,1
HADOOP-3526,1
HADOOP-1979,1
HADOOP-3586,1
HADOOP-3593,0
HADOOP-3563,0
HADOOP-3533,0
HADOOP-3580,1
HADOOP-3534,1
HADOOP-3333,2
HADOOP-3546,0
HADOOP-3569,1
HADOOP-3599,0
HADOOP-3320,0
HADOOP-3576,2
HADOOP-3076,2
HADOOP-3590,0
HADOOP-3606,1
HADOOP-3547,1
HADOOP-3610,1
HADOOP-3598,0
HADOOP-3505,2
HADOOP-3603,0
HADOOP-3615,1
HADOOP-3537,1
HADOOP-3487,0
HADOOP-3571,1
HADOOP-3559,1
HADOOP-3577,0
HADOOP-3595,0
HADOOP-3541,0
HADOOP-3480,1
HADOOP-3645,1
HADOOP-3552,0
HADOOP-3532,0
HADOOP-3588,0
HADOOP-2664,0
HADOOP-3341,1
HADOOP-3667,0
HADOOP-3556,1
HADOOP-3655,2
HADOOP-3543,1
HADOOP-3640,0
HADOOP-3635,1
HADOOP-3639,1
HADOOP-3649,1
HADOOP-3572,0
HADOOP-3652,0
HADOOP-3100,0
HADOOP-3604,1
HADOOP-3587,0
HADOOP-3402,0
HADOOP-3683,1
HADOOP-3665,1
HADOOP-3668,1
HADOOP-2275,0
HADOOP-2256,1
HADOOP-2209,3
HADOOP-2314,0
HADOOP-2300,0
HADOOP-1302,1
HADOOP-1900,1
HADOOP-2229,0
HADOOP-2288,0
HADOOP-2349,1
HADOOP-2184,1
HADOOP-2185,1
HADOOP-2160,1
HADOOP-1327,1
HADOOP-2281,1
HADOOP-1652,0
HADOOP-2145,2
HADOOP-2368,1
HADOOP-2363,0
HADOOP-2085,0
HADOOP-2271,3
HADOOP-2313,1
HADOOP-2382,0
HADOOP-2359,0
HADOOP-2401,0
HADOOP-2000,0
HADOOP-2365,1
HADOOP-2158,1
HADOOP-1841,2
HADOOP-2378,1
HADOOP-2381,1
HADOOP-2323,0
HADOOP-2376,0
HADOOP-2248,0
HADOOP-2228,1
HADOOP-2422,1
HADOOP-2434,1
HADOOP-2460,0
HADOOP-2459,1
HADOOP-2227,1
HADOOP-2432,0
HADOOP-2453,0
HADOOP-2215,0
HADOOP-2352,0
HADOOP-2457,0
HADOOP-2437,1
HADOOP-2220,1
HADOOP-2247,1
HADOOP-2452,1
HADOOP-2476,1
HADOOP-2149,0
HADOOP-2486,1
HADOOP-2466,1
HADOOP-2425,0
HADOOP-2503,1
HADOOP-2456,1
HADOOP-2492,1
HADOOP-2511,0
HADOOP-2442,1
HADOOP-2344,1
HADOOP-2208,2
HADOOP-1719,1
HADOOP-2336,0
HADOOP-1301,1
HADOOP-2390,0
HADOOP-2523,1
HADOOP-2535,0
HADOOP-2512,1
HADOOP-1660,1
HADOOP-2285,1
HADOOP-2420,0
HADOOP-2233,2
HADOOP-2547,1
HADOOP-1298,2
HADOOP-2369,0
HADOOP-2446,2
HADOOP-2537,1
HADOOP-2447,1
HADOOP-1281,0
HADOOP-2268,2
HADOOP-2552,1
HADOOP-2406,0
HADOOP-2571,0
HADOOP-2487,1
HADOOP-2131,1
HADOOP-2562,0
HADOOP-1873,3
HADOOP-2464,0
HADOOP-2583,0
HADOOP-2540,1
HADOOP-1965,0
HADOOP-1876,1
HADOOP-2570,1
HADOOP-2077,1
HADOOP-2574,1
HADOOP-2481,0
HADOOP-2601,1
HADOOP-2398,2
HADOOP-2494,1
HADOOP-2605,0
HADOOP-2148,1
HADOOP-3003,0
HADOOP-2951,1
HADOOP-2848,1
HADOOP-2783,0
HADOOP-2936,1
HADOOP-2027,1
HADOOP-2899,3
HADOOP-3042,0
HADOOP-2116,1
HADOOP-2886,1
HADOOP-3012,1
HADOOP-3025,1
HADOOP-2373,0
HADOOP-2796,1
HADOOP-2944,1
HADOOP-3066,0
HADOOP-3007,1
HADOOP-2828,1
HADOOP-2824,1
HADOOP-2823,1
HADOOP-3040,0
HADOOP-3049,0
HADOOP-3039,1
HADOOP-3027,1
HADOOP-2983,1
HADOOP-3080,0
HADOOP-3086,0
HADOOP-2902,1
HADOOP-3046,0
HADOOP-3056,2
HADOOP-3094,0
HADOOP-3091,1
HADOOP-3070,1
HADOOP-3067,0
HADOOP-3073,0
HADOOP-1622,2
HADOOP-2119,1
HADOOP-3087,1
HADOOP-2982,1
HADOOP-3060,1
HADOOP-3065,0
HADOOP-2868,0
HADOOP-3084,1
HADOOP-3107,1
HADOOP-3111,0
HADOOP-3064,1
HADOOP-3105,1
HADOOP-3103,0
HADOOP-3092,0
HADOOP-2997,0
HADOOP-1228,1
HADOOP-2055,1
HADOOP-3098,1
HADOOP-3114,1
HADOOP-3108,2
HADOOP-2854,1
HADOOP-3104,0
HADOOP-3128,0
HADOOP-2563,1
HADOOP-3142,1
HADOOP-2855,1
HADOOP-2818,1
HADOOP-2919,1
HADOOP-2831,1
HADOOP-3137,1
HADOOP-3106,0
HADOOP-2947,1
HADOOP-3093,1
HADOOP-2839,1
HADOOP-2932,1
HADOOP-2551,1
HADOOP-2634,1
HADOOP-3118,0
HADOOP-3010,1
HADOOP-3099,2
HADOOP-3161,1
HADOOP-2927,1
HADOOP-3001,0
HADOOP-3123,1
HADOOP-3048,0
HADOOP-2473,1
HADOOP-3089,0
HADOOP-2410,1
HADOOP-3140,1
HADOOP-2826,1
HADOOP-3146,1
HADOOP-3165,0
HADOOP-3138,2
HADOOP-3159,0
HADOOP-3041,1
HADOOP-3083,0
HADOOP-3168,1
HADOOP-3166,0
HADOOP-3154,3
HADOOP-3050,1
HADOOP-3044,0
HADOOP-3178,1
HADOOP-3139,0
HADOOP-2730,2
HADOOP-2841,1
HADOOP-2371,0
HADOOP-2178,0
HADOOP-2192,1
HADOOP-2769,0
HADOOP-2852,1
HADOOP-1902,1
HADOOP-2873,1
HADOOP-1677,1
HADOOP-2655,1
HADOOP-2871,1
HADOOP-2894,0
HADOOP-2063,1
HADOOP-1985,3
HADOOP-2800,0
HADOOP-2904,1
HADOOP-1986,1
HADOOP-2903,1
HADOOP-2891,0
HADOOP-2845,1
HADOOP-2923,0
HADOOP-1967,2
HADOOP-2895,1
HADOOP-2918,0
HADOOP-2790,1
HADOOP-910,2
HADOOP-2912,1
HADOOP-2219,1
HADOOP-2820,1
HADOOP-2819,1
HADOOP-2847,0
HADOOP-2809,0
HADOOP-2931,1
HADOOP-2833,1
HADOOP-2817,1
HADOOP-2821,1
HADOOP-2911,0
HADOOP-2758,0
HADOOP-2883,1
HADOOP-2861,2
HADOOP-2925,0
HADOOP-2934,1
HADOOP-2756,4
HADOOP-2906,1
HADOOP-2346,1
HADOOP-2869,0
HADOOP-730,1
HADOOP-2938,1
HADOOP-2810,1
HADOOP-2958,0
HADOOP-2915,0
HADOOP-2057,3
HADOOP-2943,1
HADOOP-2870,0
HADOOP-771,2
HADOOP-2973,1
HADOOP-2971,0
HADOOP-2955,0
HADOOP-2999,0
HADOOP-2765,1
HADOOP-2657,1
HADOOP-2888,0
HADOOP-2974,1
HADOOP-2399,0
HADOOP-2996,1
HADOOP-2995,1
HADOOP-2972,1
HADOOP-2994,1
HADOOP-2908,0
HADOOP-2423,1
HADOOP-2470,1
HADOOP-2981,1
HADOOP-2775,0
HADOOP-3009,1
HADOOP-2863,1
HADOOP-2804,0
HADOOP-2992,0
HADOOP-3026,1
HADOOP-2679,1
HADOOP-2976,1
HADOOP-2901,0
HADOOP-2890,1
HADOOP-2825,1
HADOOP-2806,1
HADOOP-2924,1
HADOOP-2970,1
HADOOP-2822,1
HADOOP-3008,1
HADOOP-3006,0
HADOOP-3011,1
HADOOP-3029,0
HADOOP-2559,1
HADOOP-2939,1
HADOOP-2606,1
HADOOP-2239,1
HADOOP-3033,0
HADOOP-2978,1
HADOOP-2985,1
HADOOP-3030,1
HADOOP-3036,0
HADOOP-3372,1
HADOOP-3365,1
HADOOP-2065,2
HADOOP-1702,0
HADOOP-2154,2
HADOOP-3332,1
HADOOP-2656,1
HADOOP-3203,1
HADOOP-3388,0
HADOOP-3355,0
HADOOP-3390,0
HADOOP-3322,1
HADOOP-3393,1
HADOOP-3221,1
HADOOP-3382,0
HADOOP-3350,1
HADOOP-3013,1
HADOOP-3336,1
HADOOP-3391,0
HADOOP-3377,1
HADOOP-3399,0
HADOOP-2661,0
HADOOP-3339,0
HADOOP-3409,0
HADOOP-3396,0
HADOOP-3296,1
HADOOP-3375,0
HADOOP-3424,0
HADOOP-3398,1
HADOOP-3370,1
HADOOP-3408,1
HADOOP-3381,0
HADOOP-3403,1
HADOOP-2867,1
HADOOP-1318,1
HADOOP-3351,0
HADOOP-3400,0
HADOOP-3419,1
HADOOP-3259,1
HADOOP-1915,2
HADOOP-3405,0
HADOOP-3035,1
HADOOP-3265,1
HADOOP-3232,1
HADOOP-3451,1
HADOOP-3401,1
HADOOP-3246,1
HADOOP-4,6
HADOOP-3434,2
HADOOP-3468,1
HADOOP-3410,1
HADOOP-2669,1
HADOOP-3250,1
HADOOP-3310,1
HADOOP-3340,1
HADOOP-3435,0
HADOOP-2159,1
HADOOP-3454,1
HADOOP-3443,3
HADOOP-3471,0
HADOOP-3376,1
HADOOP-3429,0
HADOOP-3417,1
HADOOP-2132,1
HADOOP-2909,1
HADOOP-2961,1
HADOOP-3151,1
HADOOP-3486,0
HADOOP-3472,1
HADOOP-3459,1
HADOOP-3448,2
HADOOP-3177,2
HADOOP-3476,1
HADOOP-3113,1
HADOOP-3464,1
HADOOP-3452,1
HADOOP-1328,3
HADOOP-3095,2
HADOOP-2095,1
HADOOP-2427,1
HADOOP-3307,0
HADOOP-3187,1
HADOOP-2565,1
HADOOP-3326,1
HADOOP-3483,0
HADOOP-3493,1
HADOOP-3455,2
HADOOP-3453,0
HADOOP-236,2
HADOOP-3240,0
HADOOP-3427,0
HADOOP-3496,1
HADOOP-2393,1
HADOOP-3184,1
HADOOP-3460,1
HADOOP-3503,0
HADOOP-3135,3
HADOOP-3230,0
HADOOP-3440,1
HADOOP-3501,1
HADOOP-2514,1
HADOOP-2620,0
HADOOP-2449,0
HADOOP-2012,0
HADOOP-1989,1
HADOOP-1742,1
HADOOP-1707,1
HADOOP-2298,1
HADOOP-2614,0
HADOOP-2543,1
HADOOP-2603,0
HADOOP-2469,1
HADOOP-290,2
HADOOP-2538,1
HADOOP-2582,1
HADOOP-2367,0
HADOOP-2672,1
HADOOP-2189,2
HADOOP-2284,1
HADOOP-2649,1
HADOOP-2549,1
HADOOP-2509,1
HADOOP-2659,0
HADOOP-2596,1
HADOOP-2633,0
HADOOP-2431,0
HADOOP-2567,1
HADOOP-2687,1
HADOOP-2402,1
HADOOP-2645,0
HADOOP-2232,1
HADOOP-2691,1
HADOOP-1195,1
HADOOP-2640,1
HADOOP-2626,1
HADOOP-2646,1
HADOOP-2652,0
HADOOP-2342,0
HADOOP-2566,1
HADOOP-2714,1
HADOOP-2092,1
HADOOP-2602,1
HADOOP-2576,1
HADOOP-2642,1
HADOOP-2720,1
HADOOP-2713,2
HADOOP-2639,2
HADOOP-2723,1
HADOOP-650,2
HADOOP-2707,1
HADOOP-2529,1
HADOOP-2734,1
HADOOP-2732,0
HADOOP-2404,1
HADOOP-2738,0
HADOOP-2740,1
HADOOP-795,2
HADOOP-789,1
HADOOP-1316,1
HADOOP-2555,1
HADOOP-2697,0
HADOOP-2755,2
HADOOP-2768,0
HADOOP-2779,0
HADOOP-2754,1
HADOOP-1792,1
HADOOP-2786,0
HADOOP-1188,1
HADOOP-2194,1
HADOOP-2767,1
HADOOP-2787,1
HADOOP-2798,1
HADOOP-2690,1
HADOOP-2788,0
HADOOP-2785,0
HADOOP-2780,1
HADOOP-2716,1
HADOOP-2733,2
HADOOP-2193,1
HADOOP-2725,1
HADOOP-1593,1
HADOOP-2789,1
HADOOP-2191,1
HADOOP-2190,1
HADOOP-2345,0
HADOOP-2808,1
HADOOP-2391,2
HADOOP-2832,1
HADOOP-2195,1
HADOOP-2683,2
HADOOP-2814,1
HADOOP-2811,1
HADOOP-2843,0
HADOOP-2735,1
HADOOP-2844,1
HADOOP-2813,1
HADOOP-2727,1
HADOOP-2647,1
HADOOP-2840,0
HADOOP-2766,1
HADOOP-3157,2
HADOOP-3195,0
HADOOP-3152,1
HADOOP-1911,1
HADOOP-3018,1
HADOOP-3183,1
HADOOP-3175,1
HADOOP-3069,1
HADOOP-3143,1
HADOOP-3220,0
HADOOP-3208,0
HADOOP-2905,1
HADOOP-3224,2
HADOOP-3223,1
HADOOP-3182,1
HADOOP-1373,1
HADOOP-3204,1
HADOOP-3153,1
HADOOP-3174,0
HADOOP-2585,1
HADOOP-2993,2
HADOOP-3229,1
HADOOP-3239,1
HADOOP-2928,1
HADOOP-3074,0
HADOOP-3225,1
HADOOP-3247,1
HADOOP-3176,1
HADOOP-3254,0
HADOOP-3242,1
HADOOP-3130,1
HADOOP-3160,1
HADOOP-3256,0
HADOOP-2703,1
HADOOP-3162,4
HADOOP-3124,1
HADOOP-3263,1
HADOOP-2865,1
HADOOP-3251,3
HADOOP-3266,2
HADOOP-3237,1
HADOOP-3269,1
HADOOP-3279,0
HADOOP-3282,0
HADOOP-3186,1
HADOOP-3274,1
HADOOP-3286,1
HADOOP-3272,0
HADOOP-3268,0
HADOOP-3127,1
HADOOP-3285,1
HADOOP-2910,1
HADOOP-3300,1
HADOOP-3061,2
HADOOP-3270,0
HADOOP-3294,1
HADOOP-3164,0
HADOOP-2793,1
HADOOP-3313,1
HADOOP-3295,1
HADOOP-3283,1
HADOOP-3318,1
HADOOP-3308,1
HADOOP-3304,0
HADOOP-3301,0
HADOOP-2857,1
HADOOP-2461,1
HADOOP-3280,2
HADOOP-2797,1
HADOOP-3109,0
HADOOP-544,1
HADOOP-2799,1
HADOOP-3338,1
HADOOP-3345,1
HADOOP-3337,0
HADOOP-3101,1
HADOOP-3119,1
HADOOP-2294,1
HADOOP-3031,2
HADOOP-2188,2
HADOOP-3335,1
HADOOP-2930,1
HADOOP-3085,1
HADOOP-2181,1
HADOOP-3248,1
HADOOP-3144,1
HADOOP-3317,1
HADOOP-3334,0
HADOOP-2019,2
HADOOP-3058,1
HADOOP-3226,1
HADOOP-3299,1
HADOOP-3297,0
HADOOP-3348,1
HADOOP-3309,1
HADOOP-3364,0
HADOOP-3329,1
HADOOP-3371,1
HADOOP-3369,0
HADOOP-3349,1
HADOOP-3701,0
HADOOP-3479,0
HADOOP-3633,1
HADOOP-3688,0
HADOOP-3597,1
HADOOP-3693,0
HADOOP-3703,0
HADOOP-3653,0
HADOOP-3692,0
HADOOP-2325,1
HADOOP-3691,1
HADOOP-3673,1
HADOOP-3660,0
HADOOP-3681,1
HADOOP-3002,1
HADOOP-3685,1
HADOOP-3706,1
HADOOP-3630,1
HADOOP-3718,1
HADOOP-3726,2
HADOOP-3725,2
HADOOP-3711,0
HADOOP-3695,0
HADOOP-3684,1
HADOOP-3328,1
HADOOP-3721,1
HADOOP-3478,1
HADOOP-3714,1
HADOOP-3716,1
HADOOP-3647,0
HADOOP-3149,0
HADOOP-3752,0
HADOOP-1627,1
HADOOP-3737,1
HADOOP-3758,1
HADOOP-3732,0
HADOOP-3755,1
HADOOP-3670,1
HADOOP-3760,1
HADOOP-3730,3
HADOOP-3707,1
HADOOP-3720,1
HADOOP-3774,1
HADOOP-3743,1
HADOOP-3677,2
HADOOP-3617,0
HADOOP-3678,0
HADOOP-372,4
HADOOP-3485,1
HADOOP-3723,1
HADOOP-3643,1
HADOOP-3798,1
HADOOP-3762,2
HADOOP-3777,0
HADOOP-3412,1
HADOOP-3728,3
HADOOP-3794,1
HADOOP-3806,0
HADOOP-3778,1
HADOOP-3795,1
HADOOP-3624,0
HADOOP-3756,3
HADOOP-3808,0
HADOOP-3776,1
HADOOP-3521,1
HADOOP-3747,1
HADOOP-3813,1
HADOOP-3724,1
HADOOP-3827,0
HADOOP-3820,0
HADOOP-3661,3
HADOOP-3169,1
HADOOP-1700,1
HADOOP-3855,0
HADOOP-3824,1
HADOOP-3646,1
HADOOP-3819,1
HADOOP-3861,0
HADOOP-3848,0
HADOOP-3791,0
HADOOP-3863,0
HADOOP-3694,1
HADOOP-3131,1
HADOOP-3796,1
HADOOP-3836,1
HADOOP-3865,1
HADOOP-3884,1
HADOOP-3837,1
HADOOP-3860,0
HADOOP-3620,0
HADOOP-3897,1
HADOOP-3859,1
HADOOP-3901,0
HADOOP-3805,0
HADOOP-3792,0
HADOOP-3846,1
HADOOP-2302,1
HADOOP-3892,1
HADOOP-3907,1
HADOOP-3319,1
HADOOP-3904,0
HADOOP-3919,1
HADOOP-3875,0
HADOOP-3864,0
HADOOP-3931,0
HADOOP-153,5
HADOOP-3853,0
HADOOP-657,2
HADOOP-9,2
HADOOP-3202,1
HADOOP-3368,2
HADOOP-3851,2
HADOOP-3780,1
HADOOP-3852,2
HADOOP-3816,1
HADOOP-3664,0
HADOOP-3773,1
HADOOP-3719,1
HADOOP-3940,1
HADOOP-3873,1
HADOOP-3947,3
HADOOP-3952,0
HADOOP-3935,0
HADOOP-3951,2
HADOOP-2632,0
HADOOP-3889,1
HADOOP-3946,1
HADOOP-3949,2
HADOOP-3585,1
HADOOP-3933,1
HADOOP-3905,0
HADOOP-3920,1
HADOOP-3962,1
HADOOP-3957,1
HADOOP-3958,0
HADOOP-3549,1
HADOOP-3934,1
HADOOP-2130,1
HADOOP-1480,1
HADOOP-3062,1
HADOOP-3658,1
HADOOP-3985,1
HADOOP-3854,1
HADOOP-3964,1
HADOOP-3506,1
HADOOP-3785,1
HADOOP-3944,1
HADOOP-3821,1
HADOOP-3705,1
HADOOP-3965,1
HADOOP-3759,0
HADOOP-2330,0
HADOOP-3995,0
HADOOP-4023,1
HADOOP-4030,0
HADOOP-3961,1
HADOOP-4036,0
HADOOP-4037,1
HADOOP-2168,1
HADOOP-3908,0
HADOOP-3966,1
HADOOP-3342,1
HADOOP-3488,1
HADOOP-3937,1
HADOOP-3950,1
HADOOP-3746,0
HADOOP-3754,0
HADOOP-3769,1
HADOOP-3828,0
HADOOP-4040,0
HADOOP-3948,1
HADOOP-3939,1
HADOOP-3910,1
HADOOP-3954,1
HADOOP-4046,1
HADOOP-3601,1
HADOOP-3698,0
HADOOP-3866,1
HADOOP-4050,1
HADOOP-4069,1
HADOOP-3943,0
HADOOP-3498,1
HADOOP-3150,2
HADOOP-3941,1
HADOOP-4078,1
HADOOP-3968,1
HADOOP-3963,1
HADOOP-1869,1
HADOOP-3361,1
HADOOP-4100,0
HADOOP-3605,1
HADOOP-3581,1
HADOOP-3970,1
HADOOP-4097,0
HADOOP-3514,1
HADOOP-3702,2
HADOOP-4113,1
HADOOP-3445,1
HADOOP-4060,0
HADOOP-4294,0
HADOOP-4161,1
HADOOP-4333,0
HADOOP-4183,0
HADOOP-4266,0
HADOOP-4231,0
HADOOP-4406,1
HADOOP-4320,0
HADOOP-2658,1
HADOOP-4056,1
HADOOP-4252,1
HADOOP-4250,0
HADOOP-4307,0
HADOOP-4336,0
HADOOP-4353,0
HADOOP-4366,0
HADOOP-4405,0
HADOOP-4272,0
HADOOP-4345,0
HADOOP-4105,1
HADOOP-3914,1
HADOOP-4387,2
HADOOP-4466,1
HADOOP-4467,1
HADOOP-4440,1
HADOOP-4276,1
HADOOP-4431,1
HADOOP-4485,0
HADOOP-3188,2
HADOOP-3842,1
HADOOP-4454,1
HADOOP-4510,1
HADOOP-4089,0
HADOOP-4517,1
HADOOP-4525,1
HADOOP-4526,1
HADOOP-4533,1
HADOOP-4483,2
HADOOP-4346,1
HADOOP-4340,2
HADOOP-4498,1
HADOOP-4433,0
HADOOP-3461,1
HADOOP-4388,0
HADOOP-4437,1
HADOOP-4587,1
HADOOP-4572,1
HADOOP-4499,0
HADOOP-4530,1
HADOOP-4597,0
HADOOP-4187,1
HADOOP-4599,0
HADOOP-4610,0
HADOOP-3121,1
HADOOP-4575,0
HADOOP-4453,1
HADOOP-4377,1
HADOOP-3883,1
HADOOP-4583,0
HADOOP-4446,1
HADOOP-4621,1
HADOOP-4556,0
HADOOP-4282,1
HADOOP-4618,0
HADOOP-4595,1
HADOOP-4567,0
HADOOP-4435,1
HADOOP-4552,0
HADOOP-3923,1
HADOOP-4505,1
HADOOP-4622,1
HADOOP-4571,1
HADOOP-4589,1
HADOOP-4471,3
HADOOP-2987,0
HADOOP-4650,1
HADOOP-4500,1
HADOOP-4608,2
HADOOP-4645,0
HADOOP-4150,2
HADOOP-4126,0
HADOOP-4606,1
HADOOP-3844,1
HADOOP-4643,0
HADOOP-4141,1
HADOOP-4188,1
HADOOP-4612,0
HADOOP-3293,1
HADOOP-4185,1
HADOOP-4523,1
HADOOP-4691,1
HADOOP-4661,0
HADOOP-4598,1
HADOOP-4668,0
HADOOP-4703,1
HADOOP-4647,1
HADOOP-4616,1
HADOOP-4640,1
HADOOP-1650,1
HADOOP-4666,1
HADOOP-4429,1
HADOOP-3921,1
HADOOP-3344,1
HADOOP-3136,1
HADOOP-4845,1
HADOOP-4545,0
HADOOP-4458,1
HADOOP-4821,1
HADOOP-4753,0
HADOOP-4879,1
HADOOP-4810,0
HADOOP-4791,0
HADOOP-4797,0
HADOOP-4771,1
HADOOP-4878,1
HADOOP-4874,0
HADOOP-4895,1
HADOOP-4774,1
HADOOP-4840,0
HADOOP-4876,0
HADOOP-4904,1
HADOOP-4782,1
HADOOP-4919,0
HADOOP-4849,0
HADOOP-4581,0
HADOOP-4460,1
HADOOP-4463,0
HADOOP-4462,0
HADOOP-4461,0
HADOOP-4827,0
HADOOP-4894,1
HADOOP-4892,0
HADOOP-1980,2
HADOOP-4889,1
HADOOP-4869,0
HADOOP-4716,1
HADOOP-4880,1
HADOOP-4924,0
HADOOP-4854,1
HADOOP-4909,0
HADOOP-4920,1
HADOOP-4948,1
HADOOP-4956,0
HADOOP-4935,0
HADOOP-4896,0
HADOOP-4951,0
HADOOP-4936,0
HADOOP-4961,0
HADOOP-4941,0
HADOOP-4979,1
HADOOP-4268,1
HADOOP-4830,1
HADOOP-4937,0
HADOOP-4949,3
HADOOP-4971,0
HADOOP-4648,1
HADOOP-4980,1
HADOOP-4847,0
HADOOP-4966,1
HADOOP-4992,1
HADOOP-4914,1
HADOOP-4787,1
HADOOP-4884,1
HADOOP-4916,1
HADOOP-4925,1
HADOOP-4947,1
HADOOP-4910,1
HADOOP-4940,1
HADOOP-4950,0
HADOOP-5008,1
HADOOP-4982,1
HADOOP-4789,1
HADOOP-4985,1
HADOOP-5026,1
HADOOP-4816,0
HADOOP-4943,0
HADOOP-2337,1
HADOOP-5017,1
HADOOP-3953,1
HADOOP-4977,2
HADOOP-4988,1
HADOOP-4906,1
HADOOP-5065,1
HADOOP-4794,2
HADOOP-5072,1
HADOOP-4918,1
HADOOP-4965,0
HADOOP-3894,2
HADOOP-5022,0
HADOOP-4997,2
HADOOP-5077,1
HADOOP-4818,1
HADOOP-5030,0
HADOOP-4843,0
HADOOP-4993,0
HADOOP-4828,0
HADOOP-4967,1
HADOOP-5048,1
HADOOP-5070,1
HADOOP-5002,1
HADOOP-4983,1
HADOOP-4154,0
HADOOP-4071,0
HADOOP-4147,1
HADOOP-4054,1
HADOOP-3992,0
HADOOP-3446,1
HADOOP-4094,0
HADOOP-4133,0
HADOOP-4112,1
HADOOP-4145,0
HADOOP-4155,1
HADOOP-3831,1
HADOOP-4099,1
HADOOP-4025,1
HADOOP-4076,1
HADOOP-4151,0
HADOOP-4129,1
HADOOP-3570,2
HADOOP-3981,1
HADOOP-4174,0
HADOOP-3245,1
HADOOP-4139,0
HADOOP-3911,1
HADOOP-3623,0
HADOOP-4125,0
HADOOP-4087,0
HADOOP-4197,0
HADOOP-4186,0
HADOOP-4138,0
HADOOP-4184,0
HADOOP-4195,3
HADOOP-4075,3
HADOOP-4117,0
HADOOP-3722,1
HADOOP-3959,1
HADOOP-3783,1
HADOOP-2411,1
HADOOP-3991,1
HADOOP-3829,0
HADOOP-2403,1
HADOOP-4200,0
HADOOP-4084,0
HADOOP-4121,0
HADOOP-4104,0
HADOOP-3930,1
HADOOP-4106,0
HADOOP-4083,1
HADOOP-4194,1
HADOOP-4176,1
HADOOP-249,4
HADOOP-4070,1
HADOOP-3638,1
HADOOP-4213,1
HADOOP-2536,3
HADOOP-3975,1
HADOOP-4124,0
HADOOP-4077,0
HADOOP-2165,1
HADOOP-2816,1
HADOOP-3592,1
HADOOP-4062,0
HADOOP-4181,1
HADOOP-4227,0
HADOOP-3019,1
HADOOP-3924,1
HADOOP-4120,0
HADOOP-4090,1
HADOOP-3938,0
HADOOP-4205,0
HADOOP-4169,1
HADOOP-4175,0
HADOOP-4027,0
HADOOP-4242,0
HADOOP-4248,0
HADOOP-4234,1
HADOOP-4245,1
HADOOP-4249,1
HADOOP-4244,1
HADOOP-3979,1
HADOOP-4116,1
HADOOP-4247,2
HADOOP-2421,1
HADOOP-4269,1
HADOOP-4280,1
HADOOP-4254,1
HADOOP-4259,1
HADOOP-4275,0
HADOOP-4279,1
HADOOP-4173,1
HADOOP-4277,1
HADOOP-4271,1
HADOOP-3614,1
HADOOP-4190,1
HADOOP-4189,0
HADOOP-4237,0
HADOOP-3180,1
HADOOP-4274,0
HADOOP-4178,1
HADOOP-4293,0
HADOOP-4262,0
HADOOP-4226,1
HADOOP-4309,1
HADOOP-4210,0
HADOOP-4281,0
HADOOP-4204,0
HADOOP-4232,0
HADOOP-4135,0
HADOOP-4207,0
HADOOP-4093,0
HADOOP-4302,0
HADOOP-4314,1
HADOOP-3942,1
HADOOP-4257,1
HADOOP-4318,1
HADOOP-4319,0
HADOOP-4246,0
HADOOP-4209,1
HADOOP-4325,0
HADOOP-4326,0
HADOOP-4253,0
HADOOP-4301,0
HADOOP-4163,2
HADOOP-4354,0
HADOOP-4299,1
HADOOP-4256,0
HADOOP-4261,1
HADOOP-4267,1
HADOOP-4225,1
HADOOP-4288,1
HADOOP-4018,0
HADOOP-4380,0
HADOOP-4014,1
HADOOP-4395,1
HADOOP-3790,1
HADOOP-4228,1
HADOOP-4393,0
HADOOP-4351,1
HADOOP-4407,0
HADOOP-4287,1
HADOOP-4361,0
HADOOP-4400,1
HADOOP-4403,1
HADOOP-4378,1
HADOOP-4292,1
HADOOP-3814,1
HADOOP-4376,0
HADOOP-4410,1
HADOOP-4236,1
HADOOP-4373,1
HADOOP-4053,1
HADOOP-4408,1
HADOOP-4335,1
HADOOP-4426,0
HADOOP-4418,0
HADOOP-4425,1
HADOOP-3155,2
HADOOP-3217,1
HADOOP-3786,1
HADOOP-4427,1
HADOOP-4278,2
HADOOP-4423,1
HADOOP-4449,0
HADOOP-4358,1
HADOOP-4455,0
HADOOP-4399,1
HADOOP-4457,1
HADOOP-4238,1
HADOOP-4321,0
HADOOP-4430,0
HADOOP-4424,1
HADOOP-4464,0
HADOOP-4404,1
HADOOP-4369,1
HADOOP-4149,1
HADOOP-4438,2
HADOOP-4296,1
HADOOP-1945,0
HADOOP-4284,1
HADOOP-4439,1
HADOOP-4230,1
HADOOP-4329,0
HADOOP-4330,0
HADOOP-4344,0
HADOOP-4303,0
HADOOP-4315,0
HADOOP-4260,0
HADOOP-4146,0
HADOOP-4469,0
HADOOP-4265,0
HADOOP-4273,0
HADOOP-4316,0
HADOOP-4095,0
HADOOP-4327,1
HADOOP-4342,0
HADOOP-4356,0
HADOOP-4086,1
HADOOP-4390,0
HADOOP-4241,1
HADOOP-4367,0
HADOOP-4355,0
HADOOP-5219,1
HADOOP-5241,1
HADOOP-5142,0
HADOOP-5280,1
HADOOP-5300,1
HADOOP-5240,1
HADOOP-5272,1
HADOOP-5276,1
HADOOP-5158,0
HADOOP-5278,1
HADOOP-4191,1
HADOOP-2898,1
HADOOP-5264,0
HADOOP-5042,1
HADOOP-5268,0
HADOOP-5154,1
HADOOP-5205,0
HADOOP-5033,0
HADOOP-5301,0
HADOOP-5277,0
HADOOP-5218,1
HADOOP-5310,0
HADOOP-5232,1
HADOOP-5306,1
HADOOP-5248,1
HADOOP-5302,0
HADOOP-5313,0
HADOOP-4893,1
HADOOP-5118,0
HADOOP-4839,1
HADOOP-5273,1
HADOOP-5309,0
HADOOP-4989,0
HADOOP-5029,0
HADOOP-5051,1
HADOOP-5054,1
HADOOP-5308,0
HADOOP-5111,1
HADOOP-5144,1
HADOOP-5023,1
HADOOP-5229,1
HADOOP-5146,1
HADOOP-5326,1
HADOOP-4744,2
HADOOP-4638,1
HADOOP-4546,1
HADOOP-5087,1
HADOOP-5370,0
HADOOP-5373,0
HADOOP-4103,1
HADOOP-5274,1
HADOOP-5383,0
HADOOP-5066,1
HADOOP-5057,1
HADOOP-5384,1
HADOOP-5145,0
HADOOP-5317,0
HADOOP-5401,1
HADOOP-5228,1
HADOOP-5409,1
HADOOP-5055,1
HADOOP-5360,1
HADOOP-5341,0
HADOOP-5338,1
HADOOP-5376,1
HADOOP-5031,1
HADOOP-5411,0
HADOOP-5397,1
HADOOP-5421,1
HADOOP-5387,1
HADOOP-5190,1
HADOOP-4695,1
HADOOP-5347,1
HADOOP-5298,1
HADOOP-5432,1
HADOOP-5392,1
HADOOP-5416,1
HADOOP-5258,0
HADOOP-5456,0
HADOOP-5458,1
HADOOP-5455,1
HADOOP-5412,0
HADOOP-5333,1
HADOOP-5332,0
HADOOP-3998,1
HADOOP-5358,0
HADOOP-5386,0
HADOOP-5379,0
HADOOP-5327,1
HADOOP-5440,1
HADOOP-5395,0
HADOOP-4664,2
HADOOP-5446,1
HADOOP-4756,1
HADOOP-5449,1
HADOOP-5311,1
HADOOP-5466,1
HADOOP-5465,0
HADOOP-4783,2
HADOOP-4539,1
HADOOP-4339,1
HADOOP-4676,0
HADOOP-3986,1
HADOOP-4697,0
HADOOP-4720,0
HADOOP-4422,3
HADOOP-4061,1
HADOOP-4659,1
HADOOP-2774,1
HADOOP-3422,1
HADOOP-4614,1
HADOOP-4542,1
HADOOP-4704,1
HADOOP-4705,2
HADOOP-4513,0
HADOOP-4669,1
HADOOP-4677,1
HADOOP-4732,0
HADOOP-4739,0
HADOOP-4713,1
HADOOP-4649,1
HADOOP-3770,1
HADOOP-2771,0
HADOOP-4635,1
HADOOP-4714,1
HADOOP-4708,1
HADOOP-4726,3
HADOOP-4420,1
HADOOP-4679,1
HADOOP-4758,1
HADOOP-4722,0
HADOOP-4035,1
HADOOP-4690,1
HADOOP-4734,1
HADOOP-4736,1
HADOOP-4632,1
HADOOP-3750,1
HADOOP-4558,1
HADOOP-3497,1
HADOOP-4746,0
HADOOP-4508,1
HADOOP-4738,1
HADOOP-4770,1
HADOOP-4727,1
HADOOP-4747,1
HADOOP-4305,1
HADOOP-4576,1
HADOOP-4654,1
HADOOP-4623,1
HADOOP-4786,1
HADOOP-4445,1
HADOOP-4785,0
HADOOP-4717,3
HADOOP-4709,0
HADOOP-4778,0
HADOOP-4792,1
HADOOP-4742,2
HADOOP-4688,1
HADOOP-4773,0
HADOOP-4796,0
HADOOP-4579,1
HADOOP-4029,1
HADOOP-4702,1
HADOOP-4811,0
HADOOP-4179,4
HADOOP-4731,0
HADOOP-4628,0
HADOOP-4805,0
HADOOP-4613,1
HADOOP-213,0
HADOOP-4806,1
HADOOP-4164,1
HADOOP-4795,1
HADOOP-4711,1
HADOOP-4823,0
HADOOP-4749,1
HADOOP-4737,1
HADOOP-4822,0
HADOOP-4824,0
HADOOP-4348,0
HADOOP-4837,1
HADOOP-4825,0
HADOOP-4836,1
HADOOP-4844,0
HADOOP-4728,1
HADOOP-4706,0
HADOOP-4620,1
HADOOP-4857,1
HADOOP-4683,1
HADOOP-4820,0
HADOOP-4855,0
HADOOP-4826,0
HADOOP-4699,0
HADOOP-3063,1
HADOOP-1230,0
HADOOP-3305,1
HADOOP-4631,1
HADOOP-4698,0
HADOOP-4860,0
HADOOP-4838,1
HADOOP-5050,1
HADOOP-5009,0
HADOOP-5086,1
HADOOP-5075,1
HADOOP-5037,1
HADOOP-4975,1
HADOOP-5126,0
HADOOP-4671,1
HADOOP-4955,1
HADOOP-4999,1
HADOOP-4970,0
HADOOP-4862,0
HADOOP-5113,1
HADOOP-5078,1
HADOOP-5045,2
HADOOP-5139,0
HADOOP-5105,1
HADOOP-5088,1
HADOOP-5034,1
HADOOP-5156,1
HADOOP-5085,1
HADOOP-2721,1
HADOOP-5097,1
HADOOP-4368,1
HADOOP-5138,1
HADOOP-5094,1
HADOOP-3327,4
HADOOP-4759,0
HADOOP-4960,1
HADOOP-5032,1
HADOOP-5161,1
HADOOP-5114,1
HADOOP-5193,0
HADOOP-5124,0
HADOOP-5122,1
HADOOP-3741,1
HADOOP-5176,2
HADOOP-4565,1
HADOOP-4859,1
HADOOP-4930,0
HADOOP-4959,0
HADOOP-5038,0
HADOOP-5018,0
HADOOP-5039,1
HADOOP-5095,1
HADOOP-5147,1
HADOOP-5148,0
HADOOP-5100,0
HADOOP-5101,0
HADOOP-5079,4
HADOOP-5204,1
HADOOP-4868,1
HADOOP-5212,1
HADOOP-5127,1
HADOOP-5211,0
HADOOP-4494,0
HADOOP-4942,1
HADOOP-4779,1
HADOOP-5220,0
HADOOP-5166,1
HADOOP-5226,1
HADOOP-5192,0
HADOOP-5067,1
HADOOP-5172,1
HADOOP-4933,1
HADOOP-4220,1
HADOOP-1722,2
HADOOP-5253,1
HADOOP-5225,1
HADOOP-5251,1
HADOOP-4760,1
HADOOP-4926,0
HADOOP-4804,1
HADOOP-776,1
HADOOP-4873,1
HADOOP-5265,1
HADOOP-5206,1
HADOOP-5134,1
HADOOP-5209,0
HADOOP-5254,2
HADOOP-5224,2
HADOOP-5279,0
HADOOP-4885,1
HADOOP-1831,0
HADOOP-5255,1
HADOOP-4692,1
HADOOP-5269,0
HADOOP-5214,1
HADOOP-5233,1
HADOOP-5247,1
HADOOP-5282,1
HADOOP-5275,1
HADOOP-5120,1
HADOOP-5222,1
HADOOP-5292,1
HADOOP-5285,1
HADOOP-4963,0
HADOOP-5052,0
HADOOP-5103,1
HADOOP-4927,1
HADOOP-5490,1
HADOOP-5493,1
HADOOP-5442,1
HADOOP-5505,0
HADOOP-5414,0
HADOOP-5511,0
HADOOP-5483,0
HADOOP-5281,1
HADOOP-5463,1
HADOOP-5479,0
HADOOP-5259,1
HADOOP-5499,0
HADOOP-5514,1
HADOOP-5529,0
HADOOP-5382,0
HADOOP-5516,1
HADOOP-5471,1
HADOOP-5486,0
HADOOP-4842,1
HADOOP-5522,0
HADOOP-5521,1
HADOOP-5534,1
HADOOP-5328,1
HADOOP-5196,1
HADOOP-4655,1
HADOOP-5320,0
HADOOP-5417,0
HADOOP-5519,0
HADOOP-5520,0
HADOOP-5507,0
HADOOP-5468,1
HADOOP-5549,0
HADOOP-4788,1
HADOOP-5554,0
HADOOP-5484,1
HADOOP-5557,0
HADOOP-5531,1
HADOOP-5390,1
HADOOP-5565,0
HADOOP-5564,0
HADOOP-5374,1
HADOOP-5210,1
HADOOP-5231,1
HADOOP-5491,1
HADOOP-5191,2
HADOOP-4719,1
HADOOP-5423,3
HADOOP-5561,0
HADOOP-5363,0
HADOOP-5459,1
HADOOP-5331,1
HADOOP-5149,1
HADOOP-4365,2
HADOOP-5477,1
HADOOP-5366,0
HADOOP-5322,0
HADOOP-5365,0
HADOOP-5571,1
HADOOP-5588,1
HADOOP-5194,1
HADOOP-4780,1
HADOOP-3020,1
HADOOP-5367,0
HADOOP-5473,0
HADOOP-5198,1
HADOOP-5551,1
HADOOP-5576,0
HADOOP-5464,0
HADOOP-5577,0
HADOOP-5604,0
HADOOP-2413,1
HADOOP-5569,0
HADOOP-2827,1
HADOOP-4374,1
HADOOP-5607,1
HADOOP-5528,0
HADOOP-5595,0
HADOOP-4045,1
HADOOP-5605,1
HADOOP-5337,1
HADOOP-5227,1
HADOOP-5305,1
HADOOP-5450,0
HADOOP-5437,2
HADOOP-5068,1
HADOOP-3810,1
HADOOP-5603,0
HADOOP-5518,1
HADOOP-5548,1
HADOOP-5469,1
HADOOP-5257,1
HADOOP-5585,0
HADOOP-5394,1
HADOOP-5462,1
HADOOP-5645,0
HADOOP-4584,1
HADOOP-5502,1
HADOOP-5485,1
HADOOP-5581,1
HADOOP-1823,0
HADOOP-5665,0
HADOOP-5509,1
HADOOP-5654,1
HADOOP-5494,0
HADOOP-5644,1
HADOOP-5652,1
HADOOP-5671,0
HADOOP-4944,0
HADOOP-5396,1
HADOOP-5655,1
HADOOP-4490,2
HADOOP-5638,0
HADOOP-5533,1
HADOOP-5646,1
HADOOP-5691,0
HADOOP-5661,0
HADOOP-5650,0
HADOOP-5704,1
HADOOP-5625,0
HADOOP-5658,1
HADOOP-5467,0
HADOOP-5688,0
HADOOP-5488,1
HADOOP-5709,0
HADOOP-5705,1
HADOOP-5589,1
HADOOP-4674,1
HADOOP-5715,1
HADOOP-5734,1
HADOOP-5711,1
HADOOP-5657,1
HADOOP-5752,0
HADOOP-5656,1
HADOOP-5213,0
HADOOP-5592,1
HADOOP-5613,1
HADOOP-5717,0
HADOOP-5266,0
HADOOP-5217,1
HADOOP-5738,1
HADOOP-5364,0
HADOOP-5733,1
HADOOP-5678,0
HADOOP-5406,1
HADOOP-5727,1
HADOOP-5596,1
HADOOP-5726,0
HADOOP-5745,0
HADOOP-5500,0
HADOOP-5579,1
HADOOP-3426,2
HADOOP-5081,1
HADOOP-5736,1
HADOOP-5718,0
HADOOP-5719,1
HADOOP-5015,1
HADOOP-5080,0
HADOOP-5476,1
HADOOP-5349,1
HADOOP-4372,0
HADOOP-5679,0
HADOOP-5636,1
HADOOP-5135,1
HADOOP-5771,0
HADOOP-5643,1
HADOOP-5419,1
HADOOP-5800,0
HADOOP-5675,0
HADOOP-5737,1
HADOOP-5641,2
HADOOP-5808,0
HADOOP-5780,1
HADOOP-5714,1
HADOOP-5203,1
HADOOP-5823,0
HADOOP-5827,1
HADOOP-5824,1
HADOOP-4359,0
HADOOP-5822,0
HADOOP-5818,1
HADOOP-5820,1
HADOOP-5842,0
HADOOP-5721,0
HADOOP-5828,0
HADOOP-5845,1
HADOOP-5838,0
HADOOP-5314,1
HADOOP-5855,0
HADOOP-5854,0
HADOOP-5369,1
HADOOP-5582,1
HADOOP-5858,0
HADOOP-5829,0
HADOOP-5853,0
HADOOP-5807,1
HADOOP-5835,0
HADOOP-5866,1
HADOOP-5857,0
HADOOP-5873,0
HADOOP-5801,0
HADOOP-5572,1
HADOOP-5841,0
HADOOP-5878,0
HADOOP-5839,1
HADOOP-4829,1
HADOOP-5867,0
HADOOP-5728,0
HADOOP-5850,1
HADOOP-5877,0
HADOOP-5847,1
HADOOP-5687,1
HADOOP-5900,0
HADOOP-5438,1
HADOOP-5252,1
HADOOP-5890,0
HADOOP-5710,0
HADOOP-2989,0
HADOOP-5902,0
HADOOP-5815,0
HADOOP-5782,0
HADOOP-5809,1
HADOOP-5472,1
HADOOP-5816,1
HADOOP-5635,1
HADOOP-5759,0
HADOOP-5881,1
HADOOP-4861,1
HADOOP-5175,1
HADOOP-5856,0
HADOOP-4626,1
HADOOP-5883,1
HADOOP-4864,1
HADOOP-5539,3
HADOOP-5895,0
HADOOP-5805,1
HADOOP-5932,1
HADOOP-5664,1
HADOOP-5620,1
HADOOP-5896,1
HADOOP-5940,1
HADOOP-5947,1
HADOOP-5899,1
HADOOP-5944,1
HADOOP-5951,0
HADOOP-5648,1
HADOOP-5891,0
HADOOP-5784,1
HADOOP-5953,0
HADOOP-5954,0
HADOOP-5956,0
HADOOP-5908,1
HADOOP-5955,0
HADOOP-5924,1
HADOOP-5948,0
HADOOP-5882,1
HADOOP-5844,0
HADOOP-5836,1
HADOOP-5804,1
HADOOP-5861,1
HADOOP-5762,0
HADOOP-5746,1
HADOOP-2838,1
HADOOP-5859,0
HADOOP-5884,1
HADOOP-5961,0
HADOOP-5963,1
HADOOP-5989,1
HADOOP-4768,1
HADOOP-5937,0
HADOOP-5457,1
HADOOP-5981,0
HADOOP-5420,1
HADOOP-6031,0
HADOOP-5980,1
HADOOP-5921,1
HADOOP-5897,0
HADOOP-4041,1
HADOOP-6017,0
HADOOP-2141,2
HADOOP-5920,1
HADOOP-5913,1
HADOOP-6067,0
HADOOP-6076,0
HADOOP-6004,0
HADOOP-5764,0
HADOOP-6079,0
HADOOP-5952,1
HADOOP-6096,0
HADOOP-5887,0
HADOOP-5967,0
HADOOP-5968,0
HADOOP-5898,1
HADOOP-6106,0
HADOOP-5925,0
HADOOP-3315,3
HADOOP-5775,0
HADOOP-6112,1
HADOOP-7131,1
HADOOP-6109,1
HADOOP-6080,1
HADOOP-2366,2
HADOOP-7159,0
HADOOP-7154,0
HADOOP-6912,0
HADOOP-7133,0
HADOOP-7156,0
HADOOP-7177,1
HADOOP-7166,0
HADOOP-7167,0
HADOOP-7175,1
HADOOP-7190,0
HADOOP-7117,1
HADOOP-7180,1
HADOOP-7204,0
HADOOP-7201,1
HADOOP-6949,1
HADOOP-7193,1
HADOOP-7187,0
HADOOP-7174,1
HADOOP-7194,1
HADOOP-7210,0
HADOOP-7019,1
HADOOP-7202,0
HADOOP-7216,1
HADOOP-6898,1
HADOOP-6994,0
HADOOP-7224,0
HADOOP-7171,0
HADOOP-7223,0
HADOOP-7014,0
HADOOP-7230,0
HADOOP-7231,0
HADOOP-7229,0
HADOOP-7207,0
HADOOP-7233,0
HADOOP-7172,1
HADOOP-7232,0
HADOOP-7241,1
HADOOP-7235,0
HADOOP-7143,1
HADOOP-7246,0
HADOOP-7247,0
HADOOP-7253,0
HADOOP-7184,0
HADOOP-7179,1
HADOOP-7227,0
HADOOP-7236,0
HADOOP-7250,0
HADOOP-7260,0
HADOOP-7244,0
HADOOP-7245,0
HADOOP-7183,1
HADOOP-6919,0
HADOOP-7261,0
HADOOP-7249,0
HADOOP-7251,0
HADOOP-7265,0
HADOOP-7238,0
HADOOP-7268,1
HADOOP-7257,0
HADOOP-7271,0
HADOOP-7272,0
HADOOP-6920,0
HADOOP-7214,0
HADOOP-7248,2
HADOOP-7068,1
HADOOP-7275,0
HADOOP-7237,0
HADOOP-7189,1
HADOOP-7267,0
HADOOP-7281,0
HADOOP-7277,0
HADOOP-6921,0
HADOOP-7055,1
HADOOP-6887,1
HADOOP-7137,2
HADOOP-7285,0
HADOOP-7274,1
HADOOP-7290,1
HADOOP-7288,0
HADOOP-7289,1
HADOOP-7192,0
HADOOP-7291,2
HADOOP-7292,0
HADOOP-7286,0
HADOOP-7296,1
HADOOP-7282,0
HADOOP-7300,0
HADOOP-6846,0
HADOOP-7301,1
HADOOP-7205,0
HADOOP-6832,2
HADOOP-7309,1
HADOOP-7306,0
HADOOP-7302,0
HADOOP-7283,1
HADOOP-7318,0
HADOOP-6508,1
HADOOP-7259,0
HADOOP-7287,1
HADOOP-6313,0
HADOOP-6344,1
HADOOP-6347,1
HADOOP-6223,1
HADOOP-6321,2
HADOOP-6343,0
HADOOP-6341,1
HADOOP-6337,0
HADOOP-6366,1
HADOOP-6314,1
HADOOP-6301,1
HADOOP-6367,0
HADOOP-3192,0
HADOOP-6375,0
HADOOP-6269,1
HADOOP-5107,1
HADOOP-6395,0
HADOOP-4901,1
HADOOP-6398,1
HADOOP-6405,0
HADOOP-6307,1
HADOOP-6400,0
HADOOP-6411,1
HADOOP-6396,0
HADOOP-6254,0
HADOOP-6346,0
HADOOP-6428,1
HADOOP-6353,1
HADOOP-6323,1
HADOOP-6422,0
HADOOP-6433,0
HADOOP-6414,1
HADOOP-6391,1
HADOOP-5958,1
HADOOP-6413,0
HADOOP-6222,1
HADOOP-6409,1
HADOOP-6441,0
HADOOP-6410,1
HADOOP-6394,0
HADOOP-6415,0
HADOOP-4656,2
HADOOP-6462,1
HADOOP-6435,2
HADOOP-6434,1
HADOOP-6452,2
HADOOP-6460,0
HADOOP-6402,2
HADOOP-6443,0
HADOOP-5489,2
HADOOP-6477,0
HADOOP-3205,1
HADOOP-5623,0
HADOOP-6408,1
HADOOP-6479,1
HADOOP-6420,0
HADOOP-6315,0
HADOOP-6451,1
HADOOP-6155,1
HADOOP-6489,0
HADOOP-6492,0
HADOOP-6497,0
HADOOP-6374,1
HADOOP-6495,0
HADOOP-6390,0
HADOOP-6498,0
HADOOP-6299,1
HADOOP-6506,0
HADOOP-6517,0
HADOOP-6524,0
HADOOP-6520,1
HADOOP-6518,0
HADOOP-6386,1
HADOOP-6531,0
HADOOP-6538,0
HADOOP-6419,2
HADOOP-6544,0
HADOOP-6510,0
HADOOP-6540,0
HADOOP-6547,1
HADOOP-6552,0
HADOOP-6522,1
HADOOP-5611,1
HADOOP-5612,1
HADOOP-6505,1
HADOOP-6548,1
HADOOP-6534,0
HADOOP-6559,0
HADOOP-6560,2
HADOOP-6549,1
HADOOP-6570,0
HADOOP-6421,0
HADOOP-6575,1
HADOOP-6576,1
HADOOP-6558,1
HADOOP-6551,0
HADOOP-6572,0
HADOOP-6545,1
HADOOP-6583,0
HADOOP-6577,0
HADOOP-7005,1
HADOOP-7007,1
HADOOP-6985,1
HADOOP-6947,0
HADOOP-6954,0
HADOOP-6724,0
HADOOP-7006,1
HADOOP-7010,1
HADOOP-7009,0
HADOOP-6663,1
HADOOP-6991,1
HADOOP-7011,0
HADOOP-7008,1
HADOOP-6996,0
HADOOP-6975,1
HADOOP-6818,0
HADOOP-6943,1
HADOOP-6758,3
HADOOP-6926,0
HADOOP-4675,1
HADOOP-6977,0
HADOOP-7024,1
HADOOP-6899,0
HADOOP-6903,1
HADOOP-7034,0
HADOOP-4487,3
HADOOP-6562,0
HADOOP-7032,0
HADOOP-7013,1
HADOOP-7028,1
HADOOP-7042,0
HADOOP-7015,1
HADOOP-7045,0
HADOOP-6683,1
HADOOP-7023,1
HADOOP-6764,0
HADOOP-7052,1
HADOOP-7001,1
HADOOP-7049,0
HADOOP-7053,1
HADOOP-7057,1
HADOOP-6978,0
HADOOP-7054,0
HADOOP-6939,1
HADOOP-7058,1
HADOOP-7060,0
HADOOP-7061,1
HADOOP-7038,0
HADOOP-7059,1
HADOOP-6298,1
HADOOP-7071,0
HADOOP-7078,3
HADOOP-7072,0
HADOOP-6578,1
HADOOP-7082,0
HADOOP-7070,0
HADOOP-7091,0
HADOOP-7087,0
HADOOP-7100,0
HADOOP-6995,0
HADOOP-6811,1
HADOOP-7097,1
HADOOP-7102,1
HADOOP-7093,0
HADOOP-7101,0
HADOOP-7089,0
HADOOP-7104,0
HADOOP-7108,0
HADOOP-6056,2
HADOOP-6923,1
HADOOP-7046,1
HADOOP-7118,0
HADOOP-7110,0
HADOOP-7122,0
HADOOP-7120,1
HADOOP-6864,1
HADOOP-6812,1
HADOOP-6904,0
HADOOP-7126,0
HADOOP-6436,3
HADOOP-7129,1
HADOOP-6432,0
HADOOP-7048,1
HADOOP-7096,1
HADOOP-6642,1
HADOOP-7136,0
HADOOP-7145,0
HADOOP-7134,0
HADOOP-6970,1
HADOOP-7094,1
HADOOP-7140,0
HADOOP-6376,1
HADOOP-7153,1
HADOOP-7151,1
HADOOP-7152,1
HADOOP-7112,0
HADOOP-7114,0
HADOOP-7162,1
HADOOP-6754,1
HADOOP-6649,0
HADOOP-7098,1
HADOOP-6674,0
HADOOP-6687,1
HADOOP-6813,0
HADOOP-6586,1
HADOOP-6526,0
HADOOP-6794,0
HADOOP-6403,0
HADOOP-6603,2
HADOOP-6814,0
HADOOP-6620,1
HADOOP-6613,0
HADOOP-6682,1
HADOOP-6652,0
HADOOP-6821,0
HADOOP-6668,0
HADOOP-6828,0
HADOOP-6826,0
HADOOP-6748,1
HADOOP-6716,1
HADOOP-6815,0
HADOOP-6800,1
HADOOP-6756,1
HADOOP-6584,0
HADOOP-6853,0
HADOOP-6847,1
HADOOP-6835,2
HADOOP-6819,0
HADOOP-6845,1
HADOOP-6648,1
HADOOP-6647,1
HADOOP-6825,0
HADOOP-6834,1
HADOOP-6839,0
HADOOP-6859,0
HADOOP-6836,0
HADOOP-6860,0
HADOOP-6670,0
HADOOP-6632,0
HADOOP-6790,1
HADOOP-6536,1
HADOOP-6805,0
HADOOP-6861,0
HADOOP-6875,0
HADOOP-6877,0
HADOOP-6881,0
HADOOP-6745,1
HADOOP-6869,1
HADOOP-6870,0
HADOOP-6633,1
HADOOP-6656,1
HADOOP-6888,0
HADOOP-6873,0
HADOOP-6890,0
HADOOP-6892,0
HADOOP-6900,1
HADOOP-6862,0
HADOOP-6911,0
HADOOP-6706,0
HADOOP-6715,0
HADOOP-5303,0
HADOOP-6905,0
HADOOP-6784,1
HADOOP-6914,0
HADOOP-6885,0
HADOOP-6693,0
HADOOP-6803,0
HADOOP-6482,1
HADOOP-6906,1
HADOOP-6925,0
HADOOP-6833,0
HADOOP-6932,1
HADOOP-6884,1
HADOOP-6786,1
HADOOP-6913,0
HADOOP-6907,0
HADOOP-6928,1
HADOOP-6934,1
HADOOP-6938,0
HADOOP-6930,1
HADOOP-6940,0
HADOOP-6950,1
HADOOP-6922,1
HADOOP-6965,0
HADOOP-6951,1
HADOOP-6969,1
HADOOP-6971,0
HADOOP-6989,2
HADOOP-6856,0
HADOOP-6984,1
HADOOP-6879,1
HADOOP-6993,1
HADOOP-6933,0
HADOOP-6944,0
HADOOP-6987,0
HADOOP-6472,1
HADOOP-6992,0
HADOOP-6628,0
HADOOP-6998,1
HADOOP-7003,1
HADOOP-6122,1
HADOOP-6114,1
HADOOP-6131,1
HADOOP-6137,1
HADOOP-5976,0
HADOOP-6090,1
HADOOP-6099,0
HADOOP-6139,1
HADOOP-6141,0
HADOOP-6145,1
HADOOP-6142,0
HADOOP-6146,0
HADOOP-6148,2
HADOOP-6134,1
HADOOP-6138,1
HADOOP-5935,1
HADOOP-6161,1
HADOOP-6160,1
HADOOP-6132,0
HADOOP-6120,1
HADOOP-5864,1
HADOOP-6123,1
HADOOP-6172,1
HADOOP-6150,0
HADOOP-6169,1
HADOOP-6124,1
HADOOP-6180,1
HADOOP-6176,0
HADOOP-6177,1
HADOOP-6188,1
HADOOP-6190,1
HADOOP-6192,0
HADOOP-6173,1
HADOOP-6103,1
HADOOP-6201,1
HADOOP-6182,3
HADOOP-6215,0
HADOOP-6184,1
HADOOP-6199,0
HADOOP-6227,1
HADOOP-6213,1
HADOOP-6166,0
HADOOP-6152,0
HADOOP-6224,0
HADOOP-6226,0
HADOOP-6165,1
HADOOP-6229,1
HADOOP-6230,1
HADOOP-6133,0
HADOOP-6203,1
HADOOP-6105,1
HADOOP-6009,1
HADOOP-6243,2
HADOOP-6181,1
HADOOP-6235,0
HADOOP-5073,1
HADOOP-6234,1
HADOOP-4012,0
HADOOP-6252,0
HADOOP-6196,1
HADOOP-6246,0
HADOOP-5879,1
HADOOP-6250,1
HADOOP-6257,1
HADOOP-6216,1
HADOOP-4952,0
HADOOP-6217,1
HADOOP-6268,0
HADOOP-6151,1
HADOOP-6270,1
HADOOP-6170,0
HADOOP-6231,1
HADOOP-6267,0
HADOOP-6240,1
HADOOP-6271,0
HADOOP-6233,0
HADOOP-6260,0
HADOOP-6274,1
HADOOP-6281,1
HADOOP-6261,0
HADOOP-6285,0
HADOOP-6284,1
HADOOP-6286,1
HADOOP-6279,0
HADOOP-6303,0
HADOOP-6283,1
HADOOP-6305,0
HADOOP-6218,1
HADOOP-6309,1
HADOOP-6293,1
HADOOP-6312,0
HADOOP-6204,0
HADOOP-6136,1
HADOOP-6097,1
HADOOP-6292,1
HADOOP-6327,1
HADOOP-6329,0
HADOOP-6326,1
HADOOP-6318,0
HADOOP-6543,0
HADOOP-6467,0
HADOOP-6334,0
HADOOP-6579,0
HADOOP-6596,0
HADOOP-6568,1
HADOOP-1849,1
HADOOP-6573,0
HADOOP-6594,0
HADOOP-6589,0
HADOOP-6599,0
HADOOP-6537,1
HADOOP-6609,1
HADOOP-6504,1
HADOOP-6486,0
HADOOP-3659,1
HADOOP-6382,0
HADOOP-6591,1
HADOOP-6407,1
HADOOP-6546,1
HADOOP-6593,1
HADOOP-6637,1
HADOOP-6175,1
HADOOP-6471,1
HADOOP-6646,0
HADOOP-6645,0
HADOOP-6566,1
HADOOP-6582,0
HADOOP-6654,0
HADOOP-6569,0
HADOOP-6640,1
HADOOP-6691,0
HADOOP-6689,0
HADOOP-6507,0
HADOOP-6580,0
HADOOP-6705,0
HADOOP-6439,1
HADOOP-6658,0
HADOOP-6690,1
HADOOP-6719,0
HADOOP-6686,0
HADOOP-6521,1
HADOOP-6657,0
HADOOP-6710,1
HADOOP-6635,1
HADOOP-6717,0
HADOOP-6667,1
HADOOP-6677,1
HADOOP-6692,0
HADOOP-6713,0
HADOOP-6703,0
HADOOP-6721,0
HADOOP-6701,0
HADOOP-6722,0
HADOOP-6634,1
HADOOP-6678,1
HADOOP-6698,1
HADOOP-6709,0
HADOOP-6515,1
HADOOP-6630,1
HADOOP-6742,0
HADOOP-6727,0
HADOOP-6730,1
HADOOP-6563,0
HADOOP-6669,0
HADOOP-6623,0
HADOOP-6631,1
HADOOP-6702,0
HADOOP-6763,1
HADOOP-6600,1
HADOOP-6612,1
HADOOP-6761,1
HADOOP-6769,0
HADOOP-6627,1
HADOOP-6752,1
HADOOP-6714,1
HADOOP-6778,1
HADOOP-6781,1
HADOOP-6760,0
HADOOP-6723,0
HADOOP-6771,0
HADOOP-5271,0
HADOOP-6773,0
HADOOP-6332,3
HADOOP-6772,0
HADOOP-6777,0
HADOOP-6638,1
HADOOP-6644,1
HADOOP-6581,0
HADOOP-6782,1
HADOOP-6585,0
HADOOP-6747,3
HADOOP-6798,0
HADOOP-6404,2
HADOOP-6461,2
HADOOP-6791,1
HADOOP-6787,1
HADOOP-6661,0
HADOOP-6788,1
HADOOP-6780,0
HADOOP-6738,0
HADOOP-7215,0
HADOOP-7258,0
HADOOP-7329,1
HADOOP-7320,0
HADOOP-7322,0
HADOOP-7312,1
HADOOP-7330,0
HADOOP-7146,0
HADOOP-7333,1
HADOOP-6255,1
HADOOP-7276,1
HADOOP-7337,0
HADOOP-7208,1
HADOOP-7336,0
HADOOP-7121,2
HADOOP-7351,1
HADOOP-7355,0
HADOOP-7349,0
HADOOP-7331,0
HADOOP-7316,1
HADOOP-7342,0
HADOOP-7284,0
HADOOP-7144,2
HADOOP-7341,0
HADOOP-7335,0
HADOOP-7346,0
HADOOP-7353,0
HADOOP-7325,3
HADOOP-7343,0
HADOOP-7323,0
HADOOP-5647,0
HADOOP-7364,0
HADOOP-1886,1
HADOOP-7373,1
HADOOP-7375,0
HADOOP-7383,0
HADOOP-6936,0
HADOOP-7374,0
HADOOP-6605,1
HADOOP-7384,0
HADOOP-7389,0
HADOOP-7106,2
HADOOP-7390,1
HADOOP-7379,0
HADOOP-7377,0
HADOOP-6929,1
HADOOP-7398,0
HADOOP-7400,0
HADOOP-7402,0
HADOOP-7385,0
HADOOP-7372,0
HADOOP-7392,1
HADOOP-7206,4
HADOOP-310,2
HADOOP-7429,0
HADOOP-7040,0
HADOOP-7428,0
HADOOP-7437,0
HADOOP-7090,1
HADOOP-7440,0
HADOOP-7442,0
HADOOP-7419,1
HADOOP-7448,0
HADOOP-7451,0
HADOOP-7449,0
HADOOP-7327,0
HADOOP-7380,0
HADOOP-7361,1
HADOOP-7324,1
HADOOP-7430,0
HADOOP-7444,1
HADOOP-7443,0
HADOOP-516,0
HADOOP-466,2
HADOOP-7305,0
HADOOP-860,1
HADOOP-1713,0
HADOOP-907,0
HADOOP-1916,1
HADOOP-2069,0
HADOOP-1922,0
HADOOP-1786,1
HADOOP-7465,0
HADOOP-7434,1
HADOOP-7471,0
HADOOP-2081,1
HADOOP-7432,0
HADOOP-7314,0
HADOOP-7111,1
HADOOP-7475,0
HADOOP-7460,1
HADOOP-7463,0
HADOOP-7298,0
HADOOP-7438,0
HADOOP-7252,1
HADOOP-6385,1
HADOOP-7485,0
HADOOP-7378,0
HADOOP-7474,0
HADOOP-7356,0
HADOOP-7491,1
HADOOP-7178,1
HADOOP-7502,0
HADOOP-7501,1
HADOOP-7508,0
HADOOP-6671,1
HADOOP-7961,0
HADOOP-7445,0
HADOOP-7455,0
HADOOP-7515,0
HADOOP-7514,0
HADOOP-7520,0
HADOOP-7513,0
HADOOP-7523,1
HADOOP-7528,0
HADOOP-7525,1
HADOOP-7500,0
HADOOP-7533,0
HADOOP-7472,0
HADOOP-7295,0
HADOOP-6423,0
HADOOP-6880,0
HADOOP-6247,0
HADOOP-6110,1
HADOOP-4343,0
HADOOP-3473,0
HADOOP-4385,0
HADOOP-7240,0
HADOOP-5010,0
HADOOP-953,0
HADOOP-601,0
HADOOP-1899,0
HADOOP-1333,0
HADOOP-7512,1
HADOOP-7499,0
HADOOP-7357,2
HADOOP-6158,1
HADOOP-6622,1
HADOOP-7526,0
HADOOP-7531,0
HADOOP-7530,1
HADOOP-7545,0
HADOOP-7529,1
HADOOP-7536,1
HADOOP-7493,0
HADOOP-7555,0
HADOOP-7264,1
HADOOP-7321,0
HADOOP-7562,1
HADOOP-7498,1
HADOOP-7496,0
HADOOP-7566,1
HADOOP-7561,0
HADOOP-7567,1
HADOOP-7563,0
HADOOP-7581,1
HADOOP-7578,0
HADOOP-7560,0
HADOOP-7163,0
HADOOP-7243,0
HADOOP-7547,0
HADOOP-7559,1
HADOOP-7539,0
HADOOP-7589,0
HADOOP-7576,1
HADOOP-7593,1
HADOOP-7579,0
HADOOP-7577,0
HADOOP-7594,0
HADOOP-7595,0
HADOOP-7604,0
HADOOP-7552,0
HADOOP-7606,1
HADOOP-7580,0
HADOOP-7524,0
HADOOP-7596,0
HADOOP-7507,1
HADOOP-7612,0
HADOOP-7607,0
HADOOP-7598,0
HADOOP-7610,0
HADOOP-7119,0
HADOOP-7568,1
HADOOP-7599,0
HADOOP-7626,0
HADOOP-7413,0
HADOOP-7641,0
HADOOP-7629,1
HADOOP-7635,0
HADOOP-7625,0
HADOOP-7406,0
HADOOP-7608,0
HADOOP-7637,0
HADOOP-7634,0
HADOOP-7631,1
HADOOP-7647,0
HADOOP-7639,0
HADOOP-7630,1
HADOOP-7633,1
HADOOP-7575,0
HADOOP-7665,1
HADOOP-7666,0
HADOOP-7621,2
HADOOP-7653,1
HADOOP-7644,0
HADOOP-7645,1
HADOOP-7674,0
HADOOP-7669,0
HADOOP-7671,4
HADOOP-7457,1
HADOOP-7663,1
HADOOP-7679,0
HADOOP-7646,0
HADOOP-7662,0
HADOOP-7687,0
HADOOP-7683,0
HADOOP-7668,1
HADOOP-6220,2
HADOOP-7697,0
HADOOP-7716,0
HADOOP-7469,1
HADOOP-7691,1
HADOOP-7603,0
HADOOP-7658,1
HADOOP-7684,0
HADOOP-7715,1
HADOOP-7685,1
HADOOP-7711,2
HADOOP-6889,1
HADOOP-7681,0
HADOOP-7710,1
HADOOP-7708,2
HADOOP-7707,3
HADOOP-7720,0
HADOOP-7703,0
HADOOP-7704,0
HADOOP-7717,0
HADOOP-7695,0
HADOOP-7724,1
HADOOP-7721,1
HADOOP-7727,0
HADOOP-7627,0
HADOOP-7624,1
HADOOP-7642,1
HADOOP-6490,1
HADOOP-7736,0
HADOOP-7709,0
HADOOP-7737,0
HADOOP-7745,0
HADOOP-7743,0
HADOOP-7509,0
HADOOP-7705,2
HADOOP-7729,0
HADOOP-7655,1
HADOOP-7755,1
HADOOP-7602,0
HADOOP-7649,1
HADOOP-7744,0
HADOOP-7749,1
HADOOP-7564,1
HADOOP-7769,1
HADOOP-7764,0
HADOOP-7766,0
HADOOP-7768,1
HADOOP-7761,0
HADOOP-7772,0
HADOOP-7762,0
HADOOP-7728,0
HADOOP-7753,0
HADOOP-7778,0
HADOOP-7360,1
HADOOP-7765,0
HADOOP-7424,1
HADOOP-7740,0
HADOOP-7770,0
HADOOP-7774,1
HADOOP-7773,0
HADOOP-7446,1
HADOOP-7763,0
HADOOP-7782,1
HADOOP-7771,2
HADOOP-7785,0
HADOOP-7786,2
HADOOP-7789,0
HADOOP-7792,0
HADOOP-7798,1
HADOOP-7797,0
HADOOP-7784,1
HADOOP-7776,0
HADOOP-7801,1
HADOOP-7664,0
HADOOP-7813,0
HADOOP-7820,0
HADOOP-7816,0
HADOOP-7450,1
HADOOP-7811,0
HADOOP-7787,1
HADOOP-7802,1
HADOOP-7297,2
HADOOP-7590,0
HADOOP-8872,0
HADOOP-8954,0
HADOOP-8540,0
HADOOP-8959,0
HADOOP-5006,0
HADOOP-8971,0
HADOOP-8955,0
HADOOP-8947,0
HADOOP-8960,1
HADOOP-8961,1
HADOOP-8885,1
HADOOP-8713,0
HADOOP-8567,1
HADOOP-8968,1
HADOOP-8985,1
HADOOP-8995,0
HADOOP-8994,1
HADOOP-8986,0
HADOOP-8949,0
HADOOP-8956,0
HADOOP-8978,0
HADOOP-8988,0
HADOOP-8979,0
HADOOP-8420,1
HADOOP-8983,1
HADOOP-9007,1
HADOOP-9010,0
HADOOP-9009,0
HADOOP-9012,0
HADOOP-9013,0
HADOOP-9014,0
HADOOP-8953,1
HADOOP-9015,0
HADOOP-8589,2
HADOOP-8974,0
HADOOP-8975,0
HADOOP-9006,1
HADOOP-7115,1
HADOOP-9020,0
HADOOP-8963,1
HADOOP-8977,0
HADOOP-9005,0
HADOOP-9008,1
HADOOP-9017,0
HADOOP-9021,0
HADOOP-9022,1
HADOOP-9025,1
HADOOP-8999,0
HADOOP-8820,1
HADOOP-9011,0
HADOOP-8972,0
HADOOP-8998,1
HADOOP-9026,0
HADOOP-9027,0
HADOOP-9037,1
HADOOP-6607,1
HADOOP-9035,0
HADOOP-8847,0
HADOOP-9036,1
HADOOP-9058,1
HADOOP-8456,1
HADOOP-6616,1
HADOOP-9050,1
HADOOP-8860,0
HADOOP-9062,0
HADOOP-9042,0
HADOOP-9072,0
HADOOP-9075,0
HADOOP-6453,4
HADOOP-9091,0
HADOOP-9049,2
HADOOP-8992,0
HADOOP-9038,0
HADOOP-9080,0
HADOOP-9093,0
HADOOP-9095,1
HADOOP-9110,0
HADOOP-9064,1
HADOOP-9108,1
HADOOP-9090,1
HADOOP-9111,0
HADOOP-9115,1
HADOOP-9102,0
HADOOP-9103,1
HADOOP-9061,0
HADOOP-8874,0
HADOOP-9121,1
HADOOP-9054,0
HADOOP-9126,3
HADOOP-6762,3
HADOOP-9113,1
HADOOP-9098,1
HADOOP-9056,0
HADOOP-7347,0
HADOOP-9135,0
HADOOP-9132,1
HADOOP-9127,0
HADOOP-9051,1
HADOOP-9144,0
HADOOP-9081,0
HADOOP-8354,1
HADOOP-8373,0
HADOOP-8372,0
HADOOP-8340,0
HADOOP-8375,1
HADOOP-8388,0
HADOOP-8353,0
HADOOP-8316,1
HADOOP-8366,0
HADOOP-8224,1
HADOOP-8361,0
HADOOP-8395,1
HADOOP-8276,0
HADOOP-8297,0
HADOOP-8398,1
HADOOP-8393,0
HADOOP-8400,0
HADOOP-8403,0
HADOOP-8405,0
HADOOP-8406,0
HADOOP-8360,1
HADOOP-8287,2
HADOOP-8413,0
HADOOP-8329,2
HADOOP-7069,1
HADOOP-8408,0
HADOOP-8367,0
HADOOP-8415,1
HADOOP-8422,2
HADOOP-7659,1
HADOOP-8323,0
HADOOP-6871,1
HADOOP-8358,1
HADOOP-6882,0
HADOOP-8268,1
HADOOP-8444,1
HADOOP-8445,0
HADOOP-8452,0
HADOOP-8411,1
HADOOP-8374,0
HADOOP-8223,0
HADOOP-8234,0
HADOOP-8412,1
HADOOP-8235,2
HADOOP-8466,0
HADOOP-8460,0
HADOOP-8450,2
HADOOP-8101,0
HADOOP-8430,1
HADOOP-7338,1
HADOOP-8481,0
HADOOP-8381,0
HADOOP-8383,0
HADOOP-8485,1
HADOOP-8488,1
HADOOP-8424,0
HADOOP-8501,1
HADOOP-8458,0
HADOOP-8465,0
HADOOP-8507,0
HADOOP-8368,0
HADOOP-8433,1
HADOOP-8023,0
HADOOP-8509,1
HADOOP-8495,0
HADOOP-8512,0
HADOOP-8454,0
HADOOP-8409,1
HADOOP-8524,1
HADOOP-8489,0
HADOOP-7868,1
HADOOP-8129,2
HADOOP-8486,1
HADOOP-8059,2
HADOOP-8535,0
HADOOP-8249,1
HADOOP-8168,1
HADOOP-8438,0
HADOOP-3450,1
HADOOP-6802,1
HADOOP-8449,1
HADOOP-8538,1
HADOOP-8548,1
HADOOP-8533,1
HADOOP-8463,1
HADOOP-8534,1
HADOOP-8434,1
HADOOP-8414,3
HADOOP-8547,0
HADOOP-8110,1
HADOOP-6527,1
HADOOP-8563,0
HADOOP-8523,1
HADOOP-8566,1
HADOOP-8417,1
HADOOP-8399,1
HADOOP-5754,0
HADOOP-8573,0
HADOOP-8525,1
HADOOP-8584,0
HADOOP-9146,0
HADOOP-8976,0
HADOOP-9041,2
HADOOP-8561,0
HADOOP-9018,0
HADOOP-8981,4
HADOOP-9140,0
HADOOP-9004,1
HADOOP-9153,0
HADOOP-9152,1
HADOOP-9147,0
HADOOP-9128,0
HADOOP-8389,0
HADOOP-8427,1
HADOOP-9105,0
HADOOP-9162,0
HADOOP-9169,0
HADOOP-9174,0
HADOOP-9175,0
HADOOP-9173,0
HADOOP-9179,0
HADOOP-9181,1
HADOOP-9119,1
HADOOP-9118,0
HADOOP-9185,0
HADOOP-9191,0
HADOOP-9155,1
HADOOP-9183,0
HADOOP-9139,0
HADOOP-9192,0
HADOOP-9097,1
HADOOP-9202,0
HADOOP-9178,0
HADOOP-9203,1
HADOOP-8816,1
HADOOP-8712,0
HADOOP-9106,1
HADOOP-9212,0
HADOOP-9215,1
HADOOP-9216,1
HADOOP-9193,2
HADOOP-8849,1
HADOOP-9074,0
HADOOP-9177,0
HADOOP-8924,2
HADOOP-9231,0
HADOOP-8580,0
HADOOP-9239,1
HADOOP-9217,1
HADOOP-9242,0
HADOOP-8857,2
HADOOP-9245,1
HADOOP-9247,0
HADOOP-9255,0
HADOOP-9249,0
HADOOP-9190,1
HADOOP-9221,1
HADOOP-9266,0
HADOOP-9264,1
HADOOP-9270,0
HADOOP-8418,1
HADOOP-9067,0
HADOOP-9271,0
HADOOP-9252,0
HADOOP-9276,0
HADOOP-9278,0
HADOOP-9260,1
HADOOP-9289,0
HADOOP-9070,0
HADOOP-9283,0
HADOOP-9124,1
HADOOP-9277,0
HADOOP-9294,0
HADOOP-9303,1
HADOOP-9302,1
HADOOP-9246,1
HADOOP-9305,0
HADOOP-9117,0
HADOOP-9297,0
HADOOP-9218,0
HADOOP-9304,0
HADOOP-9154,1
HADOOP-9316,1
HADOOP-9313,1
HADOOP-9309,1
HADOOP-9267,0
HADOOP-9279,1
HADOOP-8569,0
HADOOP-8419,1
HADOOP-9323,1
HADOOP-7487,1
HADOOP-9334,1
HADOOP-8917,0
HADOOP-9342,1
HADOOP-9339,0
HADOOP-9336,0
HADOOP-9230,1
HADOOP-9349,1
HADOOP-9348,1
HADOOP-9347,0
HADOOP-8775,1
HADOOP-8745,1
HADOOP-8739,0
HADOOP-8662,0
HADOOP-8781,1
HADOOP-8789,0
HADOOP-8767,1
HADOOP-8597,1
HADOOP-8801,0
HADOOP-8795,1
HADOOP-8780,1
HADOOP-8755,1
HADOOP-8734,0
HADOOP-8821,0
HADOOP-8818,0
HADOOP-8819,0
HADOOP-8812,0
HADOOP-8806,1
HADOOP-8786,0
HADOOP-7688,1
HADOOP-8457,1
HADOOP-8814,0
HADOOP-8832,0
HADOOP-8833,0
HADOOP-7698,0
HADOOP-8588,1
HADOOP-7256,1
HADOOP-8158,1
HADOOP-8733,0
HADOOP-2318,1
HADOOP-8815,0
HADOOP-8791,1
HADOOP-8838,0
HADOOP-8436,1
HADOOP-8840,0
HADOOP-8822,0
HADOOP-8794,1
HADOOP-8843,1
HADOOP-8866,0
HADOOP-8864,0
HADOOP-8855,0
HADOOP-8386,1
HADOOP-8839,1
HADOOP-8851,1
HADOOP-8836,0
HADOOP-8694,0
HADOOP-8871,1
HADOOP-8616,1
HADOOP-8879,1
HADOOP-8783,0
HADOOP-8756,0
HADOOP-8881,0
HADOOP-8889,0
HADOOP-8894,0
HADOOP-8804,2
HADOOP-8886,0
HADOOP-8903,1
HADOOP-8908,1
HADOOP-8913,0
HADOOP-8878,0
HADOOP-8909,0
HADOOP-8918,1
HADOOP-8910,0
HADOOP-8911,1
HADOOP-8784,0
HADOOP-8912,1
HADOOP-8920,1
HADOOP-8906,1
HADOOP-8883,0
HADOOP-8932,0
HADOOP-8929,1
HADOOP-8922,1
HADOOP-8926,1
HADOOP-8931,0
HADOOP-8868,0
HADOOP-8882,0
HADOOP-8936,0
HADOOP-8869,0
HADOOP-6496,2
HADOOP-8935,1
HADOOP-7827,1
HADOOP-8930,0
HADOOP-8776,1
HADOOP-8823,0
HADOOP-8861,1
HADOOP-8925,0
HADOOP-8945,0
HADOOP-8946,0
HADOOP-8948,0
HADOOP-8763,0
HADOOP-8902,1
HADOOP-8951,1
HADOOP-8899,1
HADOOP-8880,0
HADOOP-8564,0
HADOOP-8900,1
HADOOP-8962,1
HADOOP-8811,1
HADOOP-8907,0
HADOOP-8901,0
HADOOP-9352,0
HADOOP-9163,1
HADOOP-9354,0
HADOOP-9356,0
HADOOP-9337,0
HADOOP-9232,1
HADOOP-9250,0
HADOOP-9343,0
HADOOP-9368,0
HADOOP-9373,0
HADOOP-8462,1
HADOOP-9209,0
HADOOP-9372,0
HADOOP-9376,0
HADOOP-9374,0
HADOOP-9365,0
HADOOP-9369,1
HADOOP-9364,0
HADOOP-9151,0
HADOOP-8973,0
HADOOP-9379,0
HADOOP-9393,0
HADOOP-9394,0
HADOOP-9099,0
HADOOP-9388,0
HADOOP-9397,1
HADOOP-9406,0
HADOOP-9301,0
HADOOP-9408,1
HADOOP-9318,0
HADOOP-9299,3
HADOOP-9380,0
HADOOP-8817,0
HADOOP-9387,0
HADOOP-9399,1
HADOOP-9353,1
HADOOP-9431,0
HADOOP-9261,1
HADOOP-9265,2
HADOOP-9259,1
HADOOP-9228,1
HADOOP-9227,1
HADOOP-9258,0
HADOOP-9433,0
HADOOP-9430,0
HADOOP-9434,0
HADOOP-9194,1
HADOOP-9358,0
HADOOP-9125,1
HADOOP-9444,1
HADOOP-9150,1
HADOOP-9253,0
HADOOP-9401,1
HADOOP-9451,0
HADOOP-9405,0
HADOOP-9429,0
HADOOP-9071,0
HADOOP-9463,0
HADOOP-9467,0
HADOOP-9437,0
HADOOP-8731,2
HADOOP-9471,0
HADOOP-9222,1
HADOOP-9233,1
HADOOP-9211,1
HADOOP-9450,1
HADOOP-9486,0
HADOOP-9480,0
HADOOP-9452,0
HADOOP-9488,0
HADOOP-9469,1
HADOOP-9443,0
HADOOP-9473,4
HADOOP-9492,0
HADOOP-9458,1
HADOOP-9496,0
HADOOP-9502,1
HADOOP-9503,1
HADOOP-9500,0
HADOOP-9490,0
HADOOP-9524,0
HADOOP-9472,0
HADOOP-9290,1
HADOOP-9338,1
HADOOP-9322,1
HADOOP-9413,0
HADOOP-8608,1
HADOOP-9455,1
HADOOP-9532,0
HADOOP-9537,0
HADOOP-9543,0
HADOOP-9483,1
HADOOP-9043,2
HADOOP-6311,1
HADOOP-9544,0
HADOOP-9511,1
HADOOP-9425,0
HADOOP-9375,1
HADOOP-9550,1
HADOOP-8204,1
HADOOP-8357,1
HADOOP-8159,0
HADOOP-8206,0
HADOOP-8202,0
HADOOP-8216,0
HADOOP-8218,0
HADOOP-8208,1
HADOOP-6757,0
HADOOP-8149,3
HADOOP-8212,0
HADOOP-8220,0
HADOOP-8228,0
HADOOP-8211,1
HADOOP-8238,1
HADOOP-8199,1
HADOOP-8236,1
HADOOP-8210,1
HADOOP-8242,0
HADOOP-8243,0
HADOOP-8215,0
HADOOP-8007,1
HADOOP-8245,0
HADOOP-8088,1
HADOOP-8179,1
HADOOP-8244,0
HADOOP-7757,0
HADOOP-8180,0
HADOOP-8077,1
HADOOP-6963,1
HADOOP-8251,0
HADOOP-8086,0
HADOOP-8014,1
HADOOP-8257,0
HADOOP-8260,0
HADOOP-8246,0
HADOOP-8261,0
HADOOP-8263,0
HADOOP-8264,1
HADOOP-8247,0
HADOOP-8269,1
HADOOP-8147,0
HADOOP-8270,0
HADOOP-8209,1
HADOOP-8144,1
HADOOP-8005,1
HADOOP-7510,0
HADOOP-7209,1
HADOOP-7176,1
HADOOP-8283,0
HADOOP-8286,0
HADOOP-8282,0
HADOOP-8280,0
HADOOP-8290,0
HADOOP-8288,0
HADOOP-8117,0
HADOOP-7350,1
HADOOP-8293,0
HADOOP-8284,0
HADOOP-8152,1
HADOOP-8285,0
HADOOP-8309,0
HADOOP-8227,0
HADOOP-8306,0
HADOOP-7549,0
HADOOP-8294,0
HADOOP-8296,1
HADOOP-8310,0
HADOOP-8321,1
HADOOP-8314,0
HADOOP-8305,0
HADOOP-8230,1
HADOOP-8334,0
HADOOP-8330,0
HADOOP-8325,0
HADOOP-8312,0
HADOOP-8335,0
HADOOP-8317,0
HADOOP-8275,0
HADOOP-8172,2
HADOOP-8339,1
HADOOP-8338,0
HADOOP-8185,0
HADOOP-8342,1
HADOOP-8279,1
HADOOP-8214,0
HADOOP-8347,0
HADOOP-8346,1
HADOOP-8352,1
HADOOP-8350,0
HADOOP-8356,0
HADOOP-8355,0
HADOOP-8343,1
HADOOP-8349,0
HADOOP-7381,0
HADOOP-8327,0
HADOOP-8328,1
HADOOP-7775,0
HADOOP-8359,1
HADOOP-8308,1
HADOOP-8586,0
HADOOP-8341,0
HADOOP-3886,1
HADOOP-8587,1
HADOOP-8521,0
HADOOP-8365,1
HADOOP-8585,0
HADOOP-8541,1
HADOOP-7836,1
HADOOP-8544,0
HADOOP-8499,0
HADOOP-8543,1
HADOOP-8362,1
HADOOP-7818,1
HADOOP-8531,1
HADOOP-8552,2
HADOOP-8423,1
HADOOP-8593,0
HADOOP-8599,1
HADOOP-8537,1
HADOOP-8609,1
HADOOP-7823,3
HADOOP-8612,1
HADOOP-8606,0
HADOOP-8618,0
HADOOP-8617,0
HADOOP-8551,1
HADOOP-8623,1
HADOOP-8626,1
HADOOP-8613,0
HADOOP-8634,0
HADOOP-8627,0
HADOOP-8550,1
HADOOP-8635,0
HADOOP-8637,0
HADOOP-8370,1
HADOOP-8633,0
HADOOP-8638,2
HADOOP-8620,0
HADOOP-8480,1
HADOOP-8652,0
HADOOP-8644,0
HADOOP-8660,1
HADOOP-8659,1
HADOOP-8687,0
HADOOP-8581,0
HADOOP-8656,1
HADOOP-8699,0
HADOOP-8700,0
HADOOP-7754,0
HADOOP-8278,1
HADOOP-8703,0
HADOOP-8654,0
HADOOP-8390,1
HADOOP-8697,1
HADOOP-8692,1
HADOOP-8693,1
HADOOP-8695,1
HADOOP-8689,0
HADOOP-8710,0
HADOOP-8240,1
HADOOP-7967,1
HADOOP-8611,1
HADOOP-8686,0
HADOOP-8715,0
HADOOP-8239,0
HADOOP-8711,0
HADOOP-8720,1
HADOOP-8721,1
HADOOP-8655,0
HADOOP-8632,1
HADOOP-8075,1
HADOOP-8225,2
HADOOP-8709,0
HADOOP-7942,1
HADOOP-8725,0
HADOOP-8060,0
HADOOP-8619,1
HADOOP-8614,0
HADOOP-8747,0
HADOOP-8737,0
HADOOP-8657,0
HADOOP-8732,0
HADOOP-8453,0
HADOOP-8726,2
HADOOP-8031,1
HADOOP-8748,0
HADOOP-8722,1
HADOOP-8684,1
HADOOP-8727,1
HADOOP-8764,1
HADOOP-8736,0
HADOOP-8770,1
HADOOP-8624,0
HADOOP-8766,1
HADOOP-8648,0
HADOOP-8664,0
HADOOP-8487,1
HADOOP-8749,0
HADOOP-8431,1
HADOOP-7841,0
HADOOP-8754,0
HADOOP-7833,1
HADOOP-7783,0
HADOOP-6614,1
HADOOP-7358,1
HADOOP-7843,0
HADOOP-7861,0
HADOOP-7859,0
HADOOP-7858,0
HADOOP-7804,0
HADOOP-7815,0
HADOOP-7777,0
HADOOP-7865,0
HADOOP-7864,1
HADOOP-7853,0
HADOOP-7870,1
HADOOP-7869,0
HADOOP-7854,0
HADOOP-7877,0
HADOOP-7879,1
HADOOP-7874,0
HADOOP-7875,0
HADOOP-7886,3
HADOOP-7876,0
HADOOP-7888,1
HADOOP-7897,0
HADOOP-7887,0
HADOOP-7898,0
HADOOP-6886,1
HADOOP-7758,0
HADOOP-7851,1
HADOOP-7908,0
HADOOP-7902,1
HADOOP-7878,0
HADOOP-7912,0
HADOOP-7862,0
HADOOP-7914,0
HADOOP-7913,0
HADOOP-7892,0
HADOOP-7922,0
HADOOP-7810,0
HADOOP-7896,0
HADOOP-7921,0
HADOOP-7917,0
HADOOP-7928,0
HADOOP-7461,1
HADOOP-7903,1
HADOOP-7931,0
HADOOP-7657,1
HADOOP-7925,0
HADOOP-7932,0
HADOOP-7837,1
HADOOP-7890,0
HADOOP-7574,0
HADOOP-7348,0
HADOOP-7910,1
HADOOP-4168,0
HADOOP-6840,2
HADOOP-7845,1
HADOOP-7504,1
HADOOP-7919,1
HADOOP-7948,1
HADOOP-7933,1
HADOOP-7949,0
HADOOP-7808,0
HADOOP-7934,0
HADOOP-7924,0
HADOOP-7957,0
HADOOP-7907,0
HADOOP-7936,1
HADOOP-7937,1
HADOOP-7960,1
HADOOP-4515,1
HADOOP-7944,0
HADOOP-7963,1
HADOOP-7970,0
HADOOP-7972,0
HADOOP-7920,0
HADOOP-7975,1
HADOOP-7968,1
HADOOP-7971,2
HADOOP-7982,0
HADOOP-7981,1
HADOOP-7986,0
HADOOP-7571,0
HADOOP-7964,1
HADOOP-7987,1
HADOOP-7992,3
HADOOP-7993,0
HADOOP-7965,0
HADOOP-7328,0
HADOOP-7998,0
HADOOP-8000,0
HADOOP-7939,0
HADOOP-7988,0
HADOOP-8002,0
HADOOP-7116,0
HADOOP-7999,0
HADOOP-6418,0
HADOOP-7983,0
HADOOP-7938,0
HADOOP-7570,0
HADOOP-8006,1
HADOOP-8010,0
HADOOP-7470,1
HADOOP-8001,0
HADOOP-8015,0
HADOOP-8018,1
HADOOP-7991,0
HADOOP-8013,0
HADOOP-8017,1
HADOOP-8027,1
HADOOP-7997,0
HADOOP-7974,1
HADOOP-8012,0
HADOOP-8038,0
HADOOP-8032,0
HADOOP-8042,1
HADOOP-8041,1
HADOOP-7923,0
HADOOP-8035,1
HADOOP-8048,0
HADOOP-8051,0
HADOOP-8055,1
HADOOP-8052,0
HADOOP-8037,1
HADOOP-8009,0
HADOOP-8070,0
HADOOP-8071,0
HADOOP-8067,0
HADOOP-8068,0
HADOOP-6502,2
HADOOP-8074,0
HADOOP-8082,0
HADOOP-8066,0
HADOOP-8083,0
HADOOP-8054,2
HADOOP-8036,2
HADOOP-8046,0
HADOOP-8057,1
HADOOP-8084,0
HADOOP-7680,2
HADOOP-7660,1
HADOOP-8050,1
HADOOP-8085,1
HADOOP-7899,0
HADOOP-8108,0
HADOOP-8113,2
HADOOP-8116,0
HADOOP-7693,0
HADOOP-8078,0
HADOOP-8098,0
HADOOP-8104,1
HADOOP-7940,1
HADOOP-8118,0
HADOOP-8119,0
HADOOP-7557,1
HADOOP-7994,0
HADOOP-8124,0
HADOOP-7454,2
HADOOP-8131,0
HADOOP-8135,0
HADOOP-8123,0
HADOOP-8137,0
HADOOP-6945,0
HADOOP-8064,3
HADOOP-8142,0
HADOOP-8125,0
HADOOP-8140,3
HADOOP-8141,0
HADOOP-8146,0
HADOOP-7900,1
HADOOP-8169,0
HADOOP-8164,0
HADOOP-8176,0
HADOOP-8167,0
HADOOP-8173,0
HADOOP-8175,0
HADOOP-8132,0
HADOOP-8177,0
HADOOP-8090,0
HADOOP-8186,0
HADOOP-8183,1
HADOOP-6924,1
HADOOP-8121,0
HADOOP-8189,0
HADOOP-6941,3
HADOOP-8188,0
HADOOP-8191,1
HADOOP-8157,1
HADOOP-7788,0
HADOOP-8197,1
HADOOP-8200,1
HADOOP-8154,1
HADOOP-8184,0
HADOOP-7806,0
HADOOP-8163,0
HADOOP-7030,2
HADOOP-8201,0
HADOOP-9556,0
HADOOP-8193,0
HADOOP-9553,1
HADOOP-9549,1
HADOOP-9481,1
HADOOP-9459,0
HADOOP-9560,0
HADOOP-9485,0
HADOOP-9220,0
HADOOP-9566,1
HADOOP-9563,1
HADOOP-9523,1
HADOOP-9593,1
HADOOP-8562,0
HADOOP-9407,1
HADOOP-9573,0
HADOOP-9574,1
HADOOP-9605,2
HADOOP-9607,0
HADOOP-9287,1
HADOOP-9614,0
HADOOP-7391,0
HADOOP-8470,0
HADOOP-8469,0
HADOOP-9616,0
HADOOP-9131,0
HADOOP-8957,0
HADOOP-8982,0
HADOOP-9552,0
HADOOP-9579,0
HADOOP-8958,0
HADOOP-9628,1
HADOOP-9509,1
HADOOP-9599,0
HADOOP-9581,1
HADOOP-9633,0
HADOOP-9604,0
HADOOP-9635,0
HADOOP-9630,1
HADOOP-9526,1
HADOOP-9638,1
HADOOP-9625,3
HADOOP-9632,0
HADOOP-9649,0
HADOOP-9517,2
HADOOP-9515,0
HADOOP-9582,1
HADOOP-9637,2
HADOOP-9624,1
HADOOP-9619,0
HADOOP-9439,0
HADOOP-9661,0
HADOOP-9370,1
HADOOP-9421,4
HADOOP-9355,1
HADOOP-9673,1
HADOOP-9656,0
HADOOP-9665,0
HADOOP-9676,0
HADOOP-9414,1
HADOOP-9678,0
HADOOP-9681,0
HADOOP-9677,0
HADOOP-9660,0
HADOOP-9416,1
HADOOP-9687,0
HADOOP-8844,1
HADOOP-9685,0
HADOOP-9504,0
HADOOP-9307,0
HADOOP-9719,0
HADOOP-9718,0
HADOOP-8440,0
HADOOP-9722,0
HADOOP-9432,1
HADOOP-9186,0
HADOOP-9417,0
HADOOP-9418,0
HADOOP-8040,2
HADOOP-9703,1
HADOOP-9730,0
HADOOP-9241,1
HADOOP-9707,0
HADOOP-9618,0
HADOOP-9734,1
HADOOP-9683,0
HADOOP-9738,1
HADOOP-8873,1
HADOOP-9164,1
HADOOP-9717,2
HADOOP-9748,0
HADOOP-9643,1
HADOOP-9688,0
HADOOP-9720,1
HADOOP-9691,0
HADOOP-9751,0
HADOOP-9754,0
HADOOP-9716,1
HADOOP-9435,1
HADOOP-9744,0
HADOOP-10006,2
HADOOP-9760,0
HADOOP-9964,0
HADOOP-10003,0
HADOOP-10012,0
HADOOP-8315,1
HADOOP-9063,0
HADOOP-9254,1
HADOOP-10009,0
HADOOP-10017,0
HADOOP-9225,2
HADOOP-10022,0
HADOOP-10020,1
HADOOP-10028,0
HADOOP-10030,0
HADOOP-9470,0
HADOOP-9199,2
HADOOP-10031,0
HADOOP-10039,1
HADOOP-10029,0
HADOOP-10040,1
HADOOP-9494,1
HADOOP-10046,1
HADOOP-9897,0
HADOOP-10055,1
HADOOP-10005,1
HADOOP-9078,0
HADOOP-10052,0
HADOOP-9291,0
HADOOP-9598,2
HADOOP-9016,0
HADOOP-10064,1
HADOOP-10072,0
HADOOP-9898,1
HADOOP-10079,0
HADOOP-10088,1
HADOOP-9623,1
HADOOP-10093,0
HADOOP-9594,1
HADOOP-10078,0
HADOOP-9956,0
HADOOP-10095,0
HADOOP-10091,0
HADOOP-10067,1
HADOOP-10100,0
HADOOP-10094,0
HADOOP-10109,0
HADOOP-9955,0
HADOOP-10107,1
HADOOP-10047,0
HADOOP-10103,1
HADOOP-9114,1
HADOOP-10111,1
HADOOP-10126,0
HADOOP-9765,0
HADOOP-10135,1
HADOOP-10132,1
HADOOP-10130,0
HADOOP-10127,1
HADOOP-10144,0
HADOOP-10081,1
HADOOP-10102,1
HADOOP-10129,0
HADOOP-10142,0
HADOOP-10148,1
HADOOP-10058,5
HADOOP-10185,1
HADOOP-10087,1
HADOOP-10186,0
HADOOP-10162,2
HADOOP-10106,1
HADOOP-8753,1
HADOOP-10168,0
HADOOP-10044,0
HADOOP-10164,0
HADOOP-9611,1
HADOOP-10172,0
HADOOP-10171,1
HADOOP-10141,0
HADOOP-10175,0
HADOOP-10169,0
HADOOP-10090,0
HADOOP-10187,1
HADOOP-10192,0
HADOOP-10147,1
HADOOP-10199,0
HADOOP-10198,0
HADOOP-10173,0
HADOOP-10200,0
HADOOP-10193,0
HADOOP-10207,0
HADOOP-10208,0
HADOOP-10201,0
HADOOP-10214,0
HADOOP-9420,2
HADOOP-10178,0
HADOOP-10220,0
HADOOP-10223,1
HADOOP-10228,0
HADOOP-10234,0
HADOOP-10236,1
HADOOP-9742,0
HADOOP-9759,0
HADOOP-9743,0
HADOOP-9773,0
HADOOP-9763,0
HADOOP-9701,2
HADOOP-9762,1
HADOOP-9609,0
HADOOP-9770,1
HADOOP-9756,0
HADOOP-9507,2
HADOOP-9698,0
HADOOP-9782,0
HADOOP-9786,0
HADOOP-9792,0
HADOOP-9787,1
HADOOP-9758,0
HADOOP-9768,0
HADOOP-9803,0
HADOOP-9319,1
HADOOP-9806,0
HADOOP-9801,0
HADOOP-9816,0
HADOOP-9832,0
HADOOP-9817,0
HADOOP-9821,0
HADOOP-9476,1
HADOOP-9790,0
HADOOP-9850,0
HADOOP-9833,1
HADOOP-9315,0
HADOOP-9831,0
HADOOP-9820,0
HADOOP-9675,1
HADOOP-9672,0
HADOOP-9858,0
HADOOP-9757,1
HADOOP-9857,0
HADOOP-9551,0
HADOOP-9802,0
HADOOP-9583,1
HADOOP-9847,1
HADOOP-9527,1
HADOOP-9848,0
HADOOP-9789,0
HADOOP-9855,1
HADOOP-9740,1
HADOOP-9446,0
HADOOP-9871,0
HADOOP-9872,1
HADOOP-9845,1
HADOOP-9381,1
HADOOP-9875,0
HADOOP-9868,0
HADOOP-9865,0
HADOOP-9880,1
HADOOP-9863,0
HADOOP-9860,0
HADOOP-9866,1
HADOOP-9487,0
HADOOP-9686,1
HADOOP-9693,0
HADOOP-9879,1
HADOOP-9886,0
HADOOP-9887,1
HADOOP-9784,0
HADOOP-9899,0
HADOOP-9910,0
HADOOP-9906,1
HADOOP-9894,1
HADOOP-9889,0
HADOOP-9909,0
HADOOP-9774,1
HADOOP-9918,1
HADOOP-9924,0
HADOOP-9916,0
HADOOP-9915,0
HADOOP-9932,3
HADOOP-9908,0
HADOOP-9958,0
HADOOP-9350,2
HADOOP-8704,1
HADOOP-9945,1
HADOOP-9960,2
HADOOP-9557,1
HADOOP-9961,0
HADOOP-9962,0
HADOOP-9944,1
HADOOP-9669,2
HADOOP-9929,1
HADOOP-9791,0
HADOOP-7344,1
HADOOP-9977,1
HADOOP-9776,1
HADOOP-9998,0
HADOOP-9761,0
HADOOP-9981,1
HADOOP-9948,0
HADOOP-9976,1
HADOOP-8545,1
HADOOP-10125,1
HADOOP-10177,0
HADOOP-10146,0
HADOOP-10235,0
HADOOP-10240,0
HADOOP-10143,0
HADOOP-10213,1
HADOOP-10110,0
HADOOP-10241,1
HADOOP-10252,0
HADOOP-10239,0
HADOOP-10248,1
HADOOP-10167,1
HADOOP-9652,5
HADOOP-10203,1
HADOOP-10277,1
HADOOP-10086,1
HADOOP-9982,1
HADOOP-10212,1
HADOOP-10250,1
HADOOP-10288,0
HADOOP-9830,1
HADOOP-10274,1
HADOOP-10255,0
HADOOP-10305,1
HADOOP-10291,1
HADOOP-10310,0
HADOOP-10292,0
HADOOP-10139,0
HADOOP-10295,0
HADOOP-10317,0
HADOOP-10313,0
HADOOP-10270,1
HADOOP-10311,1
HADOOP-10320,2
HADOOP-10293,1
HADOOP-10244,0
HADOOP-10085,1
HADOOP-10273,1
HADOOP-10112,1
HADOOP-10330,0
HADOOP-10325,1
HADOOP-10327,1
HADOOP-10333,1
HADOOP-10326,1
HADOOP-8079,0
HADOOP-10338,1
HADOOP-10344,0
HADOOP-10343,0
HADOOP-10249,1
HADOOP-10342,0
HADOOP-10346,1
HADOOP-10348,0
HADOOP-10328,0
HADOOP-10352,0
HADOOP-10355,1
HADOOP-10354,1
HADOOP-10278,1
HADOOP-9968,0
HADOOP-9478,2
HADOOP-10368,1
HADOOP-10361,0
HADOOP-9454,1
HADOOP-10371,0
HADOOP-10353,1
HADOOP-10374,0
HADOOP-10314,1
HADOOP-10285,1
HADOOP-10378,0
HADOOP-10070,0
HADOOP-8691,1
HADOOP-10379,0
HADOOP-10211,0
HADOOP-10386,1
HADOOP-10393,0
HADOOP-10399,0
HADOOP-10395,1
HADOOP-10394,0
HADOOP-10337,0
HADOOP-10332,1
HADOOP-3679,1
HADOOP-10407,0
HADOOP-10383,0
HADOOP-10221,0
HADOOP-10418,0
HADOOP-10184,0
HADOOP-10015,1
HADOOP-10423,0
HADOOP-10422,0
HADOOP-10426,0
HADOOP-10425,0
HADOOP-10280,1
HADOOP-10439,0
HADOOP-10440,1
HADOOP-10191,1
HADOOP-10437,0
HADOOP-10442,1
HADOOP-10441,0
HADOOP-10237,0
HADOOP-10449,0
HADOOP-1754,0
HADOOP-10732,1
HADOOP-2082,0
HADOOP-10733,1
HADOOP-2608,0
HADOOP-10591,1
HADOOP-2835,0
HADOOP-2864,0
HADOOP-2921,0
HADOOP-3126,0
HADOOP-3148,2
HADOOP-10610,1
HADOOP-145,3
HADOOP-3228,0
HADOOP-10841,0
HADOOP-10842,0
HADOOP-3634,0
HADOOP-10817,1
HADOOP-3876,0
HADOOP-10750,1
HADOOP-4034,0
HADOOP-4047,0
HADOOP-4048,0
HADOOP-3983,1
HADOOP-4165,0
HADOOP-4201,0
HADOOP-4264,0
HADOOP-4312,0
HADOOP-4334,1
HADOOP-4414,0
HADOOP-3163,0
HADOOP-4522,0
HADOOP-4917,2
HADOOP-4998,0
HADOOP-5059,0
HADOOP-5069,0
HADOOP-5102,0
HADOOP-5109,0
HADOOP-5195,0
HADOOP-10857,0
HADOOP-5238,1
HADOOP-5261,0
HADOOP-10720,1
HADOOP-5312,0
HADOOP-5439,2
HADOOP-5436,0
HADOOP-10755,3
HADOOP-5602,0
HADOOP-10866,0
HADOOP-10870,1
HADOOP-10871,0
HADOOP-10853,0
HADOOP-10826,0
HADOOP-10818,0
HADOOP-10864,1
HADOOP-5682,0
HADOOP-5722,0
HADOOP-5888,0
HADOOP-5962,0
HADOOP-5988,0
HADOOP-5983,2
HADOOP-6066,0
HADOOP-10855,0
HADOOP-10881,0
HADOOP-6102,0
HADOOP-10872,0
HADOOP-6104,0
HADOOP-6117,0
HADOOP-6119,0
HADOOP-10830,0
HADOOP-10890,0
HADOOP-6272,0
HADOOP-6193,0
HADOOP-6197,1
HADOOP-6207,0
HADOOP-10887,0
HADOOP-6225,0
HADOOP-10882,0
HADOOP-10894,0
HADOOP-10891,0
HADOOP-10896,1
HADOOP-10821,2
HADOOP-8069,0
HADOOP-6365,0
HADOOP-6458,0
HADOOP-6470,1
HADOOP-6468,1
HADOOP-6485,0
HADOOP-10686,1
HADOOP-6597,0
HADOOP-6574,0
HADOOP-6602,0
HADOOP-6615,1
HADOOP-6629,1
HADOOP-6636,0
HADOOP-10756,1
HADOOP-6753,0
HADOOP-6728,1
HADOOP-6765,0
HADOOP-6775,0
HADOOP-10450,0
HADOOP-10301,0
HADOOP-9525,0
HADOOP-10451,0
HADOOP-10414,1
HADOOP-10345,0
HADOOP-10455,0
HADOOP-10459,1
HADOOP-10454,1
HADOOP-10462,0
HADOOP-10456,1
HADOOP-10466,0
HADOOP-10475,1
HADOOP-10104,1
HADOOP-10473,0
HADOOP-10485,0
HADOOP-10432,0
HADOOP-10427,0
HADOOP-10429,0
HADOOP-10382,0
HADOOP-10428,0
HADOOP-10488,0
HADOOP-10350,0
HADOOP-10490,0
HADOOP-8826,1
HADOOP-9219,1
HADOOP-7615,0
HADOOP-10431,0
HADOOP-10495,0
HADOOP-10496,0
HADOOP-10500,0
HADOOP-10498,0
HADOOP-10499,2
HADOOP-9919,1
HADOOP-10522,1
HADOOP-10526,1
HADOOP-10503,1
HADOOP-10527,1
HADOOP-10430,0
HADOOP-10251,0
HADOOP-10531,1
HADOOP-10534,0
HADOOP-10539,0
HADOOP-10535,0
HADOOP-10540,1
HADOOP-10322,0
HADOOP-10520,0
HADOOP-10546,1
HADOOP-10508,0
HADOOP-10547,2
HADOOP-10521,0
HADOOP-10543,0
HADOOP-10548,0
HADOOP-10389,1
HADOOP-10516,0
HADOOP-10549,0
HADOOP-10563,0
HADOOP-10568,0
HADOOP-10567,0
HADOOP-10575,0
HADOOP-10562,1
HADOOP-10433,0
HADOOP-10541,1
HADOOP-10573,0
HADOOP-10517,1
HADOOP-10471,0
HADOOP-10556,0
HADOOP-10467,0
HADOOP-10577,0
HADOOP-10581,0
HADOOP-10158,1
HADOOP-10585,0
HADOOP-10572,1
HADOOP-10583,0
HADOOP-10401,1
HADOOP-10564,0
HADOOP-10588,1
HADOOP-10586,0
HADOOP-10609,1
HADOOP-10489,1
HADOOP-10614,1
HADOOP-10474,0
HADOOP-10612,0
HADOOP-10621,0
HADOOP-10592,0
HADOOP-10618,0
HADOOP-10617,0
HADOOP-10603,0
HADOOP-10625,1
HADOOP-10631,0
HADOOP-10566,0
HADOOP-10602,1
HADOOP-10639,0
HADOOP-10628,0
HADOOP-10638,1
HADOOP-10448,0
HADOOP-10632,0
HADOOP-10635,0
HADOOP-10645,0
HADOOP-10624,0
HADOOP-11060,0
HADOOP-11015,0
HADOOP-11063,0
HADOOP-11052,1
HADOOP-11067,3
HADOOP-11065,1
HADOOP-11070,0
HADOOP-11069,0
HADOOP-11073,0
HADOOP-11071,0
HADOOP-11035,0
HADOOP-11057,1
HADOOP-11077,0
HADOOP-9989,1
HADOOP-10758,0
HADOOP-9540,3
HADOOP-11085,0
HADOOP-10373,1
HADOOP-11083,1
HADOOP-11074,0
HADOOP-11088,1
HADOOP-11091,1
HADOOP-10675,0
HADOOP-10868,0
HADOOP-10400,4
HADOOP-10676,0
HADOOP-10677,0
HADOOP-11055,1
HADOOP-11022,1
HADOOP-10922,1
HADOOP-11097,0
HADOOP-11096,2
HADOOP-11062,2
HADOOP-11099,0
HADOOP-11016,2
HADOOP-11040,0
HADOOP-11106,0
HADOOP-11109,0
HADOOP-11105,0
HADOOP-10982,0
HADOOP-10946,1
HADOOP-10970,0
HADOOP-11112,0
HADOOP-10131,0
HADOOP-11111,0
HADOOP-11092,3
HADOOP-11017,1
HADOOP-11064,2
HADOOP-11009,1
HADOOP-11101,1
HADOOP-11140,1
HADOOP-8808,1
HADOOP-11048,0
HADOOP-10954,0
HADOOP-10731,1
HADOOP-11143,0
HADOOP-10552,1
HADOOP-11049,0
HADOOP-11084,2
HADOOP-11110,1
HADOOP-11130,1
HADOOP-11153,0
HADOOP-11154,0
HADOOP-11156,0
HADOOP-11145,1
HADOOP-11113,2
HADOOP-11160,0
HADOOP-11163,0
HADOOP-11151,3
HADOOP-10681,3
HADOOP-11168,0
HADOOP-10404,2
HADOOP-11007,0
HADOOP-11169,1
HADOOP-11172,0
HADOOP-11166,0
HADOOP-11117,1
HADOOP-11179,1
HADOOP-11161,1
HADOOP-11133,1
HADOOP-11175,0
HADOOP-11178,1
HADOOP-11184,0
HADOOP-11174,0
HADOOP-11193,0
HADOOP-11176,1
HADOOP-11198,1
HADOOP-11181,0
HADOOP-11182,1
HADOOP-11207,0
HADOOP-11194,1
HADOOP-10904,0
HADOOP-11122,0
HADOOP-11170,1
HADOOP-11228,0
HADOOP-11231,0
HADOOP-11236,0
HADOOP-11233,1
HADOOP-11240,1
HADOOP-11243,0
HADOOP-10611,0
HADOOP-10444,1
HADOOP-10653,0
HADOOP-10630,1
HADOOP-9704,0
HADOOP-10662,0
HADOOP-10647,1
HADOOP-10658,0
HADOOP-10664,1
HADOOP-9555,1
HADOOP-10656,1
HADOOP-10622,2
HADOOP-10376,0
HADOOP-10561,1
HADOOP-10514,0
HADOOP-10640,0
HADOOP-6350,1
HADOOP-10691,0
HADOOP-10678,0
HADOOP-10688,0
HADOOP-10657,1
HADOOP-10683,0
HADOOP-10702,0
HADOOP-10666,1
HADOOP-10699,1
HADOOP-10706,0
HADOOP-10557,1
HADOOP-10636,0
HADOOP-10590,0
HADOOP-10660,1
HADOOP-10711,0
HADOOP-10607,3
HADOOP-10716,1
HADOOP-10696,0
HADOOP-10279,1
HADOOP-9559,2
HADOOP-10479,1
HADOOP-10713,0
HADOOP-10659,0
HADOOP-10665,0
HADOOP-10746,3
HADOOP-10717,1
HADOOP-10652,0
HADOOP-10747,0
HADOOP-10674,0
HADOOP-10715,0
HADOOP-9705,1
HADOOP-10667,0
HADOOP-8943,1
HADOOP-10754,0
HADOOP-10565,0
HADOOP-10649,0
HADOOP-10701,1
HADOOP-10739,1
HADOOP-10710,1
HADOOP-10695,1
HADOOP-10766,0
HADOOP-10767,0
HADOOP-9711,1
HADOOP-10312,1
HADOOP-10533,1
HADOOP-10419,0
HADOOP-9371,0
HADOOP-9495,1
HADOOP-9712,1
HADOOP-10458,0
HADOOP-10693,0
HADOOP-9361,1
HADOOP-10757,0
HADOOP-10719,1
HADOOP-10769,0
HADOOP-10782,0
HADOOP-10781,1
HADOOP-10801,0
HADOOP-10805,0
HADOOP-10804,2
HADOOP-10803,0
HADOOP-10812,0
HADOOP-10507,1
HADOOP-10808,0
HADOOP-10815,0
HADOOP-8719,1
HADOOP-10806,0
HADOOP-10736,0
HADOOP-10734,0
HADOOP-10780,1
HADOOP-10810,0
HADOOP-10831,0
HADOOP-10834,0
HADOOP-10468,1
HADOOP-10673,0
HADOOP-10735,0
HADOOP-10845,0
HADOOP-9921,0
HADOOP-10824,0
HADOOP-10839,0
HADOOP-10816,1
HADOOP-1024,2
HADOOP-1464,0
HADOOP-1688,0
HADOOP-6795,1
HADOOP-6808,0
HADOOP-6820,0
HADOOP-6829,0
HADOOP-6830,0
HADOOP-6841,0
HADOOP-6849,0
HADOOP-10910,0
HADOOP-6894,1
HADOOP-6918,1
HADOOP-6959,0
HADOOP-6962,1
HADOOP-6999,0
HADOOP-7020,1
HADOOP-584,2
HADOOP-10902,0
HADOOP-10900,0
HADOOP-10793,1
HADOOP-10920,1
HADOOP-10925,0
HADOOP-10903,0
HADOOP-10886,0
HADOOP-10928,1
HADOOP-10927,3
HADOOP-10937,0
HADOOP-10936,0
HADOOP-7203,0
HADOOP-10918,0
HADOOP-10933,0
HADOOP-10791,1
HADOOP-10939,0
HADOOP-9082,0
HADOOP-10905,1
HADOOP-10929,1
HADOOP-10759,1
HADOOP-10771,0
HADOOP-10919,0
HADOOP-10862,0
HADOOP-10224,1
HADOOP-10402,0
HADOOP-10835,0
HADOOP-10820,1
HADOOP-10725,0
HADOOP-10851,0
HADOOP-10962,1
HADOOP-10281,1
HADOOP-8944,2
HADOOP-10966,1
HADOOP-10843,1
HADOOP-10838,3
HADOOP-10121,1
HADOOP-10877,0
HADOOP-10231,1
HADOOP-10770,1
HADOOP-10967,0
HADOOP-10964,0
HADOOP-10698,0
HADOOP-10650,0
HADOOP-10059,1
HADOOP-10335,0
HADOOP-10975,1
HADOOP-10973,1
HADOOP-10972,1
HADOOP-10884,1
HADOOP-10968,0
HADOOP-10150,2
HADOOP-10899,1
HADOOP-9902,0
HADOOP-10992,0
HADOOP-10893,0
HADOOP-10985,0
HADOOP-8896,1
HADOOP-10989,0
HADOOP-10998,1
HADOOP-10282,1
HADOOP-10978,0
HADOOP-11002,1
HADOOP-10996,1
HADOOP-10748,0
HADOOP-10957,0
HADOOP-11001,1
HADOOP-11013,1
HADOOP-10880,0
HADOOP-11005,0
HADOOP-10911,0
HADOOP-10814,0
HADOOP-10994,0
HADOOP-11021,0
HADOOP-11030,0
HADOOP-10833,2
HADOOP-11036,0
HADOOP-11012,0
HADOOP-10990,0
HADOOP-11033,1
HADOOP-10956,1
HADOOP-10931,0
HADOOP-11041,1
HADOOP-11056,0
HADOOP-10863,0
HADOOP-11054,1
HADOOP-11195,0
HADOOP-11068,0
HADOOP-11186,0
HADOOP-10840,0
HADOOP-11247,0
HADOOP-11216,1
HADOOP-11250,0
HADOOP-11221,0
HADOOP-11253,0
HADOOP-10469,0
HADOOP-11241,0
HADOOP-11254,0
HADOOP-11165,1
HADOOP-10987,1
HADOOP-10847,1
HADOOP-11259,1
HADOOP-11260,0
HADOOP-11268,1
HADOOP-11230,0
HADOOP-11269,0
HADOOP-11271,0
HADOOP-11265,0
HADOOP-11266,0
HADOOP-11267,0
HADOOP-10714,1
HADOOP-11272,1
HADOOP-11187,1
HADOOP-11280,0
HADOOP-11282,0
HADOOP-11286,0
HADOOP-11289,0
HADOOP-10786,2
HADOOP-11294,0
HADOOP-9576,2
HADOOP-11025,1
HADOOP-11284,0
HADOOP-11217,0
HADOOP-11291,0
HADOOP-7984,3
HADOOP-8989,1
HADOOP-11298,1
HADOOP-11150,0
HADOOP-11307,0
HADOOP-11157,1
HADOOP-11311,0
HADOOP-11309,0
HADOOP-11312,0
HADOOP-11201,0
HADOOP-11208,1
HADOOP-11323,2
HADOOP-10926,1
HADOOP-11322,0
HADOOP-11300,1
HADOOP-11173,0
HADOOP-11333,1
HADOOP-11081,1
HADOOP-11337,1
HADOOP-11341,0
HADOOP-11301,0
HADOOP-11344,0
HADOOP-11296,0
HADOOP-11342,0
HADOOP-11332,2
HADOOP-11348,0
HADOOP-11356,1
HADOOP-11355,0
HADOOP-11343,1
HADOOP-10790,0
HADOOP-11313,0
HADOOP-11354,1
HADOOP-10530,1
HADOOP-11329,1
HADOOP-11287,0
HADOOP-11363,1
HADOOP-10134,1
HADOOP-10476,0
HADOOP-11352,1
HADOOP-11367,2
HADOOP-11369,0
HADOOP-11368,0
HADOOP-11372,0
HADOOP-11273,0
HADOOP-11379,0
HADOOP-11378,0
HADOOP-11349,1
HADOOP-11381,0
HADOOP-10482,2
HADOOP-11388,0
HADOOP-10950,2
HADOOP-11386,0
HADOOP-6590,2
HADOOP-11353,1
HADOOP-11211,1
HADOOP-11389,0
HADOOP-11394,0
HADOOP-11238,1
HADOOP-11396,1
HADOOP-11380,1
HADOOP-10852,0
HADOOP-11412,1
HADOOP-11410,0
HADOOP-11321,0
HADOOP-11397,1
HADOOP-11416,0
HADOOP-11421,0
HADOOP-11420,1
HADOOP-9629,4
HADOOP-10689,1
HADOOP-10690,1
HADOOP-10728,0
HADOOP-11188,1
HADOOP-10809,2
HADOOP-11248,0
HADOOP-11358,0
HADOOP-11246,1
HADOOP-11125,1
HADOOP-11427,0
HADOOP-11385,0
HADOOP-11409,1
HADOOP-11428,0
HADOOP-11431,1
HADOOP-11430,1
HADOOP-11422,0
HADOOP-11213,0
HADOOP-11395,0
HADOOP-11429,0
HADOOP-11411,0
HADOOP-11414,1
HADOOP-11399,0
HADOOP-11283,1
HADOOP-11448,1
HADOOP-11340,1
HADOOP-11370,2
HADOOP-11039,0
HADOOP-10620,0
HADOOP-11455,0
HADOOP-10788,2
HADOOP-11446,1
HADOOP-11390,1
HADOOP-10908,3
HADOOP-11459,0
HADOOP-11402,1
HADOOP-11058,1
HADOOP-11445,1
HADOOP-11462,2
HADOOP-10651,0
HADOOP-11032,1
HADOOP-11470,0
HADOOP-11464,0
HADOOP-9992,0
HADOOP-11473,1
HADOOP-11400,2
HADOOP-11465,0
HADOOP-11481,1
HADOOP-11483,1
HADOOP-11318,1
HADOOP-8757,1
HADOOP-11350,0
HADOOP-11261,1
HADOOP-10542,1
HADOOP-10668,1
HADOOP-11171,1
HADOOP-11489,0
HADOOP-11256,0
HADOOP-11327,1
HADOOP-11484,0
HADOOP-11490,1
HADOOP-11466,0
HADOOP-11209,1
HADOOP-11500,0
HADOOP-11493,0
HADOOP-11008,0
HADOOP-11507,1
HADOOP-11482,0
HADOOP-11419,1
HADOOP-11450,1
HADOOP-11499,1
HADOOP-6221,2
HADOOP-11509,0
HADOOP-4297,1
HADOOP-10626,1
HADOOP-11469,0
HADOOP-11317,2
HADOOP-11316,1
HADOOP-10525,1
HADOOP-9136,0
HADOOP-10574,1
HADOOP-9907,1
HADOOP-11441,4
HADOOP-11403,0
HADOOP-11523,0
HADOOP-11514,1
HADOOP-9137,1
HADOOP-11498,0
HADOOP-11432,0
HADOOP-11488,1
HADOOP-11534,0
HADOOP-11494,1
HADOOP-10181,1
HADOOP-11442,4
HADOOP-11529,0
HADOOP-11045,0
HADOOP-10744,2
HADOOP-11544,0
HADOOP-11546,1
HADOOP-11548,1
HADOOP-11547,0
HADOOP-11492,1
HADOOP-11549,0
HADOOP-11460,2
HADOOP-11346,2
HADOOP-8594,0
HADOOP-10976,1
HADOOP-10062,1
HADOOP-11463,0
HADOOP-9044,1
HADOOP-7713,3
HADOOP-11526,1
HADOOP-6964,1
HADOOP-11506,1
HADOOP-11520,1
HADOOP-11485,1
HADOOP-11541,0
HADOOP-9457,0
HADOOP-11512,1
HADOOP-8934,0
HADOOP-11510,0
HADOOP-10589,1
HADOOP-10737,1
HADOOP-10953,0
HADOOP-11559,0
HADOOP-11495,1
HADOOP-11554,1
HADOOP-11581,0
HADOOP-11580,1
HADOOP-11579,1
HADOOP-11583,0
HADOOP-11437,1
HADOOP-11585,0
HADOOP-10140,1
HADOOP-11542,0
HADOOP-11543,1
HADOOP-11587,0
HADOOP-11586,0
HADOOP-9869,1
HADOOP-11497,1
HADOOP-11565,1
HADOOP-11467,1
HADOOP-11589,1
HADOOP-11000,1
HADOOP-11600,0
HADOOP-11570,1
HADOOP-11575,1
HADOOP-11522,1
HADOOP-11596,0
HADOOP-11521,1
HADOOP-11295,1
HADOOP-11593,1
HADOOP-11599,0
HADOOP-11545,0
HADOOP-11611,0
HADOOP-11440,1
HADOOP-11595,0
HADOOP-9087,1
HADOOP-11604,1
HADOOP-11607,0
HADOOP-11612,0
HADOOP-11584,1
HADOOP-10478,3
HADOOP-10477,0
HADOOP-11625,1
HADOOP-8642,1
HADOOP-11619,1
HADOOP-11480,0
HADOOP-11632,0
HADOOP-11629,0
HADOOP-11620,0
HADOOP-11637,1
HADOOP-9922,2
HADOOP-11569,0
HADOOP-10774,1
HADOOP-11634,0
HADOOP-11657,1
HADOOP-11615,1
HADOOP-11658,0
HADOOP-11666,0
HADOOP-11605,0
HADOOP-11449,2
HADOOP-6857,1
HADOOP-11183,1
HADOOP-11643,0
HADOOP-11674,0
HADOOP-11648,0
HADOOP-11653,1
HADOOP-11642,1
HADOOP-11670,3
HADOOP-11673,1
HADOOP-11646,1
HADOOP-11602,0
HADOOP-11686,1
HADOOP-7026,0
HADOOP-11692,0
HADOOP-11571,1
HADOOP-11226,1
HADOOP-10115,0
HADOOP-11668,2
HADOOP-11568,0
HADOOP-11618,1
HADOOP-11703,1
HADOOP-11693,2
HADOOP-11705,0
HADOOP-10027,1
HADOOP-11710,3
HADOOP-9477,1
HADOOP-11711,0
HADOOP-11558,3
HADOOP-11633,1
HADOOP-11714,0
HADOOP-11720,1
HADOOP-11638,1
HADOOP-11496,0
HADOOP-11722,0
HADOOP-11706,0
HADOOP-11659,1
HADOOP-11721,1
HADOOP-10703,0
HADOOP-9329,1
HADOOP-7741,0
HADOOP-11729,0
HADOOP-10037,0
HADOOP-11707,0
HADOOP-7822,0
HADOOP-11709,0
HADOOP-11447,0
HADOOP-11647,0
HADOOP-11737,1
HADOOP-11591,1
HADOOP-11609,1
HADOOP-11741,0
HADOOP-11014,1
HADOOP-11738,1
HADOOP-10670,0
HADOOP-11524,1
HADOOP-11724,0
HADOOP-11719,1
HADOOP-11748,1
HADOOP-11553,1
HADOOP-11691,1
HADOOP-11257,1
HADOOP-11760,1
HADOOP-11664,0
HADOOP-11639,1
HADOOP-11761,0
HADOOP-11754,1
HADOOP-11660,0
HADOOP-11782,0
HADOOP-11535,0
HADOOP-11757,0
HADOOP-11787,1
HADOOP-11797,1
HADOOP-9805,1
HADOOP-11731,1
HADOOP-11800,1
HADOOP-11740,1
HADOOP-11785,0
HADOOP-11776,0
HADOOP-11377,1
HADOOP-11805,0
HADOOP-11645,0
HADOOP-11717,0
HADOOP-11801,1
HADOOP-11796,0
HADOOP-11814,0
HADOOP-11781,1
HADOOP-11818,0
HADOOP-11811,1
HADOOP-11815,0
HADOOP-9642,1
HADOOP-11819,0
HADOOP-11837,1
HADOOP-11704,0
HADOOP-11841,0
HADOOP-11746,1
HADOOP-11812,0
HADOOP-11846,1
HADOOP-11859,0
HADOOP-11827,0
HADOOP-11848,0
HADOOP-11850,0
HADOOP-11868,0
HADOOP-11864,0
HADOOP-11861,1
HADOOP-11872,0
HADOOP-11852,0
HADOOP-11730,0
HADOOP-11851,2
HADOOP-11627,1
HADOOP-11802,2
HADOOP-11843,0
HADOOP-11876,0
HADOOP-11320,0
HADOOP-11865,0
HADOOP-11357,2
HADOOP-11857,1
HADOOP-11870,0
HADOOP-9572,0
HADOOP-11881,1
HADOOP-11891,0
HADOOP-11821,1
HADOOP-11889,0
HADOOP-11866,2
HADOOP-11491,1
HADOOP-11900,1
HADOOP-7556,0
HADOOP-9658,0
HADOOP-11328,1
HADOOP-11896,0
HADOOP-11916,1
HADOOP-11120,2
HADOOP-11904,1
HADOOP-11911,0
HADOOP-11917,1
HADOOP-11902,0
HADOOP-11925,1
HADOOP-11926,1
HADOOP-11912,0
HADOOP-11898,0
HADOOP-11921,0
HADOOP-11813,2
HADOOP-11920,0
HADOOP-11936,1
HADOOP-10387,1
HADOOP-11922,1
HADOOP-7294,0
HADOOP-11877,0
HADOOP-6842,1
HADOOP-10356,4
HADOOP-7165,0
HADOOP-11906,1
HADOOP-11942,0
HADOOP-9729,1
HADOOP-9737,1
HADOOP-11590,4
HADOOP-11775,1
HADOOP-11928,1
HADOOP-11951,0
HADOOP-11663,0
HADOOP-11950,0
HADOOP-11948,0
HADOOP-11947,0
HADOOP-11931,1
HADOOP-11745,2
HADOOP-11566,0
HADOOP-9723,2
HADOOP-10993,2
HADOOP-8174,1
HADOOP-11966,0
HADOOP-11713,1
HADOOP-11220,0
HADOOP-11960,1
HADOOP-6700,0
HADOOP-11988,1
HADOOP-11938,0
HADOOP-11939,0
HADOOP-11884,1
HADOOP-10582,1
HADOOP-11944,0
HADOOP-11949,0
HADOOP-10971,1
HADOOP-11103,1
HADOOP-11970,0
HADOOP-11973,1
HADOOP-1540,3
HADOOP-11963,0
HADOOP-12000,1
HADOOP-11995,1
HADOOP-11698,1
HADOOP-11772,2
HADOOP-10366,1
HADOOP-12016,1
HADOOP-12014,1
HADOOP-11955,2
HADOOP-12013,0
HADOOP-11594,0
HADOOP-11927,0
HADOOP-11743,1
HADOOP-12029,0
HADOOP-11847,0
HADOOP-8751,1
HADOOP-11969,0
HADOOP-11242,0
HADOOP-9891,1
HADOOP-12004,1
HADOOP-12035,1
HADOOP-12030,0
HADOOP-11655,1
HADOOP-11142,1
HADOOP-11406,2
HADOOP-11983,1
HADOOP-11894,0
HADOOP-7947,1
HADOOP-11930,0
HADOOP-11959,0
HADOOP-11934,1
HADOOP-12042,1
HADOOP-11885,1
HADOOP-12043,0
HADOOP-9905,0
HADOOP-12037,0
HADOOP-12011,0
HADOOP-11991,1
HADOOP-12018,1
HADOOP-12019,0
HADOOP-11994,1
HADOOP-12058,1
HADOOP-11924,1
HADOOP-12059,0
HADOOP-12056,0
HADOOP-12055,0
HADOOP-12065,0
HADOOP-12054,1
HADOOP-12073,0
HADOOP-11347,1
HADOOP-7817,1
HADOOP-12052,1
HADOOP-12074,0
HADOOP-11971,0
HADOOP-12001,1
HADOOP-12078,0
HADOOP-12076,0
HADOOP-12095,0
HADOOP-11965,2
HADOOP-7139,5
HADOOP-12100,3
HADOOP-12103,0
HADOOP-11958,0
HADOOP-11203,0
HADOOP-8151,1
HADOOP-12049,1
HADOOP-12036,1
HADOOP-12119,1
HADOOP-11807,1
HADOOP-12113,1
HADOOP-12134,1
HADOOP-12142,0
HADOOP-12112,0
HADOOP-12104,0
HADOOP-12089,0
HADOOP-12107,0
HADOOP-12154,1
HADOOP-12147,1
HADOOP-12149,1
HADOOP-12158,0
HADOOP-11914,1
HADOOP-10798,1
HADOOP-12124,0
HADOOP-12116,0
HADOOP-12159,0
HADOOP-12164,0
HADOOP-12172,0
HADOOP-12171,0
HADOOP-12173,1
HADOOP-12186,0
HADOOP-12045,1
HADOOP-12185,0
HADOOP-12127,1
HADOOP-12135,3
HADOOP-12156,1
HADOOP-12117,0
HADOOP-12193,0
HADOOP-12195,0
HADOOP-12202,1
HADOOP-5732,2
HADOOP-12194,0
HADOOP-11878,0
HADOOP-12201,0
HADOOP-12200,0
HADOOP-12180,1
HADOOP-12210,0
HADOOP-12165,1
HADOOP-12188,1
HADOOP-12206,1
HADOOP-12199,1
HADOOP-12225,0
HADOOP-12187,1
HADOOP-12196,1
HADOOP-12197,1
HADOOP-12211,0
HADOOP-12191,1
HADOOP-12232,0
HADOOP-12153,1
HADOOP-10615,1
HADOOP-12240,0
HADOOP-11974,0
HADOOP-10979,1
HADOOP-11779,0
HADOOP-12235,1
HADOOP-12088,1
HADOOP-12209,0
HADOOP-11893,1
HADOOP-12051,1
HADOOP-12157,1
HADOOP-12237,1
HADOOP-12060,0
HADOOP-12081,1
HADOOP-12214,0
HADOOP-11762,0
HADOOP-11962,0
HADOOP-12198,1
HADOOP-12017,1
HADOOP-12239,0
HADOOP-12184,0
HADOOP-12207,1
HADOOP-12161,1
HADOOP-12009,1
HADOOP-12259,0
HADOOP-12189,0
HADOOP-12170,0
HADOOP-12226,1
HADOOP-12265,1
HADOOP-12245,1
HADOOP-12273,1
HADOOP-12254,1
HADOOP-12175,0
HADOOP-10945,2
HADOOP-12204,1
HADOOP-12243,1
HADOOP-12266,1
HADOOP-12255,1
HADOOP-12289,1
HADOOP-12228,1
HADOOP-12271,1
HADOOP-12249,0
HADOOP-10854,1
HADOOP-12130,1
HADOOP-12183,0
HADOOP-7824,3
HADOOP-12268,0
HADOOP-12286,1
HADOOP-12287,1
HADOOP-12256,1
HADOOP-12121,1
HADOOP-12247,1
HADOOP-12269,1
HADOOP-12274,0
HADOOP-12280,0
HADOOP-12302,0
HADOOP-12304,0
HADOOP-12275,1
HADOOP-11932,1
HADOOP-12310,1
HADOOP-12318,1
HADOOP-12248,1
HADOOP-12295,0
HADOOP-12258,0
HADOOP-12315,1
HADOOP-12297,1
HADOOP-12316,1
HADOOP-12322,0
HADOOP-12314,1
HADOOP-12129,1
HADOOP-12317,3
HADOOP-12050,1
HADOOP-12339,1
HADOOP-12061,1
HADOOP-12303,1
HADOOP-12347,0
HADOOP-12352,1
HADOOP-12340,1
HADOOP-12301,1
HADOOP-12362,1
HADOOP-12346,1
HADOOP-12368,0
HADOOP-12367,0
HADOOP-12359,1
HADOOP-10365,1
HADOOP-12369,0
HADOOP-12336,2
HADOOP-10318,1
HADOOP-12006,1
HADOOP-5323,1
HADOOP-12312,1
HADOOP-12213,1
HADOOP-12349,1
HADOOP-12358,0
HADOOP-12355,1
HADOOP-12375,2
HADOOP-12384,1
HADOOP-12380,1
HADOOP-12388,1
HADOOP-12298,1
HADOOP-12277,1
HADOOP-12257,1
HADOOP-12270,0
HADOOP-12397,1
HADOOP-12348,0
HADOOP-12398,1
HADOOP-12400,1
HADOOP-12407,0
HADOOP-12324,0
HADOOP-12771,0
HADOOP-12766,1
HADOOP-12772,0
HADOOP-12758,0
HADOOP-12292,0
HADOOP-12426,1
HADOOP-12759,0
HADOOP-12752,1
HADOOP-12792,0
HADOOP-12773,0
HADOOP-12788,0
HADOOP-12795,1
HADOOP-12764,0
HADOOP-12776,0
HADOOP-12699,0
HADOOP-12780,0
HADOOP-12589,1
HADOOP-12786,1
HADOOP-12805,0
HADOOP-12787,0
HADOOP-12710,0
HADOOP-12810,0
HADOOP-10865,0
HADOOP-12817,0
HADOOP-11031,1
HADOOP-12548,1
HADOOP-12794,0
HADOOP-12828,1
HADOOP-12800,0
HADOOP-11613,3
HADOOP-12668,0
HADOOP-12555,1
HADOOP-12829,0
HADOOP-12535,2
HADOOP-12070,0
HADOOP-12716,0
HADOOP-12808,0
HADOOP-12841,0
HADOOP-12711,1
HADOOP-12849,1
HADOOP-12824,0
HADOOP-12831,1
HADOOP-12846,0
HADOOP-12552,0
HADOOP-12850,0
HADOOP-12813,0
HADOOP-12622,0
HADOOP-10321,2
HADOOP-12851,0
HADOOP-12843,1
HADOOP-12853,0
HADOOP-12859,0
HADOOP-12870,1
HADOOP-12793,0
HADOOP-12871,1
HADOOP-12872,1
HADOOP-11792,2
HADOOP-12470,0
HADOOP-12717,1
HADOOP-12901,0
HADOOP-12789,0
HADOOP-12860,0
HADOOP-12895,0
HADOOP-12904,0
HADOOP-12905,0
HADOOP-12798,1
HADOOP-12688,2
HADOOP-12903,0
HADOOP-12906,1
HADOOP-12899,0
HADOOP-11404,0
HADOOP-11996,0
HADOOP-12923,0
HADOOP-12826,0
HADOOP-12888,1
HADOOP-7616,0
HADOOP-8556,0
HADOOP-8744,0
HADOOP-9040,0
HADOOP-12926,0
HADOOP-12626,1
HADOOP-12819,0
HADOOP-12952,0
HADOOP-12929,0
HADOOP-12880,1
HADOOP-12881,1
HADOOP-12882,0
HADOOP-12857,1
HADOOP-12883,0
HADOOP-12947,0
HADOOP-12962,0
HADOOP-12958,1
HADOOP-12768,1
HADOOP-12873,1
HADOOP-12954,0
HADOOP-12972,1
HADOOP-10965,1
HADOOP-12886,0
HADOOP-12902,1
HADOOP-11393,1
HADOOP-12568,0
HADOOP-12582,1
HADOOP-12564,1
HADOOP-12575,0
HADOOP-11218,1
HADOOP-11901,1
HADOOP-12467,1
HADOOP-12294,0
HADOOP-12181,0
HADOOP-12098,0
HADOOP-10035,1
HADOOP-10555,1
HADOOP-10465,1
HADOOP-10068,1
HADOOP-11149,1
HADOOP-11677,1
HADOOP-12313,3
HADOOP-12577,0
HADOOP-9822,0
HADOOP-11954,1
HADOOP-12598,0
HADOOP-12415,3
HADOOP-12468,0
HADOOP-12600,1
HADOOP-10406,1
HADOOP-12609,0
HADOOP-12366,1
HADOOP-12565,1
HADOOP-12321,1
HADOOP-10729,0
HADOOP-12618,0
HADOOP-12617,0
HADOOP-12625,0
HADOOP-12602,1
HADOOP-12638,0
HADOOP-12639,1
HADOOP-12192,1
HADOOP-12615,1
HADOOP-12657,2
HADOOP-12647,0
HADOOP-12656,1
HADOOP-12570,0
HADOOP-12636,0
HADOOP-12566,0
HADOOP-12681,1
HADOOP-12559,0
HADOOP-12485,0
HADOOP-12682,0
HADOOP-12608,1
HADOOP-12686,1
HADOOP-11252,2
HADOOP-12658,0
HADOOP-12685,0
HADOOP-12604,0
HADOOP-12689,0
HADOOP-12634,1
HADOOP-12675,0
HADOOP-12663,1
HADOOP-12655,0
HADOOP-12613,0
HADOOP-12573,1
HADOOP-12695,0
HADOOP-12678,0
HADOOP-12590,1
HADOOP-12587,2
HADOOP-12551,1
HADOOP-12584,0
HADOOP-12653,0
HADOOP-11262,2
HADOOP-12603,1
HADOOP-12683,0
HADOOP-12700,0
HADOOP-8887,0
HADOOP-12691,0
HADOOP-12706,1
HADOOP-12713,0
HADOOP-12712,0
HADOOP-12714,0
HADOOP-12662,0
HADOOP-12696,0
HADOOP-12635,1
HADOOP-12356,2
HADOOP-12605,0
HADOOP-12423,0
HADOOP-7161,1
HADOOP-12651,1
HADOOP-11828,3
HADOOP-12659,1
HADOOP-12730,1
HADOOP-12736,0
HADOOP-12731,0
HADOOP-12743,1
HADOOP-12715,0
HADOOP-12492,1
HADOOP-12735,0
HADOOP-12702,0
HADOOP-12757,1
HADOOP-12755,0
HADOOP-12761,0
HADOOP-12041,0
HADOOP-12087,1
HADOOP-12413,0
HADOOP-12416,1
HADOOP-12417,1
HADOOP-12374,1
HADOOP-12386,1
HADOOP-12404,0
HADOOP-12360,0
HADOOP-12428,2
HADOOP-12399,1
HADOOP-12438,0
HADOOP-12244,1
HADOOP-12433,0
HADOOP-12437,0
HADOOP-12252,0
HADOOP-11918,0
HADOOP-12442,0
HADOOP-11984,0
HADOOP-12440,0
HADOOP-12447,0
HADOOP-12446,1
HADOOP-12448,0
HADOOP-10296,4
HADOOP-8437,0
HADOOP-12230,1
HADOOP-12458,0
HADOOP-11098,3
HADOOP-12441,1
HADOOP-12452,0
HADOOP-10949,0
HADOOP-12350,1
HADOOP-12434,1
HADOOP-12111,3
HADOOP-12465,1
HADOOP-12474,0
HADOOP-11104,0
HADOOP-12284,3
HADOOP-12449,0
HADOOP-10775,1
HADOOP-11515,3
HADOOP-12364,1
HADOOP-12478,0
HADOOP-12475,0
HADOOP-12479,0
HADOOP-12481,0
HADOOP-11628,0
HADOOP-12450,0
HADOOP-10941,1
HADOOP-12483,0
HADOOP-12493,1
HADOOP-12464,1
HADOOP-12460,1
HADOOP-12418,1
HADOOP-12495,1
HADOOP-11791,1
HADOOP-9692,2
HADOOP-12436,0
HADOOP-12334,0
HADOOP-12484,1
HADOOP-7266,1
HADOOP-12500,0
HADOOP-12513,1
HADOOP-12503,0
HADOOP-12507,0
HADOOP-12515,0
HADOOP-12457,1
HADOOP-12472,1
HADOOP-12178,1
HADOOP-12494,1
HADOOP-12520,0
HADOOP-12040,0
HADOOP-11685,0
HADOOP-12385,1
HADOOP-12514,0
HADOOP-12519,0
HADOOP-12327,0
HADOOP-12133,3
HADOOP-12047,0
HADOOP-12533,1
HADOOP-12541,0
HADOOP-12542,0
HADOOP-12508,1
HADOOP-12544,0
HADOOP-10787,1
HADOOP-12296,0
HADOOP-12540,0
HADOOP-11887,0
HADOOP-12288,0
HADOOP-11937,0
HADOOP-6430,0
HADOOP-12344,0
HADOOP-11684,0
HADOOP-12553,0
HADOOP-12526,0
HADOOP-12560,3
HADOOP-12482,0
HADOOP-12562,1
HADOOP-12451,0
HADOOP-12545,0
HADOOP-12567,1
HADOOP-12916,0
HADOOP-12955,0
HADOOP-12950,0
HADOOP-11661,0
HADOOP-11687,1
HADOOP-12169,0
HADOOP-11212,1
HADOOP-12967,0
HADOOP-12959,1
HADOOP-12022,1
HADOOP-8813,0
HADOOP-12672,1
HADOOP-12984,2
HADOOP-12909,0
HADOOP-12951,0
HADOOP-13006,1
HADOOP-12753,1
HADOOP-12994,0
HADOOP-12781,0
HADOOP-12444,3
HADOOP-12406,1
HADOOP-12993,0
HADOOP-12964,0
HADOOP-12973,1
HADOOP-12822,1
HADOOP-12969,1
HADOOP-12811,1
HADOOP-12963,2
HADOOP-12989,1
HADOOP-13026,0
HADOOP-12985,0
HADOOP-12924,0
HADOOP-13042,0
HADOOP-13043,0
HADOOP-13052,0
HADOOP-13011,0
HADOOP-13033,0
HADOOP-12891,1
HADOOP-11418,4
HADOOP-12935,1
HADOOP-12738,0
HADOOP-5470,1
HADOOP-13039,1
HADOOP-13030,0
HADOOP-12378,1
HADOOP-13012,0
HADOOP-12563,0
HADOOP-13045,1
HADOOP-13072,0
HADOOP-12931,1
HADOOP-12934,1
HADOOP-13080,0
HADOOP-12957,1
HADOOP-12933,1
HADOOP-12932,1
HADOOP-12504,1
HADOOP-12936,1
HADOOP-13068,0
HADOOP-13086,0
HADOOP-12469,1
HADOOP-13089,0
HADOOP-13087,0
HADOOP-13088,0
HADOOP-13094,0
HADOOP-13077,0
HADOOP-13095,1
HADOOP-12101,0
HADOOP-13051,0
HADOOP-13103,0
HADOOP-13098,0
HADOOP-13107,0
HADOOP-13108,0
HADOOP-13110,1
HADOOP-12866,1
HADOOP-12701,0
HADOOP-13111,0
HADOOP-13115,0
HADOOP-13084,0
HADOOP-13117,1
HADOOP-13121,0
HADOOP-13120,0
HADOOP-13118,0
HADOOP-12982,0
HADOOP-12801,1
HADOOP-10694,0
HADOOP-13125,0
HADOOP-13008,0
HADOOP-12749,0
HADOOP-13065,5
HADOOP-13122,0
HADOOP-13116,0
HADOOP-12844,0
HADOOP-12581,1
HADOOP-13028,1
HADOOP-13141,0
HADOOP-13142,0
HADOOP-11180,0
HADOOP-12868,1
HADOOP-13113,0
HADOOP-12971,0
HADOOP-10942,0
HADOOP-13083,1
HADOOP-13129,1
HADOOP-13151,1
HADOOP-13153,0
HADOOP-12942,1
HADOOP-13148,0
HADOOP-13146,0
HADOOP-11858,0
HADOOP-12930,0
HADOOP-13161,1
HADOOP-13163,1
HADOOP-13158,0
HADOOP-13159,0
HADOOP-13140,1
HADOOP-13138,1
HADOOP-13177,0
HADOOP-13157,0
HADOOP-12782,0
HADOOP-12767,2
HADOOP-13168,0
HADOOP-13154,1
HADOOP-13183,0
HADOOP-12723,0
HADOOP-13178,1
HADOOP-13145,0
HADOOP-13112,0
HADOOP-13130,1
HADOOP-13198,0
HADOOP-13160,0
HADOOP-12925,0
HADOOP-13010,0
HADOOP-12727,0
HADOOP-12911,0
HADOOP-12847,0
HADOOP-13199,0
HADOOP-13193,1
HADOOP-13197,1
HADOOP-13132,1
HADOOP-13226,1
HADOOP-13137,0
HADOOP-13162,1
HADOOP-13232,2
HADOOP-13131,1
HADOOP-13224,1
HADOOP-13171,0
HADOOP-13109,0
HADOOP-13105,1
HADOOP-12807,1
HADOOP-13155,0
HADOOP-10048,1
HADOOP-13220,1
HADOOP-13237,1
HADOOP-12537,3
HADOOP-13175,1
HADOOP-13249,0
HADOOP-13243,1
HADOOP-13213,1
HADOOP-12666,1
HADOOP-13079,0
HADOOP-13179,1
HADOOP-13270,2
HADOOP-13244,1
HADOOP-13245,1
HADOOP-12291,4
HADOOP-12892,0
HADOOP-12875,0
HADOOP-3733,3
HADOOP-13241,0
HADOOP-13284,0
HADOOP-12975,0
HADOOP-13189,1
HADOOP-13255,0
HADOOP-13242,3
HADOOP-12943,1
HADOOP-13285,0
HADOOP-13149,0
HADOOP-13192,1
HADOOP-13280,0
HADOOP-13288,0
HADOOP-13291,0
HADOOP-13296,0
HADOOP-9613,2
HADOOP-13287,0
HADOOP-13307,1
HADOOP-13203,3
HADOOP-13019,0
HADOOP-13067,0
HADOOP-13227,0
HADOOP-13263,1
HADOOP-13316,0
HADOOP-13251,0
HADOOP-13209,1
HADOOP-13034,1
HADOOP-9888,1
HADOOP-12864,1
HADOOP-9321,2
HADOOP-9330,1
HADOOP-13239,0
HADOOP-13499,0
HADOOP-12229,0
HADOOP-13483,1
HADOOP-13524,0
HADOOP-13491,1
HADOOP-13446,0
HADOOP-13497,0
HADOOP-12726,0
HADOOP-13498,0
HADOOP-13538,1
HADOOP-13534,1
HADOOP-13396,0
HADOOP-13532,1
HADOOP-13533,1
HADOOP-13529,0
HADOOP-13355,0
HADOOP-13481,1
HADOOP-13552,1
HADOOP-13559,0
HADOOP-12765,0
HADOOP-13554,1
HADOOP-13562,1
HADOOP-13358,1
HADOOP-13356,0
HADOOP-13357,1
HADOOP-13361,0
HADOOP-13359,1
HADOOP-13564,1
HADOOP-13563,1
HADOOP-13360,0
HADOOP-13375,1
HADOOP-13465,0
HADOOP-13547,0
HADOOP-13549,0
HADOOP-13447,0
HADOOP-13558,1
HADOOP-13541,0
HADOOP-13388,0
HADOOP-13519,0
HADOOP-13579,3
HADOOP-10940,0
HADOOP-13540,0
HADOOP-13448,0
HADOOP-13425,0
HADOOP-13587,1
HADOOP-13588,0
HADOOP-13341,1
HADOOP-7363,1
HADOOP-13598,1
HADOOP-13546,0
HADOOP-13218,1
HADOOP-13616,0
HADOOP-13411,0
HADOOP-13412,0
HADOOP-13580,1
HADOOP-13621,0
HADOOP-13610,1
HADOOP-13609,1
HADOOP-13591,0
HADOOP-13169,1
HADOOP-13624,1
HADOOP-13601,1
HADOOP-13573,0
HADOOP-13634,0
HADOOP-13602,1
HADOOP-13643,0
HADOOP-13535,1
HADOOP-13184,1
HADOOP-11010,3
HADOOP-12597,1
HADOOP-13544,0
HADOOP-13638,0
HADOOP-13658,0
HADOOP-11780,3
HADOOP-13599,0
HADOOP-13164,1
HADOOP-11090,2
HADOOP-13537,0
HADOOP-13640,1
HADOOP-13671,1
HADOOP-12974,1
HADOOP-13317,1
HADOOP-13674,0
HADOOP-13685,0
HADOOP-13681,1
HADOOP-12667,0
HADOOP-13628,0
HADOOP-13670,2
HADOOP-13690,0
HADOOP-13678,0
HADOOP-13323,0
HADOOP-13688,0
HADOOP-13150,0
HADOOP-13689,0
HADOOP-12977,1
HADOOP-12611,2
HADOOP-13627,0
HADOOP-13692,0
HADOOP-13701,0
HADOOP-12579,2
HADOOP-13641,1
HADOOP-13235,1
HADOOP-12242,0
HADOOP-12709,1
HADOOP-12345,3
HADOOP-13314,0
HADOOP-13337,0
HADOOP-13305,0
HADOOP-12064,1
HADOOP-13342,1
HADOOP-13350,0
HADOOP-13349,0
HADOOP-11993,1
HADOOP-13283,0
HADOOP-13320,1
HADOOP-13352,0
HADOOP-12893,3
HADOOP-13348,1
HADOOP-13297,1
HADOOP-13312,1
HADOOP-13315,0
HADOOP-13366,0
HADOOP-13290,1
HADOOP-11361,1
HADOOP-13351,9
HADOOP-13289,1
HADOOP-13368,0
HADOOP-13254,2
HADOOP-13298,1
HADOOP-13073,1
HADOOP-13202,1
HADOOP-13301,0
HADOOP-12991,1
HADOOP-13139,0
HADOOP-13212,3
HADOOP-13387,1
HADOOP-13383,0
HADOOP-12588,1
HADOOP-13240,1
HADOOP-13382,1
HADOOP-13393,1
HADOOP-13392,1
HADOOP-13272,1
HADOOP-13207,0
HADOOP-13389,1
HADOOP-13406,0
HADOOP-13188,1
HADOOP-13041,0
HADOOP-13422,0
HADOOP-9427,1
HADOOP-13354,1
HADOOP-13381,0
HADOOP-13440,2
HADOOP-11540,2
HADOOP-13444,1
HADOOP-13429,0
HADOOP-13459,0
HADOOP-13426,0
HADOOP-13438,0
HADOOP-10980,1
HADOOP-13458,1
HADOOP-13434,0
HADOOP-13443,0
HADOOP-12756,3
HADOOP-13442,0
HADOOP-13467,0
HADOOP-13466,0
HADOOP-13353,1
HADOOP-13418,1
HADOOP-10823,2
HADOOP-13403,1
HADOOP-13457,1
HADOOP-13380,0
HADOOP-13395,0
HADOOP-12747,0
HADOOP-13439,1
HADOOP-13473,1
HADOOP-13299,0
HADOOP-13476,0
HADOOP-13461,1
HADOOP-11588,1
HADOOP-13441,1
HADOOP-13190,0
HADOOP-13333,2
HADOOP-13437,0
HADOOP-7678,1
HADOOP-13324,0
HADOOP-13470,0
HADOOP-13494,0
HADOOP-11786,1
HADOOP-13208,0
HADOOP-13405,1
HADOOP-13513,0
HADOOP-13512,0
HADOOP-13503,0
HADOOP-13504,0
HADOOP-13252,1
HADOOP-13428,0
HADOOP-13527,1
HADOOP-13487,1
HADOOP-13526,1
HADOOP-13699,0
HADOOP-13584,1
HADOOP-13697,0
HADOOP-13684,1
HADOOP-13705,0
HADOOP-13698,0
HADOOP-13700,0
HADOOP-13710,1
HADOOP-13024,1
HADOOP-13723,0
